filename,player_name,team,date,Speed_km_h_max,duration_obj_min,Distance,raw_rows,unique_timestamps,excluded_timestamp_intervals,excluded_interval_fraction,qa_pass,qa_exclusion_reason,error
2020-06-01-TeamB-2f23d7d5-2326-49ce-b9c8-5a6303f785c5.parquet,TeamB-2f23d7d5-2326-49ce-b9c8-5a6303f785c5,TeamB,2020-06-01,25.45002,105.2383333333334,4.919144247500184,631390,63140,0,0.0,True,,
2020-06-01-TeamB-4405bb1f-56f7-48ba-bfa8-e795e4006952.parquet,TeamB-4405bb1f-56f7-48ba-bfa8-e795e4006952,TeamB,2020-06-01,25.3700208,117.40500000000004,6.426912683399966,704300,70431,0,0.0,True,,
2020-06-01-TeamB-48bfd4ea-e9e2-45b5-befc-3383cae87fdf.parquet,TeamB-48bfd4ea-e9e2-45b5-befc-3383cae87fdf,TeamB,2020-06-01,21.620016,117.9883333333334,3.0213371749999984,707830,70784,0,0.0,True,,
2020-06-01-TeamB-70b74270-f655-43cc-a188-1ebc7a828b95.parquet,TeamB-70b74270-f655-43cc-a188-1ebc7a828b95,TeamB,2020-06-01,27.6700212,100.46500000000002,5.617592022499966,602740,60275,0,0.0,True,,
2020-06-01-TeamB-789547e7-1325-4153-a98d-5ecd497f3668.parquet,TeamB-789547e7-1325-4153-a98d-5ecd497f3668,TeamB,2020-06-01,20.270016,119.33666666666662,3.0900616637000717,715970,71598,0,0.0,True,,
2020-06-01-TeamB-a7126274-c2d2-4f4e-9b67-35d376aefacc.parquet,TeamB-a7126274-c2d2-4f4e-9b67-35d376aefacc,TeamB,2020-06-01 00:00:00,25.6800204,111.43333333333334,4.739407438699922,668419,66843,0,0.0,True,,
2020-06-01-TeamB-ab691983-3544-4a0e-8f70-db44d85cb907.parquet,TeamB-ab691983-3544-4a0e-8f70-db44d85cb907,TeamB,2020-06-01 00:00:00,24.4100196,120.90500000000004,5.781153276299996,725360,72537,0,0.0,True,,
2020-06-01-TeamB-afc13e53-2c77-48cb-8a78-743663bbb84f.parquet,TeamB-afc13e53-2c77-48cb-8a78-743663bbb84f,TeamB,2020-06-01 00:00:00,25.970022,119.90333333333328,5.905400051100053,719370,71938,0,0.0,True,,
2020-06-01-TeamB-e4321aef-964a-4fdd-88bd-0bd548b0e93b.parquet,TeamB-e4321aef-964a-4fdd-88bd-0bd548b0e93b,TeamB,2020-06-01 00:00:00,27.4300236,112.55500000000005,5.303755393900067,675280,67529,0,0.0,True,,
2020-06-02-TeamB-2f23d7d5-2326-49ce-b9c8-5a6303f785c5.parquet,TeamB-2f23d7d5-2326-49ce-b9c8-5a6303f785c5,TeamB,2020-06-02 00:00:00,25.6200192,100.47333333333336,4.751066054799928,602790,60280,0,0.0,True,,
2020-06-02-TeamB-4405bb1f-56f7-48ba-bfa8-e795e4006952.parquet,TeamB-4405bb1f-56f7-48ba-bfa8-e795e4006952,TeamB,2020-06-02 00:00:00,26.780022,93.1566666666667,5.597991188400014,558820,55883,0,0.0,True,,
2020-06-02-TeamB-48bfd4ea-e9e2-45b5-befc-3383cae87fdf.parquet,TeamB-48bfd4ea-e9e2-45b5-befc-3383cae87fdf,TeamB,2020-06-02 00:00:00,23.7300192,104.78333333333333,3.1626831252999668,628609,62862,0,0.0,True,,
2020-06-02-TeamB-70b74270-f655-43cc-a188-1ebc7a828b95.parquet,TeamB-70b74270-f655-43cc-a188-1ebc7a828b95,TeamB,2020-06-02 00:00:00,27.9600228,86.94000000000003,4.876245042199944,521590,52160,0,0.0,True,,
2020-06-02-TeamB-789547e7-1325-4153-a98d-5ecd497f3668.parquet,TeamB-789547e7-1325-4153-a98d-5ecd497f3668,TeamB,2020-06-02 00:00:00,26.7200208,95.42333333333336,3.2892057269000134,572480,57249,0,0.0,True,,
2020-06-02-TeamB-a7126274-c2d2-4f4e-9b67-35d376aefacc.parquet,TeamB-a7126274-c2d2-4f4e-9b67-35d376aefacc,TeamB,2020-06-02 00:00:00,26.060022,118.8566666666667,4.874837546200084,713030,71304,0,0.0,True,,
2020-06-02-TeamB-ab691983-3544-4a0e-8f70-db44d85cb907.parquet,TeamB-ab691983-3544-4a0e-8f70-db44d85cb907,TeamB,2020-06-02 00:00:00,25.4800188,100.23833333333339,5.264827591400042,601370,60138,0,0.0,True,,
2020-06-02-TeamB-afc13e53-2c77-48cb-8a78-743663bbb84f.parquet,TeamB-afc13e53-2c77-48cb-8a78-743663bbb84f,TeamB,2020-06-02 00:00:00,25.7500224,93.44000000000003,4.7226649227001305,560570,56058,0,0.0,True,,
2020-06-02-TeamB-e4321aef-964a-4fdd-88bd-0bd548b0e93b.parquet,TeamB-e4321aef-964a-4fdd-88bd-0bd548b0e93b,TeamB,2020-06-02 00:00:00,25.6900212,106.80333333333328,5.262147586100016,640765,64077,0,0.0,True,,
2020-06-03-TeamB-2f23d7d5-2326-49ce-b9c8-5a6303f785c5.parquet,TeamB-2f23d7d5-2326-49ce-b9c8-5a6303f785c5,TeamB,2020-06-03 00:00:00,20.7600156,81.33833333333338,2.960505723599922,487980,48799,0,0.0,True,,
2020-06-03-TeamB-4405bb1f-56f7-48ba-bfa8-e795e4006952.parquet,TeamB-4405bb1f-56f7-48ba-bfa8-e795e4006952,TeamB,2020-06-03 00:00:00,23.5300176,78.38833333333338,3.9284378894000977,470260,47027,0,0.0,True,,
2020-06-03-TeamB-48bfd4ea-e9e2-45b5-befc-3383cae87fdf.parquet,TeamB-48bfd4ea-e9e2-45b5-befc-3383cae87fdf,TeamB,2020-06-03 00:00:00,20.1200148,64.04666666666671,1.8690679033000863,384240,38424,0,0.0,True,,
2020-06-03-TeamB-70b74270-f655-43cc-a188-1ebc7a828b95.parquet,TeamB-70b74270-f655-43cc-a188-1ebc7a828b95,TeamB,2020-06-03 00:00:00,24.73002,74.6066666666667,4.077444393199938,447590,44760,0,0.0,True,,
2020-06-03-TeamB-789547e7-1325-4153-a98d-5ecd497f3668.parquet,TeamB-789547e7-1325-4153-a98d-5ecd497f3668,TeamB,2020-06-03 00:00:00,18.0900144,64.02666666666664,1.9485138015000312,384110,38412,0,0.0,True,,
2020-06-03-TeamB-ab691983-3544-4a0e-8f70-db44d85cb907.parquet,TeamB-ab691983-3544-4a0e-8f70-db44d85cb907,TeamB,2020-06-03 00:00:00,21.960018,66.9066666666667,2.8699045483000316,401380,40139,0,0.0,True,,
2020-06-03-TeamB-afc13e53-2c77-48cb-8a78-743663bbb84f.parquet,TeamB-afc13e53-2c77-48cb-8a78-743663bbb84f,TeamB,2020-06-03 00:00:00,22.420018799999998,75.1566666666667,3.5685009394000216,450890,45090,0,0.0,True,,
2020-06-04-TeamB-2f23d7d5-2326-49ce-b9c8-5a6303f785c5.parquet,TeamB-2f23d7d5-2326-49ce-b9c8-5a6303f785c5,TeamB,2020-06-04 00:00:00,25.160018400000002,85.52166666666672,5.267917027900095,513080,51309,0,0.0,True,,
2020-06-04-TeamB-4405bb1f-56f7-48ba-bfa8-e795e4006952.parquet,TeamB-4405bb1f-56f7-48ba-bfa8-e795e4006952,TeamB,2020-06-04 00:00:00,24.2900208,98.95500000000006,6.362008740699949,593630,59364,0,0.0,True,,
2020-06-04-TeamB-48bfd4ea-e9e2-45b5-befc-3383cae87fdf.parquet,TeamB-48bfd4ea-e9e2-45b5-befc-3383cae87fdf,TeamB,2020-06-04 00:00:00,22.3000164,106.66833333333331,4.7078104764999535,639925,63993,0,0.0,True,,
2020-06-04-TeamB-70b74270-f655-43cc-a188-1ebc7a828b95.parquet,TeamB-70b74270-f655-43cc-a188-1ebc7a828b95,TeamB,2020-06-04 00:00:00,28.3300236,84.55500000000005,6.2216394557998544,507280,50729,0,0.0,True,,
2020-06-04-TeamB-789547e7-1325-4153-a98d-5ecd497f3668.parquet,TeamB-789547e7-1325-4153-a98d-5ecd497f3668,TeamB,2020-06-04 00:00:00,25.240021199999997,112.02166666666672,4.541858961699922,672080,67209,0,0.0,True,,
2020-06-04-TeamB-a7126274-c2d2-4f4e-9b67-35d376aefacc.parquet,TeamB-a7126274-c2d2-4f4e-9b67-35d376aefacc,TeamB,2020-06-04 00:00:00,26.770021200000002,95.85333333333328,5.806055792300084,575010,57502,0,0.0,True,,
2020-06-04-TeamB-ab691983-3544-4a0e-8f70-db44d85cb907.parquet,TeamB-ab691983-3544-4a0e-8f70-db44d85cb907,TeamB,2020-06-04 00:00:00,24.8700204,98.25666666666669,5.148828327599773,589470,58948,0,0.0,True,,
2020-06-04-TeamB-afc13e53-2c77-48cb-8a78-743663bbb84f.parquet,TeamB-afc13e53-2c77-48cb-8a78-743663bbb84f,TeamB,2020-06-04 00:00:00,26.950021200000002,101.85333333333328,6.461876884099985,611060,61107,0,0.0,True,,
2020-06-04-TeamB-e4321aef-964a-4fdd-88bd-0bd548b0e93b.parquet,TeamB-e4321aef-964a-4fdd-88bd-0bd548b0e93b,TeamB,2020-06-04 00:00:00,26.9700228,102.85500000000005,6.319327598899935,617080,61709,0,0.0,True,,
2020-06-05-TeamB-2f23d7d5-2326-49ce-b9c8-5a6303f785c5.parquet,TeamB-2f23d7d5-2326-49ce-b9c8-5a6303f785c5,TeamB,2020-06-05 00:00:00,23.9700204,94.36999999999995,5.2099416949000625,566170,56618,0,0.0,True,,
2020-06-05-TeamB-4405bb1f-56f7-48ba-bfa8-e795e4006952.parquet,TeamB-4405bb1f-56f7-48ba-bfa8-e795e4006952,TeamB,2020-06-05 00:00:00,23.670018,112.88833333333332,6.491058290899915,677250,67726,0,0.0,True,,
2020-06-05-TeamB-48bfd4ea-e9e2-45b5-befc-3383cae87fdf.parquet,TeamB-48bfd4ea-e9e2-45b5-befc-3383cae87fdf,TeamB,2020-06-05 00:00:00,21.7600164,109.10333333333341,3.3698021770997255,654525,65453,0,0.0,True,,
2020-06-05-TeamB-70b74270-f655-43cc-a188-1ebc7a828b95.parquet,TeamB-70b74270-f655-43cc-a188-1ebc7a828b95,TeamB,2020-06-05 00:00:00,28.5100236,99.42166666666665,5.7071729301000165,596480,59649,0,0.0,True,,
2020-06-05-TeamB-789547e7-1325-4153-a98d-5ecd497f3668.parquet,TeamB-789547e7-1325-4153-a98d-5ecd497f3668,TeamB,2020-06-05 00:00:00,19.9600164,123.40499999999999,3.059916919600024,740360,74037,0,0.0,True,,
2020-06-05-TeamB-a7126274-c2d2-4f4e-9b67-35d376aefacc.parquet,TeamB-a7126274-c2d2-4f4e-9b67-35d376aefacc,TeamB,2020-06-05 00:00:00,27.860022,104.69833333333335,5.5787544956999335,628135,62814,0,0.0,True,,
2020-06-05-TeamB-ab691983-3544-4a0e-8f70-db44d85cb907.parquet,TeamB-ab691983-3544-4a0e-8f70-db44d85cb907,TeamB,2020-06-05 00:00:00,24.46002,118.83833333333332,5.468128855600099,712970,71298,0,0.0,True,,
2020-06-05-TeamB-afc13e53-2c77-48cb-8a78-743663bbb84f.parquet,TeamB-afc13e53-2c77-48cb-8a78-743663bbb84f,TeamB,2020-06-05 00:00:00,28.0500228,100.13833333333332,5.768704106199748,600780,60079,0,0.0,True,,
2020-06-08-TeamB-48bfd4ea-e9e2-45b5-befc-3383cae87fdf.parquet,TeamB-48bfd4ea-e9e2-45b5-befc-3383cae87fdf,TeamB,2020-06-08 00:00:00,23.2100172,130.90500000000006,4.077802745199899,785340,78534,0,0.0,True,,
2020-06-08-TeamB-789547e7-1325-4153-a98d-5ecd497f3668.parquet,TeamB-789547e7-1325-4153-a98d-5ecd497f3668,TeamB,2020-06-08 00:00:00,21.5400168,131.94000000000003,3.6922868848000854,791580,79159,0,0.0,True,,
2020-06-09-TeamB-2f23d7d5-2326-49ce-b9c8-5a6303f785c5.parquet,TeamB-2f23d7d5-2326-49ce-b9c8-5a6303f785c5,TeamB,2020-06-09 00:00:00,24.0700176,89.41999999999994,4.2167283985999715,536470,53648,0,0.0,True,,
2020-06-09-TeamB-4405bb1f-56f7-48ba-bfa8-e795e4006952.parquet,TeamB-4405bb1f-56f7-48ba-bfa8-e795e4006952,TeamB,2020-06-09 00:00:00,24.8500188,111.325,6.045597933299912,667835,66784,0,0.0,True,,
2020-06-09-TeamB-48bfd4ea-e9e2-45b5-befc-3383cae87fdf.parquet,TeamB-48bfd4ea-e9e2-45b5-befc-3383cae87fdf,TeamB,2020-06-09 00:00:00,23.580018,116.42666666666665,4.13156084999995,698455,69845,0,0.0,True,,
2020-06-09-TeamB-70b74270-f655-43cc-a188-1ebc7a828b95.parquet,TeamB-70b74270-f655-43cc-a188-1ebc7a828b95,TeamB,2020-06-09 00:00:00,24.4000188,74.95666666666669,4.894391168699842,449680,44969,0,0.0,True,,
2020-06-09-TeamB-789547e7-1325-4153-a98d-5ecd497f3668.parquet,TeamB-789547e7-1325-4153-a98d-5ecd497f3668,TeamB,2020-06-09 00:00:00,25.170019200000002,130.34000000000003,4.689247408200061,781970,78198,0,0.0,True,,
2020-06-09-TeamB-ab691983-3544-4a0e-8f70-db44d85cb907.parquet,TeamB-ab691983-3544-4a0e-8f70-db44d85cb907,TeamB,2020-06-09 00:00:00,24.7500216,120.87000000000002,5.714321273700218,725140,72515,0,0.0,True,,
2020-06-09-TeamB-afc13e53-2c77-48cb-8a78-743663bbb84f.parquet,TeamB-afc13e53-2c77-48cb-8a78-743663bbb84f,TeamB,2020-06-09 00:00:00,26.1000216,113.41666666666667,5.022977114700028,680429,68044,0,0.0,True,,
2020-06-09-TeamB-e4321aef-964a-4fdd-88bd-0bd548b0e93b.parquet,TeamB-e4321aef-964a-4fdd-88bd-0bd548b0e93b,TeamB,2020-06-09 00:00:00,25.4400192,116.6666666666666,4.768844685100108,699945,69995,0,0.0,True,,
2020-06-10-TeamB-2f23d7d5-2326-49ce-b9c8-5a6303f785c5.parquet,TeamB-2f23d7d5-2326-49ce-b9c8-5a6303f785c5,TeamB,2020-06-10 00:00:00,28.1400228,61.48833333333332,3.2588445752001083,368880,36889,0,0.0,True,,
2020-06-10-TeamB-4405bb1f-56f7-48ba-bfa8-e795e4006952.parquet,TeamB-4405bb1f-56f7-48ba-bfa8-e795e4006952,TeamB,2020-06-10 00:00:00,29.580022800000002,79.36166666666668,3.9042964780000076,476100,47611,0,0.0,True,,
2020-06-10-TeamB-48bfd4ea-e9e2-45b5-befc-3383cae87fdf.parquet,TeamB-48bfd4ea-e9e2-45b5-befc-3383cae87fdf,TeamB,2020-06-10 00:00:00,28.3200228,143.63333333333333,3.728871907199969,861655,86166,0,0.0,True,,
2020-06-10-TeamB-70b74270-f655-43cc-a188-1ebc7a828b95.parquet,TeamB-70b74270-f655-43cc-a188-1ebc7a828b95,TeamB,2020-06-10 00:00:00,30.970026000000004,60.85499999999999,3.8319811470999663,365080,36509,0,0.0,True,,
2020-06-10-TeamB-789547e7-1325-4153-a98d-5ecd497f3668.parquet,TeamB-789547e7-1325-4153-a98d-5ecd497f3668,TeamB,2020-06-10 00:00:00,28.7800236,144.2816666666667,3.8686200778000788,865634,86564,0,0.0,True,,
2020-06-10-TeamB-a7126274-c2d2-4f4e-9b67-35d376aefacc.parquet,TeamB-a7126274-c2d2-4f4e-9b67-35d376aefacc,TeamB,2020-06-10 00:00:00,22.2100164,80.85,3.557320090099859,485039,48505,0,0.0,True,,
2020-06-10-TeamB-ab691983-3544-4a0e-8f70-db44d85cb907.parquet,TeamB-ab691983-3544-4a0e-8f70-db44d85cb907,TeamB,2020-06-10 00:00:00,28.760022000000003,82.48833333333332,3.2923682185999312,494870,49488,0,0.0,True,,
2020-06-10-TeamB-afc13e53-2c77-48cb-8a78-743663bbb84f.parquet,TeamB-afc13e53-2c77-48cb-8a78-743663bbb84f,TeamB,2020-06-10 00:00:00,30.630024000000002,78.98666666666668,3.888971476199953,473850,47386,0,0.0,True,,
2020-06-11-TeamB-2f23d7d5-2326-49ce-b9c8-5a6303f785c5.parquet,TeamB-2f23d7d5-2326-49ce-b9c8-5a6303f785c5,TeamB,2020-06-11 00:00:00,19.2000168,59.47333333333336,1.5710840500999277,356790,35680,0,0.0,True,,
2020-06-11-TeamB-4405bb1f-56f7-48ba-bfa8-e795e4006952.parquet,TeamB-4405bb1f-56f7-48ba-bfa8-e795e4006952,TeamB,2020-06-11 00:00:00,22.2900192,62.836666666666616,2.3370877269001555,376850,37686,0,0.0,True,,
2020-06-11-TeamB-48bfd4ea-e9e2-45b5-befc-3383cae87fdf.parquet,TeamB-48bfd4ea-e9e2-45b5-befc-3383cae87fdf,TeamB,2020-06-11 00:00:00,17.0000136,67.72166666666672,1.7552800358000296,406270,40628,0,0.0,True,,
2020-06-11-TeamB-70b74270-f655-43cc-a188-1ebc7a828b95.parquet,TeamB-70b74270-f655-43cc-a188-1ebc7a828b95,TeamB,2020-06-11 00:00:00,20.3500152,65.43333333333334,2.375612474500108,392539,39255,0,0.0,True,,
2020-06-11-TeamB-789547e7-1325-4153-a98d-5ecd497f3668.parquet,TeamB-789547e7-1325-4153-a98d-5ecd497f3668,TeamB,2020-06-11 00:00:00,17.3800152,66.35333333333328,1.5909265653999856,398070,39808,0,0.0,True,,
2020-06-11-TeamB-a7126274-c2d2-4f4e-9b67-35d376aefacc.parquet,TeamB-a7126274-c2d2-4f4e-9b67-35d376aefacc,TeamB,2020-06-11 00:00:00,16.0200144,68.29333333333331,1.718005002399933,409690,40970,0,0.0,True,,
2020-06-11-TeamB-ab691983-3544-4a0e-8f70-db44d85cb907.parquet,TeamB-ab691983-3544-4a0e-8f70-db44d85cb907,TeamB,2020-06-11 00:00:00,19.5900156,72.94000000000003,1.9045332137999067,437590,43760,0,0.0,True,,
2020-06-11-TeamB-afc13e53-2c77-48cb-8a78-743663bbb84f.parquet,TeamB-afc13e53-2c77-48cb-8a78-743663bbb84f,TeamB,2020-06-11 00:00:00,20.520018,72.43666666666662,2.423422792800031,434570,43458,0,0.0,True,,
2020-06-12-TeamB-2f23d7d5-2326-49ce-b9c8-5a6303f785c5.parquet,TeamB-2f23d7d5-2326-49ce-b9c8-5a6303f785c5,TeamB,2020-06-12 00:00:00,22.4000172,86.39000000000003,3.350771318799957,518280,51829,0,0.0,True,,
2020-06-12-TeamB-4405bb1f-56f7-48ba-bfa8-e795e4006952.parquet,TeamB-4405bb1f-56f7-48ba-bfa8-e795e4006952,TeamB,2020-06-12 00:00:00,24.1600176,100.16666666666667,5.143063871400104,600929,60094,0,0.0,True,,
2020-06-12-TeamB-48bfd4ea-e9e2-45b5-befc-3383cae87fdf.parquet,TeamB-48bfd4ea-e9e2-45b5-befc-3383cae87fdf,TeamB,2020-06-12 00:00:00,17.0000136,100.10999999999997,3.299807951100037,600584,60059,0,0.0,True,,
2020-06-12-TeamB-70b74270-f655-43cc-a188-1ebc7a828b95.parquet,TeamB-70b74270-f655-43cc-a188-1ebc7a828b95,TeamB,2020-06-12 00:00:00,22.9000176,89.50333333333329,3.5356936893,536960,53697,0,0.0,True,,
2020-06-12-TeamB-789547e7-1325-4153-a98d-5ecd497f3668.parquet,TeamB-789547e7-1325-4153-a98d-5ecd497f3668,TeamB,2020-06-12 00:00:00,18.3300156,95.93333333333334,3.2752668203000606,575529,57554,0,0.0,True,,
2020-06-12-TeamB-ab691983-3544-4a0e-8f70-db44d85cb907.parquet,TeamB-ab691983-3544-4a0e-8f70-db44d85cb907,TeamB,2020-06-12 00:00:00,23.7300192,95.87166666666671,4.388820766999924,575170,57518,0,0.0,True,,
2020-06-12-TeamB-afc13e53-2c77-48cb-8a78-743663bbb84f.parquet,TeamB-afc13e53-2c77-48cb-8a78-743663bbb84f,TeamB,2020-06-12 00:00:00,24.82002,98.18166666666669,4.285254862700192,589030,58904,0,0.0,True,,
2020-06-12-TeamB-e4321aef-964a-4fdd-88bd-0bd548b0e93b.parquet,TeamB-e4321aef-964a-4fdd-88bd-0bd548b0e93b,TeamB,2020-06-12 00:00:00,24.480017999999998,98.37166666666671,4.483644728500136,590200,59021,0,0.0,True,,
2020-06-13-TeamB-2f23d7d5-2326-49ce-b9c8-5a6303f785c5.parquet,TeamB-2f23d7d5-2326-49ce-b9c8-5a6303f785c5,TeamB,2020-06-13 00:00:00,28.220022,103.20333333333329,8.913316913699859,619170,61918,0,0.0,True,,
2020-06-13-TeamB-4405bb1f-56f7-48ba-bfa8-e795e4006952.parquet,TeamB-4405bb1f-56f7-48ba-bfa8-e795e4006952,TeamB,2020-06-13 00:00:00,24.7700196,105.85500000000005,9.567387424000069,634890,63490,0,0.0,True,,
2020-06-13-TeamB-48bfd4ea-e9e2-45b5-befc-3383cae87fdf.parquet,TeamB-48bfd4ea-e9e2-45b5-befc-3383cae87fdf,TeamB,2020-06-13 00:00:00,24.1500204,142.15166666666664,4.13319945249997,852855,85286,0,0.0,True,,
2020-06-13-TeamB-70b74270-f655-43cc-a188-1ebc7a828b95.parquet,TeamB-70b74270-f655-43cc-a188-1ebc7a828b95,TeamB,2020-06-13 00:00:00,27.750024,73.59000000000002,6.769466001500101,441480,44149,0,0.0,True,,
2020-06-13-TeamB-789547e7-1325-4153-a98d-5ecd497f3668.parquet,TeamB-789547e7-1325-4153-a98d-5ecd497f3668,TeamB,2020-06-13 00:00:00,20.9500164,114.49000000000002,4.516902255700188,686890,68690,0,0.0,True,,
2020-06-13-TeamB-ab691983-3544-4a0e-8f70-db44d85cb907.parquet,TeamB-ab691983-3544-4a0e-8f70-db44d85cb907,TeamB,2020-06-13 00:00:00,27.8200224,105.91999999999994,9.045980892200063,635480,63549,0,0.0,True,,
2020-06-13-TeamB-afc13e53-2c77-48cb-8a78-743663bbb84f.parquet,TeamB-afc13e53-2c77-48cb-8a78-743663bbb84f,TeamB,2020-06-13 00:00:00,28.2800232,132.4066666666667,10.650508591499761,794390,79440,0,0.0,True,,
2020-06-13-TeamB-e4321aef-964a-4fdd-88bd-0bd548b0e93b.parquet,TeamB-e4321aef-964a-4fdd-88bd-0bd548b0e93b,TeamB,2020-06-13 00:00:00,29.840025599999997,75.6566666666667,6.103379356000181,453900,45391,0,0.0,True,,
2020-06-15-TeamB-ab691983-3544-4a0e-8f70-db44d85cb907.parquet,TeamB-ab691983-3544-4a0e-8f70-db44d85cb907,TeamB,2020-06-15 00:00:00,20.4100164,65.92166666666665,3.6144087443999995,395460,39547,0,0.0,True,,
2020-06-16-TeamB-2f23d7d5-2326-49ce-b9c8-5a6303f785c5.parquet,TeamB-2f23d7d5-2326-49ce-b9c8-5a6303f785c5,TeamB,2020-06-16 00:00:00,23.940018000000002,119.54333333333331,5.042435728000047,717234,71724,0,0.0,True,,
2020-06-16-TeamB-4405bb1f-56f7-48ba-bfa8-e795e4006952.parquet,TeamB-4405bb1f-56f7-48ba-bfa8-e795e4006952,TeamB,2020-06-16 00:00:00,24.9900192,74.42166666666671,2.9783010129000544,446480,44649,0,0.0,True,,
2020-06-16-TeamB-48bfd4ea-e9e2-45b5-befc-3383cae87fdf.parquet,TeamB-48bfd4ea-e9e2-45b5-befc-3383cae87fdf,TeamB,2020-06-16 00:00:00,17.070012000000002,118.77166666666672,3.444181119699925,712575,71258,0,0.0,True,,
2020-06-16-TeamB-70b74270-f655-43cc-a188-1ebc7a828b95.parquet,TeamB-70b74270-f655-43cc-a188-1ebc7a828b95,TeamB,2020-06-16 00:00:00,26.700022800000003,122.70333333333329,7.243763340599951,736160,73617,0,0.0,True,,
2020-06-16-TeamB-789547e7-1325-4153-a98d-5ecd497f3668.parquet,TeamB-789547e7-1325-4153-a98d-5ecd497f3668,TeamB,2020-06-16 00:00:00,17.2900152,129.37999999999994,3.973479044399921,776205,77621,0,0.0,True,,
2020-06-16-TeamB-ab691983-3544-4a0e-8f70-db44d85cb907.parquet,TeamB-ab691983-3544-4a0e-8f70-db44d85cb907,TeamB,2020-06-16 00:00:00,24.700021200000002,114.02166666666672,5.310163445899736,684050,68406,0,0.0,True,,
2020-06-16-TeamB-afc13e53-2c77-48cb-8a78-743663bbb84f.parquet,TeamB-afc13e53-2c77-48cb-8a78-743663bbb84f,TeamB,2020-06-16 00:00:00,26.2200204,119.42166666666671,5.55331782280006,716460,71647,0,0.0,True,,
2020-06-16-TeamB-e4321aef-964a-4fdd-88bd-0bd548b0e93b.parquet,TeamB-e4321aef-964a-4fdd-88bd-0bd548b0e93b,TeamB,2020-06-16 00:00:00,26.760020400000002,60.85333333333328,2.3355224366999905,365060,36507,0,0.0,True,,
2020-06-17-TeamB-2f23d7d5-2326-49ce-b9c8-5a6303f785c5.parquet,TeamB-2f23d7d5-2326-49ce-b9c8-5a6303f785c5,TeamB,2020-06-17 00:00:00,22.93002,91.44000000000003,3.014806042199944,548600,54861,0,0.0,True,,
2020-06-17-TeamB-4405bb1f-56f7-48ba-bfa8-e795e4006952.parquet,TeamB-4405bb1f-56f7-48ba-bfa8-e795e4006952,TeamB,2020-06-17 00:00:00,24.82002,93.42333333333336,4.095369145499915,560480,56049,0,0.0,True,,
2020-06-17-TeamB-48bfd4ea-e9e2-45b5-befc-3383cae87fdf.parquet,TeamB-48bfd4ea-e9e2-45b5-befc-3383cae87fdf,TeamB,2020-06-17 00:00:00,18.020016000000002,96.75,2.406831394799974,580445,58045,0,0.0,True,,
2020-06-17-TeamB-70b74270-f655-43cc-a188-1ebc7a828b95.parquet,TeamB-70b74270-f655-43cc-a188-1ebc7a828b95,TeamB,2020-06-17 00:00:00,26.5500216,96.28333333333333,4.060861603399859,577655,57766,0,0.0,True,,
2020-06-17-TeamB-789547e7-1325-4153-a98d-5ecd497f3668.parquet,TeamB-789547e7-1325-4153-a98d-5ecd497f3668,TeamB,2020-06-17 00:00:00,21.6100188,97.14000000000003,2.6323076915998516,582780,58279,0,0.0,True,,
2020-06-17-TeamB-ab691983-3544-4a0e-8f70-db44d85cb907.parquet,TeamB-ab691983-3544-4a0e-8f70-db44d85cb907,TeamB,2020-06-17 00:00:00,23.38002,93.63500000000009,3.520348958200085,561765,56177,0,0.0,True,,
2020-06-17-TeamB-afc13e53-2c77-48cb-8a78-743663bbb84f.parquet,TeamB-afc13e53-2c77-48cb-8a78-743663bbb84f,TeamB,2020-06-17 00:00:00,24.860019599999998,107.42166666666671,4.993667655100131,644460,64447,0,0.0,True,,
2020-06-18-TeamB-2f23d7d5-2326-49ce-b9c8-5a6303f785c5.parquet,TeamB-2f23d7d5-2326-49ce-b9c8-5a6303f785c5,TeamB,2020-06-18 00:00:00,25.1400204,88.1566666666667,4.08630330479983,528890,52890,0,0.0,True,,
2020-06-18-TeamB-4405bb1f-56f7-48ba-bfa8-e795e4006952.parquet,TeamB-4405bb1f-56f7-48ba-bfa8-e795e4006952,TeamB,2020-06-18 00:00:00,28.0900224,101.41666666666667,5.514980005300113,608449,60846,0,0.0,True,,
2020-06-18-TeamB-48bfd4ea-e9e2-45b5-befc-3383cae87fdf.parquet,TeamB-48bfd4ea-e9e2-45b5-befc-3383cae87fdf,TeamB,2020-06-18 00:00:00,22.9000176,107.82833333333329,3.1442186561000027,646930,64693,0,0.0,True,,
2020-06-18-TeamB-789547e7-1325-4153-a98d-5ecd497f3668.parquet,TeamB-789547e7-1325-4153-a98d-5ecd497f3668,TeamB,2020-06-18 00:00:00,25.8500196,104.92166666666671,3.659474899399926,629470,62948,0,0.0,True,,
2020-06-18-TeamB-a7126274-c2d2-4f4e-9b67-35d376aefacc.parquet,TeamB-a7126274-c2d2-4f4e-9b67-35d376aefacc,TeamB,2020-06-18 00:00:00,21.530016,68.54000000000002,2.9454415433000087,411070,41108,0,0.0,True,,
2020-06-18-TeamB-ab691983-3544-4a0e-8f70-db44d85cb907.parquet,TeamB-ab691983-3544-4a0e-8f70-db44d85cb907,TeamB,2020-06-18 00:00:00,26.880022800000003,98.2,4.744991048900106,589109,58912,0,0.0,True,,
2020-06-18-TeamB-afc13e53-2c77-48cb-8a78-743663bbb84f.parquet,TeamB-afc13e53-2c77-48cb-8a78-743663bbb84f,TeamB,2020-06-18 00:00:00,26.700022800000003,103.82833333333329,5.744966312300121,622890,62290,0,0.0,True,,
2020-06-18-TeamB-e4321aef-964a-4fdd-88bd-0bd548b0e93b.parquet,TeamB-e4321aef-964a-4fdd-88bd-0bd548b0e93b,TeamB,2020-06-18 00:00:00,26.200022399999998,103.58833333333338,4.459208039200047,621480,62149,0,0.0,True,,
2020-06-22-TeamB-2f23d7d5-2326-49ce-b9c8-5a6303f785c5.parquet,TeamB-2f23d7d5-2326-49ce-b9c8-5a6303f785c5,TeamB,2020-06-22 00:00:00,26.5400208,99.87166666666671,3.636424047299954,599180,59919,0,0.0,True,,
2020-06-22-TeamB-4405bb1f-56f7-48ba-bfa8-e795e4006952.parquet,TeamB-4405bb1f-56f7-48ba-bfa8-e795e4006952,TeamB,2020-06-22 00:00:00,26.4100212,103.26666666666667,4.3358618382000005,619545,61955,0,0.0,True,,
2020-06-22-TeamB-48bfd4ea-e9e2-45b5-befc-3383cae87fdf.parquet,TeamB-48bfd4ea-e9e2-45b5-befc-3383cae87fdf,TeamB,2020-06-22 00:00:00,17.2500156,108.6566666666667,2.6677674368999043,651890,65190,0,0.0,True,,
2020-06-22-TeamB-70b74270-f655-43cc-a188-1ebc7a828b95.parquet,TeamB-70b74270-f655-43cc-a188-1ebc7a828b95,TeamB,2020-06-22 00:00:00,29.200024799999998,90.66666666666667,3.894731761100153,543949,54396,0,0.0,True,,
2020-06-22-TeamB-789547e7-1325-4153-a98d-5ecd497f3668.parquet,TeamB-789547e7-1325-4153-a98d-5ecd497f3668,TeamB,2020-06-22 00:00:00,17.4000132,100.54000000000002,2.9766457453998663,603180,60319,0,0.0,True,,
2020-06-22-TeamB-a7126274-c2d2-4f4e-9b67-35d376aefacc.parquet,TeamB-a7126274-c2d2-4f4e-9b67-35d376aefacc,TeamB,2020-06-22 00:00:00,21.150018,96.88666666666661,3.6480637779000173,580840,58085,0,0.0,True,,
2020-06-22-TeamB-ab691983-3544-4a0e-8f70-db44d85cb907.parquet,TeamB-ab691983-3544-4a0e-8f70-db44d85cb907,TeamB,2020-06-22 00:00:00,26.0200224,96.32166666666672,4.151750572699898,577865,57787,0,0.0,True,,
2020-06-22-TeamB-afc13e53-2c77-48cb-8a78-743663bbb84f.parquet,TeamB-afc13e53-2c77-48cb-8a78-743663bbb84f,TeamB,2020-06-22 00:00:00,27.4000212,90.40500000000004,4.3975082777000685,542350,54236,0,0.0,True,,
2020-06-22-TeamB-e4321aef-964a-4fdd-88bd-0bd548b0e93b.parquet,TeamB-e4321aef-964a-4fdd-88bd-0bd548b0e93b,TeamB,2020-06-22 00:00:00,24.530018400000003,102.43333333333334,3.4335952785000954,614545,61455,0,0.0,True,,
2020-06-23-TeamB-2f23d7d5-2326-49ce-b9c8-5a6303f785c5.parquet,TeamB-2f23d7d5-2326-49ce-b9c8-5a6303f785c5,TeamB,2020-06-23 00:00:00,28.560024000000002,119.23333333333333,9.60165163559993,715369,71538,0,0.0,True,,
2020-06-23-TeamB-4405bb1f-56f7-48ba-bfa8-e795e4006952.parquet,TeamB-4405bb1f-56f7-48ba-bfa8-e795e4006952,TeamB,2020-06-23 00:00:00,27.07002,130.20500000000004,9.94914052379993,781180,78119,0,0.0,True,,
2020-06-23-TeamB-48bfd4ea-e9e2-45b5-befc-3383cae87fdf.parquet,TeamB-48bfd4ea-e9e2-45b5-befc-3383cae87fdf,TeamB,2020-06-23 00:00:00,20.020017600000003,48.083333333333336,1.5257384667999343,288409,28841,0,0.0,True,,
2020-06-23-TeamB-70b74270-f655-43cc-a188-1ebc7a828b95.parquet,TeamB-70b74270-f655-43cc-a188-1ebc7a828b95,TeamB,2020-06-23 00:00:00,28.4200236,108.25833333333334,9.291778868999979,649480,64949,0,0.0,True,,
2020-06-23-TeamB-789547e7-1325-4153-a98d-5ecd497f3668.parquet,TeamB-789547e7-1325-4153-a98d-5ecd497f3668,TeamB,2020-06-23 00:00:00,20.6000172,120.41999999999994,4.3715674288999455,722450,72246,0,0.0,True,,
2020-06-23-TeamB-a7126274-c2d2-4f4e-9b67-35d376aefacc.parquet,TeamB-a7126274-c2d2-4f4e-9b67-35d376aefacc,TeamB,2020-06-23 00:00:00,26.770021200000002,48.41999999999995,5.230441153100055,290460,29047,0,0.0,True,,
2020-06-23-TeamB-ab691983-3544-4a0e-8f70-db44d85cb907.parquet,TeamB-ab691983-3544-4a0e-8f70-db44d85cb907,TeamB,2020-06-23 00:00:00,26.270020799999998,119.42166666666671,9.716533655399962,716480,71649,0,0.0,True,,
2020-06-23-TeamB-afc13e53-2c77-48cb-8a78-743663bbb84f.parquet,TeamB-afc13e53-2c77-48cb-8a78-743663bbb84f,TeamB,2020-06-23 00:00:00,29.150024400000003,119.99000000000002,8.961841099300186,719870,71988,0,0.0,True,,
2020-06-23-TeamB-e4321aef-964a-4fdd-88bd-0bd548b0e93b.parquet,TeamB-e4321aef-964a-4fdd-88bd-0bd548b0e93b,TeamB,2020-06-23 00:00:00,27.0800208,48.54000000000003,5.504707482600146,291190,29120,0,0.0,True,,
2020-06-25-TeamB-2f23d7d5-2326-49ce-b9c8-5a6303f785c5.parquet,TeamB-2f23d7d5-2326-49ce-b9c8-5a6303f785c5,TeamB,2020-06-25 00:00:00,23.5100196,76.02333333333335,2.111268098199829,456100,45611,0,0.0,True,,
2020-06-25-TeamB-4405bb1f-56f7-48ba-bfa8-e795e4006952.parquet,TeamB-4405bb1f-56f7-48ba-bfa8-e795e4006952,TeamB,2020-06-25 00:00:00,25.0700184,80.4066666666667,3.440241388400017,482380,48239,0,0.0,True,,
2020-06-25-TeamB-48bfd4ea-e9e2-45b5-befc-3383cae87fdf.parquet,TeamB-48bfd4ea-e9e2-45b5-befc-3383cae87fdf,TeamB,2020-06-25 00:00:00,18.760014,85.62333333333336,1.8620934542999843,513680,51369,0,0.0,True,,
2020-06-25-TeamB-70b74270-f655-43cc-a188-1ebc7a828b95.parquet,TeamB-70b74270-f655-43cc-a188-1ebc7a828b95,TeamB,2020-06-25 00:00:00,23.4800172,75.40500000000004,3.0118163158999525,452350,45236,0,0.0,True,,
2020-06-25-TeamB-789547e7-1325-4153-a98d-5ecd497f3668.parquet,TeamB-789547e7-1325-4153-a98d-5ecd497f3668,TeamB,2020-06-25 00:00:00,20.6000172,91.02333333333335,2.536040109199829,545995,54600,0,0.0,True,,
2020-06-25-TeamB-a7126274-c2d2-4f4e-9b67-35d376aefacc.parquet,TeamB-a7126274-c2d2-4f4e-9b67-35d376aefacc,TeamB,2020-06-25 00:00:00,21.310016400000002,81.37666666666664,2.983648249500052,488205,48821,0,0.0,True,,
2020-06-25-TeamB-ab691983-3544-4a0e-8f70-db44d85cb907.parquet,TeamB-ab691983-3544-4a0e-8f70-db44d85cb907,TeamB,2020-06-25 00:00:00,24.10002,81.33499999999998,3.1495439371998692,487955,48796,0,0.0,True,,
2020-06-25-TeamB-afc13e53-2c77-48cb-8a78-743663bbb84f.parquet,TeamB-afc13e53-2c77-48cb-8a78-743663bbb84f,TeamB,2020-06-25 00:00:00,26.1400212,97.70833333333333,4.297318757899957,586195,58620,0,0.0,True,,
2020-06-25-TeamB-e4321aef-964a-4fdd-88bd-0bd548b0e93b.parquet,TeamB-e4321aef-964a-4fdd-88bd-0bd548b0e93b,TeamB,2020-06-25 00:00:00,24.8700204,80.83000000000006,2.7214591375001036,484935,48494,0,0.0,True,,
2020-06-26-TeamB-2f23d7d5-2326-49ce-b9c8-5a6303f785c5.parquet,TeamB-2f23d7d5-2326-49ce-b9c8-5a6303f785c5,TeamB,2020-06-26 00:00:00,26.880022800000003,60.65499999999999,3.399681357900033,363880,36389,0,0.0,True,,
2020-06-26-TeamB-4405bb1f-56f7-48ba-bfa8-e795e4006952.parquet,TeamB-4405bb1f-56f7-48ba-bfa8-e795e4006952,TeamB,2020-06-26 00:00:00,27.2100204,70.3933333333333,3.5458314720998483,422300,42231,0,0.0,True,,
2020-06-26-TeamB-48bfd4ea-e9e2-45b5-befc-3383cae87fdf.parquet,TeamB-48bfd4ea-e9e2-45b5-befc-3383cae87fdf,TeamB,2020-06-26 00:00:00,17.470015200000002,76.40333333333335,1.9221826703998541,458340,45835,0,0.0,True,,
2020-06-26-TeamB-70b74270-f655-43cc-a188-1ebc7a828b95.parquet,TeamB-70b74270-f655-43cc-a188-1ebc7a828b95,TeamB,2020-06-26 00:00:00,25.9600212,85.1766666666667,3.7447280210001126,511005,51101,0,0.0,True,,
2020-06-26-TeamB-789547e7-1325-4153-a98d-5ecd497f3668.parquet,TeamB-789547e7-1325-4153-a98d-5ecd497f3668,TeamB,2020-06-26 00:00:00,18.7800156,84.59000000000002,2.3762441503000606,507430,50744,0,0.0,True,,
2020-06-26-TeamB-a7126274-c2d2-4f4e-9b67-35d376aefacc.parquet,TeamB-a7126274-c2d2-4f4e-9b67-35d376aefacc,TeamB,2020-06-26 00:00:00,23.9800176,78.11333333333339,3.411010811100003,468625,46863,0,0.0,True,,
2020-06-26-TeamB-ab691983-3544-4a0e-8f70-db44d85cb907.parquet,TeamB-ab691983-3544-4a0e-8f70-db44d85cb907,TeamB,2020-06-26 00:00:00,25.730020800000002,78.09666666666672,3.3496493679998984,468505,46851,0,0.0,True,,
2020-06-26-TeamB-afc13e53-2c77-48cb-8a78-743663bbb84f.parquet,TeamB-afc13e53-2c77-48cb-8a78-743663bbb84f,TeamB,2020-06-26 00:00:00,27.530020800000003,76.3433333333333,3.5262864575000075,457985,45799,0,0.0,True,,
2020-06-26-TeamB-e4321aef-964a-4fdd-88bd-0bd548b0e93b.parquet,TeamB-e4321aef-964a-4fdd-88bd-0bd548b0e93b,TeamB,2020-06-26 00:00:00,26.35002,72.80499999999999,3.581429841500076,436750,43676,0,0.0,True,,
2020-06-27-TeamB-2f23d7d5-2326-49ce-b9c8-5a6303f785c5.parquet,TeamB-2f23d7d5-2326-49ce-b9c8-5a6303f785c5,TeamB,2020-06-27 00:00:00,28.8100224,114.62333333333336,9.070423131999975,687690,68770,0,0.0,True,,
2020-06-27-TeamB-4405bb1f-56f7-48ba-bfa8-e795e4006952.parquet,TeamB-4405bb1f-56f7-48ba-bfa8-e795e4006952,TeamB,2020-06-27 00:00:00,27.730022400000003,74.15500000000004,5.445037164999982,444870,44488,0,0.0,True,,
2020-06-27-TeamB-70b74270-f655-43cc-a188-1ebc7a828b95.parquet,TeamB-70b74270-f655-43cc-a188-1ebc7a828b95,TeamB,2020-06-27 00:00:00,27.910022400000003,107.92333333333336,8.946360531300018,647480,64749,0,0.0,True,,
2020-06-27-TeamB-789547e7-1325-4153-a98d-5ecd497f3668.parquet,TeamB-789547e7-1325-4153-a98d-5ecd497f3668,TeamB,2020-06-27 00:00:00,23.8900176,123.65500000000004,4.087029152500044,741710,74172,0,0.0,True,,
2020-06-27-TeamB-a7126274-c2d2-4f4e-9b67-35d376aefacc.parquet,TeamB-a7126274-c2d2-4f4e-9b67-35d376aefacc,TeamB,2020-06-27 00:00:00,29.950023600000005,91.36999999999995,7.833102416199965,548150,54816,0,0.0,True,,
2020-06-27-TeamB-ab691983-3544-4a0e-8f70-db44d85cb907.parquet,TeamB-ab691983-3544-4a0e-8f70-db44d85cb907,TeamB,2020-06-27 00:00:00,25.4900196,118.12166666666671,9.365457277500129,708630,70864,0,0.0,True,,
2020-06-27-TeamB-afc13e53-2c77-48cb-8a78-743663bbb84f.parquet,TeamB-afc13e53-2c77-48cb-8a78-743663bbb84f,TeamB,2020-06-27 00:00:00,29.730024000000004,131.40833333333333,9.656293341600275,788375,78838,0,0.0,True,,
2020-06-27-TeamB-e4321aef-964a-4fdd-88bd-0bd548b0e93b.parquet,TeamB-e4321aef-964a-4fdd-88bd-0bd548b0e93b,TeamB,2020-06-27 00:00:00,28.580022,102.40333333333328,8.865579632799996,614350,61436,0,0.0,True,,
2020-06-29-TeamB-48bfd4ea-e9e2-45b5-befc-3383cae87fdf.parquet,TeamB-48bfd4ea-e9e2-45b5-befc-3383cae87fdf,TeamB,2020-06-29 00:00:00,18.5200164,75.34000000000002,2.740186110500049,451980,45199,0,0.0,True,,
2020-06-29-TeamB-789547e7-1325-4153-a98d-5ecd497f3668.parquet,TeamB-789547e7-1325-4153-a98d-5ecd497f3668,TeamB,2020-06-29 00:00:00,20.290017600000002,75.57000000000008,2.807918381299979,453325,45333,0,0.0,True,,
2020-06-30-TeamB-2f23d7d5-2326-49ce-b9c8-5a6303f785c5.parquet,TeamB-2f23d7d5-2326-49ce-b9c8-5a6303f785c5,TeamB,2020-06-30 00:00:00,25.81002,104.38166666666669,6.052243488799988,626240,62625,0,0.0,True,,
2020-06-30-TeamB-4405bb1f-56f7-48ba-bfa8-e795e4006952.parquet,TeamB-4405bb1f-56f7-48ba-bfa8-e795e4006952,TeamB,2020-06-30 00:00:00,26.6700204,111.18833333333338,6.120354663600026,667070,66708,0,0.0,True,,
2020-06-30-TeamB-48bfd4ea-e9e2-45b5-befc-3383cae87fdf.parquet,TeamB-48bfd4ea-e9e2-45b5-befc-3383cae87fdf,TeamB,2020-06-30 00:00:00,18.1000152,110.96166666666662,3.151055606700148,665690,66570,0,0.0,True,,
2020-06-30-TeamB-70b74270-f655-43cc-a188-1ebc7a828b95.parquet,TeamB-70b74270-f655-43cc-a188-1ebc7a828b95,TeamB,2020-06-30 00:00:00,28.360022400000002,94.05500000000005,6.223649182100064,564260,56427,0,0.0,True,,
2020-06-30-TeamB-789547e7-1325-4153-a98d-5ecd497f3668.parquet,TeamB-789547e7-1325-4153-a98d-5ecd497f3668,TeamB,2020-06-30 00:00:00,18.5400144,111.03666666666662,2.948145445599994,666120,66613,0,0.0,True,,
2020-06-30-TeamB-a7126274-c2d2-4f4e-9b67-35d376aefacc.parquet,TeamB-a7126274-c2d2-4f4e-9b67-35d376aefacc,TeamB,2020-06-30 00:00:00,24.8100192,94.08333333333333,4.824488063900055,564329,56434,0,0.0,True,,
2020-06-30-TeamB-ab691983-3544-4a0e-8f70-db44d85cb907.parquet,TeamB-ab691983-3544-4a0e-8f70-db44d85cb907,TeamB,2020-06-30 00:00:00,28.060023599999997,111.70666666666669,6.327388160399816,670180,67019,0,0.0,True,,
2020-06-30-TeamB-afc13e53-2c77-48cb-8a78-743663bbb84f.parquet,TeamB-afc13e53-2c77-48cb-8a78-743663bbb84f,TeamB,2020-06-30 00:00:00,28.4200236,115.98833333333339,7.31134145550008,695850,69586,0,0.0,True,,
2020-06-30-TeamB-e4321aef-964a-4fdd-88bd-0bd548b0e93b.parquet,TeamB-e4321aef-964a-4fdd-88bd-0bd548b0e93b,TeamB,2020-06-30 00:00:00,27.2700216,110.9,5.421198811399971,665345,66535,0,0.0,True,,
2020-07-01-TeamB-2f23d7d5-2326-49ce-b9c8-5a6303f785c5.parquet,TeamB-2f23d7d5-2326-49ce-b9c8-5a6303f785c5,TeamB,2020-07-01 00:00:00,26.770021200000002,90.87333333333336,3.128931977800068,545200,54521,0,0.0,True,,
2020-07-01-TeamB-4405bb1f-56f7-48ba-bfa8-e795e4006952.parquet,TeamB-4405bb1f-56f7-48ba-bfa8-e795e4006952,TeamB,2020-07-01 00:00:00,27.0100224,107.00666666666669,5.185376134600055,641990,64200,0,0.0,True,,
2020-07-01-TeamB-48bfd4ea-e9e2-45b5-befc-3383cae87fdf.parquet,TeamB-48bfd4ea-e9e2-45b5-befc-3383cae87fdf,TeamB,2020-07-01 00:00:00,25.18002,99.20166666666664,2.582040707199899,595125,59513,0,0.0,True,,
2020-07-01-TeamB-70b74270-f655-43cc-a188-1ebc7a828b95.parquet,TeamB-70b74270-f655-43cc-a188-1ebc7a828b95,TeamB,2020-07-01 00:00:00,28.710021599999997,83.18833333333338,4.070151618199872,499060,49907,0,0.0,True,,
2020-07-01-TeamB-789547e7-1325-4153-a98d-5ecd497f3668.parquet,TeamB-789547e7-1325-4153-a98d-5ecd497f3668,TeamB,2020-07-01 00:00:00,20.480014800000003,79.6216666666666,1.8670115164999692,477645,47765,0,0.0,True,,
2020-07-01-TeamB-a7126274-c2d2-4f4e-9b67-35d376aefacc.parquet,TeamB-a7126274-c2d2-4f4e-9b67-35d376aefacc,TeamB,2020-07-01 00:00:00,25.3000188,104.39499999999995,4.064011622400056,626300,62631,0,0.0,True,,
2020-07-01-TeamB-ab691983-3544-4a0e-8f70-db44d85cb907.parquet,TeamB-ab691983-3544-4a0e-8f70-db44d85cb907,TeamB,2020-07-01 00:00:00,24.7800204,106.38833333333338,5.012744606100003,638275,63828,0,0.0,True,,
2020-07-01-TeamB-e4321aef-964a-4fdd-88bd-0bd548b0e93b.parquet,TeamB-e4321aef-964a-4fdd-88bd-0bd548b0e93b,TeamB,2020-07-01 00:00:00,24.7800204,105.97166666666672,4.386081321200016,635774,63578,0,0.0,True,,
2020-07-02-TeamB-2f23d7d5-2326-49ce-b9c8-5a6303f785c5.parquet,TeamB-2f23d7d5-2326-49ce-b9c8-5a6303f785c5,TeamB,2020-07-02 00:00:00,25.6600188,82.83833333333332,3.8590145035000196,496980,49699,0,0.0,True,,
2020-07-02-TeamB-4405bb1f-56f7-48ba-bfa8-e795e4006952.parquet,TeamB-4405bb1f-56f7-48ba-bfa8-e795e4006952,TeamB,2020-07-02 00:00:00,23.950018800000002,89.37333333333336,3.678813252099984,536180,53619,0,0.0,True,,
2020-07-02-TeamB-48bfd4ea-e9e2-45b5-befc-3383cae87fdf.parquet,TeamB-48bfd4ea-e9e2-45b5-befc-3383cae87fdf,TeamB,2020-07-02 00:00:00,19.1300148,116.56666666666666,2.295544643599988,699325,69933,0,0.0,True,,
2020-07-02-TeamB-70b74270-f655-43cc-a188-1ebc7a828b95.parquet,TeamB-70b74270-f655-43cc-a188-1ebc7a828b95,TeamB,2020-07-02 00:00:00,24.4400184,81.97000000000001,4.153808353500128,491750,49176,0,0.0,True,,
2020-07-02-TeamB-789547e7-1325-4153-a98d-5ecd497f3668.parquet,TeamB-789547e7-1325-4153-a98d-5ecd497f3668,TeamB,2020-07-02 00:00:00,16.620012,96.93333333333334,2.0286280471000686,581399,58141,0,0.0,True,,
2020-07-02-TeamB-a7126274-c2d2-4f4e-9b67-35d376aefacc.parquet,TeamB-a7126274-c2d2-4f4e-9b67-35d376aefacc,TeamB,2020-07-02 00:00:00,23.690019600000003,89.87000000000002,3.141915593399956,539150,53916,0,0.0,True,,
2020-07-02-TeamB-ab691983-3544-4a0e-8f70-db44d85cb907.parquet,TeamB-ab691983-3544-4a0e-8f70-db44d85cb907,TeamB,2020-07-02 00:00:00,25.9100208,92.33666666666667,5.10200217280001,553940,55395,0,0.0,True,,
2020-07-02-TeamB-afc13e53-2c77-48cb-8a78-743663bbb84f.parquet,TeamB-afc13e53-2c77-48cb-8a78-743663bbb84f,TeamB,2020-07-02 00:00:00,25.890019199999998,81.97166666666665,3.1671956208002006,491750,49176,0,0.0,True,,
2020-07-02-TeamB-e4321aef-964a-4fdd-88bd-0bd548b0e93b.parquet,TeamB-e4321aef-964a-4fdd-88bd-0bd548b0e93b,TeamB,2020-07-02 00:00:00,22.9000176,89.47166666666665,3.0128257754000023,536760,53677,0,0.0,True,,
2020-07-03-TeamB-2f23d7d5-2326-49ce-b9c8-5a6303f785c5.parquet,TeamB-2f23d7d5-2326-49ce-b9c8-5a6303f785c5,TeamB,2020-07-03 00:00:00,23.65002,86.07166666666666,3.7364763611001313,516390,51640,0,0.0,True,,
2020-07-03-TeamB-4405bb1f-56f7-48ba-bfa8-e795e4006952.parquet,TeamB-4405bb1f-56f7-48ba-bfa8-e795e4006952,TeamB,2020-07-03 00:00:00,25.6800204,81.47166666666665,4.230155359999844,488760,48877,0,0.0,True,,
2020-07-03-TeamB-48bfd4ea-e9e2-45b5-befc-3383cae87fdf.parquet,TeamB-48bfd4ea-e9e2-45b5-befc-3383cae87fdf,TeamB,2020-07-03 00:00:00,18.940014,73.83833333333332,1.6888997056999935,442940,44295,0,0.0,True,,
2020-07-03-TeamB-70b74270-f655-43cc-a188-1ebc7a828b95.parquet,TeamB-70b74270-f655-43cc-a188-1ebc7a828b95,TeamB,2020-07-03 00:00:00,27.930024,77.47166666666665,3.332421586599904,464750,46476,0,0.0,True,,
2020-07-03-TeamB-789547e7-1325-4153-a98d-5ecd497f3668.parquet,TeamB-789547e7-1325-4153-a98d-5ecd497f3668,TeamB,2020-07-03 00:00:00,17.7200136,87.37333333333336,2.0526147203000855,524060,52407,0,0.0,True,,
2020-07-03-TeamB-a7126274-c2d2-4f4e-9b67-35d376aefacc.parquet,TeamB-a7126274-c2d2-4f4e-9b67-35d376aefacc,TeamB,2020-07-03 00:00:00,23.0100192,93.83666666666667,4.130110556199957,562950,56296,0,0.0,True,,
2020-07-03-TeamB-ab691983-3544-4a0e-8f70-db44d85cb907.parquet,TeamB-ab691983-3544-4a0e-8f70-db44d85cb907,TeamB,2020-07-03 00:00:00,25.2600192,87.47166666666665,4.002666848899901,524750,52476,0,0.0,True,,
2020-07-03-TeamB-afc13e53-2c77-48cb-8a78-743663bbb84f.parquet,TeamB-afc13e53-2c77-48cb-8a78-743663bbb84f,TeamB,2020-07-03 00:00:00,26.4500208,94.87166666666666,3.848185055999955,569150,56916,0,0.0,True,,
2020-07-03-TeamB-e4321aef-964a-4fdd-88bd-0bd548b0e93b.parquet,TeamB-e4321aef-964a-4fdd-88bd-0bd548b0e93b,TeamB,2020-07-03 00:00:00,25.8400224,88.18833333333338,3.9844112675999934,529075,52908,0,0.0,True,,
2020-07-04-TeamB-2f23d7d5-2326-49ce-b9c8-5a6303f785c5.parquet,TeamB-2f23d7d5-2326-49ce-b9c8-5a6303f785c5,TeamB,2020-07-04 00:00:00,27.870022799999997,117.62166666666671,10.142142060900074,705700,70571,0,0.0,True,,
2020-07-04-TeamB-4405bb1f-56f7-48ba-bfa8-e795e4006952.parquet,TeamB-4405bb1f-56f7-48ba-bfa8-e795e4006952,TeamB,2020-07-04 00:00:00,26.4100212,82.37166666666671,6.275366166299955,494170,49418,0,0.0,True,,
2020-07-04-TeamB-70b74270-f655-43cc-a188-1ebc7a828b95.parquet,TeamB-70b74270-f655-43cc-a188-1ebc7a828b95,TeamB,2020-07-04 00:00:00,31.830026399999998,117.97333333333336,11.768073644800308,707775,70778,0,0.0,True,,
2020-07-04-TeamB-789547e7-1325-4153-a98d-5ecd497f3668.parquet,TeamB-789547e7-1325-4153-a98d-5ecd497f3668,TeamB,2020-07-04 00:00:00,22.1300172,119.55,4.654990997700025,717155,71716,0,0.0,True,,
2020-07-04-TeamB-a7126274-c2d2-4f4e-9b67-35d376aefacc.parquet,TeamB-a7126274-c2d2-4f4e-9b67-35d376aefacc,TeamB,2020-07-04 00:00:00,27.540021600000003,121.14166666666667,9.633590251400099,726795,72680,0,0.0,True,,
2020-07-04-TeamB-ab691983-3544-4a0e-8f70-db44d85cb907.parquet,TeamB-ab691983-3544-4a0e-8f70-db44d85cb907,TeamB,2020-07-04 00:00:00,26.960022000000002,118.53499999999998,10.424140048500076,711115,71112,0,0.0,True,,
2020-07-04-TeamB-afc13e53-2c77-48cb-8a78-743663bbb84f.parquet,TeamB-afc13e53-2c77-48cb-8a78-743663bbb84f,TeamB,2020-07-04 00:00:00,26.570019600000002,93.90500000000004,6.946991416899967,563370,56338,0,0.0,True,,
2020-07-04-TeamB-e4321aef-964a-4fdd-88bd-0bd548b0e93b.parquet,TeamB-e4321aef-964a-4fdd-88bd-0bd548b0e93b,TeamB,2020-07-04 00:00:00,26.110022400000002,121.7783333333334,11.274355749199861,730625,73063,0,0.0,True,,
2020-07-07-TeamB-2f23d7d5-2326-49ce-b9c8-5a6303f785c5.parquet,TeamB-2f23d7d5-2326-49ce-b9c8-5a6303f785c5,TeamB,2020-07-07 00:00:00,29.2500252,102.60833333333333,6.278722008100052,615600,61561,0,0.0,True,,
2020-07-07-TeamB-4405bb1f-56f7-48ba-bfa8-e795e4006952.parquet,TeamB-4405bb1f-56f7-48ba-bfa8-e795e4006952,TeamB,2020-07-07 00:00:00,28.5300216,104.45666666666669,7.339148418599944,626690,62670,0,0.0,True,,
2020-07-07-TeamB-48bfd4ea-e9e2-45b5-befc-3383cae87fdf.parquet,TeamB-48bfd4ea-e9e2-45b5-befc-3383cae87fdf,TeamB,2020-07-07 00:00:00,21.320017200000002,99.42333333333336,3.100257507999789,596460,59647,0,0.0,True,,
2020-07-07-TeamB-70b74270-f655-43cc-a188-1ebc7a828b95.parquet,TeamB-70b74270-f655-43cc-a188-1ebc7a828b95,TeamB,2020-07-07 00:00:00,29.390022000000002,100.50500000000005,6.683608165100039,602950,60296,0,0.0,True,,
2020-07-07-TeamB-789547e7-1325-4153-a98d-5ecd497f3668.parquet,TeamB-789547e7-1325-4153-a98d-5ecd497f3668,TeamB,2020-07-07 00:00:00,17.9000136,101.54000000000002,3.042047469899964,609130,60914,0,0.0,True,,
2020-07-07-TeamB-a7126274-c2d2-4f4e-9b67-35d376aefacc.parquet,TeamB-a7126274-c2d2-4f4e-9b67-35d376aefacc,TeamB,2020-07-07 00:00:00,26.6800212,94.99000000000002,5.836817756399941,569870,56988,0,0.0,True,,
2020-07-07-TeamB-ab691983-3544-4a0e-8f70-db44d85cb907.parquet,TeamB-ab691983-3544-4a0e-8f70-db44d85cb907,TeamB,2020-07-07 00:00:00,27.6500232,108.20500000000006,6.9863870227998195,649170,64918,0,0.0,True,,
2020-07-07-TeamB-afc13e53-2c77-48cb-8a78-743663bbb84f.parquet,TeamB-afc13e53-2c77-48cb-8a78-743663bbb84f,TeamB,2020-07-07 00:00:00,32.4300276,107.52166666666672,6.988812307399874,645050,64506,0,0.0,False,max_speed_over_32_kmh,
2020-07-07-TeamB-e4321aef-964a-4fdd-88bd-0bd548b0e93b.parquet,TeamB-e4321aef-964a-4fdd-88bd-0bd548b0e93b,TeamB,2020-07-07 00:00:00,28.580022,97.85166666666676,6.561115560800031,587055,58706,0,0.0,True,,
2020-07-08-TeamB-2f23d7d5-2326-49ce-b9c8-5a6303f785c5.parquet,TeamB-2f23d7d5-2326-49ce-b9c8-5a6303f785c5,TeamB,2020-07-08 00:00:00,20.3900148,68.52166666666666,2.841065622599998,411090,41110,0,0.0,True,,
2020-07-08-TeamB-4405bb1f-56f7-48ba-bfa8-e795e4006952.parquet,TeamB-4405bb1f-56f7-48ba-bfa8-e795e4006952,TeamB,2020-07-08 00:00:00,21.9900168,93.53499999999998,4.495259183799982,561165,56117,0,0.0,True,,
2020-07-08-TeamB-48bfd4ea-e9e2-45b5-befc-3383cae87fdf.parquet,TeamB-48bfd4ea-e9e2-45b5-befc-3383cae87fdf,TeamB,2020-07-08 00:00:00,19.5200172,88.04166666666667,2.450493929599969,528190,52820,0,0.0,True,,
2020-07-08-TeamB-70b74270-f655-43cc-a188-1ebc7a828b95.parquet,TeamB-70b74270-f655-43cc-a188-1ebc7a828b95,TeamB,2020-07-08 00:00:00,26.9000208,60.215000000000025,3.2509126215000514,361230,36124,0,0.0,True,,
2020-07-08-TeamB-789547e7-1325-4153-a98d-5ecd497f3668.parquet,TeamB-789547e7-1325-4153-a98d-5ecd497f3668,TeamB,2020-07-08 00:00:00,20.7800172,84.92000000000002,2.244013493000001,509400,50941,0,0.0,True,,
2020-07-08-TeamB-ab691983-3544-4a0e-8f70-db44d85cb907.parquet,TeamB-ab691983-3544-4a0e-8f70-db44d85cb907,TeamB,2020-07-08 00:00:00,23.760018000000002,93.69833333333335,3.4035280322000503,562135,56214,0,0.0,True,,
2020-07-08-TeamB-afc13e53-2c77-48cb-8a78-743663bbb84f.parquet,TeamB-afc13e53-2c77-48cb-8a78-743663bbb84f,TeamB,2020-07-08 00:00:00,24.5400192,94.40333333333335,3.7370613553000394,566350,56636,0,0.0,True,,
2020-07-08-TeamB-e4321aef-964a-4fdd-88bd-0bd548b0e93b.parquet,TeamB-e4321aef-964a-4fdd-88bd-0bd548b0e93b,TeamB,2020-07-08 00:00:00,26.5900212,70.32000000000001,2.9072154041999996,421860,42187,0,0.0,True,,
2020-07-09-TeamB-2f23d7d5-2326-49ce-b9c8-5a6303f785c5.parquet,TeamB-2f23d7d5-2326-49ce-b9c8-5a6303f785c5,TeamB,2020-07-09 00:00:00,23.9300208,92.60500000000005,3.3345560241001158,555570,55558,0,0.0,True,,
2020-07-09-TeamB-4405bb1f-56f7-48ba-bfa8-e795e4006952.parquet,TeamB-4405bb1f-56f7-48ba-bfa8-e795e4006952,TeamB,2020-07-09 00:00:00,24.330020400000002,89.57333333333335,3.9679976489999818,537380,53739,0,0.0,True,,
2020-07-09-TeamB-48bfd4ea-e9e2-45b5-befc-3383cae87fdf.parquet,TeamB-48bfd4ea-e9e2-45b5-befc-3383cae87fdf,TeamB,2020-07-09 00:00:00,18.1500156,97.1066666666667,2.8999826219000573,582550,58256,0,0.0,True,,
2020-07-09-TeamB-70b74270-f655-43cc-a188-1ebc7a828b95.parquet,TeamB-70b74270-f655-43cc-a188-1ebc7a828b95,TeamB,2020-07-09 00:00:00,28.820023199999998,113.41166666666662,4.127914997799817,680405,68041,0,0.0,True,,
2020-07-09-TeamB-789547e7-1325-4153-a98d-5ecd497f3668.parquet,TeamB-789547e7-1325-4153-a98d-5ecd497f3668,TeamB,2020-07-09 00:00:00,21.510018000000002,94.03833333333338,2.743918617500031,564090,56410,0,0.0,True,,
2020-07-09-TeamB-a7126274-c2d2-4f4e-9b67-35d376aefacc.parquet,TeamB-a7126274-c2d2-4f4e-9b67-35d376aefacc,TeamB,2020-07-09 00:00:00,20.5900164,108.94000000000003,2.443128920800106,653590,65360,0,0.0,True,,
2020-07-09-TeamB-ab691983-3544-4a0e-8f70-db44d85cb907.parquet,TeamB-ab691983-3544-4a0e-8f70-db44d85cb907,TeamB,2020-07-09 00:00:00,24.300018,86.08833333333338,3.8466433855000335,516440,51645,0,0.0,True,,
2020-07-09-TeamB-afc13e53-2c77-48cb-8a78-743663bbb84f.parquet,TeamB-afc13e53-2c77-48cb-8a78-743663bbb84f,TeamB,2020-07-09 00:00:00,25.700022,103.50500000000005,4.2612528942999885,620950,62096,0,0.0,True,,
2020-07-09-TeamB-e4321aef-964a-4fdd-88bd-0bd548b0e93b.parquet,TeamB-e4321aef-964a-4fdd-88bd-0bd548b0e93b,TeamB,2020-07-09 00:00:00,24.2000208,98.02166666666672,3.4835580869001452,588050,58806,0,0.0,True,,
2020-07-10-TeamB-2f23d7d5-2326-49ce-b9c8-5a6303f785c5.parquet,TeamB-2f23d7d5-2326-49ce-b9c8-5a6303f785c5,TeamB,2020-07-10 00:00:00,27.930024,122.67166666666671,10.437726467199813,735980,73599,0,0.0,True,,
2020-07-10-TeamB-4405bb1f-56f7-48ba-bfa8-e795e4006952.parquet,TeamB-4405bb1f-56f7-48ba-bfa8-e795e4006952,TeamB,2020-07-10 00:00:00,26.200022399999998,132.26500000000016,11.089423095199612,793545,79355,0,0.0,True,,
2020-07-10-TeamB-70b74270-f655-43cc-a188-1ebc7a828b95.parquet,TeamB-70b74270-f655-43cc-a188-1ebc7a828b95,TeamB,2020-07-10 00:00:00,28.250024399999997,108.92166666666671,10.688958870399604,653460,65347,0,0.0,True,,
2020-07-10-TeamB-789547e7-1325-4153-a98d-5ecd497f3668.parquet,TeamB-789547e7-1325-4153-a98d-5ecd497f3668,TeamB,2020-07-10 00:00:00,24.55002,122.88500000000009,4.4308824799002196,737105,73711,0,0.0,True,,
2020-07-10-TeamB-ab691983-3544-4a0e-8f70-db44d85cb907.parquet,TeamB-ab691983-3544-4a0e-8f70-db44d85cb907,TeamB,2020-07-10 00:00:00,28.670022,114.90500000000004,10.492725124900362,689330,68934,0,0.0,True,,
2020-07-10-TeamB-afc13e53-2c77-48cb-8a78-743663bbb84f.parquet,TeamB-afc13e53-2c77-48cb-8a78-743663bbb84f,TeamB,2020-07-10 00:00:00,29.320023600000003,122.72999999999993,9.647005003399975,736325,73633,0,0.0,True,,
2020-07-10-TeamB-e4321aef-964a-4fdd-88bd-0bd548b0e93b.parquet,TeamB-e4321aef-964a-4fdd-88bd-0bd548b0e93b,TeamB,2020-07-10 00:00:00,27.950022,125.83000000000006,10.512845685300341,754895,75490,0,0.0,True,,
2020-07-13-TeamB-48bfd4ea-e9e2-45b5-befc-3383cae87fdf.parquet,TeamB-48bfd4ea-e9e2-45b5-befc-3383cae87fdf,TeamB,2020-07-13 00:00:00,15.8900112,83.86500000000002,2.307308817599918,503134,50314,0,0.0,True,,
2020-07-14-TeamB-2f23d7d5-2326-49ce-b9c8-5a6303f785c5.parquet,TeamB-2f23d7d5-2326-49ce-b9c8-5a6303f785c5,TeamB,2020-07-14 00:00:00,28.1600208,106.75666666666669,6.286449232899988,640490,64050,0,0.0,True,,
2020-07-14-TeamB-4405bb1f-56f7-48ba-bfa8-e795e4006952.parquet,TeamB-4405bb1f-56f7-48ba-bfa8-e795e4006952,TeamB,2020-07-14 00:00:00,25.240021199999997,108.89000000000003,6.330580375299983,653290,65330,0,0.0,True,,
2020-07-14-TeamB-48bfd4ea-e9e2-45b5-befc-3383cae87fdf.parquet,TeamB-48bfd4ea-e9e2-45b5-befc-3383cae87fdf,TeamB,2020-07-14 00:00:00,21.1600152,129.58499999999998,3.4431038983999933,777425,77743,0,0.0,True,,
2020-07-14-TeamB-789547e7-1325-4153-a98d-5ecd497f3668.parquet,TeamB-789547e7-1325-4153-a98d-5ecd497f3668,TeamB,2020-07-14 00:00:00,18.020016000000002,132.85500000000005,3.1204964203000247,797015,79702,0,0.0,True,,
2020-07-14-TeamB-a7126274-c2d2-4f4e-9b67-35d376aefacc.parquet,TeamB-a7126274-c2d2-4f4e-9b67-35d376aefacc,TeamB,2020-07-14 00:00:00,26.6100228,110.37166666666671,6.2309066959998285,662130,66214,0,0.0,True,,
2020-07-14-TeamB-ab691983-3544-4a0e-8f70-db44d85cb907.parquet,TeamB-ab691983-3544-4a0e-8f70-db44d85cb907,TeamB,2020-07-14 00:00:00,27.140022000000002,106.84500000000007,7.143838252600078,641015,64102,0,0.0,True,,
2020-07-14-TeamB-afc13e53-2c77-48cb-8a78-743663bbb84f.parquet,TeamB-afc13e53-2c77-48cb-8a78-743663bbb84f,TeamB,2020-07-14 00:00:00,25.2000216,83.00500000000005,5.812329962200027,497970,49798,0,0.0,True,,
2020-07-14-TeamB-e4321aef-964a-4fdd-88bd-0bd548b0e93b.parquet,TeamB-e4321aef-964a-4fdd-88bd-0bd548b0e93b,TeamB,2020-07-14 00:00:00,26.690022000000003,109.97166666666672,5.94029451769995,659770,65978,0,0.0,True,,
2020-07-15-TeamB-2f23d7d5-2326-49ce-b9c8-5a6303f785c5.parquet,TeamB-2f23d7d5-2326-49ce-b9c8-5a6303f785c5,TeamB,2020-07-15 00:00:00,23.0100192,97.75499999999998,4.927468974000127,586480,58649,0,0.0,True,,
2020-07-15-TeamB-4405bb1f-56f7-48ba-bfa8-e795e4006952.parquet,TeamB-4405bb1f-56f7-48ba-bfa8-e795e4006952,TeamB,2020-07-15 00:00:00,21.9900168,106.59000000000002,5.070009653100037,639490,63950,0,0.0,True,,
2020-07-15-TeamB-48bfd4ea-e9e2-45b5-befc-3383cae87fdf.parquet,TeamB-48bfd4ea-e9e2-45b5-befc-3383cae87fdf,TeamB,2020-07-15 00:00:00,16.600014,112.68833333333332,2.3352230033000416,676070,67608,0,0.0,True,,
2020-07-15-TeamB-70b74270-f655-43cc-a188-1ebc7a828b95.parquet,TeamB-70b74270-f655-43cc-a188-1ebc7a828b95,TeamB,2020-07-15 00:00:00,17.7000156,69.07166666666666,1.4928178713000406,414380,41439,0,0.0,True,,
2020-07-15-TeamB-789547e7-1325-4153-a98d-5ecd497f3668.parquet,TeamB-789547e7-1325-4153-a98d-5ecd497f3668,TeamB,2020-07-15 00:00:00,18.580014,109.58833333333332,2.8226328346000544,657360,65737,0,0.0,True,,
2020-07-15-TeamB-ab691983-3544-4a0e-8f70-db44d85cb907.parquet,TeamB-ab691983-3544-4a0e-8f70-db44d85cb907,TeamB,2020-07-15 00:00:00,21.4600176,102.18833333333332,5.119961083599938,613070,61308,0,0.0,True,,
2020-07-15-TeamB-afc13e53-2c77-48cb-8a78-743663bbb84f.parquet,TeamB-afc13e53-2c77-48cb-8a78-743663bbb84f,TeamB,2020-07-15 00:00:00,23.2800192,110.98833333333332,4.992351540599937,665870,66588,0,0.0,True,,
2020-07-15-TeamB-e4321aef-964a-4fdd-88bd-0bd548b0e93b.parquet,TeamB-e4321aef-964a-4fdd-88bd-0bd548b0e93b,TeamB,2020-07-15 00:00:00,23.2800192,113.02333333333335,4.8838592229999085,678090,67810,0,0.0,True,,
2020-07-16-TeamB-2f23d7d5-2326-49ce-b9c8-5a6303f785c5.parquet,TeamB-2f23d7d5-2326-49ce-b9c8-5a6303f785c5,TeamB,2020-07-16 00:00:00,25.4900196,65.8566666666667,3.06005164060014,395090,39510,0,0.0,True,,
2020-07-16-TeamB-4405bb1f-56f7-48ba-bfa8-e795e4006952.parquet,TeamB-4405bb1f-56f7-48ba-bfa8-e795e4006952,TeamB,2020-07-16 00:00:00,26.0700192,99.07333333333335,4.4719836054999575,594370,59438,0,0.0,True,,
2020-07-16-TeamB-48bfd4ea-e9e2-45b5-befc-3383cae87fdf.parquet,TeamB-48bfd4ea-e9e2-45b5-befc-3383cae87fdf,TeamB,2020-07-16 00:00:00,17.8200144,115.4066666666667,3.430927501899853,692350,69236,0,0.0,True,,
2020-07-16-TeamB-70b74270-f655-43cc-a188-1ebc7a828b95.parquet,TeamB-70b74270-f655-43cc-a188-1ebc7a828b95,TeamB,2020-07-16 00:00:00,24.1700184,29.996666666666655,1.5893762853999152,179900,17991,0,0.0,True,,
2020-07-16-TeamB-789547e7-1325-4153-a98d-5ecd497f3668.parquet,TeamB-789547e7-1325-4153-a98d-5ecd497f3668,TeamB,2020-07-16 00:00:00,19.4200164,108.03000000000004,3.5302470267000228,648095,64810,0,0.0,True,,
2020-07-16-TeamB-a7126274-c2d2-4f4e-9b67-35d376aefacc.parquet,TeamB-a7126274-c2d2-4f4e-9b67-35d376aefacc,TeamB,2020-07-16 00:00:00,27.320022,77.88333333333334,3.4322999923999395,467239,46725,0,0.0,True,,
2020-07-16-TeamB-ab691983-3544-4a0e-8f70-db44d85cb907.parquet,TeamB-ab691983-3544-4a0e-8f70-db44d85cb907,TeamB,2020-07-16 00:00:00,26.0000208,103.25499999999998,4.385892990700035,619440,61945,0,0.0,True,,
2020-07-16-TeamB-afc13e53-2c77-48cb-8a78-743663bbb84f.parquet,TeamB-afc13e53-2c77-48cb-8a78-743663bbb84f,TeamB,2020-07-16 00:00:00,27.8200224,95.46666666666667,4.537983380499974,572719,57273,0,0.0,True,,
2020-07-16-TeamB-e4321aef-964a-4fdd-88bd-0bd548b0e93b.parquet,TeamB-e4321aef-964a-4fdd-88bd-0bd548b0e93b,TeamB,2020-07-16 00:00:00,24.700021200000002,52.508333333333276,1.5882976739000505,314975,31497,0,0.0,True,,
2020-07-17-TeamB-2f23d7d5-2326-49ce-b9c8-5a6303f785c5.parquet,TeamB-2f23d7d5-2326-49ce-b9c8-5a6303f785c5,TeamB,2020-07-17 00:00:00,22.500018,107.50333333333329,3.764005817199969,644980,64499,0,0.0,True,,
2020-07-17-TeamB-4405bb1f-56f7-48ba-bfa8-e795e4006952.parquet,TeamB-4405bb1f-56f7-48ba-bfa8-e795e4006952,TeamB,2020-07-17 00:00:00,24.3800208,92.53833333333338,5.034868507099899,555160,55517,0,0.0,True,,
2020-07-17-TeamB-48bfd4ea-e9e2-45b5-befc-3383cae87fdf.parquet,TeamB-48bfd4ea-e9e2-45b5-befc-3383cae87fdf,TeamB,2020-07-17 00:00:00,14.30001,101.1716666666666,2.2962613127000306,606945,60695,0,0.0,True,,
2020-07-17-TeamB-70b74270-f655-43cc-a188-1ebc7a828b95.parquet,TeamB-70b74270-f655-43cc-a188-1ebc7a828b95,TeamB,2020-07-17 00:00:00,24.3100188,90.14833333333335,2.719210538300013,540815,54082,0,0.0,True,,
2020-07-17-TeamB-789547e7-1325-4153-a98d-5ecd497f3668.parquet,TeamB-789547e7-1325-4153-a98d-5ecd497f3668,TeamB,2020-07-17 00:00:00,18.850014,100.99000000000002,2.7973733919000505,605785,60579,0,0.0,True,,
2020-07-17-TeamB-a7126274-c2d2-4f4e-9b67-35d376aefacc.parquet,TeamB-a7126274-c2d2-4f4e-9b67-35d376aefacc,TeamB,2020-07-17 00:00:00,24.1100208,99.84000000000002,4.296145414100146,598895,59890,0,0.0,True,,
2020-07-17-TeamB-ab691983-3544-4a0e-8f70-db44d85cb907.parquet,TeamB-ab691983-3544-4a0e-8f70-db44d85cb907,TeamB,2020-07-17 00:00:00,23.7500208,95.27666666666677,4.278188448399771,571585,57159,0,0.0,True,,
2020-07-17-TeamB-afc13e53-2c77-48cb-8a78-743663bbb84f.parquet,TeamB-afc13e53-2c77-48cb-8a78-743663bbb84f,TeamB,2020-07-17 00:00:00,26.3400228,91.43833333333338,4.213557019499936,548550,54856,0,0.0,True,,
2020-07-17-TeamB-e4321aef-964a-4fdd-88bd-0bd548b0e93b.parquet,TeamB-e4321aef-964a-4fdd-88bd-0bd548b0e93b,TeamB,2020-07-17 00:00:00,24.8000184,99.71166666666674,3.7050241091998632,598185,59819,0,0.0,True,,
2020-07-18-TeamB-4405bb1f-56f7-48ba-bfa8-e795e4006952.parquet,TeamB-4405bb1f-56f7-48ba-bfa8-e795e4006952,TeamB,2020-07-18 00:00:00,27.0000216,118.88666666666661,10.67534886490005,713240,71324,0,0.0,True,,
2020-07-18-TeamB-789547e7-1325-4153-a98d-5ecd497f3668.parquet,TeamB-789547e7-1325-4153-a98d-5ecd497f3668,TeamB,2020-07-18 00:00:00,22.4500176,119.03833333333338,4.670741829100096,714100,71411,0,0.0,True,,
2020-07-18-TeamB-ab691983-3544-4a0e-8f70-db44d85cb907.parquet,TeamB-ab691983-3544-4a0e-8f70-db44d85cb907,TeamB,2020-07-18 00:00:00,26.6300208,53.74166666666667,5.204550854799902,322370,32238,0,0.0,True,,
2020-07-18-TeamB-afc13e53-2c77-48cb-8a78-743663bbb84f.parquet,TeamB-afc13e53-2c77-48cb-8a78-743663bbb84f,TeamB,2020-07-18 00:00:00,28.820023199999998,115.90500000000004,10.179949029299925,695340,69535,0,0.0,True,,
2020-07-18-TeamB-e4321aef-964a-4fdd-88bd-0bd548b0e93b.parquet,TeamB-e4321aef-964a-4fdd-88bd-0bd548b0e93b,TeamB,2020-07-18 00:00:00,27.6200208,119.08333333333333,11.634183525000084,714419,71443,0,0.0,True,,
2020-07-21-TeamB-2f23d7d5-2326-49ce-b9c8-5a6303f785c5.parquet,TeamB-2f23d7d5-2326-49ce-b9c8-5a6303f785c5,TeamB,2020-07-21 00:00:00,28.7700228,89.73666666666662,5.615289246799961,538370,53838,0,0.0,True,,
2020-07-21-TeamB-4405bb1f-56f7-48ba-bfa8-e795e4006952.parquet,TeamB-4405bb1f-56f7-48ba-bfa8-e795e4006952,TeamB,2020-07-21 00:00:00,27.5600232,80.31666666666666,3.4142710847999607,481839,48185,0,0.0,True,,
2020-07-21-TeamB-48bfd4ea-e9e2-45b5-befc-3383cae87fdf.parquet,TeamB-48bfd4ea-e9e2-45b5-befc-3383cae87fdf,TeamB,2020-07-21 00:00:00,24.060020400000003,115.42333333333336,3.929065120099948,692450,69246,0,0.0,True,,
2020-07-21-TeamB-70b74270-f655-43cc-a188-1ebc7a828b95.parquet,TeamB-70b74270-f655-43cc-a188-1ebc7a828b95,TeamB,2020-07-21 00:00:00,26.8300224,92.67166666666671,5.138283585799807,555980,55599,2,3.597251699701428e-05,True,,
2020-07-21-TeamB-789547e7-1325-4153-a98d-5ecd497f3668.parquet,TeamB-789547e7-1325-4153-a98d-5ecd497f3668,TeamB,2020-07-21 00:00:00,24.9700212,116.85500000000005,4.643566538900005,701020,70103,0,0.0,True,,
2020-07-21-TeamB-a7126274-c2d2-4f4e-9b67-35d376aefacc.parquet,TeamB-a7126274-c2d2-4f4e-9b67-35d376aefacc,TeamB,2020-07-21 00:00:00,25.3300212,107.10500000000005,4.546851736400035,642530,64254,0,0.0,True,,
2020-07-21-TeamB-ab5ec6e5-b0f3-401e-8dc5-aa6c5070e255.parquet,TeamB-ab5ec6e5-b0f3-401e-8dc5-aa6c5070e255,TeamB,2020-07-21 00:00:00,27.950022,111.7899999999999,5.082415771700021,670675,67068,0,0.0,True,,
2020-07-21-TeamB-ab691983-3544-4a0e-8f70-db44d85cb907.parquet,TeamB-ab691983-3544-4a0e-8f70-db44d85cb907,TeamB,2020-07-21 00:00:00,26.880022800000003,111.97333333333336,5.770450477099994,671785,67179,0,0.0,True,,
2020-07-21-TeamB-afc13e53-2c77-48cb-8a78-743663bbb84f.parquet,TeamB-afc13e53-2c77-48cb-8a78-743663bbb84f,TeamB,2020-07-21 00:00:00,29.5900236,104.62666666666664,5.306569835099978,627680,62769,0,0.0,True,,
2020-07-22-TeamB-2f23d7d5-2326-49ce-b9c8-5a6303f785c5.parquet,TeamB-2f23d7d5-2326-49ce-b9c8-5a6303f785c5,TeamB,2020-07-22 00:00:00,26.3400228,80.73000000000005,2.9599551681000627,484320,48433,0,0.0,True,,
2020-07-22-TeamB-4405bb1f-56f7-48ba-bfa8-e795e4006952.parquet,TeamB-4405bb1f-56f7-48ba-bfa8-e795e4006952,TeamB,2020-07-22 00:00:00,24.670018799999998,80.41500000000002,4.276431784200015,482420,48243,0,0.0,True,,
2020-07-22-TeamB-48bfd4ea-e9e2-45b5-befc-3383cae87fdf.parquet,TeamB-48bfd4ea-e9e2-45b5-befc-3383cae87fdf,TeamB,2020-07-22 00:00:00,17.010014400000003,83.75500000000005,2.2276698625998894,502440,50245,0,0.0,True,,
2020-07-22-TeamB-70b74270-f655-43cc-a188-1ebc7a828b95.parquet,TeamB-70b74270-f655-43cc-a188-1ebc7a828b95,TeamB,2020-07-22 00:00:00,24.3100188,70.50500000000005,3.7660871988000935,422940,42295,0,0.0,True,,
2020-07-22-TeamB-789547e7-1325-4153-a98d-5ecd497f3668.parquet,TeamB-789547e7-1325-4153-a98d-5ecd497f3668,TeamB,2020-07-22 00:00:00,16.3700136,92.97166666666672,2.4250933496998903,557680,55769,0,0.0,True,,
2020-07-22-TeamB-a7126274-c2d2-4f4e-9b67-35d376aefacc.parquet,TeamB-a7126274-c2d2-4f4e-9b67-35d376aefacc,TeamB,2020-07-22 00:00:00,26.420022,90.60833333333333,3.8446756039001944,543570,54358,0,0.0,True,,
2020-07-22-TeamB-ab691983-3544-4a0e-8f70-db44d85cb907.parquet,TeamB-ab691983-3544-4a0e-8f70-db44d85cb907,TeamB,2020-07-22 00:00:00,21.1800168,86.43333333333334,3.558687878200009,518519,51853,0,0.0,True,,
2020-07-22-TeamB-afc13e53-2c77-48cb-8a78-743663bbb84f.parquet,TeamB-afc13e53-2c77-48cb-8a78-743663bbb84f,TeamB,2020-07-22 00:00:00,22.9700196,84.97166666666672,4.091934687199906,509740,50975,0,0.0,True,,
2020-07-23-TeamB-2f23d7d5-2326-49ce-b9c8-5a6303f785c5.parquet,TeamB-2f23d7d5-2326-49ce-b9c8-5a6303f785c5,TeamB,2020-07-23 00:00:00,21.5800164,63.15,2.6167662872000172,378849,37886,0,0.0,True,,
2020-07-23-TeamB-4405bb1f-56f7-48ba-bfa8-e795e4006952.parquet,TeamB-4405bb1f-56f7-48ba-bfa8-e795e4006952,TeamB,2020-07-23 00:00:00,24.700021200000002,79.68666666666662,3.8824103587000374,478040,47805,0,0.0,True,,
2020-07-23-TeamB-48bfd4ea-e9e2-45b5-befc-3383cae87fdf.parquet,TeamB-48bfd4ea-e9e2-45b5-befc-3383cae87fdf,TeamB,2020-07-23 00:00:00,17.9400132,81.72166666666672,2.4686458853999746,490260,49027,0,0.0,True,,
2020-07-23-TeamB-70b74270-f655-43cc-a188-1ebc7a828b95.parquet,TeamB-70b74270-f655-43cc-a188-1ebc7a828b95,TeamB,2020-07-23 00:00:00,27.5800212,68.29333333333331,3.450304727699929,409715,40972,0,0.0,True,,
2020-07-23-TeamB-789547e7-1325-4153-a98d-5ecd497f3668.parquet,TeamB-789547e7-1325-4153-a98d-5ecd497f3668,TeamB,2020-07-23 00:00:00,17.810013599999998,92.92666666666665,2.7833841947000404,557485,55749,0,0.0,True,,
2020-07-23-TeamB-a7126274-c2d2-4f4e-9b67-35d376aefacc.parquet,TeamB-a7126274-c2d2-4f4e-9b67-35d376aefacc,TeamB,2020-07-23 00:00:00,23.640019199999998,77.52333333333335,2.731128041800009,465070,46508,0,0.0,True,,
2020-07-23-TeamB-ab691983-3544-4a0e-8f70-db44d85cb907.parquet,TeamB-ab691983-3544-4a0e-8f70-db44d85cb907,TeamB,2020-07-23 00:00:00,24.4400184,69.99166666666666,3.3053676777001084,419880,41989,0,0.0,True,,
2020-07-23-TeamB-afc13e53-2c77-48cb-8a78-743663bbb84f.parquet,TeamB-afc13e53-2c77-48cb-8a78-743663bbb84f,TeamB,2020-07-23 00:00:00,28.740024000000002,76.22166666666672,3.8242653144999843,457240,45725,0,0.0,True,,
2020-07-24-TeamB-2f23d7d5-2326-49ce-b9c8-5a6303f785c5.parquet,TeamB-2f23d7d5-2326-49ce-b9c8-5a6303f785c5,TeamB,2020-07-24 00:00:00,26.98002,122.53833333333338,10.309672468200061,735170,73518,0,0.0,True,,
2020-07-24-TeamB-4405bb1f-56f7-48ba-bfa8-e795e4006952.parquet,TeamB-4405bb1f-56f7-48ba-bfa8-e795e4006952,TeamB,2020-07-24 00:00:00,24.8500188,60.24666666666671,5.608702014300007,361415,36142,0,0.0,True,,
2020-07-24-TeamB-70b74270-f655-43cc-a188-1ebc7a828b95.parquet,TeamB-70b74270-f655-43cc-a188-1ebc7a828b95,TeamB,2020-07-24 00:00:00,30.6900252,121.38666666666661,11.79033504389961,728240,72825,0,0.0,True,,
2020-07-24-TeamB-789547e7-1325-4153-a98d-5ecd497f3668.parquet,TeamB-789547e7-1325-4153-a98d-5ecd497f3668,TeamB,2020-07-24 00:00:00,21.0900168,129.5216666666667,4.695084626199831,776940,77695,0,0.0,True,,
2020-07-24-TeamB-ab691983-3544-4a0e-8f70-db44d85cb907.parquet,TeamB-ab691983-3544-4a0e-8f70-db44d85cb907,TeamB,2020-07-24 00:00:00,25.740021600000002,127.75333333333329,10.366767518699811,766425,76643,0,0.0,True,,
2020-07-24-TeamB-afc13e53-2c77-48cb-8a78-743663bbb84f.parquet,TeamB-afc13e53-2c77-48cb-8a78-743663bbb84f,TeamB,2020-07-24 00:00:00,28.200024,62.45666666666657,5.471777740500136,374660,37467,0,0.0,True,,
2020-07-27-TeamB-4405bb1f-56f7-48ba-bfa8-e795e4006952.parquet,TeamB-4405bb1f-56f7-48ba-bfa8-e795e4006952,TeamB,2020-07-27 00:00:00,22.3000164,68.00333333333334,2.6703340912999733,407970,40798,0,0.0,True,,
2020-07-27-TeamB-48bfd4ea-e9e2-45b5-befc-3383cae87fdf.parquet,TeamB-48bfd4ea-e9e2-45b5-befc-3383cae87fdf,TeamB,2020-07-27 00:00:00,17.9700156,73.32999999999998,1.5908251878998692,439890,43990,0,0.0,True,,
2020-07-27-TeamB-789547e7-1325-4153-a98d-5ecd497f3668.parquet,TeamB-789547e7-1325-4153-a98d-5ecd497f3668,TeamB,2020-07-27 00:00:00,17.090013600000002,70.42166666666665,2.067096400399938,422440,42245,0,0.0,True,,
2020-07-27-TeamB-ab691983-3544-4a0e-8f70-db44d85cb907.parquet,TeamB-ab691983-3544-4a0e-8f70-db44d85cb907,TeamB,2020-07-27 00:00:00,23.5400184,67.9,1.8908009782998612,407339,40735,0,0.0,True,,
2020-07-27-TeamB-afc13e53-2c77-48cb-8a78-743663bbb84f.parquet,TeamB-afc13e53-2c77-48cb-8a78-743663bbb84f,TeamB,2020-07-27 00:00:00,23.670018,85.59000000000002,2.5785782001000968,513480,51349,0,0.0,True,,
2020-07-28-TeamB-29c5271b-5c46-455e-91ea-da2abfa8ff3c.parquet,TeamB-29c5271b-5c46-455e-91ea-da2abfa8ff3c,TeamB,2020-07-28 00:00:00,24.73002,42.486666666666615,2.6728254902998976,254880,25489,0,0.0,True,,
2020-07-28-TeamB-2f23d7d5-2326-49ce-b9c8-5a6303f785c5.parquet,TeamB-2f23d7d5-2326-49ce-b9c8-5a6303f785c5,TeamB,2020-07-28 00:00:00,28.020024,106.55500000000005,6.827656607599873,639290,63930,0,0.0,True,,
2020-07-28-TeamB-4405bb1f-56f7-48ba-bfa8-e795e4006952.parquet,TeamB-4405bb1f-56f7-48ba-bfa8-e795e4006952,TeamB,2020-07-28 00:00:00,26.7500232,112.63833333333338,6.771386025600221,675790,67580,0,0.0,True,,
2020-07-28-TeamB-48bfd4ea-e9e2-45b5-befc-3383cae87fdf.parquet,TeamB-48bfd4ea-e9e2-45b5-befc-3383cae87fdf,TeamB,2020-07-28 00:00:00,20.8000152,109.37166666666671,2.973541299800031,656165,65617,0,0.0,True,,
2020-07-28-TeamB-70b74270-f655-43cc-a188-1ebc7a828b95.parquet,TeamB-70b74270-f655-43cc-a188-1ebc7a828b95,TeamB,2020-07-28 00:00:00,29.4700248,99.90500000000004,7.633701978999917,599370,59938,0,0.0,True,,
2020-07-28-TeamB-789547e7-1325-4153-a98d-5ecd497f3668.parquet,TeamB-789547e7-1325-4153-a98d-5ecd497f3668,TeamB,2020-07-28 00:00:00,18.0700128,110.43166666666669,3.379664677499865,662405,66241,0,0.0,True,,
2020-07-28-TeamB-ab691983-3544-4a0e-8f70-db44d85cb907.parquet,TeamB-ab691983-3544-4a0e-8f70-db44d85cb907,TeamB,2020-07-28 00:00:00,28.070020799999998,109.61833333333331,6.9849092484001885,657645,65765,0,0.0,True,,
2020-07-28-TeamB-afc13e53-2c77-48cb-8a78-743663bbb84f.parquet,TeamB-afc13e53-2c77-48cb-8a78-743663bbb84f,TeamB,2020-07-28 00:00:00,27.9000216,117.75166666666664,7.626738378300086,706445,70645,0,0.0,True,,
2020-07-28-TeamB-e4321aef-964a-4fdd-88bd-0bd548b0e93b.parquet,TeamB-e4321aef-964a-4fdd-88bd-0bd548b0e93b,TeamB,2020-07-28 00:00:00,29.9300256,104.88833333333338,7.067525145699851,629230,62924,0,0.0,True,,
2020-07-29-TeamB-29c5271b-5c46-455e-91ea-da2abfa8ff3c.parquet,TeamB-29c5271b-5c46-455e-91ea-da2abfa8ff3c,TeamB,2020-07-29 00:00:00,24.860019599999998,90.03666666666662,4.303091527199902,540190,54020,0,0.0,True,,
2020-07-29-TeamB-2f23d7d5-2326-49ce-b9c8-5a6303f785c5.parquet,TeamB-2f23d7d5-2326-49ce-b9c8-5a6303f785c5,TeamB,2020-07-29 00:00:00,24.510020400000002,89.11333333333339,4.319469871399813,534640,53465,0,0.0,True,,
2020-07-29-TeamB-4405bb1f-56f7-48ba-bfa8-e795e4006952.parquet,TeamB-4405bb1f-56f7-48ba-bfa8-e795e4006952,TeamB,2020-07-29 00:00:00,26.4500208,91.15333333333328,5.61499341670021,546850,54686,0,0.0,True,,
2020-07-29-TeamB-48bfd4ea-e9e2-45b5-befc-3383cae87fdf.parquet,TeamB-48bfd4ea-e9e2-45b5-befc-3383cae87fdf,TeamB,2020-07-29 00:00:00,22.2600168,101.28499999999998,3.5417728619000917,607625,60763,0,0.0,True,,
2020-07-29-TeamB-70b74270-f655-43cc-a188-1ebc7a828b95.parquet,TeamB-70b74270-f655-43cc-a188-1ebc7a828b95,TeamB,2020-07-29 00:00:00,29.370024000000004,82.47333333333336,5.177131396799997,494770,49478,0,0.0,True,,
2020-07-29-TeamB-789547e7-1325-4153-a98d-5ecd497f3668.parquet,TeamB-789547e7-1325-4153-a98d-5ecd497f3668,TeamB,2020-07-29 00:00:00,20.430018,95.22833333333328,2.244648491699983,571265,57127,0,0.0,True,,
2020-07-29-TeamB-ab691983-3544-4a0e-8f70-db44d85cb907.parquet,TeamB-ab691983-3544-4a0e-8f70-db44d85cb907,TeamB,2020-07-29 00:00:00,28.0300212,87.18666666666662,4.536011712200125,523060,52307,0,0.0,True,,
2020-07-29-TeamB-afc13e53-2c77-48cb-8a78-743663bbb84f.parquet,TeamB-afc13e53-2c77-48cb-8a78-743663bbb84f,TeamB,2020-07-29 00:00:00,25.8000192,91.25666666666669,4.576855639399901,547460,54747,0,0.0,True,,
2020-07-29-TeamB-e4321aef-964a-4fdd-88bd-0bd548b0e93b.parquet,TeamB-e4321aef-964a-4fdd-88bd-0bd548b0e93b,TeamB,2020-07-29 00:00:00,25.5600216,99.06333333333338,4.760563278499957,594345,59435,0,0.0,True,,
2020-07-31-TeamB-2f23d7d5-2326-49ce-b9c8-5a6303f785c5.parquet,TeamB-2f23d7d5-2326-49ce-b9c8-5a6303f785c5,TeamB,2020-07-31 00:00:00,19.410015599999998,41.48833333333332,1.087313102499972,248890,24890,0,0.0,True,,
2020-07-31-TeamB-4405bb1f-56f7-48ba-bfa8-e795e4006952.parquet,TeamB-4405bb1f-56f7-48ba-bfa8-e795e4006952,TeamB,2020-07-31 00:00:00,20.4000156,92.00499999999998,3.5611639857000763,551960,55197,0,0.0,True,,
2020-07-31-TeamB-48bfd4ea-e9e2-45b5-befc-3383cae87fdf.parquet,TeamB-48bfd4ea-e9e2-45b5-befc-3383cae87fdf,TeamB,2020-07-31 00:00:00,17.280014400000002,94.48666666666668,2.48369617369999,566830,56684,0,0.0,True,,
2020-07-31-TeamB-70b74270-f655-43cc-a188-1ebc7a828b95.parquet,TeamB-70b74270-f655-43cc-a188-1ebc7a828b95,TeamB,2020-07-31 00:00:00,26.6700204,73.99000000000002,4.274280661100061,443860,44387,0,0.0,True,,
2020-07-31-TeamB-789547e7-1325-4153-a98d-5ecd497f3668.parquet,TeamB-789547e7-1325-4153-a98d-5ecd497f3668,TeamB,2020-07-31 00:00:00,16.1600112,97.11333333333339,2.695782195599967,582555,58256,0,0.0,True,,
2020-07-31-TeamB-ab691983-3544-4a0e-8f70-db44d85cb907.parquet,TeamB-ab691983-3544-4a0e-8f70-db44d85cb907,TeamB,2020-07-31 00:00:00,24.10002,85.94999999999995,4.249069820100063,515615,51562,0,0.0,True,,
2020-07-31-TeamB-afc13e53-2c77-48cb-8a78-743663bbb84f.parquet,TeamB-afc13e53-2c77-48cb-8a78-743663bbb84f,TeamB,2020-07-31 00:00:00,25.8500196,129.4933333333333,4.60548010799998,776885,77689,0,0.0,True,,
2020-07-31-TeamB-e4321aef-964a-4fdd-88bd-0bd548b0e93b.parquet,TeamB-e4321aef-964a-4fdd-88bd-0bd548b0e93b,TeamB,2020-07-31 00:00:00,24.1600176,92.75499999999998,4.143724174,556470,55648,0,0.0,True,,
2020-08-01-TeamB-2f23d7d5-2326-49ce-b9c8-5a6303f785c5.parquet,TeamB-2f23d7d5-2326-49ce-b9c8-5a6303f785c5,TeamB,2020-08-01 00:00:00,27.3700224,116.55500000000005,10.839326221999908,699270,69928,0,0.0,True,,
2020-08-01-TeamB-4405bb1f-56f7-48ba-bfa8-e795e4006952.parquet,TeamB-4405bb1f-56f7-48ba-bfa8-e795e4006952,TeamB,2020-08-01 00:00:00,24.0400188,32.523333333333355,2.2604598736999693,195070,19508,0,0.0,True,,
2020-08-01-TeamB-70b74270-f655-43cc-a188-1ebc7a828b95.parquet,TeamB-70b74270-f655-43cc-a188-1ebc7a828b95,TeamB,2020-08-01 00:00:00,28.890021599999997,113.53833333333338,11.98760298090005,681140,68115,0,0.0,True,,
2020-08-01-TeamB-789547e7-1325-4153-a98d-5ecd497f3668.parquet,TeamB-789547e7-1325-4153-a98d-5ecd497f3668,TeamB,2020-08-01 00:00:00,20.7600156,130.05500000000004,4.772751921100018,780200,78021,0,0.0,True,,
2020-08-01-TeamB-ab691983-3544-4a0e-8f70-db44d85cb907.parquet,TeamB-ab691983-3544-4a0e-8f70-db44d85cb907,TeamB,2020-08-01 00:00:00,24.9400188,116.53666666666662,10.09351507659997,699130,69914,0,0.0,True,,
2020-08-01-TeamB-afc13e53-2c77-48cb-8a78-743663bbb84f.parquet,TeamB-afc13e53-2c77-48cb-8a78-743663bbb84f,TeamB,2020-08-01 00:00:00,28.3300236,107.19000000000003,8.61437027030019,643060,64307,0,0.0,True,,
2020-08-01-TeamB-e4321aef-964a-4fdd-88bd-0bd548b0e93b.parquet,TeamB-e4321aef-964a-4fdd-88bd-0bd548b0e93b,TeamB,2020-08-01 00:00:00,27.920023200000003,117.55500000000005,11.54477763120002,705270,70528,0,0.0,True,,
2020-08-03-TeamB-29c5271b-5c46-455e-91ea-da2abfa8ff3c.parquet,TeamB-29c5271b-5c46-455e-91ea-da2abfa8ff3c,TeamB,2020-08-03 00:00:00,22.770018,80.07166666666672,1.702708319300012,480400,48041,0,0.0,True,,
2020-08-03-TeamB-48bfd4ea-e9e2-45b5-befc-3383cae87fdf.parquet,TeamB-48bfd4ea-e9e2-45b5-befc-3383cae87fdf,TeamB,2020-08-03 00:00:00,16.9200144,77.47166666666672,2.4778475627999192,464760,46477,0,0.0,True,,
2020-08-03-TeamB-789547e7-1325-4153-a98d-5ecd497f3668.parquet,TeamB-789547e7-1325-4153-a98d-5ecd497f3668,TeamB,2020-08-03 00:00:00,15.3800136,78.55333333333328,2.517206491899955,471190,47120,0,0.0,True,,
2020-08-04-TeamB-29c5271b-5c46-455e-91ea-da2abfa8ff3c.parquet,TeamB-29c5271b-5c46-455e-91ea-da2abfa8ff3c,TeamB,2020-08-04 00:00:00,24.4300212,83.05333333333341,2.498792851599998,498285,49829,0,0.0,True,,
2020-08-04-TeamB-2f23d7d5-2326-49ce-b9c8-5a6303f785c5.parquet,TeamB-2f23d7d5-2326-49ce-b9c8-5a6303f785c5,TeamB,2020-08-04 00:00:00,27.3800232,96.33000000000006,5.872872235400002,577950,57796,0,0.0,True,,
2020-08-04-TeamB-4405bb1f-56f7-48ba-bfa8-e795e4006952.parquet,TeamB-4405bb1f-56f7-48ba-bfa8-e795e4006952,TeamB,2020-08-04 00:00:00,26.420022,105.79000000000002,6.210285837699876,634665,63467,0,0.0,True,,
2020-08-04-TeamB-48bfd4ea-e9e2-45b5-befc-3383cae87fdf.parquet,TeamB-48bfd4ea-e9e2-45b5-befc-3383cae87fdf,TeamB,2020-08-04 00:00:00,16.7500152,100.9066666666667,2.8432503660999124,605350,60536,0,0.0,True,,
2020-08-04-TeamB-70b74270-f655-43cc-a188-1ebc7a828b95.parquet,TeamB-70b74270-f655-43cc-a188-1ebc7a828b95,TeamB,2020-08-04 00:00:00,28.580022,90.00500000000005,6.805438547300153,539950,53996,0,0.0,True,,
2020-08-04-TeamB-789547e7-1325-4153-a98d-5ecd497f3668.parquet,TeamB-789547e7-1325-4153-a98d-5ecd497f3668,TeamB,2020-08-04 00:00:00,17.160012000000002,104.03833333333338,3.130058658199882,624090,62410,0,0.0,True,,
2020-08-04-TeamB-ab691983-3544-4a0e-8f70-db44d85cb907.parquet,TeamB-ab691983-3544-4a0e-8f70-db44d85cb907,TeamB,2020-08-04 00:00:00,27.1300212,98.38333333333334,5.470335245400078,590229,59024,0,0.0,True,,
2020-08-04-TeamB-afc13e53-2c77-48cb-8a78-743663bbb84f.parquet,TeamB-afc13e53-2c77-48cb-8a78-743663bbb84f,TeamB,2020-08-04 00:00:00,28.650024,97.55500000000005,6.336347890999872,585250,58526,0,0.0,True,,
2020-08-04-TeamB-e4321aef-964a-4fdd-88bd-0bd548b0e93b.parquet,TeamB-e4321aef-964a-4fdd-88bd-0bd548b0e93b,TeamB,2020-08-04 00:00:00,23.7800196,65.00833333333334,4.546705608399934,390000,39001,0,0.0,True,,
2020-08-05-TeamB-2f23d7d5-2326-49ce-b9c8-5a6303f785c5.parquet,TeamB-2f23d7d5-2326-49ce-b9c8-5a6303f785c5,TeamB,2020-08-05 00:00:00,25.730020800000002,60.57333333333336,3.3481993742000475,363380,36339,0,0.0,True,,
2020-08-05-TeamB-4405bb1f-56f7-48ba-bfa8-e795e4006952.parquet,TeamB-4405bb1f-56f7-48ba-bfa8-e795e4006952,TeamB,2020-08-05 00:00:00,24.7700196,62.971666666666714,3.369447441899925,377780,37779,0,0.0,True,,
2020-08-05-TeamB-48bfd4ea-e9e2-45b5-befc-3383cae87fdf.parquet,TeamB-48bfd4ea-e9e2-45b5-befc-3383cae87fdf,TeamB,2020-08-05 00:00:00,15.970014,74.34000000000002,2.3699763689000912,445980,44599,0,0.0,True,,
2020-08-05-TeamB-70b74270-f655-43cc-a188-1ebc7a828b95.parquet,TeamB-70b74270-f655-43cc-a188-1ebc7a828b95,TeamB,2020-08-05 00:00:00,25.9500204,75.49000000000002,3.025650767100117,452880,45289,0,0.0,True,,
2020-08-05-TeamB-789547e7-1325-4153-a98d-5ecd497f3668.parquet,TeamB-789547e7-1325-4153-a98d-5ecd497f3668,TeamB,2020-08-05 00:00:00,17.660012400000003,72.71333333333338,2.5059386994000916,436144,43615,0,0.0,True,,
2020-08-05-TeamB-a7126274-c2d2-4f4e-9b67-35d376aefacc.parquet,TeamB-a7126274-c2d2-4f4e-9b67-35d376aefacc,TeamB,2020-08-05 00:00:00,18.430016400000003,32.333333333333336,1.4190005882001793,193879,19389,0,0.0,True,,
2020-08-05-TeamB-ab691983-3544-4a0e-8f70-db44d85cb907.parquet,TeamB-ab691983-3544-4a0e-8f70-db44d85cb907,TeamB,2020-08-05 00:00:00,26.580020400000002,63.590000000000025,3.3610116051001113,381480,38149,0,0.0,True,,
2020-08-05-TeamB-afc13e53-2c77-48cb-8a78-743663bbb84f.parquet,TeamB-afc13e53-2c77-48cb-8a78-743663bbb84f,TeamB,2020-08-05 00:00:00,21.8300184,69.75333333333329,3.8822111895999107,418450,41846,0,0.0,True,,
2020-08-05-TeamB-e4321aef-964a-4fdd-88bd-0bd548b0e93b.parquet,TeamB-e4321aef-964a-4fdd-88bd-0bd548b0e93b,TeamB,2020-08-05 00:00:00,24.19002,64.39666666666672,3.3612979949999744,386335,38634,0,0.0,True,,
2020-08-06-TeamB-29c5271b-5c46-455e-91ea-da2abfa8ff3c.parquet,TeamB-29c5271b-5c46-455e-91ea-da2abfa8ff3c,TeamB,2020-08-06 00:00:00,24.5900196,78.74000000000002,3.237959841299976,472410,47242,0,0.0,True,,
2020-08-06-TeamB-2f23d7d5-2326-49ce-b9c8-5a6303f785c5.parquet,TeamB-2f23d7d5-2326-49ce-b9c8-5a6303f785c5,TeamB,2020-08-06 00:00:00,21.6300168,110.02333333333335,3.6501632279000513,660080,66009,0,0.0,True,,
2020-08-06-TeamB-4405bb1f-56f7-48ba-bfa8-e795e4006952.parquet,TeamB-4405bb1f-56f7-48ba-bfa8-e795e4006952,TeamB,2020-08-06 00:00:00,22.93002,75.74000000000002,3.411327752500017,454360,45437,0,0.0,True,,
2020-08-06-TeamB-48bfd4ea-e9e2-45b5-befc-3383cae87fdf.parquet,TeamB-48bfd4ea-e9e2-45b5-befc-3383cae87fdf,TeamB,2020-08-06 00:00:00,21.3900156,92.99499999999995,2.759338075900079,557880,55789,0,0.0,True,,
2020-08-06-TeamB-70b74270-f655-43cc-a188-1ebc7a828b95.parquet,TeamB-70b74270-f655-43cc-a188-1ebc7a828b95,TeamB,2020-08-06 00:00:00,28.7900244,57.54000000000003,2.7862791965999585,345160,34517,0,0.0,True,,
2020-08-06-TeamB-789547e7-1325-4153-a98d-5ecd497f3668.parquet,TeamB-789547e7-1325-4153-a98d-5ecd497f3668,TeamB,2020-08-06 00:00:00,18.0900144,98.00166666666664,3.069103875500193,587845,58785,0,0.0,True,,
2020-08-06-TeamB-ab691983-3544-4a0e-8f70-db44d85cb907.parquet,TeamB-ab691983-3544-4a0e-8f70-db44d85cb907,TeamB,2020-08-06 00:00:00,24.6200184,90.40333333333328,3.773488885999947,542330,54234,0,0.0,True,,
2020-08-06-TeamB-afc13e53-2c77-48cb-8a78-743663bbb84f.parquet,TeamB-afc13e53-2c77-48cb-8a78-743663bbb84f,TeamB,2020-08-06 00:00:00,25.5900204,56.98833333333338,3.1848239564999585,341840,34185,0,0.0,True,,
2020-08-06-TeamB-e4321aef-964a-4fdd-88bd-0bd548b0e93b.parquet,TeamB-e4321aef-964a-4fdd-88bd-0bd548b0e93b,TeamB,2020-08-06 00:00:00,23.0900184,63.17166666666672,2.9093440168001052,378980,37899,0,0.0,True,,
2020-08-07-TeamB-2f23d7d5-2326-49ce-b9c8-5a6303f785c5.parquet,TeamB-2f23d7d5-2326-49ce-b9c8-5a6303f785c5,TeamB,2020-08-07 00:00:00,28.800021600000004,108.55500000000005,9.965211635300097,651280,65129,0,0.0,True,,
2020-08-07-TeamB-4405bb1f-56f7-48ba-bfa8-e795e4006952.parquet,TeamB-4405bb1f-56f7-48ba-bfa8-e795e4006952,TeamB,2020-08-07 00:00:00,25.8300216,50.935000000000095,4.143261665100047,305545,30555,0,0.0,True,,
2020-08-07-TeamB-70b74270-f655-43cc-a188-1ebc7a828b95.parquet,TeamB-70b74270-f655-43cc-a188-1ebc7a828b95,TeamB,2020-08-07 00:00:00,30.0700224,124.88166666666669,12.090133067399986,749245,74925,0,0.0,True,,
2020-08-07-TeamB-789547e7-1325-4153-a98d-5ecd497f3668.parquet,TeamB-789547e7-1325-4153-a98d-5ecd497f3668,TeamB,2020-08-07 00:00:00,20.2400172,120.4,3.960910984100213,722265,72227,0,0.0,True,,
2020-08-07-TeamB-ab691983-3544-4a0e-8f70-db44d85cb907.parquet,TeamB-ab691983-3544-4a0e-8f70-db44d85cb907,TeamB,2020-08-07 00:00:00,25.5300192,121.04666666666671,10.667871092100013,726215,72622,0,0.0,True,,
2020-08-07-TeamB-afc13e53-2c77-48cb-8a78-743663bbb84f.parquet,TeamB-afc13e53-2c77-48cb-8a78-743663bbb84f,TeamB,2020-08-07 00:00:00,27.980020800000002,114.51666666666667,9.761213981000116,687045,68705,0,0.0,True,,
2020-08-07-TeamB-e4321aef-964a-4fdd-88bd-0bd548b0e93b.parquet,TeamB-e4321aef-964a-4fdd-88bd-0bd548b0e93b,TeamB,2020-08-07 00:00:00,29.8600236,124.44333333333343,11.524080112499941,746625,74663,0,0.0,True,,
2020-08-10-TeamB-29c5271b-5c46-455e-91ea-da2abfa8ff3c.parquet,TeamB-29c5271b-5c46-455e-91ea-da2abfa8ff3c,TeamB,2020-08-10 00:00:00,25.0600212,116.05666666666669,4.496578629199829,696290,69630,0,0.0,True,,
2020-08-10-TeamB-2f23d7d5-2326-49ce-b9c8-5a6303f785c5.parquet,TeamB-2f23d7d5-2326-49ce-b9c8-5a6303f785c5,TeamB,2020-08-10 00:00:00,27.6000228,102.00333333333329,5.290963159900009,611980,61199,0,0.0,True,,
2020-08-10-TeamB-4405bb1f-56f7-48ba-bfa8-e795e4006952.parquet,TeamB-4405bb1f-56f7-48ba-bfa8-e795e4006952,TeamB,2020-08-10 00:00:00,24.5400192,100.05500000000005,6.046374043600058,600240,60025,0,0.0,True,,
2020-08-10-TeamB-48bfd4ea-e9e2-45b5-befc-3383cae87fdf.parquet,TeamB-48bfd4ea-e9e2-45b5-befc-3383cae87fdf,TeamB,2020-08-10 00:00:00,17.5800132,104.64833333333335,3.051979972299955,627664,62767,0,0.0,True,,
2020-08-10-TeamB-789547e7-1325-4153-a98d-5ecd497f3668.parquet,TeamB-789547e7-1325-4153-a98d-5ecd497f3668,TeamB,2020-08-10 00:00:00,21.1000176,104.99000000000002,3.059564429500037,629850,62986,0,0.0,True,,
2020-08-10-TeamB-a7126274-c2d2-4f4e-9b67-35d376aefacc.parquet,TeamB-a7126274-c2d2-4f4e-9b67-35d376aefacc,TeamB,2020-08-10 00:00:00,27.2800224,122.68166666666669,4.814234421000013,736025,73603,0,0.0,True,,
2020-08-10-TeamB-ab691983-3544-4a0e-8f70-db44d85cb907.parquet,TeamB-ab691983-3544-4a0e-8f70-db44d85cb907,TeamB,2020-08-10 00:00:00,26.1900216,102.85333333333328,5.217112534899922,617050,61706,0,0.0,True,,
2020-08-10-TeamB-afc13e53-2c77-48cb-8a78-743663bbb84f.parquet,TeamB-afc13e53-2c77-48cb-8a78-743663bbb84f,TeamB,2020-08-10 00:00:00,27.5500224,103.98000000000005,5.768210774800038,623820,62383,0,0.0,True,,
2020-08-10-TeamB-e4321aef-964a-4fdd-88bd-0bd548b0e93b.parquet,TeamB-e4321aef-964a-4fdd-88bd-0bd548b0e93b,TeamB,2020-08-10 00:00:00,26.700022800000003,96.59666666666672,5.4215743797000835,579534,57954,0,0.0,True,,
2020-08-11-TeamB-29c5271b-5c46-455e-91ea-da2abfa8ff3c.parquet,TeamB-29c5271b-5c46-455e-91ea-da2abfa8ff3c,TeamB,2020-08-11 00:00:00,26.650022399999997,91.19833333333335,3.2829145967000835,547145,54715,0,0.0,True,,
2020-08-11-TeamB-2f23d7d5-2326-49ce-b9c8-5a6303f785c5.parquet,TeamB-2f23d7d5-2326-49ce-b9c8-5a6303f785c5,TeamB,2020-08-11 00:00:00,23.2500204,75.55666666666669,3.191782021000052,453280,45329,0,0.0,True,,
2020-08-11-TeamB-4405bb1f-56f7-48ba-bfa8-e795e4006952.parquet,TeamB-4405bb1f-56f7-48ba-bfa8-e795e4006952,TeamB,2020-08-11 00:00:00,24.6900204,72.18833333333338,3.0271549502001545,433040,43305,0,0.0,True,,
2020-08-11-TeamB-48bfd4ea-e9e2-45b5-befc-3383cae87fdf.parquet,TeamB-48bfd4ea-e9e2-45b5-befc-3383cae87fdf,TeamB,2020-08-11 00:00:00,18.6200136,83.53833333333338,2.6885802407998254,501050,50106,0,0.0,True,,
2020-08-11-TeamB-789547e7-1325-4153-a98d-5ecd497f3668.parquet,TeamB-789547e7-1325-4153-a98d-5ecd497f3668,TeamB,2020-08-11 00:00:00,18.4400136,88.38499999999998,2.2423179257999157,530225,53023,0,0.0,True,,
2020-08-11-TeamB-ab691983-3544-4a0e-8f70-db44d85cb907.parquet,TeamB-ab691983-3544-4a0e-8f70-db44d85cb907,TeamB,2020-08-11 00:00:00,24.01002,80.36999999999995,3.277844038700088,482130,48214,0,0.0,True,,
2020-08-11-TeamB-afc13e53-2c77-48cb-8a78-743663bbb84f.parquet,TeamB-afc13e53-2c77-48cb-8a78-743663bbb84f,TeamB,2020-08-11 00:00:00,26.7900228,83.33666666666662,3.6920188175000184,499920,49993,0,0.0,True,,
2020-08-11-TeamB-e4321aef-964a-4fdd-88bd-0bd548b0e93b.parquet,TeamB-e4321aef-964a-4fdd-88bd-0bd548b0e93b,TeamB,2020-08-11 00:00:00,24.1700184,95.84666666666672,3.8349041989999835,575035,57504,0,0.0,True,,
2020-08-12-TeamB-29c5271b-5c46-455e-91ea-da2abfa8ff3c.parquet,TeamB-29c5271b-5c46-455e-91ea-da2abfa8ff3c,TeamB,2020-08-12 00:00:00,27.7900236,35.35500000000005,3.532015899199964,212040,21205,0,0.0,True,,
2020-08-12-TeamB-2f23d7d5-2326-49ce-b9c8-5a6303f785c5.parquet,TeamB-2f23d7d5-2326-49ce-b9c8-5a6303f785c5,TeamB,2020-08-12 00:00:00,26.4000204,132.0216666666667,10.76896784879977,791870,79188,0,0.0,True,,
2020-08-12-TeamB-70b74270-f655-43cc-a188-1ebc7a828b95.parquet,TeamB-70b74270-f655-43cc-a188-1ebc7a828b95,TeamB,2020-08-12 00:00:00,29.990023200000003,140.9216666666666,12.518327582200131,845515,84552,0,0.0,True,,
2020-08-12-TeamB-789547e7-1325-4153-a98d-5ecd497f3668.parquet,TeamB-789547e7-1325-4153-a98d-5ecd497f3668,TeamB,2020-08-12 00:00:00,23.1900192,134.00333333333327,4.91151951900022,803940,80395,0,0.0,True,,
2020-08-12-TeamB-ab691983-3544-4a0e-8f70-db44d85cb907.parquet,TeamB-ab691983-3544-4a0e-8f70-db44d85cb907,TeamB,2020-08-12 00:00:00,27.150022800000002,150.01999999999995,10.736496157100074,899910,89992,0,0.0,True,,
2020-08-12-TeamB-afc13e53-2c77-48cb-8a78-743663bbb84f.parquet,TeamB-afc13e53-2c77-48cb-8a78-743663bbb84f,TeamB,2020-08-12 00:00:00,28.0900224,55.91333333333326,5.510126101700075,335425,33543,0,0.0,True,,
2020-08-12-TeamB-e4321aef-964a-4fdd-88bd-0bd548b0e93b.parquet,TeamB-e4321aef-964a-4fdd-88bd-0bd548b0e93b,TeamB,2020-08-12 00:00:00,27.800020800000002,139.03833333333338,11.83632203300016,834200,83421,0,0.0,True,,
2020-08-13-TeamB-ab5ec6e5-b0f3-401e-8dc5-aa6c5070e255.parquet,TeamB-ab5ec6e5-b0f3-401e-8dc5-aa6c5070e255,TeamB,2020-08-13 00:00:00,11.3700096,24.14499999999995,0.9645091112000126,144790,14480,0,0.0,True,,
2020-08-14-TeamB-29c5271b-5c46-455e-91ea-da2abfa8ff3c.parquet,TeamB-29c5271b-5c46-455e-91ea-da2abfa8ff3c,TeamB,2020-08-14 00:00:00,25.3000188,90.92833333333341,3.565067043800082,545505,54551,0,0.0,True,,
2020-08-14-TeamB-2f23d7d5-2326-49ce-b9c8-5a6303f785c5.parquet,TeamB-2f23d7d5-2326-49ce-b9c8-5a6303f785c5,TeamB,2020-08-14 00:00:00,23.8000176,81.6283333333334,2.495881461600101,489715,48972,0,0.0,True,,
2020-08-14-TeamB-4405bb1f-56f7-48ba-bfa8-e795e4006952.parquet,TeamB-4405bb1f-56f7-48ba-bfa8-e795e4006952,TeamB,2020-08-14 00:00:00,27.1200204,56.87166666666671,3.555242586400171,341160,34117,0,0.0,True,,
2020-08-14-TeamB-48bfd4ea-e9e2-45b5-befc-3383cae87fdf.parquet,TeamB-48bfd4ea-e9e2-45b5-befc-3383cae87fdf,TeamB,2020-08-14 00:00:00,17.070012000000002,89.85166666666676,2.5930659902999613,539045,53905,0,0.0,True,,
2020-08-14-TeamB-70b74270-f655-43cc-a188-1ebc7a828b95.parquet,TeamB-70b74270-f655-43cc-a188-1ebc7a828b95,TeamB,2020-08-14 00:00:00,26.320021200000003,71.86833333333331,2.7104713522999413,431165,43117,0,0.0,True,,
2020-08-14-TeamB-789547e7-1325-4153-a98d-5ecd497f3668.parquet,TeamB-789547e7-1325-4153-a98d-5ecd497f3668,TeamB,2020-08-14 00:00:00,17.6100156,73.99000000000002,2.3300377260999734,443870,44388,0,0.0,True,,
2020-08-14-TeamB-a7126274-c2d2-4f4e-9b67-35d376aefacc.parquet,TeamB-a7126274-c2d2-4f4e-9b67-35d376aefacc,TeamB,2020-08-14 00:00:00,25.6800204,90.37333333333336,3.9847759913001717,542195,54220,0,0.0,True,,
2020-08-14-TeamB-ab691983-3544-4a0e-8f70-db44d85cb907.parquet,TeamB-ab691983-3544-4a0e-8f70-db44d85cb907,TeamB,2020-08-14 00:00:00,24.4000188,89.57833333333329,2.8234625479000837,537355,53736,0,0.0,True,,
2020-08-14-TeamB-afc13e53-2c77-48cb-8a78-743663bbb84f.parquet,TeamB-afc13e53-2c77-48cb-8a78-743663bbb84f,TeamB,2020-08-14 00:00:00,25.170019200000002,83.74333333333331,2.712670252500053,502400,50241,0,0.0,True,,
2020-08-14-TeamB-e4321aef-964a-4fdd-88bd-0bd548b0e93b.parquet,TeamB-e4321aef-964a-4fdd-88bd-0bd548b0e93b,TeamB,2020-08-14 00:00:00,25.050020399999998,84.66500000000002,2.738349707400017,507965,50797,0,0.0,True,,
2020-08-15-TeamB-29c5271b-5c46-455e-91ea-da2abfa8ff3c.parquet,TeamB-29c5271b-5c46-455e-91ea-da2abfa8ff3c,TeamB,2020-08-15 00:00:00,24.570018,84.99000000000002,2.7392788872999456,509830,50984,0,0.0,True,,
2020-08-15-TeamB-2f23d7d5-2326-49ce-b9c8-5a6303f785c5.parquet,TeamB-2f23d7d5-2326-49ce-b9c8-5a6303f785c5,TeamB,2020-08-15 00:00:00,23.1600168,72.92166666666665,2.4910750718000307,437430,43744,0,0.0,True,,
2020-08-15-TeamB-4405bb1f-56f7-48ba-bfa8-e795e4006952.parquet,TeamB-4405bb1f-56f7-48ba-bfa8-e795e4006952,TeamB,2020-08-15 00:00:00,24.6500208,75.23833333333332,3.6100179219999835,451340,45135,0,0.0,True,,
2020-08-15-TeamB-48bfd4ea-e9e2-45b5-befc-3383cae87fdf.parquet,TeamB-48bfd4ea-e9e2-45b5-befc-3383cae87fdf,TeamB,2020-08-15 00:00:00,21.150018,74.9016666666667,2.1761998197998964,449325,44933,0,0.0,True,,
2020-08-15-TeamB-70b74270-f655-43cc-a188-1ebc7a828b95.parquet,TeamB-70b74270-f655-43cc-a188-1ebc7a828b95,TeamB,2020-08-15 00:00:00,25.6800204,40.47333333333336,1.9412968496999514,242770,24278,0,0.0,True,,
2020-08-15-TeamB-789547e7-1325-4153-a98d-5ecd497f3668.parquet,TeamB-789547e7-1325-4153-a98d-5ecd497f3668,TeamB,2020-08-15 00:00:00,18.2700144,78.87666666666664,1.967840764599952,473165,47317,0,0.0,True,,
2020-08-15-TeamB-ab5ec6e5-b0f3-401e-8dc5-aa6c5070e255.parquet,TeamB-ab5ec6e5-b0f3-401e-8dc5-aa6c5070e255,TeamB,2020-08-15 00:00:00,22.7400192,63.90499999999999,3.452610008500011,383350,38336,0,0.0,True,,
2020-08-15-TeamB-ab691983-3544-4a0e-8f70-db44d85cb907.parquet,TeamB-ab691983-3544-4a0e-8f70-db44d85cb907,TeamB,2020-08-15 00:00:00,24.0400188,73.06333333333332,2.5581095636999907,438180,43819,0,0.0,True,,
2020-08-15-TeamB-afc13e53-2c77-48cb-8a78-743663bbb84f.parquet,TeamB-afc13e53-2c77-48cb-8a78-743663bbb84f,TeamB,2020-08-15 00:00:00,28.450022399999998,78.57166666666666,3.7568972067000086,471350,47136,0,0.0,True,,
2020-08-15-TeamB-e4321aef-964a-4fdd-88bd-0bd548b0e93b.parquet,TeamB-e4321aef-964a-4fdd-88bd-0bd548b0e93b,TeamB,2020-08-15 00:00:00,25.1400204,83.55499999999999,2.804912270399999,501290,50130,0,0.0,True,,
2020-08-16-TeamB-29c5271b-5c46-455e-91ea-da2abfa8ff3c.parquet,TeamB-29c5271b-5c46-455e-91ea-da2abfa8ff3c,TeamB,2020-08-16 00:00:00,30.530023200000002,41.538333333333384,4.231790621399945,249120,24913,0,0.0,True,,
2020-08-16-TeamB-2f23d7d5-2326-49ce-b9c8-5a6303f785c5.parquet,TeamB-2f23d7d5-2326-49ce-b9c8-5a6303f785c5,TeamB,2020-08-16 00:00:00,26.8600212,116.00500000000005,10.814462867200021,695780,69579,0,0.0,True,,
2020-08-16-TeamB-4405bb1f-56f7-48ba-bfa8-e795e4006952.parquet,TeamB-4405bb1f-56f7-48ba-bfa8-e795e4006952,TeamB,2020-08-16 00:00:00,23.0000184,117.13833333333338,4.423899120599962,702755,70276,0,0.0,True,,
2020-08-16-TeamB-48bfd4ea-e9e2-45b5-befc-3383cae87fdf.parquet,TeamB-48bfd4ea-e9e2-45b5-befc-3383cae87fdf,TeamB,2020-08-16 00:00:00,24.790021199999998,117.50666666666669,5.456563026700222,704970,70497,0,0.0,True,,
2020-08-16-TeamB-70b74270-f655-43cc-a188-1ebc7a828b95.parquet,TeamB-70b74270-f655-43cc-a188-1ebc7a828b95,TeamB,2020-08-16 00:00:00,27.6900228,116.13666666666661,12.254779319199981,696770,69677,0,0.0,True,,
2020-08-16-TeamB-a7126274-c2d2-4f4e-9b67-35d376aefacc.parquet,TeamB-a7126274-c2d2-4f4e-9b67-35d376aefacc,TeamB,2020-08-16 00:00:00,24.0800184,33.736666666666615,2.3051824067999522,202370,20238,0,0.0,True,,
2020-08-16-TeamB-ab691983-3544-4a0e-8f70-db44d85cb907.parquet,TeamB-ab691983-3544-4a0e-8f70-db44d85cb907,TeamB,2020-08-16 00:00:00,26.760020400000002,120.33000000000006,10.070583939000066,721770,72178,0,0.0,True,,
2020-08-16-TeamB-afc13e53-2c77-48cb-8a78-743663bbb84f.parquet,TeamB-afc13e53-2c77-48cb-8a78-743663bbb84f,TeamB,2020-08-16 00:00:00,28.9000224,80.02166666666672,7.086360143499971,480050,48006,0,0.0,True,,
2020-08-16-TeamB-e4321aef-964a-4fdd-88bd-0bd548b0e93b.parquet,TeamB-e4321aef-964a-4fdd-88bd-0bd548b0e93b,TeamB,2020-08-16 00:00:00,28.6800228,129.49666666666673,11.200106232900128,776960,77697,0,0.0,True,,
2020-08-17-TeamB-ab5ec6e5-b0f3-401e-8dc5-aa6c5070e255.parquet,TeamB-ab5ec6e5-b0f3-401e-8dc5-aa6c5070e255,TeamB,2020-08-17 00:00:00,23.3300196,67.90333333333328,3.4625416902997643,407330,40734,0,0.0,True,,
2020-08-19-TeamB-29c5271b-5c46-455e-91ea-da2abfa8ff3c.parquet,TeamB-29c5271b-5c46-455e-91ea-da2abfa8ff3c,TeamB,2020-08-19 00:00:00,28.9500228,111.31500000000003,5.403677977799776,667625,66763,0,0.0,True,,
2020-08-19-TeamB-2f23d7d5-2326-49ce-b9c8-5a6303f785c5.parquet,TeamB-2f23d7d5-2326-49ce-b9c8-5a6303f785c5,TeamB,2020-08-19 00:00:00,25.940019600000003,89.91999999999994,4.893384778199972,539460,53947,0,0.0,True,,
2020-08-19-TeamB-4405bb1f-56f7-48ba-bfa8-e795e4006952.parquet,TeamB-4405bb1f-56f7-48ba-bfa8-e795e4006952,TeamB,2020-08-19 00:00:00,25.1500212,95.25500000000005,5.997574546800102,571470,57148,0,0.0,True,,
2020-08-19-TeamB-48bfd4ea-e9e2-45b5-befc-3383cae87fdf.parquet,TeamB-48bfd4ea-e9e2-45b5-befc-3383cae87fdf,TeamB,2020-08-19 00:00:00,17.9400132,97.42166666666671,2.866861224500063,584460,58447,0,0.0,True,,
2020-08-19-TeamB-70b74270-f655-43cc-a188-1ebc7a828b95.parquet,TeamB-70b74270-f655-43cc-a188-1ebc7a828b95,TeamB,2020-08-19 00:00:00,27.770022,89.56833333333331,5.195668907800076,537365,53737,0,0.0,True,,
2020-08-19-TeamB-789547e7-1325-4153-a98d-5ecd497f3668.parquet,TeamB-789547e7-1325-4153-a98d-5ecd497f3668,TeamB,2020-08-19 00:00:00,20.7100152,94.86999999999995,3.216154551600013,569150,56916,0,0.0,True,,
2020-08-19-TeamB-ab5ec6e5-b0f3-401e-8dc5-aa6c5070e255.parquet,TeamB-ab5ec6e5-b0f3-401e-8dc5-aa6c5070e255,TeamB,2020-08-19 00:00:00,26.130020400000003,72.97166666666672,4.2312106383001336,437770,43778,0,0.0,True,,
2020-08-19-TeamB-ab691983-3544-4a0e-8f70-db44d85cb907.parquet,TeamB-ab691983-3544-4a0e-8f70-db44d85cb907,TeamB,2020-08-19 00:00:00,23.92002,93.83833333333338,5.01923794209983,562870,56288,0,0.0,True,,
2020-08-19-TeamB-afc13e53-2c77-48cb-8a78-743663bbb84f.parquet,TeamB-afc13e53-2c77-48cb-8a78-743663bbb84f,TeamB,2020-08-19 00:00:00,28.2100212,101.63166666666658,6.459302709700019,609745,60975,0,0.0,True,,
2020-08-19-TeamB-e4321aef-964a-4fdd-88bd-0bd548b0e93b.parquet,TeamB-e4321aef-964a-4fdd-88bd-0bd548b0e93b,TeamB,2020-08-19 00:00:00,27.330022800000002,92.55333333333328,4.845463629100062,555290,55530,0,0.0,True,,
2020-08-20-TeamB-29c5271b-5c46-455e-91ea-da2abfa8ff3c.parquet,TeamB-29c5271b-5c46-455e-91ea-da2abfa8ff3c,TeamB,2020-08-20 00:00:00,26.0000208,90.5316666666667,2.661591315999899,543115,54312,0,0.0,True,,
2020-08-20-TeamB-2f23d7d5-2326-49ce-b9c8-5a6303f785c5.parquet,TeamB-2f23d7d5-2326-49ce-b9c8-5a6303f785c5,TeamB,2020-08-20 00:00:00,23.2400196,88.98833333333339,2.785707809200063,533840,53385,0,0.0,True,,
2020-08-20-TeamB-4405bb1f-56f7-48ba-bfa8-e795e4006952.parquet,TeamB-4405bb1f-56f7-48ba-bfa8-e795e4006952,TeamB,2020-08-20 00:00:00,24.060020400000003,86.98666666666662,4.148770299499955,521830,52184,0,0.0,True,,
2020-08-20-TeamB-48bfd4ea-e9e2-45b5-befc-3383cae87fdf.parquet,TeamB-48bfd4ea-e9e2-45b5-befc-3383cae87fdf,TeamB,2020-08-20 00:00:00,17.5600152,119.73499999999997,3.774618613399909,718305,71831,0,0.0,True,,
2020-08-20-TeamB-70b74270-f655-43cc-a188-1ebc7a828b95.parquet,TeamB-70b74270-f655-43cc-a188-1ebc7a828b95,TeamB,2020-08-20 00:00:00,27.7900236,65.37166666666671,3.5465436986001206,392160,39217,0,0.0,True,,
2020-08-20-TeamB-789547e7-1325-4153-a98d-5ecd497f3668.parquet,TeamB-789547e7-1325-4153-a98d-5ecd497f3668,TeamB,2020-08-20 00:00:00,20.6000172,119.01999999999995,3.6436273926999956,714015,71402,0,0.0,True,,
2020-08-20-TeamB-a7126274-c2d2-4f4e-9b67-35d376aefacc.parquet,TeamB-a7126274-c2d2-4f4e-9b67-35d376aefacc,TeamB,2020-08-20 00:00:00,25.6700196,82.92166666666671,3.1243908589000124,497470,49748,0,0.0,True,,
2020-08-20-TeamB-ab691983-3544-4a0e-8f70-db44d85cb907.parquet,TeamB-ab691983-3544-4a0e-8f70-db44d85cb907,TeamB,2020-08-20 00:00:00,22.8800196,87.42333333333336,3.4409016726999373,524400,52441,0,0.0,True,,
2020-08-20-TeamB-afc13e53-2c77-48cb-8a78-743663bbb84f.parquet,TeamB-afc13e53-2c77-48cb-8a78-743663bbb84f,TeamB,2020-08-20 00:00:00,25.7800212,91.9716666666666,4.028482700100006,551755,55176,0,0.0,True,,
2020-08-20-TeamB-e4321aef-964a-4fdd-88bd-0bd548b0e93b.parquet,TeamB-e4321aef-964a-4fdd-88bd-0bd548b0e93b,TeamB,2020-08-20 00:00:00,28.6000236,94.88666666666661,3.041101351800071,569285,56929,0,0.0,True,,
2020-08-21-TeamB-29c5271b-5c46-455e-91ea-da2abfa8ff3c.parquet,TeamB-29c5271b-5c46-455e-91ea-da2abfa8ff3c,TeamB,2020-08-21 00:00:00,25.1500212,73.12333333333336,2.950182938100065,438690,43870,0,0.0,True,,
2020-08-21-TeamB-2f23d7d5-2326-49ce-b9c8-5a6303f785c5.parquet,TeamB-2f23d7d5-2326-49ce-b9c8-5a6303f785c5,TeamB,2020-08-21 00:00:00,24.6100212,74.35333333333328,2.933769594600007,446050,44606,0,0.0,True,,
2020-08-21-TeamB-4405bb1f-56f7-48ba-bfa8-e795e4006952.parquet,TeamB-4405bb1f-56f7-48ba-bfa8-e795e4006952,TeamB,2020-08-21 00:00:00,21.3800184,58.82666666666664,2.9511226627000275,352880,35289,0,0.0,True,,
2020-08-21-TeamB-48bfd4ea-e9e2-45b5-befc-3383cae87fdf.parquet,TeamB-48bfd4ea-e9e2-45b5-befc-3383cae87fdf,TeamB,2020-08-21 00:00:00,18.1700136,73.38499999999998,2.402407507900034,440245,44025,0,0.0,True,,
2020-08-21-TeamB-70b74270-f655-43cc-a188-1ebc7a828b95.parquet,TeamB-70b74270-f655-43cc-a188-1ebc7a828b95,TeamB,2020-08-21 00:00:00,27.350020800000003,61.59166666666667,2.8922214971999156,369435,36944,0,0.0,True,,
2020-08-21-TeamB-789547e7-1325-4153-a98d-5ecd497f3668.parquet,TeamB-789547e7-1325-4153-a98d-5ecd497f3668,TeamB,2020-08-21 00:00:00,17.8800156,82.58166666666669,2.4271314107999724,495420,49543,0,0.0,True,,
2020-08-21-TeamB-ab5ec6e5-b0f3-401e-8dc5-aa6c5070e255.parquet,TeamB-ab5ec6e5-b0f3-401e-8dc5-aa6c5070e255,TeamB,2020-08-21 00:00:00,23.110020000000002,68.8783333333334,3.988552107400239,413215,41322,0,0.0,True,,
2020-08-21-TeamB-ab691983-3544-4a0e-8f70-db44d85cb907.parquet,TeamB-ab691983-3544-4a0e-8f70-db44d85cb907,TeamB,2020-08-21 00:00:00,23.4800172,61.689999999999905,2.2275340242999255,370075,37008,0,0.0,True,,
2020-08-21-TeamB-afc13e53-2c77-48cb-8a78-743663bbb84f.parquet,TeamB-afc13e53-2c77-48cb-8a78-743663bbb84f,TeamB,2020-08-21 00:00:00,25.8700212,64.09166666666667,3.456483065300106,384330,38434,0,0.0,True,,
2020-08-21-TeamB-e4321aef-964a-4fdd-88bd-0bd548b0e93b.parquet,TeamB-e4321aef-964a-4fdd-88bd-0bd548b0e93b,TeamB,2020-08-21 00:00:00,30.2200236,61.119999999999955,2.796759484399919,366680,36669,0,0.0,True,,
2020-08-22-TeamB-29c5271b-5c46-455e-91ea-da2abfa8ff3c.parquet,TeamB-29c5271b-5c46-455e-91ea-da2abfa8ff3c,TeamB,2020-08-22 00:00:00,11.440007999999999,2.4983333333333575,0.006730838899989527,14930,1494,0,0.0,True,,
2020-08-22-TeamB-2f23d7d5-2326-49ce-b9c8-5a6303f785c5.parquet,TeamB-2f23d7d5-2326-49ce-b9c8-5a6303f785c5,TeamB,2020-08-22 00:00:00,14.410011599999999,131.59666666666672,0.4341031328999676,789494,78950,0,0.0,True,,
2020-08-22-TeamB-4405bb1f-56f7-48ba-bfa8-e795e4006952.parquet,TeamB-4405bb1f-56f7-48ba-bfa8-e795e4006952,TeamB,2020-08-22 00:00:00,8.4800052,135.55333333333328,0.33364971579999714,813200,81321,0,0.0,True,,
2020-08-22-TeamB-48bfd4ea-e9e2-45b5-befc-3383cae87fdf.parquet,TeamB-48bfd4ea-e9e2-45b5-befc-3383cae87fdf,TeamB,2020-08-22 00:00:00,6.5900052,68.14666666666672,0.2223171257000033,408785,40879,0,0.0,True,,
2020-08-22-TeamB-70b74270-f655-43cc-a188-1ebc7a828b95.parquet,TeamB-70b74270-f655-43cc-a188-1ebc7a828b95,TeamB,2020-08-22 00:00:00,10.0600092,133.21666666666667,0.3479072234000267,799205,79920,0,0.0,True,,
2020-08-22-TeamB-a7126274-c2d2-4f4e-9b67-35d376aefacc.parquet,TeamB-a7126274-c2d2-4f4e-9b67-35d376aefacc,TeamB,2020-08-22 00:00:00,14.8100112,80.9066666666667,0.1779604210000464,485390,48540,0,0.0,True,,
2020-08-22-TeamB-ab691983-3544-4a0e-8f70-db44d85cb907.parquet,TeamB-ab691983-3544-4a0e-8f70-db44d85cb907,TeamB,2020-08-22 00:00:00,6.960006,127.37166666666671,0.25419631790002517,764130,76414,0,0.0,True,,
2020-08-22-TeamB-afc13e53-2c77-48cb-8a78-743663bbb84f.parquet,TeamB-afc13e53-2c77-48cb-8a78-743663bbb84f,TeamB,2020-08-22 00:00:00,8.0100072,69.01000000000009,0.27945217009999196,413965,41397,0,0.0,True,,
2020-08-22-TeamB-e4321aef-964a-4fdd-88bd-0bd548b0e93b.parquet,TeamB-e4321aef-964a-4fdd-88bd-0bd548b0e93b,TeamB,2020-08-22 00:00:00,7.4400048,136.22333333333336,0.30335691220000416,817280,81729,0,0.0,True,,
2020-08-24-TeamB-2f23d7d5-2326-49ce-b9c8-5a6303f785c5.parquet,TeamB-2f23d7d5-2326-49ce-b9c8-5a6303f785c5,TeamB,2020-08-24 00:00:00,20.090016000000002,79.87166666666671,3.0285374402000125,479160,47917,0,0.0,True,,
2020-08-24-TeamB-48bfd4ea-e9e2-45b5-befc-3383cae87fdf.parquet,TeamB-48bfd4ea-e9e2-45b5-befc-3383cae87fdf,TeamB,2020-08-24 00:00:00,23.9900184,82.42166666666671,2.5023623075000776,494410,49442,0,0.0,True,,
2020-08-24-TeamB-789547e7-1325-4153-a98d-5ecd497f3668.parquet,TeamB-789547e7-1325-4153-a98d-5ecd497f3668,TeamB,2020-08-24 00:00:00,18.4600152,89.19000000000003,2.860604811900077,535060,53507,0,0.0,True,,
2020-08-24-TeamB-ab5ec6e5-b0f3-401e-8dc5-aa6c5070e255.parquet,TeamB-ab5ec6e5-b0f3-401e-8dc5-aa6c5070e255,TeamB,2020-08-24 00:00:00,23.8200192,81.89499999999995,4.144360281599948,491280,49129,0,0.0,True,,
2020-08-24-TeamB-ab691983-3544-4a0e-8f70-db44d85cb907.parquet,TeamB-ab691983-3544-4a0e-8f70-db44d85cb907,TeamB,2020-08-24 00:00:00,18.1800144,83.4066666666667,3.283676540299958,500350,50036,0,0.0,True,,
2020-08-24-TeamB-e4321aef-964a-4fdd-88bd-0bd548b0e93b.parquet,TeamB-e4321aef-964a-4fdd-88bd-0bd548b0e93b,TeamB,2020-08-24 00:00:00,16.590013199999998,44.03666666666662,1.4301597645000739,264180,26419,0,0.0,True,,
2020-08-25-TeamB-29c5271b-5c46-455e-91ea-da2abfa8ff3c.parquet,TeamB-29c5271b-5c46-455e-91ea-da2abfa8ff3c,TeamB,2020-08-25 00:00:00,26.310020400000003,81.38666666666661,3.0031663043000436,488260,48827,0,0.0,True,,
2020-08-25-TeamB-2f23d7d5-2326-49ce-b9c8-5a6303f785c5.parquet,TeamB-2f23d7d5-2326-49ce-b9c8-5a6303f785c5,TeamB,2020-08-25 00:00:00,22.460018400000003,74.31333333333326,2.68458744820003,445815,44582,0,0.0,True,,
2020-08-25-TeamB-4405bb1f-56f7-48ba-bfa8-e795e4006952.parquet,TeamB-4405bb1f-56f7-48ba-bfa8-e795e4006952,TeamB,2020-08-25 00:00:00,21.870018,70.54166666666667,2.822247558400046,423164,42317,0,0.0,True,,
2020-08-25-TeamB-48bfd4ea-e9e2-45b5-befc-3383cae87fdf.parquet,TeamB-48bfd4ea-e9e2-45b5-befc-3383cae87fdf,TeamB,2020-08-25 00:00:00,17.3300148,73.25833333333334,1.7460344706998363,439445,43945,0,0.0,True,,
2020-08-25-TeamB-70b74270-f655-43cc-a188-1ebc7a828b95.parquet,TeamB-70b74270-f655-43cc-a188-1ebc7a828b95,TeamB,2020-08-25 00:00:00,25.2200196,55.028333333333286,2.6390879689998874,330054,33006,0,0.0,True,,
2020-08-25-TeamB-789547e7-1325-4153-a98d-5ecd497f3668.parquet,TeamB-789547e7-1325-4153-a98d-5ecd497f3668,TeamB,2020-08-25 00:00:00,15.7800132,80.32166666666672,1.931280172200005,481840,48185,0,0.0,True,,
2020-08-25-TeamB-ab691983-3544-4a0e-8f70-db44d85cb907.parquet,TeamB-ab691983-3544-4a0e-8f70-db44d85cb907,TeamB,2020-08-25 00:00:00,22.9600188,70.72333333333336,3.4495441782999574,424250,42426,0,0.0,True,,
2020-08-25-TeamB-afc13e53-2c77-48cb-8a78-743663bbb84f.parquet,TeamB-afc13e53-2c77-48cb-8a78-743663bbb84f,TeamB,2020-08-25 00:00:00,26.7200208,75.53833333333338,3.5895995642001295,453075,45308,0,0.0,True,,
2020-08-25-TeamB-e4321aef-964a-4fdd-88bd-0bd548b0e93b.parquet,TeamB-e4321aef-964a-4fdd-88bd-0bd548b0e93b,TeamB,2020-08-25 00:00:00,23.3700192,91.05166666666665,2.730581933699913,546275,54628,0,0.0,True,,
2020-08-26-TeamB-48bfd4ea-e9e2-45b5-befc-3383cae87fdf.parquet,TeamB-48bfd4ea-e9e2-45b5-befc-3383cae87fdf,TeamB,2020-08-26 00:00:00,23.0900184,118.38833333333338,5.505562777599919,710210,71022,0,0.0,True,,
2020-08-27-TeamB-48bfd4ea-e9e2-45b5-befc-3383cae87fdf.parquet,TeamB-48bfd4ea-e9e2-45b5-befc-3383cae87fdf,TeamB,2020-08-27 00:00:00,14.2300116,72.93833333333338,1.815094249799945,437530,43754,0,0.0,True,,
2020-08-27-TeamB-789547e7-1325-4153-a98d-5ecd497f3668.parquet,TeamB-789547e7-1325-4153-a98d-5ecd497f3668,TeamB,2020-08-27 00:00:00,19.6700148,96.625,2.330937159699999,579660,57967,0,0.0,True,,
2020-08-27-TeamB-ab5ec6e5-b0f3-401e-8dc5-aa6c5070e255.parquet,TeamB-ab5ec6e5-b0f3-401e-8dc5-aa6c5070e255,TeamB,2020-08-27 00:00:00,21.240018000000003,72.53833333333338,2.7192888697000055,435150,43516,0,0.0,True,,
2020-08-27-TeamB-afc13e53-2c77-48cb-8a78-743663bbb84f.parquet,TeamB-afc13e53-2c77-48cb-8a78-743663bbb84f,TeamB,2020-08-27 00:00:00,7.3900044000000005,8.538333333333382,0.07611422900000123,51130,5114,0,0.0,True,,
2020-08-29-TeamB-29c5271b-5c46-455e-91ea-da2abfa8ff3c.parquet,TeamB-29c5271b-5c46-455e-91ea-da2abfa8ff3c,TeamB,2020-08-29 00:00:00,25.970022,83.47166666666672,2.7488025010001493,500790,50080,0,0.0,True,,
2020-08-29-TeamB-2f23d7d5-2326-49ce-b9c8-5a6303f785c5.parquet,TeamB-2f23d7d5-2326-49ce-b9c8-5a6303f785c5,TeamB,2020-08-29 00:00:00,21.010017599999998,85.75166666666664,2.9640637805000507,514445,51445,0,0.0,True,,
2020-08-29-TeamB-4405bb1f-56f7-48ba-bfa8-e795e4006952.parquet,TeamB-4405bb1f-56f7-48ba-bfa8-e795e4006952,TeamB,2020-08-29 00:00:00,22.730018400000002,63.02166666666672,2.303272695900072,378050,37806,0,0.0,True,,
2020-08-29-TeamB-48bfd4ea-e9e2-45b5-befc-3383cae87fdf.parquet,TeamB-48bfd4ea-e9e2-45b5-befc-3383cae87fdf,TeamB,2020-08-29 00:00:00,14.730011999999999,76.34166666666667,1.7613672586001377,457970,45798,0,0.0,True,,
2020-08-29-TeamB-70b74270-f655-43cc-a188-1ebc7a828b95.parquet,TeamB-70b74270-f655-43cc-a188-1ebc7a828b95,TeamB,2020-08-29 00:00:00,26.62002,53.57333333333336,2.8899267741999166,321330,32134,0,0.0,True,,
2020-08-29-TeamB-789547e7-1325-4153-a98d-5ecd497f3668.parquet,TeamB-789547e7-1325-4153-a98d-5ecd497f3668,TeamB,2020-08-29 00:00:00,16.9200144,77.43666666666674,2.095314757499979,464535,46454,0,0.0,True,,
2020-08-29-TeamB-a7126274-c2d2-4f4e-9b67-35d376aefacc.parquet,TeamB-a7126274-c2d2-4f4e-9b67-35d376aefacc,TeamB,2020-08-29 00:00:00,19.1700144,48.971666666666714,1.5490595912001155,293780,29379,0,0.0,True,,
2020-08-29-TeamB-ab5ec6e5-b0f3-401e-8dc5-aa6c5070e255.parquet,TeamB-ab5ec6e5-b0f3-401e-8dc5-aa6c5070e255,TeamB,2020-08-29 00:00:00,25.27002,82.17166666666671,2.8820190024000247,492975,49298,0,0.0,True,,
2020-08-29-TeamB-afc13e53-2c77-48cb-8a78-743663bbb84f.parquet,TeamB-afc13e53-2c77-48cb-8a78-743663bbb84f,TeamB,2020-08-29 00:00:00,26.870022,74.88833333333338,3.5699753830998233,449120,44913,0,0.0,True,,
2020-08-29-TeamB-e4321aef-964a-4fdd-88bd-0bd548b0e93b.parquet,TeamB-e4321aef-964a-4fdd-88bd-0bd548b0e93b,TeamB,2020-08-29 00:00:00,23.7900204,88.28666666666662,2.8859859415999063,529670,52968,0,0.0,True,,
2020-08-30-TeamB-29c5271b-5c46-455e-91ea-da2abfa8ff3c.parquet,TeamB-29c5271b-5c46-455e-91ea-da2abfa8ff3c,TeamB,2020-08-30 00:00:00,28.7800236,127.13333333333334,11.465127288100168,762619,76263,0,0.0,True,,
2020-08-30-TeamB-2f23d7d5-2326-49ce-b9c8-5a6303f785c5.parquet,TeamB-2f23d7d5-2326-49ce-b9c8-5a6303f785c5,TeamB,2020-08-30 00:00:00,28.760022000000003,126.3,10.020083642500191,757719,75773,0,0.0,True,,
2020-08-30-TeamB-48bfd4ea-e9e2-45b5-befc-3383cae87fdf.parquet,TeamB-48bfd4ea-e9e2-45b5-befc-3383cae87fdf,TeamB,2020-08-30 00:00:00,22.270017600000003,119.88333333333334,5.94191173680005,719300,71931,1,1.3902405116085082e-05,True,,
2020-08-30-TeamB-70b74270-f655-43cc-a188-1ebc7a828b95.parquet,TeamB-70b74270-f655-43cc-a188-1ebc7a828b95,TeamB,2020-08-30 00:00:00,30.7700244,127.40833333333333,11.773851988800118,764180,76419,0,0.0,True,,
2020-08-30-TeamB-afc13e53-2c77-48cb-8a78-743663bbb84f.parquet,TeamB-afc13e53-2c77-48cb-8a78-743663bbb84f,TeamB,2020-08-30 00:00:00,28.6600212,125.83333333333333,10.631379955500039,754939,75495,0,0.0,True,,
2020-08-30-TeamB-e4321aef-964a-4fdd-88bd-0bd548b0e93b.parquet,TeamB-e4321aef-964a-4fdd-88bd-0bd548b0e93b,TeamB,2020-08-30 00:00:00,27.040021199999998,126.62333333333336,10.726902530999938,759710,75972,0,0.0,True,,
2020-09-01-TeamB-48bfd4ea-e9e2-45b5-befc-3383cae87fdf.parquet,TeamB-48bfd4ea-e9e2-45b5-befc-3383cae87fdf,TeamB,2020-09-01 00:00:00,16.070011200000003,100.38833333333338,1.9308524043999324,602240,60225,0,0.0,True,,
2020-09-01-TeamB-ab5ec6e5-b0f3-401e-8dc5-aa6c5070e255.parquet,TeamB-ab5ec6e5-b0f3-401e-8dc5-aa6c5070e255,TeamB,2020-09-01 00:00:00,23.38002,60.51999999999995,3.431305819000021,363070,36308,0,0.0,True,,
2020-09-02-TeamB-29c5271b-5c46-455e-91ea-da2abfa8ff3c.parquet,TeamB-29c5271b-5c46-455e-91ea-da2abfa8ff3c,TeamB,2020-09-02 00:00:00,24.0700176,96.64666666666672,5.536673079400166,579635,57964,0,0.0,True,,
2020-09-02-TeamB-2f23d7d5-2326-49ce-b9c8-5a6303f785c5.parquet,TeamB-2f23d7d5-2326-49ce-b9c8-5a6303f785c5,TeamB,2020-09-02 00:00:00,24.980018400000002,96.21999999999996,4.511723357000017,577265,57727,0,0.0,True,,
2020-09-02-TeamB-4405bb1f-56f7-48ba-bfa8-e795e4006952.parquet,TeamB-4405bb1f-56f7-48ba-bfa8-e795e4006952,TeamB,2020-09-02 00:00:00,30.340026,97.38000000000005,6.405674326100039,584040,58405,0,0.0,True,,
2020-09-02-TeamB-48bfd4ea-e9e2-45b5-befc-3383cae87fdf.parquet,TeamB-48bfd4ea-e9e2-45b5-befc-3383cae87fdf,TeamB,2020-09-02 00:00:00,18.0800136,99.8566666666667,2.735289718599873,599050,59906,0,0.0,True,,
2020-09-02-TeamB-70b74270-f655-43cc-a188-1ebc7a828b95.parquet,TeamB-70b74270-f655-43cc-a188-1ebc7a828b95,TeamB,2020-09-02 00:00:00,24.3400212,52.523333333333355,3.627920975899984,315080,31509,0,0.0,True,,
2020-09-02-TeamB-789547e7-1325-4153-a98d-5ecd497f3668.parquet,TeamB-789547e7-1325-4153-a98d-5ecd497f3668,TeamB,2020-09-02 00:00:00,21.2800176,102.24000000000002,2.8754931625000046,613345,61335,0,0.0,True,,
2020-09-02-TeamB-ab5ec6e5-b0f3-401e-8dc5-aa6c5070e255.parquet,TeamB-ab5ec6e5-b0f3-401e-8dc5-aa6c5070e255,TeamB,2020-09-02 00:00:00,25.4000196,99.79000000000002,5.712258498900094,598690,59870,0,0.0,True,,
2020-09-02-TeamB-afc13e53-2c77-48cb-8a78-743663bbb84f.parquet,TeamB-afc13e53-2c77-48cb-8a78-743663bbb84f,TeamB,2020-09-02 00:00:00,24.6100212,92.88833333333338,5.4084751974001035,557265,55727,0,0.0,True,,
2020-09-02-TeamB-e4321aef-964a-4fdd-88bd-0bd548b0e93b.parquet,TeamB-e4321aef-964a-4fdd-88bd-0bd548b0e93b,TeamB,2020-09-02 00:00:00,23.8600188,95.49166666666666,4.880948380099988,572925,57293,0,0.0,True,,
2020-09-03-TeamB-29c5271b-5c46-455e-91ea-da2abfa8ff3c.parquet,TeamB-29c5271b-5c46-455e-91ea-da2abfa8ff3c,TeamB,2020-09-03 00:00:00,27.300020399999998,100.575,4.012720740100121,603315,60332,0,0.0,True,,
2020-09-03-TeamB-2f23d7d5-2326-49ce-b9c8-5a6303f785c5.parquet,TeamB-2f23d7d5-2326-49ce-b9c8-5a6303f785c5,TeamB,2020-09-03 00:00:00,24.9400188,91.56999999999995,3.790775005599915,549330,54934,0,0.0,True,,
2020-09-03-TeamB-4405bb1f-56f7-48ba-bfa8-e795e4006952.parquet,TeamB-4405bb1f-56f7-48ba-bfa8-e795e4006952,TeamB,2020-09-03 00:00:00,25.5900204,89.53833333333338,4.6577670923000465,537120,53713,0,0.0,True,,
2020-09-03-TeamB-48bfd4ea-e9e2-45b5-befc-3383cae87fdf.parquet,TeamB-48bfd4ea-e9e2-45b5-befc-3383cae87fdf,TeamB,2020-09-03 00:00:00,19.3200156,94.52333333333335,2.9435901593000042,567050,56706,0,0.0,True,,
2020-09-03-TeamB-70b74270-f655-43cc-a188-1ebc7a828b95.parquet,TeamB-70b74270-f655-43cc-a188-1ebc7a828b95,TeamB,2020-09-03 00:00:00,25.700022,49.42166666666672,3.449378334699942,296430,29644,0,0.0,True,,
2020-09-03-TeamB-789547e7-1325-4153-a98d-5ecd497f3668.parquet,TeamB-789547e7-1325-4153-a98d-5ecd497f3668,TeamB,2020-09-03 00:00:00,19.4300172,90.22666666666665,2.4775817319999605,541270,54128,0,0.0,True,,
2020-09-03-TeamB-ab691983-3544-4a0e-8f70-db44d85cb907.parquet,TeamB-ab691983-3544-4a0e-8f70-db44d85cb907,TeamB,2020-09-03 00:00:00,25.3000188,97.98833333333339,3.7828752711000453,587830,58784,0,0.0,True,,
2020-09-03-TeamB-e4321aef-964a-4fdd-88bd-0bd548b0e93b.parquet,TeamB-e4321aef-964a-4fdd-88bd-0bd548b0e93b,TeamB,2020-09-03 00:00:00,25.730020800000002,94.32166666666672,4.270478718699974,565885,56589,0,0.0,True,,
2020-09-04-TeamB-29c5271b-5c46-455e-91ea-da2abfa8ff3c.parquet,TeamB-29c5271b-5c46-455e-91ea-da2abfa8ff3c,TeamB,2020-09-04 00:00:00,25.5800196,76.1216666666666,2.789316424599903,456655,45666,0,0.0,True,,
2020-09-04-TeamB-2f23d7d5-2326-49ce-b9c8-5a6303f785c5.parquet,TeamB-2f23d7d5-2326-49ce-b9c8-5a6303f785c5,TeamB,2020-09-04 00:00:00,22.950018,83.47333333333336,2.951792665500094,500760,50077,0,0.0,True,,
2020-09-04-TeamB-4405bb1f-56f7-48ba-bfa8-e795e4006952.parquet,TeamB-4405bb1f-56f7-48ba-bfa8-e795e4006952,TeamB,2020-09-04 00:00:00,26.3000196,68.39499999999995,3.089326675800071,410240,41025,0,0.0,True,,
2020-09-04-TeamB-48bfd4ea-e9e2-45b5-befc-3383cae87fdf.parquet,TeamB-48bfd4ea-e9e2-45b5-befc-3383cae87fdf,TeamB,2020-09-04 00:00:00,22.410018,81.75833333333334,2.139831735499976,490480,49049,0,0.0,True,,
2020-09-04-TeamB-70b74270-f655-43cc-a188-1ebc7a828b95.parquet,TeamB-70b74270-f655-43cc-a188-1ebc7a828b95,TeamB,2020-09-04 00:00:00,24.060020400000003,70.50500000000005,3.089636935200059,422990,42300,0,0.0,True,,
2020-09-04-TeamB-789547e7-1325-4153-a98d-5ecd497f3668.parquet,TeamB-789547e7-1325-4153-a98d-5ecd497f3668,TeamB,2020-09-04 00:00:00,17.500014,84.37333333333336,2.37386164480001,506160,50617,0,0.0,True,,
2020-09-04-TeamB-ab5ec6e5-b0f3-401e-8dc5-aa6c5070e255.parquet,TeamB-ab5ec6e5-b0f3-401e-8dc5-aa6c5070e255,TeamB,2020-09-04 00:00:00,25.4200212,82.60500000000005,3.508748116299959,495580,49559,0,0.0,True,,
2020-09-04-TeamB-ab691983-3544-4a0e-8f70-db44d85cb907.parquet,TeamB-ab691983-3544-4a0e-8f70-db44d85cb907,TeamB,2020-09-04 00:00:00,26.3000196,84.75666666666669,3.3677149354000235,508470,50848,0,0.0,True,,
2020-09-04-TeamB-afc13e53-2c77-48cb-8a78-743663bbb84f.parquet,TeamB-afc13e53-2c77-48cb-8a78-743663bbb84f,TeamB,2020-09-04 00:00:00,25.00002,76.15500000000004,3.388776627600081,456860,45687,0,0.0,True,,
2020-09-04-TeamB-e4321aef-964a-4fdd-88bd-0bd548b0e93b.parquet,TeamB-e4321aef-964a-4fdd-88bd-0bd548b0e93b,TeamB,2020-09-04 00:00:00,25.360020000000002,79.61833333333342,2.8273122813999954,477665,47767,0,0.0,True,,
2020-09-05-TeamB-29c5271b-5c46-455e-91ea-da2abfa8ff3c.parquet,TeamB-29c5271b-5c46-455e-91ea-da2abfa8ff3c,TeamB,2020-09-05 00:00:00,27.330022800000002,120.55166666666665,10.407859488699975,723015,72302,0,0.0,True,,
2020-09-05-TeamB-2f23d7d5-2326-49ce-b9c8-5a6303f785c5.parquet,TeamB-2f23d7d5-2326-49ce-b9c8-5a6303f785c5,TeamB,2020-09-05 00:00:00,28.3500216,116.55333333333328,9.734125627800353,699230,69924,0,0.0,True,,
2020-09-05-TeamB-4405bb1f-56f7-48ba-bfa8-e795e4006952.parquet,TeamB-4405bb1f-56f7-48ba-bfa8-e795e4006952,TeamB,2020-09-05 00:00:00,29.2300236,117.48666666666662,10.81268203770013,704680,70469,0,0.0,True,,
2020-09-05-TeamB-48bfd4ea-e9e2-45b5-befc-3383cae87fdf.parquet,TeamB-48bfd4ea-e9e2-45b5-befc-3383cae87fdf,TeamB,2020-09-05 00:00:00,22.7400192,118.825,5.4220530033000545,712865,71287,0,0.0,True,,
2020-09-05-TeamB-70b74270-f655-43cc-a188-1ebc7a828b95.parquet,TeamB-70b74270-f655-43cc-a188-1ebc7a828b95,TeamB,2020-09-05 00:00:00,31.570023600000003,120.42666666666665,11.727201386599997,722435,72244,0,0.0,True,,
2020-09-05-TeamB-ab691983-3544-4a0e-8f70-db44d85cb907.parquet,TeamB-ab691983-3544-4a0e-8f70-db44d85cb907,TeamB,2020-09-05 00:00:00,25.9600212,119.98666666666674,10.279654110399894,719825,71983,0,0.0,True,,
2020-09-05-TeamB-afc13e53-2c77-48cb-8a78-743663bbb84f.parquet,TeamB-afc13e53-2c77-48cb-8a78-743663bbb84f,TeamB,2020-09-05 00:00:00,27.3900204,119.10500000000005,10.67071775239992,714550,71456,0,0.0,True,,
2020-09-05-TeamB-e4321aef-964a-4fdd-88bd-0bd548b0e93b.parquet,TeamB-e4321aef-964a-4fdd-88bd-0bd548b0e93b,TeamB,2020-09-05 00:00:00,27.730022400000003,123.16666666666667,10.738697254100218,738945,73895,0,0.0,True,,
2020-09-08-TeamB-29c5271b-5c46-455e-91ea-da2abfa8ff3c.parquet,TeamB-29c5271b-5c46-455e-91ea-da2abfa8ff3c,TeamB,2020-09-08 00:00:00,28.5300216,100.24000000000002,4.818183614100006,601330,60134,0,0.0,True,,
2020-09-08-TeamB-2f23d7d5-2326-49ce-b9c8-5a6303f785c5.parquet,TeamB-2f23d7d5-2326-49ce-b9c8-5a6303f785c5,TeamB,2020-09-08 00:00:00,31.100025600000002,98.86999999999995,4.844779194499996,593140,59315,0,0.0,True,,
2020-09-08-TeamB-4405bb1f-56f7-48ba-bfa8-e795e4006952.parquet,TeamB-4405bb1f-56f7-48ba-bfa8-e795e4006952,TeamB,2020-09-08 00:00:00,27.420022799999998,98.05500000000005,5.893526153600117,588180,58819,0,0.0,True,,
2020-09-08-TeamB-48bfd4ea-e9e2-45b5-befc-3383cae87fdf.parquet,TeamB-48bfd4ea-e9e2-45b5-befc-3383cae87fdf,TeamB,2020-09-08 00:00:00,18.480013200000002,100.45500000000006,2.9837326919999336,602640,60265,0,0.0,True,,
2020-09-08-TeamB-70b74270-f655-43cc-a188-1ebc7a828b95.parquet,TeamB-70b74270-f655-43cc-a188-1ebc7a828b95,TeamB,2020-09-08 00:00:00,26.9200224,76.87166666666671,5.347477646500021,461140,46115,0,0.0,True,,
2020-09-08-TeamB-789547e7-1325-4153-a98d-5ecd497f3668.parquet,TeamB-789547e7-1325-4153-a98d-5ecd497f3668,TeamB,2020-09-08 00:00:00,18.380015999999998,107.65,3.2426351350000595,645805,64581,0,0.0,True,,
2020-09-08-TeamB-ab5ec6e5-b0f3-401e-8dc5-aa6c5070e255.parquet,TeamB-ab5ec6e5-b0f3-401e-8dc5-aa6c5070e255,TeamB,2020-09-08 00:00:00,28.2800232,99.35,4.57511369719988,596019,59603,0,0.0,True,,
2020-09-08-TeamB-ab691983-3544-4a0e-8f70-db44d85cb907.parquet,TeamB-ab691983-3544-4a0e-8f70-db44d85cb907,TeamB,2020-09-08 00:00:00,27.3700224,42.016666666666666,2.149794505000028,252015,25202,0,0.0,True,,
2020-09-08-TeamB-afc13e53-2c77-48cb-8a78-743663bbb84f.parquet,TeamB-afc13e53-2c77-48cb-8a78-743663bbb84f,TeamB,2020-09-08 00:00:00,29.630023200000004,83.72333333333336,5.287013705600093,502260,50227,0,0.0,True,,
2020-09-08-TeamB-e4321aef-964a-4fdd-88bd-0bd548b0e93b.parquet,TeamB-e4321aef-964a-4fdd-88bd-0bd548b0e93b,TeamB,2020-09-08 00:00:00,27.6400224,99.16333333333338,5.091809937800069,594925,59493,0,0.0,True,,
2020-09-09-TeamB-29c5271b-5c46-455e-91ea-da2abfa8ff3c.parquet,TeamB-29c5271b-5c46-455e-91ea-da2abfa8ff3c,TeamB,2020-09-09 00:00:00,26.460021599999997,106.78333333333333,4.953225941399928,640575,64058,0,0.0,True,,
2020-09-09-TeamB-48bfd4ea-e9e2-45b5-befc-3383cae87fdf.parquet,TeamB-48bfd4ea-e9e2-45b5-befc-3383cae87fdf,TeamB,2020-09-09 00:00:00,17.1300132,97.85500000000005,2.1799114958999133,587070,58708,0,0.0,True,,
2020-09-09-TeamB-70b74270-f655-43cc-a188-1ebc7a828b95.parquet,TeamB-70b74270-f655-43cc-a188-1ebc7a828b95,TeamB,2020-09-09 00:00:00,27.9600228,84.53833333333338,6.022543744299795,507150,50716,0,0.0,True,,
2020-09-09-TeamB-789547e7-1325-4153-a98d-5ecd497f3668.parquet,TeamB-789547e7-1325-4153-a98d-5ecd497f3668,TeamB,2020-09-09 00:00:00,20.4100164,102.40500000000004,2.45794033090003,614350,61436,0,0.0,True,,
2020-09-09-TeamB-ab5ec6e5-b0f3-401e-8dc5-aa6c5070e255.parquet,TeamB-ab5ec6e5-b0f3-401e-8dc5-aa6c5070e255,TeamB,2020-09-09 00:00:00,27.590022,107.30333333333328,5.791728852599916,643770,64378,0,0.0,True,,
2020-09-09-TeamB-afc13e53-2c77-48cb-8a78-743663bbb84f.parquet,TeamB-afc13e53-2c77-48cb-8a78-743663bbb84f,TeamB,2020-09-09 00:00:00,26.9300232,99.63333333333334,6.7507493423998755,597709,59772,0,0.0,True,,
2020-09-09-TeamB-e4321aef-964a-4fdd-88bd-0bd548b0e93b.parquet,TeamB-e4321aef-964a-4fdd-88bd-0bd548b0e93b,TeamB,2020-09-09 00:00:00,25.700022,105.5600000000001,4.95287260879982,633315,63332,0,0.0,True,,
2020-09-11-TeamB-29c5271b-5c46-455e-91ea-da2abfa8ff3c.parquet,TeamB-29c5271b-5c46-455e-91ea-da2abfa8ff3c,TeamB,2020-09-11 00:00:00,24.6500208,67.9,3.2375292846998716,407319,40733,0,0.0,True,,
2020-09-11-TeamB-2f23d7d5-2326-49ce-b9c8-5a6303f785c5.parquet,TeamB-2f23d7d5-2326-49ce-b9c8-5a6303f785c5,TeamB,2020-09-11 00:00:00,24.1600176,72.07333333333335,3.348839643399869,432360,43237,0,0.0,True,,
2020-09-11-TeamB-4405bb1f-56f7-48ba-bfa8-e795e4006952.parquet,TeamB-4405bb1f-56f7-48ba-bfa8-e795e4006952,TeamB,2020-09-11 00:00:00,23.5900188,68.87333333333336,3.5114047806999507,413140,41315,0,0.0,True,,
2020-09-11-TeamB-48bfd4ea-e9e2-45b5-befc-3383cae87fdf.parquet,TeamB-48bfd4ea-e9e2-45b5-befc-3383cae87fdf,TeamB,2020-09-11 00:00:00,21.4800156,70.53833333333338,2.7656852919999193,423140,42315,0,0.0,True,,
2020-09-11-TeamB-70b74270-f655-43cc-a188-1ebc7a828b95.parquet,TeamB-70b74270-f655-43cc-a188-1ebc7a828b95,TeamB,2020-09-11 00:00:00,23.9300208,64.34000000000002,3.380263839600011,385950,38596,0,0.0,True,,
2020-09-11-TeamB-789547e7-1325-4153-a98d-5ecd497f3668.parquet,TeamB-789547e7-1325-4153-a98d-5ecd497f3668,TeamB,2020-09-11 00:00:00,22.2200172,74.3100000000001,2.652589369199979,445765,44577,0,0.0,True,,
2020-09-11-TeamB-a7126274-c2d2-4f4e-9b67-35d376aefacc.parquet,TeamB-a7126274-c2d2-4f4e-9b67-35d376aefacc,TeamB,2020-09-11 00:00:00,25.6600188,68.76166666666674,3.2692159739999354,412515,41252,0,0.0,True,,
2020-09-11-TeamB-ab5ec6e5-b0f3-401e-8dc5-aa6c5070e255.parquet,TeamB-ab5ec6e5-b0f3-401e-8dc5-aa6c5070e255,TeamB,2020-09-11 00:00:00,25.100020800000003,72.26666666666667,3.332599909199984,433519,43353,0,0.0,True,,
2020-09-11-TeamB-ab691983-3544-4a0e-8f70-db44d85cb907.parquet,TeamB-ab691983-3544-4a0e-8f70-db44d85cb907,TeamB,2020-09-11 00:00:00,21.700018800000002,70.47333333333336,3.4190785918000675,422770,42278,0,0.0,True,,
2020-09-11-TeamB-afc13e53-2c77-48cb-8a78-743663bbb84f.parquet,TeamB-afc13e53-2c77-48cb-8a78-743663bbb84f,TeamB,2020-09-11 00:00:00,27.5800212,69.80833333333334,3.653392396499993,418770,41878,0,0.0,True,,
2020-09-12-TeamB-29c5271b-5c46-455e-91ea-da2abfa8ff3c.parquet,TeamB-29c5271b-5c46-455e-91ea-da2abfa8ff3c,TeamB,2020-09-12 00:00:00,29.150024400000003,122.08833333333338,10.592289364600214,732350,73236,0,0.0,True,,
2020-09-12-TeamB-2f23d7d5-2326-49ce-b9c8-5a6303f785c5.parquet,TeamB-2f23d7d5-2326-49ce-b9c8-5a6303f785c5,TeamB,2020-09-12 00:00:00,26.0200224,122.725,9.971630540400044,736270,73628,0,0.0,True,,
2020-09-12-TeamB-4405bb1f-56f7-48ba-bfa8-e795e4006952.parquet,TeamB-4405bb1f-56f7-48ba-bfa8-e795e4006952,TeamB,2020-09-12 00:00:00,25.7700204,122.48833333333339,10.489886785099927,734690,73470,0,0.0,True,,
2020-09-12-TeamB-48bfd4ea-e9e2-45b5-befc-3383cae87fdf.parquet,TeamB-48bfd4ea-e9e2-45b5-befc-3383cae87fdf,TeamB,2020-09-12 00:00:00,21.5500176,122.47333333333336,6.040792664099852,734740,73475,0,0.0,True,,
2020-09-12-TeamB-70b74270-f655-43cc-a188-1ebc7a828b95.parquet,TeamB-70b74270-f655-43cc-a188-1ebc7a828b95,TeamB,2020-09-12 00:00:00,28.5100236,122.85333333333328,12.27934432189998,736910,73692,0,0.0,True,,
2020-09-12-TeamB-ab5ec6e5-b0f3-401e-8dc5-aa6c5070e255.parquet,TeamB-ab5ec6e5-b0f3-401e-8dc5-aa6c5070e255,TeamB,2020-09-12 00:00:00,25.1300196,17.65666666666669,1.2495535054000093,105865,10587,0,0.0,True,,
2020-09-12-TeamB-ab691983-3544-4a0e-8f70-db44d85cb907.parquet,TeamB-ab691983-3544-4a0e-8f70-db44d85cb907,TeamB,2020-09-12 00:00:00,27.140022000000002,122.37333333333336,10.144220403000022,734160,73417,0,0.0,True,,
2020-09-12-TeamB-afc13e53-2c77-48cb-8a78-743663bbb84f.parquet,TeamB-afc13e53-2c77-48cb-8a78-743663bbb84f,TeamB,2020-09-12 00:00:00,29.240024400000003,109.23833333333339,8.71804285690024,655350,65536,0,0.0,True,,
2020-09-12-TeamB-e4321aef-964a-4fdd-88bd-0bd548b0e93b.parquet,TeamB-e4321aef-964a-4fdd-88bd-0bd548b0e93b,TeamB,2020-09-12 00:00:00,28.6800228,134.55,11.216337648799916,807239,80725,0,0.0,True,,
2020-09-21-TeamB-29c5271b-5c46-455e-91ea-da2abfa8ff3c.parquet,TeamB-29c5271b-5c46-455e-91ea-da2abfa8ff3c,TeamB,2020-09-21 00:00:00,24.2000208,131.22166666666672,5.811269981199981,787045,78705,0,0.0,True,,
2020-09-21-TeamB-2f23d7d5-2326-49ce-b9c8-5a6303f785c5.parquet,TeamB-2f23d7d5-2326-49ce-b9c8-5a6303f785c5,TeamB,2020-09-21 00:00:00,22.5500184,139.20999999999998,6.023251532200123,835185,83519,0,0.0,True,,
2020-09-21-TeamB-4405bb1f-56f7-48ba-bfa8-e795e4006952.parquet,TeamB-4405bb1f-56f7-48ba-bfa8-e795e4006952,TeamB,2020-09-21 00:00:00,21.7300176,120.1,5.87483085459999,720259,72027,0,0.0,True,,
2020-09-21-TeamB-48bfd4ea-e9e2-45b5-befc-3383cae87fdf.parquet,TeamB-48bfd4ea-e9e2-45b5-befc-3383cae87fdf,TeamB,2020-09-21 00:00:00,18.9900144,133.3066666666667,3.9065187220998188,799754,79976,0,0.0,True,,
2020-09-21-TeamB-70b74270-f655-43cc-a188-1ebc7a828b95.parquet,TeamB-70b74270-f655-43cc-a188-1ebc7a828b95,TeamB,2020-09-21 00:00:00,4.9300056,7.645000000000072,0.02758307889998695,45755,4576,0,0.0,True,,
2020-09-21-TeamB-789547e7-1325-4153-a98d-5ecd497f3668.parquet,TeamB-789547e7-1325-4153-a98d-5ecd497f3668,TeamB,2020-09-21 00:00:00,17.750016,124.56333333333338,3.7215566292998483,747290,74730,0,0.0,True,,
2020-09-21-TeamB-ab5ec6e5-b0f3-401e-8dc5-aa6c5070e255.parquet,TeamB-ab5ec6e5-b0f3-401e-8dc5-aa6c5070e255,TeamB,2020-09-21 00:00:00,27.1000224,135.07333333333335,6.2979439707999285,810375,81038,0,0.0,True,,
2020-09-21-TeamB-e4321aef-964a-4fdd-88bd-0bd548b0e93b.parquet,TeamB-e4321aef-964a-4fdd-88bd-0bd548b0e93b,TeamB,2020-09-21 00:00:00,24.980018400000002,129.1533333333334,5.95113619020011,774875,77488,0,0.0,True,,
2020-09-22-TeamB-29c5271b-5c46-455e-91ea-da2abfa8ff3c.parquet,TeamB-29c5271b-5c46-455e-91ea-da2abfa8ff3c,TeamB,2020-09-22 00:00:00,13.13001,3.8400000000000243,0.2752549461000205,22970,2298,0,0.0,True,,
2020-09-22-TeamB-2f23d7d5-2326-49ce-b9c8-5a6303f785c5.parquet,TeamB-2f23d7d5-2326-49ce-b9c8-5a6303f785c5,TeamB,2020-09-22 00:00:00,26.270020799999998,118.13499999999998,5.759333538199998,708745,70875,0,0.0,True,,
2020-09-22-TeamB-4405bb1f-56f7-48ba-bfa8-e795e4006952.parquet,TeamB-4405bb1f-56f7-48ba-bfa8-e795e4006952,TeamB,2020-09-22 00:00:00,26.5200228,104.52166666666672,6.094762413599896,626950,62696,0,0.0,True,,
2020-09-22-TeamB-48bfd4ea-e9e2-45b5-befc-3383cae87fdf.parquet,TeamB-48bfd4ea-e9e2-45b5-befc-3383cae87fdf,TeamB,2020-09-22 00:00:00,16.5400128,107.84000000000002,2.67161912520012,646950,64696,0,0.0,True,,
2020-09-22-TeamB-70b74270-f655-43cc-a188-1ebc7a828b95.parquet,TeamB-70b74270-f655-43cc-a188-1ebc7a828b95,TeamB,2020-09-22 00:00:00,24.4900188,101.42166666666671,6.313822592100012,608435,60844,0,0.0,True,,
2020-09-22-TeamB-789547e7-1325-4153-a98d-5ecd497f3668.parquet,TeamB-789547e7-1325-4153-a98d-5ecd497f3668,TeamB,2020-09-22 00:00:00,21.600018,117.17666666666665,3.431606390899935,702965,70297,0,0.0,True,,
2020-09-22-TeamB-ab5ec6e5-b0f3-401e-8dc5-aa6c5070e255.parquet,TeamB-ab5ec6e5-b0f3-401e-8dc5-aa6c5070e255,TeamB,2020-09-22 00:00:00,26.840023199999997,114.65,6.142594958499902,687865,68787,0,0.0,True,,
2020-09-22-TeamB-e4321aef-964a-4fdd-88bd-0bd548b0e93b.parquet,TeamB-e4321aef-964a-4fdd-88bd-0bd548b0e93b,TeamB,2020-09-22 00:00:00,25.5900204,110.40166666666664,6.088979348999728,662355,66236,0,0.0,True,,
2020-09-24-TeamB-29c5271b-5c46-455e-91ea-da2abfa8ff3c.parquet,TeamB-29c5271b-5c46-455e-91ea-da2abfa8ff3c,TeamB,2020-09-24 00:00:00,28.220022,114.98833333333339,6.744040712699691,689880,68989,0,0.0,True,,
2020-09-24-TeamB-2f23d7d5-2326-49ce-b9c8-5a6303f785c5.parquet,TeamB-2f23d7d5-2326-49ce-b9c8-5a6303f785c5,TeamB,2020-09-24 00:00:00,23.7100176,116.45666666666669,6.1006654691000834,698690,69870,0,0.0,True,,
2020-09-24-TeamB-4405bb1f-56f7-48ba-bfa8-e795e4006952.parquet,TeamB-4405bb1f-56f7-48ba-bfa8-e795e4006952,TeamB,2020-09-24 00:00:00,28.2300228,114.37166666666671,6.406037937799901,686150,68616,0,0.0,True,,
2020-09-24-TeamB-48bfd4ea-e9e2-45b5-befc-3383cae87fdf.parquet,TeamB-48bfd4ea-e9e2-45b5-befc-3383cae87fdf,TeamB,2020-09-24 00:00:00,17.5300128,109.62333333333336,4.032651318299951,657590,65760,0,0.0,True,,
2020-09-24-TeamB-70b74270-f655-43cc-a188-1ebc7a828b95.parquet,TeamB-70b74270-f655-43cc-a188-1ebc7a828b95,TeamB,2020-09-24 00:00:00,27.8100216,91.36666666666666,5.916809755400042,548119,54813,0,0.0,True,,
2020-09-24-TeamB-789547e7-1325-4153-a98d-5ecd497f3668.parquet,TeamB-789547e7-1325-4153-a98d-5ecd497f3668,TeamB,2020-09-24 00:00:00,18.2700144,123.41500000000002,4.138268068800056,740424,74043,0,0.0,True,,
2020-09-24-TeamB-9c845827-99f9-47f4-977d-2200a107a013.parquet,TeamB-9c845827-99f9-47f4-977d-2200a107a013,TeamB,2020-09-24 00:00:00,27.3900204,115.02333333333335,6.314961470400023,690090,69010,0,0.0,True,,
2020-09-24-TeamB-a7126274-c2d2-4f4e-9b67-35d376aefacc.parquet,TeamB-a7126274-c2d2-4f4e-9b67-35d376aefacc,TeamB,2020-09-24 00:00:00,26.8300224,120.69833333333335,6.411302111900009,724135,72414,0,0.0,True,,
2020-09-24-TeamB-ab5ec6e5-b0f3-401e-8dc5-aa6c5070e255.parquet,TeamB-ab5ec6e5-b0f3-401e-8dc5-aa6c5070e255,TeamB,2020-09-24 00:00:00,28.560024000000002,114.90500000000004,6.150993848099808,689350,68936,0,0.0,True,,
2020-09-24-TeamB-afc13e53-2c77-48cb-8a78-743663bbb84f.parquet,TeamB-afc13e53-2c77-48cb-8a78-743663bbb84f,TeamB,2020-09-24 00:00:00,28.0100232,109.25500000000005,6.428367689899829,655450,65546,0,0.0,True,,
2020-09-24-TeamB-e4321aef-964a-4fdd-88bd-0bd548b0e93b.parquet,TeamB-e4321aef-964a-4fdd-88bd-0bd548b0e93b,TeamB,2020-09-24 00:00:00,26.870022,117.4066666666667,6.646215630899888,704350,70436,0,0.0,True,,
2020-09-25-TeamB-29c5271b-5c46-455e-91ea-da2abfa8ff3c.parquet,TeamB-29c5271b-5c46-455e-91ea-da2abfa8ff3c,TeamB,2020-09-25 00:00:00,24.7600188,97.38333333333334,4.377454371900065,584255,58426,0,0.0,True,,
2020-09-25-TeamB-2f23d7d5-2326-49ce-b9c8-5a6303f785c5.parquet,TeamB-2f23d7d5-2326-49ce-b9c8-5a6303f785c5,TeamB,2020-09-25 00:00:00,26.120019600000003,92.95666666666669,4.568741475,557690,55770,0,0.0,True,,
2020-09-25-TeamB-4405bb1f-56f7-48ba-bfa8-e795e4006952.parquet,TeamB-4405bb1f-56f7-48ba-bfa8-e795e4006952,TeamB,2020-09-25 00:00:00,25.2600192,96.6066666666667,5.190992791000203,579580,57959,0,0.0,True,,
2020-09-25-TeamB-48bfd4ea-e9e2-45b5-befc-3383cae87fdf.parquet,TeamB-48bfd4ea-e9e2-45b5-befc-3383cae87fdf,TeamB,2020-09-25 00:00:00,19.3100148,111.48333333333333,3.3321501981999897,668779,66879,0,0.0,True,,
2020-09-25-TeamB-70b74270-f655-43cc-a188-1ebc7a828b95.parquet,TeamB-70b74270-f655-43cc-a188-1ebc7a828b95,TeamB,2020-09-25 00:00:00,26.4900204,92.12166666666671,6.293432303899767,552680,55269,0,0.0,True,,
2020-09-25-TeamB-789547e7-1325-4153-a98d-5ecd497f3668.parquet,TeamB-789547e7-1325-4153-a98d-5ecd497f3668,TeamB,2020-09-25 00:00:00,17.660012400000003,107.48333333333333,3.558558987299814,644835,64484,0,0.0,True,,
2020-09-25-TeamB-9c845827-99f9-47f4-977d-2200a107a013.parquet,TeamB-9c845827-99f9-47f4-977d-2200a107a013,TeamB,2020-09-25 00:00:00,26.770021200000002,93.85833333333333,4.347837128999965,563110,56312,0,0.0,True,,
2020-09-25-TeamB-ab691983-3544-4a0e-8f70-db44d85cb907.parquet,TeamB-ab691983-3544-4a0e-8f70-db44d85cb907,TeamB,2020-09-25 00:00:00,26.700022800000003,86.42166666666671,5.168394443099945,518430,51844,0,0.0,True,,
2020-09-25-TeamB-afc13e53-2c77-48cb-8a78-743663bbb84f.parquet,TeamB-afc13e53-2c77-48cb-8a78-743663bbb84f,TeamB,2020-09-25 00:00:00,24.7500216,88.15500000000004,5.128438029599935,528850,52886,0,0.0,True,,
2020-09-25-TeamB-e4321aef-964a-4fdd-88bd-0bd548b0e93b.parquet,TeamB-e4321aef-964a-4fdd-88bd-0bd548b0e93b,TeamB,2020-09-25 00:00:00,25.2200196,76.40333333333328,3.030712448000066,458310,45832,0,0.0,True,,
2020-09-26-TeamB-29c5271b-5c46-455e-91ea-da2abfa8ff3c.parquet,TeamB-29c5271b-5c46-455e-91ea-da2abfa8ff3c,TeamB,2020-09-26 00:00:00,23.9900184,81.74333333333331,3.254354581399988,490410,49042,0,0.0,True,,
2020-09-26-TeamB-2f23d7d5-2326-49ce-b9c8-5a6303f785c5.parquet,TeamB-2f23d7d5-2326-49ce-b9c8-5a6303f785c5,TeamB,2020-09-26 00:00:00,21.120015600000002,74.93833333333332,3.6679449052000663,449550,44956,0,0.0,True,,
2020-09-26-TeamB-4405bb1f-56f7-48ba-bfa8-e795e4006952.parquet,TeamB-4405bb1f-56f7-48ba-bfa8-e795e4006952,TeamB,2020-09-26 00:00:00,22.420018799999998,76.89000000000003,3.7846455663000595,461250,46126,0,0.0,True,,
2020-09-26-TeamB-48bfd4ea-e9e2-45b5-befc-3383cae87fdf.parquet,TeamB-48bfd4ea-e9e2-45b5-befc-3383cae87fdf,TeamB,2020-09-26 00:00:00,20.4200172,79.70999999999998,2.6234268498999445,478265,47827,1,2.0909128925688955e-05,True,,
2020-09-26-TeamB-789547e7-1325-4153-a98d-5ecd497f3668.parquet,TeamB-789547e7-1325-4153-a98d-5ecd497f3668,TeamB,2020-09-26 00:00:00,18.400014,79.09833333333336,2.652775766400037,474494,47450,0,0.0,True,,
2020-09-26-TeamB-9c845827-99f9-47f4-977d-2200a107a013.parquet,TeamB-9c845827-99f9-47f4-977d-2200a107a013,TeamB,2020-09-26 00:00:00,22.8800196,89.52166666666666,2.940641814000016,537080,53709,0,0.0,True,,
2020-09-26-TeamB-a7126274-c2d2-4f4e-9b67-35d376aefacc.parquet,TeamB-a7126274-c2d2-4f4e-9b67-35d376aefacc,TeamB,2020-09-26 00:00:00,22.840020000000003,84.9066666666667,2.7132463573000596,509380,50939,0,0.0,True,,
2020-09-26-TeamB-ab5ec6e5-b0f3-401e-8dc5-aa6c5070e255.parquet,TeamB-ab5ec6e5-b0f3-401e-8dc5-aa6c5070e255,TeamB,2020-09-26 00:00:00,24.790021199999998,81.72000000000001,2.5693462456000455,490260,49027,0,0.0,True,,
2020-09-26-TeamB-ab691983-3544-4a0e-8f70-db44d85cb907.parquet,TeamB-ab691983-3544-4a0e-8f70-db44d85cb907,TeamB,2020-09-26 00:00:00,28.3900212,77.28666666666673,3.7670180480000717,463635,46364,0,0.0,True,,
2020-09-26-TeamB-afc13e53-2c77-48cb-8a78-743663bbb84f.parquet,TeamB-afc13e53-2c77-48cb-8a78-743663bbb84f,TeamB,2020-09-26 00:00:00,23.110020000000002,80.20666666666669,3.043852744399857,481160,48117,0,0.0,True,,
2020-09-26-TeamB-e4321aef-964a-4fdd-88bd-0bd548b0e93b.parquet,TeamB-e4321aef-964a-4fdd-88bd-0bd548b0e93b,TeamB,2020-09-26 00:00:00,23.7700188,80.47000000000001,3.3388888061999826,482710,48272,0,0.0,True,,
2020-09-27-TeamB-29c5271b-5c46-455e-91ea-da2abfa8ff3c.parquet,TeamB-29c5271b-5c46-455e-91ea-da2abfa8ff3c,TeamB,2020-09-27 00:00:00,29.650024799999997,125.71333333333338,10.848545402199836,754235,75424,0,0.0,True,,
2020-09-27-TeamB-2f23d7d5-2326-49ce-b9c8-5a6303f785c5.parquet,TeamB-2f23d7d5-2326-49ce-b9c8-5a6303f785c5,TeamB,2020-09-27 00:00:00,27.4800204,125.61833333333331,10.130009001099989,753655,75366,0,0.0,True,,
2020-09-27-TeamB-4405bb1f-56f7-48ba-bfa8-e795e4006952.parquet,TeamB-4405bb1f-56f7-48ba-bfa8-e795e4006952,TeamB,2020-09-27 00:00:00,26.9400204,84.98666666666662,7.176013284400215,509840,50985,0,0.0,True,,
2020-09-27-TeamB-48bfd4ea-e9e2-45b5-befc-3383cae87fdf.parquet,TeamB-48bfd4ea-e9e2-45b5-befc-3383cae87fdf,TeamB,2020-09-27 00:00:00,22.4400168,122.00666666666669,5.640955388299959,731970,73198,0,0.0,True,,
2020-09-27-TeamB-70b74270-f655-43cc-a188-1ebc7a828b95.parquet,TeamB-70b74270-f655-43cc-a188-1ebc7a828b95,TeamB,2020-09-27 00:00:00,31.080024,82.02166666666672,8.100772635499927,491790,49180,0,0.0,True,,
2020-09-27-TeamB-9c845827-99f9-47f4-977d-2200a107a013.parquet,TeamB-9c845827-99f9-47f4-977d-2200a107a013,TeamB,2020-09-27 00:00:00,26.80002,47.38666666666674,3.466438631400002,284275,28428,0,0.0,True,,
2020-09-27-TeamB-ab5ec6e5-b0f3-401e-8dc5-aa6c5070e255.parquet,TeamB-ab5ec6e5-b0f3-401e-8dc5-aa6c5070e255,TeamB,2020-09-27 00:00:00,30.3200244,44.82833333333328,3.9424876240000524,268914,26892,0,0.0,True,,
2020-09-27-TeamB-ab691983-3544-4a0e-8f70-db44d85cb907.parquet,TeamB-ab691983-3544-4a0e-8f70-db44d85cb907,TeamB,2020-09-27 00:00:00,23.500018800000003,116.97166666666672,10.148390114299906,701730,70174,0,0.0,True,,
2020-09-27-TeamB-afc13e53-2c77-48cb-8a78-743663bbb84f.parquet,TeamB-afc13e53-2c77-48cb-8a78-743663bbb84f,TeamB,2020-09-27 00:00:00,29.9400228,110.9683333333333,8.726104801300085,665750,66576,0,0.0,True,,
2020-09-27-TeamB-e4321aef-964a-4fdd-88bd-0bd548b0e93b.parquet,TeamB-e4321aef-964a-4fdd-88bd-0bd548b0e93b,TeamB,2020-09-27 00:00:00,28.6600212,130.80666666666656,7.711691487600052,784755,78476,0,0.0,True,,
2020-09-29-TeamB-29c5271b-5c46-455e-91ea-da2abfa8ff3c.parquet,TeamB-29c5271b-5c46-455e-91ea-da2abfa8ff3c,TeamB,2020-09-29 00:00:00,17.8000128,78.08000000000006,2.93035264260004,468435,46844,0,0.0,True,,
2020-09-29-TeamB-4405bb1f-56f7-48ba-bfa8-e795e4006952.parquet,TeamB-4405bb1f-56f7-48ba-bfa8-e795e4006952,TeamB,2020-09-29 00:00:00,18.760014,76.34000000000002,2.8999201291999426,457950,45796,0,0.0,True,,
2020-09-29-TeamB-48bfd4ea-e9e2-45b5-befc-3383cae87fdf.parquet,TeamB-48bfd4ea-e9e2-45b5-befc-3383cae87fdf,TeamB,2020-09-29 00:00:00,18.120013200000002,75.65499999999993,2.0218749690002196,453930,45394,1,2.202982838763686e-05,True,,
2020-09-29-TeamB-789547e7-1325-4153-a98d-5ecd497f3668.parquet,TeamB-789547e7-1325-4153-a98d-5ecd497f3668,TeamB,2020-09-29 00:00:00,19.3800168,76.50833333333334,2.3088018786999993,458970,45898,0,0.0,True,,
2020-09-29-TeamB-9c845827-99f9-47f4-977d-2200a107a013.parquet,TeamB-9c845827-99f9-47f4-977d-2200a107a013,TeamB,2020-09-29 00:00:00,20.250018,79.5,2.787460864599959,476935,47694,0,0.0,True,,
2020-09-29-TeamB-a7126274-c2d2-4f4e-9b67-35d376aefacc.parquet,TeamB-a7126274-c2d2-4f4e-9b67-35d376aefacc,TeamB,2020-09-29 00:00:00,15.740013600000001,50.016666666666666,2.1592103537001166,300045,30005,0,0.0,True,,
2020-09-29-TeamB-ab5ec6e5-b0f3-401e-8dc5-aa6c5070e255.parquet,TeamB-ab5ec6e5-b0f3-401e-8dc5-aa6c5070e255,TeamB,2020-09-29 00:00:00,18.940014,77.17333333333336,3.0955025009000776,462980,46299,0,0.0,True,,
2020-09-30-TeamB-29c5271b-5c46-455e-91ea-da2abfa8ff3c.parquet,TeamB-29c5271b-5c46-455e-91ea-da2abfa8ff3c,TeamB,2020-09-30 00:00:00,23.9600196,130.07333333333335,7.2699661284998385,780380,78039,0,0.0,True,,
2020-09-30-TeamB-2f23d7d5-2326-49ce-b9c8-5a6303f785c5.parquet,TeamB-2f23d7d5-2326-49ce-b9c8-5a6303f785c5,TeamB,2020-09-30 00:00:00,25.5300192,130.53833333333338,7.657605349099971,783140,78315,0,0.0,True,,
2020-09-30-TeamB-4405bb1f-56f7-48ba-bfa8-e795e4006952.parquet,TeamB-4405bb1f-56f7-48ba-bfa8-e795e4006952,TeamB,2020-09-30 00:00:00,24.860019599999998,118.45500000000006,7.461423509000035,710650,71066,0,0.0,True,,
2020-09-30-TeamB-48bfd4ea-e9e2-45b5-befc-3383cae87fdf.parquet,TeamB-48bfd4ea-e9e2-45b5-befc-3383cae87fdf,TeamB,2020-09-30 00:00:00,17.3700144,132.28333333333333,3.9903565757002224,793625,79363,0,0.0,True,,
2020-09-30-TeamB-789547e7-1325-4153-a98d-5ecd497f3668.parquet,TeamB-789547e7-1325-4153-a98d-5ecd497f3668,TeamB,2020-09-30 00:00:00,19.720015200000002,121.2816666666667,3.9714632135000048,727595,72760,0,0.0,True,,
2020-09-30-TeamB-9c845827-99f9-47f4-977d-2200a107a013.parquet,TeamB-9c845827-99f9-47f4-977d-2200a107a013,TeamB,2020-09-30 00:00:00,25.27002,137.9066666666667,7.321026736599863,827390,82740,0,0.0,True,,
2020-09-30-TeamB-a7126274-c2d2-4f4e-9b67-35d376aefacc.parquet,TeamB-a7126274-c2d2-4f4e-9b67-35d376aefacc,TeamB,2020-09-30 00:00:00,24.030018,87.40500000000004,4.6124431586001045,524370,52438,0,0.0,True,,
2020-09-30-TeamB-ab5ec6e5-b0f3-401e-8dc5-aa6c5070e255.parquet,TeamB-ab5ec6e5-b0f3-401e-8dc5-aa6c5070e255,TeamB,2020-09-30 00:00:00,26.770021200000002,131.75500000000005,7.324157861500075,790480,79049,0,0.0,True,,
2020-09-30-TeamB-ab691983-3544-4a0e-8f70-db44d85cb907.parquet,TeamB-ab691983-3544-4a0e-8f70-db44d85cb907,TeamB,2020-09-30 00:00:00,24.0000192,130.30500000000004,7.346951204299879,781765,78177,0,0.0,True,,
2020-09-30-TeamB-e4321aef-964a-4fdd-88bd-0bd548b0e93b.parquet,TeamB-e4321aef-964a-4fdd-88bd-0bd548b0e93b,TeamB,2020-09-30 00:00:00,23.7200184,104.97666666666665,3.7382680094998286,629785,62979,0,0.0,True,,
2020-10-01-TeamB-29c5271b-5c46-455e-91ea-da2abfa8ff3c.parquet,TeamB-29c5271b-5c46-455e-91ea-da2abfa8ff3c,TeamB,2020-10-01 00:00:00,26.6700204,104.81500000000003,5.884403916200033,628845,62885,0,0.0,True,,
2020-10-01-TeamB-2f23d7d5-2326-49ce-b9c8-5a6303f785c5.parquet,TeamB-2f23d7d5-2326-49ce-b9c8-5a6303f785c5,TeamB,2020-10-01 00:00:00,25.8600204,103.59166666666667,6.049074596699981,621495,62150,0,0.0,True,,
2020-10-01-TeamB-4405bb1f-56f7-48ba-bfa8-e795e4006952.parquet,TeamB-4405bb1f-56f7-48ba-bfa8-e795e4006952,TeamB,2020-10-01 00:00:00,25.9600212,100.14000000000003,5.5697720028998825,600770,60078,0,0.0,True,,
2020-10-01-TeamB-48bfd4ea-e9e2-45b5-befc-3383cae87fdf.parquet,TeamB-48bfd4ea-e9e2-45b5-befc-3383cae87fdf,TeamB,2020-10-01 00:00:00,16.250014800000002,106.46833333333343,2.9094498695999644,638735,63874,0,0.0,True,,
2020-10-01-TeamB-70b74270-f655-43cc-a188-1ebc7a828b95.parquet,TeamB-70b74270-f655-43cc-a188-1ebc7a828b95,TeamB,2020-10-01 00:00:00,25.2300204,97.38833333333338,6.824302447299998,584100,58411,0,0.0,True,,
2020-10-01-TeamB-789547e7-1325-4153-a98d-5ecd497f3668.parquet,TeamB-789547e7-1325-4153-a98d-5ecd497f3668,TeamB,2020-10-01 00:00:00,18.1400148,106.94666666666672,3.3743549559000057,641605,64161,0,0.0,True,,
2020-10-01-TeamB-9c845827-99f9-47f4-977d-2200a107a013.parquet,TeamB-9c845827-99f9-47f4-977d-2200a107a013,TeamB,2020-10-01 00:00:00,24.9500196,115.35500000000005,4.577083970699914,692070,69208,0,0.0,True,,
2020-10-01-TeamB-ab5ec6e5-b0f3-401e-8dc5-aa6c5070e255.parquet,TeamB-ab5ec6e5-b0f3-401e-8dc5-aa6c5070e255,TeamB,2020-10-01 00:00:00,25.18002,73.6600000000001,3.796675565500196,441905,44191,0,0.0,True,,
2020-10-01-TeamB-afc13e53-2c77-48cb-8a78-743663bbb84f.parquet,TeamB-afc13e53-2c77-48cb-8a78-743663bbb84f,TeamB,2020-10-01 00:00:00,28.0900224,91.22333333333336,5.5567419820998145,547260,54727,0,0.0,True,,
2020-10-01-TeamB-e4321aef-964a-4fdd-88bd-0bd548b0e93b.parquet,TeamB-e4321aef-964a-4fdd-88bd-0bd548b0e93b,TeamB,2020-10-01 00:00:00,23.2100172,77.02333333333335,3.870472843500046,462070,46208,0,0.0,True,,
2020-10-02-TeamB-29c5271b-5c46-455e-91ea-da2abfa8ff3c.parquet,TeamB-29c5271b-5c46-455e-91ea-da2abfa8ff3c,TeamB,2020-10-02 00:00:00,27.230021999999998,117.42000000000002,6.1869941616998165,704460,70447,0,0.0,True,,
2020-10-02-TeamB-2f23d7d5-2326-49ce-b9c8-5a6303f785c5.parquet,TeamB-2f23d7d5-2326-49ce-b9c8-5a6303f785c5,TeamB,2020-10-02 00:00:00,26.390019600000002,115.57833333333335,5.761282710099807,693395,69340,0,0.0,True,,
2020-10-02-TeamB-4405bb1f-56f7-48ba-bfa8-e795e4006952.parquet,TeamB-4405bb1f-56f7-48ba-bfa8-e795e4006952,TeamB,2020-10-02 00:00:00,26.5400208,111.39000000000003,6.351935132900122,668270,66828,0,0.0,True,,
2020-10-02-TeamB-48bfd4ea-e9e2-45b5-befc-3383cae87fdf.parquet,TeamB-48bfd4ea-e9e2-45b5-befc-3383cae87fdf,TeamB,2020-10-02 00:00:00,17.9100144,114.58666666666667,3.7289752368999025,687440,68745,0,0.0,True,,
2020-10-02-TeamB-70b74270-f655-43cc-a188-1ebc7a828b95.parquet,TeamB-70b74270-f655-43cc-a188-1ebc7a828b95,TeamB,2020-10-02 00:00:00,26.35002,100.38833333333332,6.986372024300297,602140,60215,0,0.0,True,,
2020-10-02-TeamB-789547e7-1325-4153-a98d-5ecd497f3668.parquet,TeamB-789547e7-1325-4153-a98d-5ecd497f3668,TeamB,2020-10-02 00:00:00,20.4000156,113.35499999999999,3.905082330600131,680060,68007,0,0.0,True,,
2020-10-02-TeamB-9c845827-99f9-47f4-977d-2200a107a013.parquet,TeamB-9c845827-99f9-47f4-977d-2200a107a013,TeamB,2020-10-02 00:00:00,27.4700232,124.70499999999998,6.39420933080005,748185,74819,0,0.0,True,,
2020-10-02-TeamB-a7126274-c2d2-4f4e-9b67-35d376aefacc.parquet,TeamB-a7126274-c2d2-4f4e-9b67-35d376aefacc,TeamB,2020-10-02 00:00:00,25.430021999999997,91.90500000000004,5.636879548699948,551360,55137,0,0.0,True,,
2020-10-02-TeamB-ab5ec6e5-b0f3-401e-8dc5-aa6c5070e255.parquet,TeamB-ab5ec6e5-b0f3-401e-8dc5-aa6c5070e255,TeamB,2020-10-02 00:00:00,26.4800196,82.53833333333333,3.155482274900104,495180,49519,0,0.0,True,,
2020-10-02-TeamB-ab691983-3544-4a0e-8f70-db44d85cb907.parquet,TeamB-ab691983-3544-4a0e-8f70-db44d85cb907,TeamB,2020-10-02 00:00:00,28.750024800000002,118.78666666666668,6.654313690100018,712655,71266,0,0.0,True,,
2020-10-02-TeamB-afc13e53-2c77-48cb-8a78-743663bbb84f.parquet,TeamB-afc13e53-2c77-48cb-8a78-743663bbb84f,TeamB,2020-10-02 00:00:00,29.8300248,110.90499999999999,6.2520742023000615,665370,66538,0,0.0,True,,
2020-10-02-TeamB-e4321aef-964a-4fdd-88bd-0bd548b0e93b.parquet,TeamB-e4321aef-964a-4fdd-88bd-0bd548b0e93b,TeamB,2020-10-02 00:00:00,27.230021999999998,103.13833333333332,5.3189201280999026,618770,61878,0,0.0,True,,
2020-10-05-TeamB-29c5271b-5c46-455e-91ea-da2abfa8ff3c.parquet,TeamB-29c5271b-5c46-455e-91ea-da2abfa8ff3c,TeamB,2020-10-05 00:00:00,26.130020400000003,120.725,5.651070953699909,724305,72431,0,0.0,True,,
2020-10-05-TeamB-2f23d7d5-2326-49ce-b9c8-5a6303f785c5.parquet,TeamB-2f23d7d5-2326-49ce-b9c8-5a6303f785c5,TeamB,2020-10-05 00:00:00,25.0800192,118.12166666666671,5.890969746300054,708675,70868,0,0.0,True,,
2020-10-05-TeamB-4405bb1f-56f7-48ba-bfa8-e795e4006952.parquet,TeamB-4405bb1f-56f7-48ba-bfa8-e795e4006952,TeamB,2020-10-05 00:00:00,24.480017999999998,117.77166666666659,6.82063106339987,706545,70655,0,0.0,True,,
2020-10-05-TeamB-48bfd4ea-e9e2-45b5-befc-3383cae87fdf.parquet,TeamB-48bfd4ea-e9e2-45b5-befc-3383cae87fdf,TeamB,2020-10-05 00:00:00,18.310014000000002,135.5066666666667,4.732178834800212,812940,81295,0,0.0,True,,
2020-10-05-TeamB-70b74270-f655-43cc-a188-1ebc7a828b95.parquet,TeamB-70b74270-f655-43cc-a188-1ebc7a828b95,TeamB,2020-10-05 00:00:00,29.6100252,92.95666666666669,6.35014484400018,557520,55753,0,0.0,True,,
2020-10-05-TeamB-789547e7-1325-4153-a98d-5ecd497f3668.parquet,TeamB-789547e7-1325-4153-a98d-5ecd497f3668,TeamB,2020-10-05 00:00:00,19.280016,130.30666666666656,5.015846578200103,781765,78177,0,0.0,True,,
2020-10-05-TeamB-a7126274-c2d2-4f4e-9b67-35d376aefacc.parquet,TeamB-a7126274-c2d2-4f4e-9b67-35d376aefacc,TeamB,2020-10-05 00:00:00,27.7400232,114.74000000000002,6.311297312300024,688365,68837,0,0.0,True,,
2020-10-05-TeamB-ab5ec6e5-b0f3-401e-8dc5-aa6c5070e255.parquet,TeamB-ab5ec6e5-b0f3-401e-8dc5-aa6c5070e255,TeamB,2020-10-05 00:00:00,28.070020799999998,122.90499999999993,6.019024302500026,737355,73736,0,0.0,True,,
2020-10-05-TeamB-ab691983-3544-4a0e-8f70-db44d85cb907.parquet,TeamB-ab691983-3544-4a0e-8f70-db44d85cb907,TeamB,2020-10-05 00:00:00,24.530018400000003,110.62166666666671,5.753560758399864,663660,66367,0,0.0,True,,
2020-10-05-TeamB-afc13e53-2c77-48cb-8a78-743663bbb84f.parquet,TeamB-afc13e53-2c77-48cb-8a78-743663bbb84f,TeamB,2020-10-05 00:00:00,25.0600212,117.50333333333329,6.0151487387001135,704930,70494,0,0.0,True,,
2020-10-06-TeamB-29c5271b-5c46-455e-91ea-da2abfa8ff3c.parquet,TeamB-29c5271b-5c46-455e-91ea-da2abfa8ff3c,TeamB,2020-10-06 00:00:00,23.2400196,74.18666666666674,3.494380327699931,445075,44508,0,0.0,True,,
2020-10-06-TeamB-2f23d7d5-2326-49ce-b9c8-5a6303f785c5.parquet,TeamB-2f23d7d5-2326-49ce-b9c8-5a6303f785c5,TeamB,2020-10-06 00:00:00,22.610019599999998,72.79500000000007,3.198933418300071,436685,43669,0,0.0,True,,
2020-10-06-TeamB-4405bb1f-56f7-48ba-bfa8-e795e4006952.parquet,TeamB-4405bb1f-56f7-48ba-bfa8-e795e4006952,TeamB,2020-10-06 00:00:00,23.7900204,74.53833333333338,3.7869166738997238,447130,44714,0,0.0,True,,
2020-10-06-TeamB-70b74270-f655-43cc-a188-1ebc7a828b95.parquet,TeamB-70b74270-f655-43cc-a188-1ebc7a828b95,TeamB,2020-10-06 00:00:00,24.210018,72.19166666666666,3.617322640500144,432995,43300,0,0.0,True,,
2020-10-06-TeamB-789547e7-1325-4153-a98d-5ecd497f3668.parquet,TeamB-789547e7-1325-4153-a98d-5ecd497f3668,TeamB,2020-10-06 00:00:00,18.3400164,92.03333333333333,3.3008273930999286,552119,55213,0,0.0,True,,
2020-10-06-TeamB-9c845827-99f9-47f4-977d-2200a107a013.parquet,TeamB-9c845827-99f9-47f4-977d-2200a107a013,TeamB,2020-10-06 00:00:00,25.890019199999998,75.83833333333338,3.2873548844999867,454930,45494,0,0.0,True,,
2020-10-06-TeamB-ab5ec6e5-b0f3-401e-8dc5-aa6c5070e255.parquet,TeamB-ab5ec6e5-b0f3-401e-8dc5-aa6c5070e255,TeamB,2020-10-06 00:00:00,25.6400208,73.60333333333328,3.297261548499932,441570,44158,0,0.0,True,,
2020-10-06-TeamB-ab691983-3544-4a0e-8f70-db44d85cb907.parquet,TeamB-ab691983-3544-4a0e-8f70-db44d85cb907,TeamB,2020-10-06 00:00:00,23.120017200000003,72.50666666666669,3.7154518921000834,434970,43498,0,0.0,True,,
2020-10-06-TeamB-afc13e53-2c77-48cb-8a78-743663bbb84f.parquet,TeamB-afc13e53-2c77-48cb-8a78-743663bbb84f,TeamB,2020-10-06 00:00:00,24.1700184,75.24499999999995,3.402768311799914,451414,45142,0,0.0,True,,
2020-10-06-TeamB-e4321aef-964a-4fdd-88bd-0bd548b0e93b.parquet,TeamB-e4321aef-964a-4fdd-88bd-0bd548b0e93b,TeamB,2020-10-06 00:00:00,25.610022,79.88666666666661,3.7268257901001047,479255,47926,0,0.0,True,,
2020-10-07-TeamB-29c5271b-5c46-455e-91ea-da2abfa8ff3c.parquet,TeamB-29c5271b-5c46-455e-91ea-da2abfa8ff3c,TeamB,2020-10-07 00:00:00,27.040021199999998,156.50500000000005,14.767397725700055,938980,93899,0,0.0,True,,
2020-10-07-TeamB-2f23d7d5-2326-49ce-b9c8-5a6303f785c5.parquet,TeamB-2f23d7d5-2326-49ce-b9c8-5a6303f785c5,TeamB,2020-10-07 00:00:00,27.0200232,162.33333333333334,12.988594076599837,973849,97386,0,0.0,True,,
2020-10-07-TeamB-4405bb1f-56f7-48ba-bfa8-e795e4006952.parquet,TeamB-4405bb1f-56f7-48ba-bfa8-e795e4006952,TeamB,2020-10-07 00:00:00,27.0200232,158.96666666666667,14.11904053469996,953559,95356,0,0.0,True,,
2020-10-07-TeamB-70b74270-f655-43cc-a188-1ebc7a828b95.parquet,TeamB-70b74270-f655-43cc-a188-1ebc7a828b95,TeamB,2020-10-07 00:00:00,29.7200232,50.83833333333338,5.711790985400005,304870,30488,0,0.0,True,,
2020-10-07-TeamB-789547e7-1325-4153-a98d-5ecd497f3668.parquet,TeamB-789547e7-1325-4153-a98d-5ecd497f3668,TeamB,2020-10-07 00:00:00,21.710016000000003,156.48666666666674,7.024253737900214,938920,93893,1,1.0650534656839773e-05,True,,
2020-10-07-TeamB-9c845827-99f9-47f4-977d-2200a107a013.parquet,TeamB-9c845827-99f9-47f4-977d-2200a107a013,TeamB,2020-10-07 00:00:00,27.050022,113.5316666666667,6.96759199610006,681189,68120,1,1.468019201691158e-05,True,,
2020-10-07-TeamB-a7126274-c2d2-4f4e-9b67-35d376aefacc.parquet,TeamB-a7126274-c2d2-4f4e-9b67-35d376aefacc,TeamB,2020-10-07 00:00:00,27.4000212,33.97333333333336,2.50024506519985,203760,20377,0,0.0,True,,
2020-10-07-TeamB-ab5ec6e5-b0f3-401e-8dc5-aa6c5070e255.parquet,TeamB-ab5ec6e5-b0f3-401e-8dc5-aa6c5070e255,TeamB,2020-10-07 00:00:00,29.2900248,79.56500000000003,6.695604839099979,477310,47732,0,0.0,True,,
2020-10-07-TeamB-ab691983-3544-4a0e-8f70-db44d85cb907.parquet,TeamB-ab691983-3544-4a0e-8f70-db44d85cb907,TeamB,2020-10-07 00:00:00,27.9700236,163.22666666666663,13.387514940700028,979260,97927,0,0.0,True,,
2020-10-07-TeamB-afc13e53-2c77-48cb-8a78-743663bbb84f.parquet,TeamB-afc13e53-2c77-48cb-8a78-743663bbb84f,TeamB,2020-10-07 00:00:00,30.140024400000005,163.39833333333337,14.458390261799854,980300,98031,0,0.0,True,,
2020-10-07-TeamB-e4321aef-964a-4fdd-88bd-0bd548b0e93b.parquet,TeamB-e4321aef-964a-4fdd-88bd-0bd548b0e93b,TeamB,2020-10-07 00:00:00,28.310022,83.90500000000004,8.014049218999947,503360,50337,0,0.0,True,,
2020-10-08-TeamB-48bfd4ea-e9e2-45b5-befc-3383cae87fdf.parquet,TeamB-48bfd4ea-e9e2-45b5-befc-3383cae87fdf,TeamB,2020-10-08 00:00:00,15.9100128,73.92166666666671,1.9618626964999961,443450,44346,0,0.0,True,,
2020-10-08-TeamB-789547e7-1325-4153-a98d-5ecd497f3668.parquet,TeamB-789547e7-1325-4153-a98d-5ecd497f3668,TeamB,2020-10-08 00:00:00,16.3700136,67.14000000000003,1.9158396127999096,402720,40273,0,0.0,True,,
2020-10-08-TeamB-ab5ec6e5-b0f3-401e-8dc5-aa6c5070e255.parquet,TeamB-ab5ec6e5-b0f3-401e-8dc5-aa6c5070e255,TeamB,2020-10-08 00:00:00,18.3500136,60.971666666666714,1.927383500599866,365760,36577,0,0.0,True,,
2020-10-10-TeamB-29c5271b-5c46-455e-91ea-da2abfa8ff3c.parquet,TeamB-29c5271b-5c46-455e-91ea-da2abfa8ff3c,TeamB,2020-10-10 00:00:00,27.2100204,88.41999999999994,4.466496377200301,530460,53047,0,0.0,True,,
2020-10-10-TeamB-2f23d7d5-2326-49ce-b9c8-5a6303f785c5.parquet,TeamB-2f23d7d5-2326-49ce-b9c8-5a6303f785c5,TeamB,2020-10-10 00:00:00,21.0200184,98.0283333333334,4.5443325648999435,588065,58807,0,0.0,True,,
2020-10-10-TeamB-4405bb1f-56f7-48ba-bfa8-e795e4006952.parquet,TeamB-4405bb1f-56f7-48ba-bfa8-e795e4006952,TeamB,2020-10-10 00:00:00,23.830019999999998,81.42166666666671,3.9522195902000847,488420,48843,0,0.0,True,,
2020-10-10-TeamB-48bfd4ea-e9e2-45b5-befc-3383cae87fdf.parquet,TeamB-48bfd4ea-e9e2-45b5-befc-3383cae87fdf,TeamB,2020-10-10 00:00:00,15.800011200000002,96.31666666666666,2.560685693900024,577805,57781,0,0.0,True,,
2020-10-10-TeamB-ab5ec6e5-b0f3-401e-8dc5-aa6c5070e255.parquet,TeamB-ab5ec6e5-b0f3-401e-8dc5-aa6c5070e255,TeamB,2020-10-10 00:00:00,29.130022800000003,95.52666666666677,4.395851324799864,573105,57311,0,0.0,True,,
2020-10-10-TeamB-e4321aef-964a-4fdd-88bd-0bd548b0e93b.parquet,TeamB-e4321aef-964a-4fdd-88bd-0bd548b0e93b,TeamB,2020-10-10 00:00:00,25.4000196,94.89833333333335,5.115710513499982,569325,56933,0,0.0,True,,
2020-10-11-TeamB-48bfd4ea-e9e2-45b5-befc-3383cae87fdf.parquet,TeamB-48bfd4ea-e9e2-45b5-befc-3383cae87fdf,TeamB,2020-10-11 00:00:00,19.910016000000002,102.1566666666667,3.2058292711000775,612840,61285,0,0.0,True,,
2020-10-11-TeamB-9c845827-99f9-47f4-977d-2200a107a013.parquet,TeamB-9c845827-99f9-47f4-977d-2200a107a013,TeamB,2020-10-11 00:00:00,23.0600196,87.01666666666667,4.373223533900025,522019,52203,0,0.0,True,,
2020-10-11-TeamB-a7126274-c2d2-4f4e-9b67-35d376aefacc.parquet,TeamB-a7126274-c2d2-4f4e-9b67-35d376aefacc,TeamB,2020-10-11 00:00:00,22.1700168,93.99666666666666,4.926673417699987,563915,56392,0,0.0,True,,
2020-10-11-TeamB-ab5ec6e5-b0f3-401e-8dc5-aa6c5070e255.parquet,TeamB-ab5ec6e5-b0f3-401e-8dc5-aa6c5070e255,TeamB,2020-10-11 00:00:00,24.1500204,101.55499999999999,4.633572358000066,609255,60926,0,0.0,True,,
2020-10-11-TeamB-afc13e53-2c77-48cb-8a78-743663bbb84f.parquet,TeamB-afc13e53-2c77-48cb-8a78-743663bbb84f,TeamB,2020-10-11 00:00:00,27.6000228,101.47166666666665,4.7824899743999545,608770,60878,0,0.0,True,,
2020-10-13-TeamB-29c5271b-5c46-455e-91ea-da2abfa8ff3c.parquet,TeamB-29c5271b-5c46-455e-91ea-da2abfa8ff3c,TeamB,2020-10-13 00:00:00,25.920021600000002,113.53666666666662,5.467870795099854,681160,68117,0,0.0,True,,
2020-10-13-TeamB-2f23d7d5-2326-49ce-b9c8-5a6303f785c5.parquet,TeamB-2f23d7d5-2326-49ce-b9c8-5a6303f785c5,TeamB,2020-10-13 00:00:00,25.7100192,113.04833333333336,5.129740528099899,678195,67820,0,0.0,True,,
2020-10-13-TeamB-4405bb1f-56f7-48ba-bfa8-e795e4006952.parquet,TeamB-4405bb1f-56f7-48ba-bfa8-e795e4006952,TeamB,2020-10-13 00:00:00,24.2900208,108.01999999999995,6.305405357799934,648010,64802,0,0.0,True,,
2020-10-13-TeamB-48bfd4ea-e9e2-45b5-befc-3383cae87fdf.parquet,TeamB-48bfd4ea-e9e2-45b5-befc-3383cae87fdf,TeamB,2020-10-13 00:00:00,20.990016,129.34666666666672,4.5997609406001265,775980,77599,0,0.0,True,,
2020-10-13-TeamB-9c845827-99f9-47f4-977d-2200a107a013.parquet,TeamB-9c845827-99f9-47f4-977d-2200a107a013,TeamB,2020-10-13 00:00:00,24.4700208,99.64000000000003,6.104594642200225,597770,59778,0,0.0,True,,
2020-10-13-TeamB-a7126274-c2d2-4f4e-9b67-35d376aefacc.parquet,TeamB-a7126274-c2d2-4f4e-9b67-35d376aefacc,TeamB,2020-10-13 00:00:00,23.760018000000002,101.22333333333336,5.898198644700007,607255,60726,0,0.0,True,,
2020-10-13-TeamB-ab5ec6e5-b0f3-401e-8dc5-aa6c5070e255.parquet,TeamB-ab5ec6e5-b0f3-401e-8dc5-aa6c5070e255,TeamB,2020-10-13 00:00:00,25.790022,125.55666666666669,6.120672718300126,753270,75328,0,0.0,True,,
2020-10-13-TeamB-afc13e53-2c77-48cb-8a78-743663bbb84f.parquet,TeamB-afc13e53-2c77-48cb-8a78-743663bbb84f,TeamB,2020-10-13 00:00:00,25.730020800000002,114.04000000000002,6.1451299641000094,684150,68416,0,0.0,True,,
2020-10-13-TeamB-e4321aef-964a-4fdd-88bd-0bd548b0e93b.parquet,TeamB-e4321aef-964a-4fdd-88bd-0bd548b0e93b,TeamB,2020-10-13 00:00:00,24.4900188,80.875,3.8954045375000077,485175,48518,0,0.0,True,,
2020-10-14-TeamB-29c5271b-5c46-455e-91ea-da2abfa8ff3c.parquet,TeamB-29c5271b-5c46-455e-91ea-da2abfa8ff3c,TeamB,2020-10-14 00:00:00,27.8500212,91.8,5.295271223200063,550745,55075,0,0.0,True,,
2020-10-14-TeamB-2f23d7d5-2326-49ce-b9c8-5a6303f785c5.parquet,TeamB-2f23d7d5-2326-49ce-b9c8-5a6303f785c5,TeamB,2020-10-14 00:00:00,28.3000212,97.76333333333338,4.846952247399833,586505,58651,0,0.0,True,,
2020-10-14-TeamB-4405bb1f-56f7-48ba-bfa8-e795e4006952.parquet,TeamB-4405bb1f-56f7-48ba-bfa8-e795e4006952,TeamB,2020-10-14 00:00:00,26.580020400000002,97.67166666666671,5.830224143900043,585964,58597,0,0.0,True,,
2020-10-14-TeamB-48bfd4ea-e9e2-45b5-befc-3383cae87fdf.parquet,TeamB-48bfd4ea-e9e2-45b5-befc-3383cae87fdf,TeamB,2020-10-14 00:00:00,19.100016,97.6283333333334,2.5043306429000514,585685,58569,0,0.0,True,,
2020-10-14-TeamB-789547e7-1325-4153-a98d-5ecd497f3668.parquet,TeamB-789547e7-1325-4153-a98d-5ecd497f3668,TeamB,2020-10-14 00:00:00,18.7200144,90.63666666666674,2.8571834211999234,543820,54383,1,1.8388437350593946e-05,True,,
2020-10-14-TeamB-9c845827-99f9-47f4-977d-2200a107a013.parquet,TeamB-9c845827-99f9-47f4-977d-2200a107a013,TeamB,2020-10-14 00:00:00,30.570022800000004,103.6533333333334,5.148316927799958,621920,62193,1,1.6079238487265245e-05,True,,
2020-10-14-TeamB-a7126274-c2d2-4f4e-9b67-35d376aefacc.parquet,TeamB-a7126274-c2d2-4f4e-9b67-35d376aefacc,TeamB,2020-10-14 00:00:00,25.8400224,107.06999999999995,4.16677363030013,642340,64235,0,0.0,True,,
2020-10-14-TeamB-ab5ec6e5-b0f3-401e-8dc5-aa6c5070e255.parquet,TeamB-ab5ec6e5-b0f3-401e-8dc5-aa6c5070e255,TeamB,2020-10-14 00:00:00,26.390019600000002,96.03833333333338,2.934028210900061,576180,57619,0,0.0,True,,
2020-10-14-TeamB-ab691983-3544-4a0e-8f70-db44d85cb907.parquet,TeamB-ab691983-3544-4a0e-8f70-db44d85cb907,TeamB,2020-10-14 00:00:00,26.700022800000003,99.1533333333334,5.465228577900081,594845,59485,0,0.0,True,,
2020-10-14-TeamB-afc13e53-2c77-48cb-8a78-743663bbb84f.parquet,TeamB-afc13e53-2c77-48cb-8a78-743663bbb84f,TeamB,2020-10-14 00:00:00,27.1900224,98.02333333333335,5.546642518699959,588080,58809,0,0.0,True,,
2020-10-16-TeamB-29c5271b-5c46-455e-91ea-da2abfa8ff3c.parquet,TeamB-29c5271b-5c46-455e-91ea-da2abfa8ff3c,TeamB,2020-10-16 00:00:00,28.5400224,120.86833333333331,5.198572538099979,725175,72518,0,0.0,True,,
2020-10-16-TeamB-2f23d7d5-2326-49ce-b9c8-5a6303f785c5.parquet,TeamB-2f23d7d5-2326-49ce-b9c8-5a6303f785c5,TeamB,2020-10-16 00:00:00,24.6300192,105.85333333333341,4.901315900900112,635015,63502,0,0.0,True,,
2020-10-16-TeamB-4405bb1f-56f7-48ba-bfa8-e795e4006952.parquet,TeamB-4405bb1f-56f7-48ba-bfa8-e795e4006952,TeamB,2020-10-16 00:00:00,24.6900204,104.8566666666667,5.452662739300043,629020,62903,0,0.0,True,,
2020-10-16-TeamB-48bfd4ea-e9e2-45b5-befc-3383cae87fdf.parquet,TeamB-48bfd4ea-e9e2-45b5-befc-3383cae87fdf,TeamB,2020-10-16 00:00:00,22.2400188,123.82166666666672,4.241179541100026,742855,74286,0,0.0,True,,
2020-10-16-TeamB-70b74270-f655-43cc-a188-1ebc7a828b95.parquet,TeamB-70b74270-f655-43cc-a188-1ebc7a828b95,TeamB,2020-10-16 00:00:00,25.00002,92.45500000000006,5.922685880399977,554460,55447,0,0.0,True,,
2020-10-16-TeamB-789547e7-1325-4153-a98d-5ecd497f3668.parquet,TeamB-789547e7-1325-4153-a98d-5ecd497f3668,TeamB,2020-10-16 00:00:00,18.8100144,122.45833333333333,4.086239687400151,734675,73468,0,0.0,True,,
2020-10-16-TeamB-9c845827-99f9-47f4-977d-2200a107a013.parquet,TeamB-9c845827-99f9-47f4-977d-2200a107a013,TeamB,2020-10-16 00:00:00,27.7600212,113.47166666666672,4.022856863499865,680754,68076,0,0.0,True,,
2020-10-16-TeamB-a7126274-c2d2-4f4e-9b67-35d376aefacc.parquet,TeamB-a7126274-c2d2-4f4e-9b67-35d376aefacc,TeamB,2020-10-16 00:00:00,25.7700204,103.29166666666667,4.946833446900115,619685,61969,0,0.0,True,,
2020-10-16-TeamB-ab5ec6e5-b0f3-401e-8dc5-aa6c5070e255.parquet,TeamB-ab5ec6e5-b0f3-401e-8dc5-aa6c5070e255,TeamB,2020-10-16 00:00:00,21.6400176,40.053333333333285,1.2849946508000216,240270,24028,0,0.0,True,,
2020-10-16-TeamB-ab691983-3544-4a0e-8f70-db44d85cb907.parquet,TeamB-ab691983-3544-4a0e-8f70-db44d85cb907,TeamB,2020-10-16 00:00:00,23.8200192,112.42833333333341,5.339313757900093,674495,67450,0,0.0,True,,
2020-10-16-TeamB-afc13e53-2c77-48cb-8a78-743663bbb84f.parquet,TeamB-afc13e53-2c77-48cb-8a78-743663bbb84f,TeamB,2020-10-16 00:00:00,23.4800172,100.20333333333329,4.953243729900134,601160,60117,0,0.0,True,,
2020-10-16-TeamB-e4321aef-964a-4fdd-88bd-0bd548b0e93b.parquet,TeamB-e4321aef-964a-4fdd-88bd-0bd548b0e93b,TeamB,2020-10-16 00:00:00,25.5800196,103.36999999999995,5.340338198899974,620150,62016,0,0.0,True,,
2020-10-17-TeamB-29c5271b-5c46-455e-91ea-da2abfa8ff3c.parquet,TeamB-29c5271b-5c46-455e-91ea-da2abfa8ff3c,TeamB,2020-10-17 00:00:00,21.2900184,79.93833333333332,2.767404450500011,479580,47959,0,0.0,True,,
2020-10-17-TeamB-2f23d7d5-2326-49ce-b9c8-5a6303f785c5.parquet,TeamB-2f23d7d5-2326-49ce-b9c8-5a6303f785c5,TeamB,2020-10-17 00:00:00,25.7700204,68.89000000000003,2.5396812273000164,413270,41328,0,0.0,True,,
2020-10-17-TeamB-4405bb1f-56f7-48ba-bfa8-e795e4006952.parquet,TeamB-4405bb1f-56f7-48ba-bfa8-e795e4006952,TeamB,2020-10-17 00:00:00,22.710016800000002,57.65499999999999,2.6125765483000776,345860,34587,0,0.0,True,,
2020-10-17-TeamB-48bfd4ea-e9e2-45b5-befc-3383cae87fdf.parquet,TeamB-48bfd4ea-e9e2-45b5-befc-3383cae87fdf,TeamB,2020-10-17 00:00:00,18.6400152,69.42166666666665,2.1852614958001175,416460,41647,0,0.0,True,,
2020-10-17-TeamB-70b74270-f655-43cc-a188-1ebc7a828b95.parquet,TeamB-70b74270-f655-43cc-a188-1ebc7a828b95,TeamB,2020-10-17 00:00:00,22.2900192,59.50499999999999,2.802863375900024,356970,35698,0,0.0,True,,
2020-10-17-TeamB-789547e7-1325-4153-a98d-5ecd497f3668.parquet,TeamB-789547e7-1325-4153-a98d-5ecd497f3668,TeamB,2020-10-17 00:00:00,16.9900128,59.99500000000001,2.286969632700004,359905,35991,0,0.0,True,,
2020-10-17-TeamB-9c845827-99f9-47f4-977d-2200a107a013.parquet,TeamB-9c845827-99f9-47f4-977d-2200a107a013,TeamB,2020-10-17 00:00:00,21.700018800000002,71.73666666666662,2.776669467000016,430420,43043,1,2.323312113749361e-05,True,,
2020-10-17-TeamB-ab691983-3544-4a0e-8f70-db44d85cb907.parquet,TeamB-ab691983-3544-4a0e-8f70-db44d85cb907,TeamB,2020-10-17 00:00:00,21.8100168,67.39666666666666,2.7699080766998514,404290,40430,0,0.0,True,,
2020-10-17-TeamB-afc13e53-2c77-48cb-8a78-743663bbb84f.parquet,TeamB-afc13e53-2c77-48cb-8a78-743663bbb84f,TeamB,2020-10-17 00:00:00,22.920019200000002,65.07999999999998,2.630238795800009,390425,39043,0,0.0,True,,
2020-10-17-TeamB-e4321aef-964a-4fdd-88bd-0bd548b0e93b.parquet,TeamB-e4321aef-964a-4fdd-88bd-0bd548b0e93b,TeamB,2020-10-17 00:00:00,24.570018,59.42166666666665,1.368862770900027,356480,35649,0,0.0,True,,
2020-10-18-TeamB-29c5271b-5c46-455e-91ea-da2abfa8ff3c.parquet,TeamB-29c5271b-5c46-455e-91ea-da2abfa8ff3c,TeamB,2020-10-18 00:00:00,28.110024000000003,125.13166666666669,11.565228207799978,750735,75074,0,0.0,True,,
2020-10-18-TeamB-2f23d7d5-2326-49ce-b9c8-5a6303f785c5.parquet,TeamB-2f23d7d5-2326-49ce-b9c8-5a6303f785c5,TeamB,2020-10-18 00:00:00,28.9800216,122.40500000000004,10.491898452500058,734360,73437,0,0.0,True,,
2020-10-18-TeamB-4405bb1f-56f7-48ba-bfa8-e795e4006952.parquet,TeamB-4405bb1f-56f7-48ba-bfa8-e795e4006952,TeamB,2020-10-18 00:00:00,28.990022400000004,122.55666666666669,9.237339108000095,735260,73527,0,0.0,True,,
2020-10-18-TeamB-48bfd4ea-e9e2-45b5-befc-3383cae87fdf.parquet,TeamB-48bfd4ea-e9e2-45b5-befc-3383cae87fdf,TeamB,2020-10-18 00:00:00,20.0100168,119.88833333333338,5.980332051599988,719180,71919,0,0.0,True,,
2020-10-18-TeamB-70b74270-f655-43cc-a188-1ebc7a828b95.parquet,TeamB-70b74270-f655-43cc-a188-1ebc7a828b95,TeamB,2020-10-18 00:00:00,27.750024,43.17666666666676,4.0650849368000825,258985,25899,0,0.0,True,,
2020-10-18-TeamB-9c845827-99f9-47f4-977d-2200a107a013.parquet,TeamB-9c845827-99f9-47f4-977d-2200a107a013,TeamB,2020-10-18 00:00:00,23.9000184,47.47000000000007,2.6163526661999645,284820,28483,1,3.510989396812022e-05,True,,
2020-10-18-TeamB-ab691983-3544-4a0e-8f70-db44d85cb907.parquet,TeamB-ab691983-3544-4a0e-8f70-db44d85cb907,TeamB,2020-10-18 00:00:00,27.9600228,119.67666666666665,10.645583576899643,717975,71798,0,0.0,True,,
2020-10-18-TeamB-afc13e53-2c77-48cb-8a78-743663bbb84f.parquet,TeamB-afc13e53-2c77-48cb-8a78-743663bbb84f,TeamB,2020-10-18 00:00:00,28.0900224,122.49000000000002,9.450431224300115,734850,73486,0,0.0,True,,
2020-10-18-TeamB-e4321aef-964a-4fdd-88bd-0bd548b0e93b.parquet,TeamB-e4321aef-964a-4fdd-88bd-0bd548b0e93b,TeamB,2020-10-18 00:00:00,28.6600212,128.00166666666675,11.650352145500058,767965,76797,0,0.0,True,,
2020-10-21-TeamB-48bfd4ea-e9e2-45b5-befc-3383cae87fdf.parquet,TeamB-48bfd4ea-e9e2-45b5-befc-3383cae87fdf,TeamB,2020-10-21 00:00:00,16.170012,85.92166666666671,2.4542980953999405,515470,51548,0,0.0,True,,
2020-10-21-TeamB-789547e7-1325-4153-a98d-5ecd497f3668.parquet,TeamB-789547e7-1325-4153-a98d-5ecd497f3668,TeamB,2020-10-21 00:00:00,14.9400108,91.01333333333338,2.891573739400018,546015,54602,0,0.0,True,,
2020-10-21-TeamB-9c845827-99f9-47f4-977d-2200a107a013.parquet,TeamB-9c845827-99f9-47f4-977d-2200a107a013,TeamB,2020-10-21 00:00:00,20.360016,94.17000000000007,3.867008958400025,565020,56503,1,1.7698488549077907e-05,True,,
2020-10-21-TeamB-a7126274-c2d2-4f4e-9b67-35d376aefacc.parquet,TeamB-a7126274-c2d2-4f4e-9b67-35d376aefacc,TeamB,2020-10-21 00:00:00,22.8300192,84.85500000000005,3.0267866113000372,509060,50907,0,0.0,True,,
2020-10-21-TeamB-ab5ec6e5-b0f3-401e-8dc5-aa6c5070e255.parquet,TeamB-ab5ec6e5-b0f3-401e-8dc5-aa6c5070e255,TeamB,2020-10-21 00:00:00,20.8300176,73.59000000000002,3.2146245447000528,441220,44123,0,0.0,True,,
2020-10-22-TeamB-48bfd4ea-e9e2-45b5-befc-3383cae87fdf.parquet,TeamB-48bfd4ea-e9e2-45b5-befc-3383cae87fdf,TeamB,2020-10-22 00:00:00,20.970018,123.65833333333333,4.174115885300003,741855,74186,0,0.0,True,,
2020-10-22-TeamB-789547e7-1325-4153-a98d-5ecd497f3668.parquet,TeamB-789547e7-1325-4153-a98d-5ecd497f3668,TeamB,2020-10-22 00:00:00,27.2100204,119.27166666666672,4.393097993900039,715530,71554,0,0.0,True,,
2020-10-22-TeamB-9c845827-99f9-47f4-977d-2200a107a013.parquet,TeamB-9c845827-99f9-47f4-977d-2200a107a013,TeamB,2020-10-22 00:00:00,23.8100184,113.42333333333336,4.586103986400026,680330,68034,0,0.0,True,,
2020-10-22-TeamB-a7126274-c2d2-4f4e-9b67-35d376aefacc.parquet,TeamB-a7126274-c2d2-4f4e-9b67-35d376aefacc,TeamB,2020-10-22 00:00:00,26.9200224,128.01500000000001,6.3368198323001,768015,76802,0,0.0,True,,
2020-10-22-TeamB-ab5ec6e5-b0f3-401e-8dc5-aa6c5070e255.parquet,TeamB-ab5ec6e5-b0f3-401e-8dc5-aa6c5070e255,TeamB,2020-10-22 00:00:00,26.150022,118.42833333333328,6.593038656399797,710285,71029,0,0.0,True,,
2020-10-22-TeamB-e4321aef-964a-4fdd-88bd-0bd548b0e93b.parquet,TeamB-e4321aef-964a-4fdd-88bd-0bd548b0e93b,TeamB,2020-10-22 00:00:00,25.8300216,126.00666666666669,6.641518969600052,755995,75600,0,0.0,True,,
2020-10-23-TeamB-48bfd4ea-e9e2-45b5-befc-3383cae87fdf.parquet,TeamB-48bfd4ea-e9e2-45b5-befc-3383cae87fdf,TeamB,2020-10-23 00:00:00,16.5500136,101.61666666666666,2.603221829899973,609599,60961,0,0.0,True,,
2020-10-23-TeamB-789547e7-1325-4153-a98d-5ecd497f3668.parquet,TeamB-789547e7-1325-4153-a98d-5ecd497f3668,TeamB,2020-10-23 00:00:00,17.7900156,99.41999999999994,2.5965970980000135,596430,59644,0,0.0,True,,
2020-10-23-TeamB-9c845827-99f9-47f4-977d-2200a107a013.parquet,TeamB-9c845827-99f9-47f4-977d-2200a107a013,TeamB,2020-10-23 00:00:00,23.940018000000002,98.35500000000005,3.706444099200253,589940,58995,0,0.0,True,,
2020-10-23-TeamB-a7126274-c2d2-4f4e-9b67-35d376aefacc.parquet,TeamB-a7126274-c2d2-4f4e-9b67-35d376aefacc,TeamB,2020-10-23 00:00:00,24.1800192,86.43833333333338,4.190018942299967,518540,51855,0,0.0,True,,
2020-10-23-TeamB-ab5ec6e5-b0f3-401e-8dc5-aa6c5070e255.parquet,TeamB-ab5ec6e5-b0f3-401e-8dc5-aa6c5070e255,TeamB,2020-10-23 00:00:00,22.080016800000003,96.39666666666672,4.473818890400015,578105,57811,0,0.0,True,,
2020-10-23-TeamB-e4321aef-964a-4fdd-88bd-0bd548b0e93b.parquet,TeamB-e4321aef-964a-4fdd-88bd-0bd548b0e93b,TeamB,2020-10-23 00:00:00,24.7800204,96.5899999999999,4.3754354797000525,579485,57949,0,0.0,True,,
2020-10-26-TeamB-789547e7-1325-4153-a98d-5ecd497f3668.parquet,TeamB-789547e7-1325-4153-a98d-5ecd497f3668,TeamB,2020-10-26 00:00:00,20.8300176,109.71666666666667,4.280870410600101,658205,65821,0,0.0,True,,
2020-10-26-TeamB-9c845827-99f9-47f4-977d-2200a107a013.parquet,TeamB-9c845827-99f9-47f4-977d-2200a107a013,TeamB,2020-10-26 00:00:00,22.4900172,109.37166666666671,4.511070594400194,656080,65609,0,0.0,True,,
2020-10-26-TeamB-a7126274-c2d2-4f4e-9b67-35d376aefacc.parquet,TeamB-a7126274-c2d2-4f4e-9b67-35d376aefacc,TeamB,2020-10-26 00:00:00,13.650012,10.205000000000048,0.3643527979000202,61170,6118,0,0.0,True,,
2020-10-26-TeamB-ab5ec6e5-b0f3-401e-8dc5-aa6c5070e255.parquet,TeamB-ab5ec6e5-b0f3-401e-8dc5-aa6c5070e255,TeamB,2020-10-26 00:00:00,23.850018,113.98999999999991,5.994817333699856,683635,68364,0,0.0,True,,
2020-10-26-TeamB-e4321aef-964a-4fdd-88bd-0bd548b0e93b.parquet,TeamB-e4321aef-964a-4fdd-88bd-0bd548b0e93b,TeamB,2020-10-26 00:00:00,24.19002,106.31833333333331,5.22693087830006,637845,63785,0,0.0,True,,
2020-10-27-TeamB-4405bb1f-56f7-48ba-bfa8-e795e4006952.parquet,TeamB-4405bb1f-56f7-48ba-bfa8-e795e4006952,TeamB,2020-10-27 00:00:00,24.6900204,95.25,4.4488633205000925,571439,57145,0,0.0,True,,
2020-10-27-TeamB-48bfd4ea-e9e2-45b5-befc-3383cae87fdf.parquet,TeamB-48bfd4ea-e9e2-45b5-befc-3383cae87fdf,TeamB,2020-10-27 00:00:00,19.390014,108.93833333333338,4.000531859700199,653545,65355,0,0.0,True,,
2020-10-27-TeamB-789547e7-1325-4153-a98d-5ecd497f3668.parquet,TeamB-789547e7-1325-4153-a98d-5ecd497f3668,TeamB,2020-10-27 00:00:00,20.6900172,112.47333333333336,4.069413564899901,674740,67475,0,0.0,True,,
2020-10-27-TeamB-9c845827-99f9-47f4-977d-2200a107a013.parquet,TeamB-9c845827-99f9-47f4-977d-2200a107a013,TeamB,2020-10-27 00:00:00,20.630015999999998,99.04000000000002,3.1369058715998452,594160,59417,0,0.0,True,,
2020-10-27-TeamB-a7126274-c2d2-4f4e-9b67-35d376aefacc.parquet,TeamB-a7126274-c2d2-4f4e-9b67-35d376aefacc,TeamB,2020-10-27 00:00:00,22.1000184,92.64000000000003,3.4120027589000403,555740,55575,0,0.0,True,,
2020-10-27-TeamB-ab5ec6e5-b0f3-401e-8dc5-aa6c5070e255.parquet,TeamB-ab5ec6e5-b0f3-401e-8dc5-aa6c5070e255,TeamB,2020-10-27 00:00:00,27.750024,105.75999999999998,5.45240691110001,634335,63434,0,0.0,True,,
2020-10-27-TeamB-e4321aef-964a-4fdd-88bd-0bd548b0e93b.parquet,TeamB-e4321aef-964a-4fdd-88bd-0bd548b0e93b,TeamB,2020-10-27 00:00:00,29.9300256,111.1,5.89007253209998,666535,66654,0,0.0,True,,
2020-10-29-TeamB-29c5271b-5c46-455e-91ea-da2abfa8ff3c.parquet,TeamB-29c5271b-5c46-455e-91ea-da2abfa8ff3c,TeamB,2020-10-29 00:00:00,27.150022800000002,104.80500000000005,5.896511423299993,628770,62878,0,0.0,True,,
2020-10-29-TeamB-2f23d7d5-2326-49ce-b9c8-5a6303f785c5.parquet,TeamB-2f23d7d5-2326-49ce-b9c8-5a6303f785c5,TeamB,2020-10-29 00:00:00,23.690019600000003,108.95333333333329,5.869836679900069,653640,65365,0,0.0,True,,
2020-10-29-TeamB-4405bb1f-56f7-48ba-bfa8-e795e4006952.parquet,TeamB-4405bb1f-56f7-48ba-bfa8-e795e4006952,TeamB,2020-10-29 00:00:00,27.0800208,95.37166666666671,5.421512428799908,572130,57214,0,0.0,True,,
2020-10-29-TeamB-48bfd4ea-e9e2-45b5-befc-3383cae87fdf.parquet,TeamB-48bfd4ea-e9e2-45b5-befc-3383cae87fdf,TeamB,2020-10-29 00:00:00,23.92002,103.50333333333329,2.853123425900189,620920,62093,0,0.0,True,,
2020-10-29-TeamB-70b74270-f655-43cc-a188-1ebc7a828b95.parquet,TeamB-70b74270-f655-43cc-a188-1ebc7a828b95,TeamB,2020-10-29 00:00:00,28.100023200000003,96.24833333333336,4.888447557599936,577435,57744,0,0.0,True,,
2020-10-29-TeamB-789547e7-1325-4153-a98d-5ecd497f3668.parquet,TeamB-789547e7-1325-4153-a98d-5ecd497f3668,TeamB,2020-10-29 00:00:00,24.1500204,91.50500000000005,3.073039157000074,548930,54894,0,0.0,True,,
2020-10-29-TeamB-9c845827-99f9-47f4-977d-2200a107a013.parquet,TeamB-9c845827-99f9-47f4-977d-2200a107a013,TeamB,2020-10-29 00:00:00,25.940019600000003,144.71500000000003,6.187626655099904,868190,86820,0,0.0,True,,
2020-10-29-TeamB-a7126274-c2d2-4f4e-9b67-35d376aefacc.parquet,TeamB-a7126274-c2d2-4f4e-9b67-35d376aefacc,TeamB,2020-10-29 00:00:00,27.6200208,104.93166666666669,5.440056620599987,629504,62951,0,0.0,True,,
2020-10-29-TeamB-ab5ec6e5-b0f3-401e-8dc5-aa6c5070e255.parquet,TeamB-ab5ec6e5-b0f3-401e-8dc5-aa6c5070e255,TeamB,2020-10-29 00:00:00,27.420022799999998,106.47166666666672,6.6016506011999025,638760,63877,0,0.0,True,,
2020-10-29-TeamB-afc13e53-2c77-48cb-8a78-743663bbb84f.parquet,TeamB-afc13e53-2c77-48cb-8a78-743663bbb84f,TeamB,2020-10-29 00:00:00,27.040021199999998,102.62666666666676,5.9606531341998314,615705,61571,0,0.0,True,,
2020-10-29-TeamB-e4321aef-964a-4fdd-88bd-0bd548b0e93b.parquet,TeamB-e4321aef-964a-4fdd-88bd-0bd548b0e93b,TeamB,2020-10-29 00:00:00,25.970022,110.08166666666669,6.202044720300001,660435,66044,0,0.0,True,,
2020-10-30-TeamB-29c5271b-5c46-455e-91ea-da2abfa8ff3c.parquet,TeamB-29c5271b-5c46-455e-91ea-da2abfa8ff3c,TeamB,2020-10-30 00:00:00,25.9800192,96.41333333333338,4.9507831606999435,578425,57843,0,0.0,True,,
2020-10-30-TeamB-2f23d7d5-2326-49ce-b9c8-5a6303f785c5.parquet,TeamB-2f23d7d5-2326-49ce-b9c8-5a6303f785c5,TeamB,2020-10-30 00:00:00,30.880026,81.33666666666662,4.534015041100009,487935,48794,0,0.0,True,,
2020-10-30-TeamB-4405bb1f-56f7-48ba-bfa8-e795e4006952.parquet,TeamB-4405bb1f-56f7-48ba-bfa8-e795e4006952,TeamB,2020-10-30 00:00:00,23.5500192,84.48000000000005,5.155334998800048,506785,50679,0,0.0,True,,
2020-10-30-TeamB-48bfd4ea-e9e2-45b5-befc-3383cae87fdf.parquet,TeamB-48bfd4ea-e9e2-45b5-befc-3383cae87fdf,TeamB,2020-10-30 00:00:00,21.9100176,103.94666666666659,4.259735112600005,623585,62359,0,0.0,True,,
2020-10-30-TeamB-70b74270-f655-43cc-a188-1ebc7a828b95.parquet,TeamB-70b74270-f655-43cc-a188-1ebc7a828b95,TeamB,2020-10-30 00:00:00,27.2800224,79.34000000000002,4.939782875200053,475950,47596,0,0.0,True,,
2020-10-30-TeamB-789547e7-1325-4153-a98d-5ecd497f3668.parquet,TeamB-789547e7-1325-4153-a98d-5ecd497f3668,TeamB,2020-10-30 00:00:00,18.7800156,103.80999999999997,3.985263240300043,622774,62278,0,0.0,True,,
2020-10-30-TeamB-9c845827-99f9-47f4-977d-2200a107a013.parquet,TeamB-9c845827-99f9-47f4-977d-2200a107a013,TeamB,2020-10-30 00:00:00,24.250021200000003,93.33833333333338,4.282676792500055,559930,55994,0,0.0,True,,
2020-10-30-TeamB-a7126274-c2d2-4f4e-9b67-35d376aefacc.parquet,TeamB-a7126274-c2d2-4f4e-9b67-35d376aefacc,TeamB,2020-10-30 00:00:00,24.8800212,81.38166666666669,3.787401949200001,488205,48821,0,0.0,True,,
2020-10-30-TeamB-ab5ec6e5-b0f3-401e-8dc5-aa6c5070e255.parquet,TeamB-ab5ec6e5-b0f3-401e-8dc5-aa6c5070e255,TeamB,2020-10-30 00:00:00,27.1800216,94.68833333333338,5.265266193000312,568040,56805,0,0.0,True,,
2020-10-30-TeamB-ab691983-3544-4a0e-8f70-db44d85cb907.parquet,TeamB-ab691983-3544-4a0e-8f70-db44d85cb907,TeamB,2020-10-30 00:00:00,25.6800204,81.37166666666671,4.107435264099811,488130,48814,0,0.0,True,,
2020-10-30-TeamB-afc13e53-2c77-48cb-8a78-743663bbb84f.parquet,TeamB-afc13e53-2c77-48cb-8a78-743663bbb84f,TeamB,2020-10-30 00:00:00,27.0000216,93.43499999999997,5.427598539700164,560525,56053,0,0.0,True,,
2020-10-30-TeamB-e4321aef-964a-4fdd-88bd-0bd548b0e93b.parquet,TeamB-e4321aef-964a-4fdd-88bd-0bd548b0e93b,TeamB,2020-10-30 00:00:00,25.5600216,112.30666666666669,4.72544102859995,673775,67378,0,0.0,True,,
2020-10-31-TeamB-29c5271b-5c46-455e-91ea-da2abfa8ff3c.parquet,TeamB-29c5271b-5c46-455e-91ea-da2abfa8ff3c,TeamB,2020-10-31 00:00:00,27.8900208,83.33499999999998,2.8825376064000436,499944,49995,0,0.0,True,,
2020-10-31-TeamB-2f23d7d5-2326-49ce-b9c8-5a6303f785c5.parquet,TeamB-2f23d7d5-2326-49ce-b9c8-5a6303f785c5,TeamB,2020-10-31 00:00:00,20.5900164,76.14166666666667,2.432902527999845,456755,45676,0,0.0,True,,
2020-10-31-TeamB-4405bb1f-56f7-48ba-bfa8-e795e4006952.parquet,TeamB-4405bb1f-56f7-48ba-bfa8-e795e4006952,TeamB,2020-10-31 00:00:00,22.710016800000002,71.99000000000002,3.291042657200021,431845,43185,0,0.0,True,,
2020-10-31-TeamB-48bfd4ea-e9e2-45b5-befc-3383cae87fdf.parquet,TeamB-48bfd4ea-e9e2-45b5-befc-3383cae87fdf,TeamB,2020-10-31 00:00:00,15.6700116,84.04833333333336,2.1404467296001113,504205,50421,0,0.0,True,,
2020-10-31-TeamB-70b74270-f655-43cc-a188-1ebc7a828b95.parquet,TeamB-70b74270-f655-43cc-a188-1ebc7a828b95,TeamB,2020-10-31 00:00:00,23.2100172,72.15500000000004,3.3220115785001942,432855,43286,0,0.0,True,,
2020-10-31-TeamB-789547e7-1325-4153-a98d-5ecd497f3668.parquet,TeamB-789547e7-1325-4153-a98d-5ecd497f3668,TeamB,2020-10-31 00:00:00,20.2400172,82.12333333333336,2.258907380099815,492645,49265,0,0.0,True,,
2020-10-31-TeamB-9c845827-99f9-47f4-977d-2200a107a013.parquet,TeamB-9c845827-99f9-47f4-977d-2200a107a013,TeamB,2020-10-31 00:00:00,22.5600192,76.33833333333338,2.848712861399892,457920,45793,0,0.0,True,,
2020-10-31-TeamB-ab5ec6e5-b0f3-401e-8dc5-aa6c5070e255.parquet,TeamB-ab5ec6e5-b0f3-401e-8dc5-aa6c5070e255,TeamB,2020-10-31 00:00:00,25.5700188,84.75500000000005,3.4782711432000677,508450,50846,0,0.0,True,,
2020-10-31-TeamB-ab691983-3544-4a0e-8f70-db44d85cb907.parquet,TeamB-ab691983-3544-4a0e-8f70-db44d85cb907,TeamB,2020-10-31 00:00:00,20.3300172,81.63500000000009,2.8744026108998306,489825,48983,1,2.0415662896574252e-05,True,,
2020-10-31-TeamB-afc13e53-2c77-48cb-8a78-743663bbb84f.parquet,TeamB-afc13e53-2c77-48cb-8a78-743663bbb84f,TeamB,2020-10-31 00:00:00,24.530018400000003,74.54000000000002,3.1872725823000074,447140,44715,0,0.0,True,,
2020-10-31-TeamB-e4321aef-964a-4fdd-88bd-0bd548b0e93b.parquet,TeamB-e4321aef-964a-4fdd-88bd-0bd548b0e93b,TeamB,2020-10-31 00:00:00,24.0000192,75.62333333333324,3.3662485498999106,453695,45370,0,0.0,True,,
2020-11-01-TeamB-29c5271b-5c46-455e-91ea-da2abfa8ff3c.parquet,TeamB-29c5271b-5c46-455e-91ea-da2abfa8ff3c,TeamB,2020-11-01 00:00:00,28.290024000000003,57.74166666666667,5.797423551300042,346395,34640,0,0.0,True,,
2020-11-01-TeamB-2f23d7d5-2326-49ce-b9c8-5a6303f785c5.parquet,TeamB-2f23d7d5-2326-49ce-b9c8-5a6303f785c5,TeamB,2020-11-01 00:00:00,29.410023600000002,119.05333333333341,10.36440945809984,714215,71422,0,0.0,True,,
2020-11-01-TeamB-4405bb1f-56f7-48ba-bfa8-e795e4006952.parquet,TeamB-4405bb1f-56f7-48ba-bfa8-e795e4006952,TeamB,2020-11-01 00:00:00,25.3700208,121.6433333333333,11.047663611799805,729765,72977,0,0.0,True,,
2020-11-01-TeamB-48bfd4ea-e9e2-45b5-befc-3383cae87fdf.parquet,TeamB-48bfd4ea-e9e2-45b5-befc-3383cae87fdf,TeamB,2020-11-01 00:00:00,21.330018,116.51166666666661,5.935178688600004,699085,69909,1,1.4304514504777708e-05,True,,
2020-11-01-TeamB-70b74270-f655-43cc-a188-1ebc7a828b95.parquet,TeamB-70b74270-f655-43cc-a188-1ebc7a828b95,TeamB,2020-11-01 00:00:00,31.0200264,119.44333333333343,11.471291452699989,716515,71652,0,0.0,True,,
2020-11-01-TeamB-9c845827-99f9-47f4-977d-2200a107a013.parquet,TeamB-9c845827-99f9-47f4-977d-2200a107a013,TeamB,2020-11-01 00:00:00,25.790022,45.645000000000074,3.3405710280999474,273870,27388,1,3.651367437105196e-05,True,,
2020-11-01-TeamB-a7126274-c2d2-4f4e-9b67-35d376aefacc.parquet,TeamB-a7126274-c2d2-4f4e-9b67-35d376aefacc,TeamB,2020-11-01 00:00:00,30.0300228,62.67333333333336,5.207586966599969,375960,37597,0,0.0,True,,
2020-11-01-TeamB-ab5ec6e5-b0f3-401e-8dc5-aa6c5070e255.parquet,TeamB-ab5ec6e5-b0f3-401e-8dc5-aa6c5070e255,TeamB,2020-11-01 00:00:00,28.400022,20.60666666666669,1.4426361590999721,123560,12357,0,0.0,True,,
2020-11-01-TeamB-ab691983-3544-4a0e-8f70-db44d85cb907.parquet,TeamB-ab691983-3544-4a0e-8f70-db44d85cb907,TeamB,2020-11-01 00:00:00,23.9300208,116.73666666666674,10.397145322100037,700325,70033,0,0.0,True,,
2020-11-01-TeamB-afc13e53-2c77-48cb-8a78-743663bbb84f.parquet,TeamB-afc13e53-2c77-48cb-8a78-743663bbb84f,TeamB,2020-11-01 00:00:00,29.510024400000002,90.21666666666667,7.867883276500137,541225,54123,0,0.0,True,,
2020-11-01-TeamB-e4321aef-964a-4fdd-88bd-0bd548b0e93b.parquet,TeamB-e4321aef-964a-4fdd-88bd-0bd548b0e93b,TeamB,2020-11-01 00:00:00,28.3900212,121.09666666666672,11.755368624400003,726515,72652,0,0.0,True,,
2020-11-02-TeamB-48bfd4ea-e9e2-45b5-befc-3383cae87fdf.parquet,TeamB-48bfd4ea-e9e2-45b5-befc-3383cae87fdf,TeamB,2020-11-02 00:00:00,20.6200152,79.02166666666672,2.54995373140001,474030,47404,0,0.0,True,,
2020-11-02-TeamB-789547e7-1325-4153-a98d-5ecd497f3668.parquet,TeamB-789547e7-1325-4153-a98d-5ecd497f3668,TeamB,2020-11-02 00:00:00,21.8300184,77.53166666666657,3.0545052424000496,465115,46512,0,0.0,True,,
2020-11-02-TeamB-9c845827-99f9-47f4-977d-2200a107a013.parquet,TeamB-9c845827-99f9-47f4-977d-2200a107a013,TeamB,2020-11-02 00:00:00,24.3600192,73.49000000000002,3.646335447799916,440860,44087,0,0.0,True,,
2020-11-02-TeamB-ab5ec6e5-b0f3-401e-8dc5-aa6c5070e255.parquet,TeamB-ab5ec6e5-b0f3-401e-8dc5-aa6c5070e255,TeamB,2020-11-02 00:00:00,24.2700192,69.28833333333338,3.370544387600032,415675,41568,0,0.0,True,,
2020-11-03-TeamB-29c5271b-5c46-455e-91ea-da2abfa8ff3c.parquet,TeamB-29c5271b-5c46-455e-91ea-da2abfa8ff3c,TeamB,2020-11-03 00:00:00,28.990022400000004,82.9066666666667,2.809373939399928,497390,49740,0,0.0,True,,
2020-11-03-TeamB-2f23d7d5-2326-49ce-b9c8-5a6303f785c5.parquet,TeamB-2f23d7d5-2326-49ce-b9c8-5a6303f785c5,TeamB,2020-11-03 00:00:00,23.3400204,84.29666666666671,2.9469210003999016,505695,50570,0,0.0,True,,
2020-11-03-TeamB-4405bb1f-56f7-48ba-bfa8-e795e4006952.parquet,TeamB-4405bb1f-56f7-48ba-bfa8-e795e4006952,TeamB,2020-11-03 00:00:00,22.1900184,74.93833333333338,3.13743447700011,449540,44955,0,0.0,True,,
2020-11-03-TeamB-48bfd4ea-e9e2-45b5-befc-3383cae87fdf.parquet,TeamB-48bfd4ea-e9e2-45b5-befc-3383cae87fdf,TeamB,2020-11-03 00:00:00,20.790018,88.35333333333341,2.1755603719999237,530025,53003,0,0.0,True,,
2020-11-03-TeamB-70b74270-f655-43cc-a188-1ebc7a828b95.parquet,TeamB-70b74270-f655-43cc-a188-1ebc7a828b95,TeamB,2020-11-03 00:00:00,24.0900192,64.52333333333335,2.9428893157,387070,38708,0,0.0,True,,
2020-11-03-TeamB-789547e7-1325-4153-a98d-5ecd497f3668.parquet,TeamB-789547e7-1325-4153-a98d-5ecd497f3668,TeamB,2020-11-03 00:00:00,17.950014,84.00666666666669,2.3024588071999355,504045,50405,1,1.9839695262280773e-05,True,,
2020-11-03-TeamB-9c845827-99f9-47f4-977d-2200a107a013.parquet,TeamB-9c845827-99f9-47f4-977d-2200a107a013,TeamB,2020-11-03 00:00:00,23.4600192,75.55333333333328,3.318270740699844,453220,45323,0,0.0,True,,
2020-11-03-TeamB-a7126274-c2d2-4f4e-9b67-35d376aefacc.parquet,TeamB-a7126274-c2d2-4f4e-9b67-35d376aefacc,TeamB,2020-11-03 00:00:00,24.8900184,75.95,2.8390150780999037,455599,45561,0,0.0,True,,
2020-11-03-TeamB-ab5ec6e5-b0f3-401e-8dc5-aa6c5070e255.parquet,TeamB-ab5ec6e5-b0f3-401e-8dc5-aa6c5070e255,TeamB,2020-11-03 00:00:00,24.3500184,82.02333333333335,2.8741031608999448,492050,49206,0,0.0,True,,
2020-11-03-TeamB-ab691983-3544-4a0e-8f70-db44d85cb907.parquet,TeamB-ab691983-3544-4a0e-8f70-db44d85cb907,TeamB,2020-11-03 00:00:00,23.0800176,77.5783333333334,3.526402841400164,465415,46542,0,0.0,True,,
2020-11-03-TeamB-afc13e53-2c77-48cb-8a78-743663bbb84f.parquet,TeamB-afc13e53-2c77-48cb-8a78-743663bbb84f,TeamB,2020-11-03 00:00:00,23.0300172,92.38000000000005,3.737200248499973,554190,55420,0,0.0,True,,
2020-11-03-TeamB-e4321aef-964a-4fdd-88bd-0bd548b0e93b.parquet,TeamB-e4321aef-964a-4fdd-88bd-0bd548b0e93b,TeamB,2020-11-03 00:00:00,24.6500208,70.22999999999993,2.8870623254000565,421315,42132,0,0.0,True,,
2020-11-04-TeamB-29c5271b-5c46-455e-91ea-da2abfa8ff3c.parquet,TeamB-29c5271b-5c46-455e-91ea-da2abfa8ff3c,TeamB,2020-11-04 00:00:00,27.490021199999997,66.39500000000007,5.396751851999799,398275,39828,0,0.0,True,,
2020-11-04-TeamB-2f23d7d5-2326-49ce-b9c8-5a6303f785c5.parquet,TeamB-2f23d7d5-2326-49ce-b9c8-5a6303f785c5,TeamB,2020-11-04 00:00:00,26.110022400000002,98.70666666666669,8.311720313899825,592160,59217,0,0.0,True,,
2020-11-04-TeamB-4405bb1f-56f7-48ba-bfa8-e795e4006952.parquet,TeamB-4405bb1f-56f7-48ba-bfa8-e795e4006952,TeamB,2020-11-04 00:00:00,23.56002,26.88833333333338,1.8803392868999496,161260,16127,0,0.0,True,,
2020-11-04-TeamB-48bfd4ea-e9e2-45b5-befc-3383cae87fdf.parquet,TeamB-48bfd4ea-e9e2-45b5-befc-3383cae87fdf,TeamB,2020-11-04 00:00:00,25.470021600000003,118.54333333333331,10.43660646210016,711265,71127,1,1.405955628040379e-05,True,,
2020-11-04-TeamB-789547e7-1325-4153-a98d-5ecd497f3668.parquet,TeamB-789547e7-1325-4153-a98d-5ecd497f3668,TeamB,2020-11-04 00:00:00,19.7800164,124.98666666666662,3.961696264900048,749820,74983,0,0.0,True,,
2020-11-04-TeamB-9c845827-99f9-47f4-977d-2200a107a013.parquet,TeamB-9c845827-99f9-47f4-977d-2200a107a013,TeamB,2020-11-04 00:00:00,26.0400204,127.87166666666671,9.439742331300025,767120,76713,0,0.0,True,,
2020-11-04-TeamB-ab5ec6e5-b0f3-401e-8dc5-aa6c5070e255.parquet,TeamB-ab5ec6e5-b0f3-401e-8dc5-aa6c5070e255,TeamB,2020-11-04 00:00:00,27.2600208,117.54333333333344,10.069755889699888,705175,70518,0,0.0,True,,
2020-11-04-TeamB-afc13e53-2c77-48cb-8a78-743663bbb84f.parquet,TeamB-afc13e53-2c77-48cb-8a78-743663bbb84f,TeamB,2020-11-04 00:00:00,26.960022000000002,84.01666666666667,6.550622773300002,504004,50401,0,0.0,True,,
2020-11-04-TeamB-e4321aef-964a-4fdd-88bd-0bd548b0e93b.parquet,TeamB-e4321aef-964a-4fdd-88bd-0bd548b0e93b,TeamB,2020-11-04 00:00:00,25.8500196,63.30166666666676,6.1811041497999195,379655,37966,0,0.0,True,,
2020-11-05-TeamB-70b74270-f655-43cc-a188-1ebc7a828b95.parquet,TeamB-70b74270-f655-43cc-a188-1ebc7a828b95,TeamB,2020-11-05 00:00:00,26.6700204,66.77833333333328,3.8531683835000368,400590,40060,0,0.0,True,,
2020-11-05-TeamB-a7126274-c2d2-4f4e-9b67-35d376aefacc.parquet,TeamB-a7126274-c2d2-4f4e-9b67-35d376aefacc,TeamB,2020-11-05 00:00:00,22.320018,82.48166666666657,3.671525190599855,494815,49482,0,0.0,True,,
2020-11-05-TeamB-ab691983-3544-4a0e-8f70-db44d85cb907.parquet,TeamB-ab691983-3544-4a0e-8f70-db44d85cb907,TeamB,2020-11-05 00:00:00,21.2200164,66.4816666666667,3.3982177320998397,398794,39880,0,0.0,True,,
2020-11-06-TeamB-29c5271b-5c46-455e-91ea-da2abfa8ff3c.parquet,TeamB-29c5271b-5c46-455e-91ea-da2abfa8ff3c,TeamB,2020-11-06 00:00:00,22.6000188,78.92166666666671,3.391310787899809,473460,47347,0,0.0,True,,
2020-11-06-TeamB-2f23d7d5-2326-49ce-b9c8-5a6303f785c5.parquet,TeamB-2f23d7d5-2326-49ce-b9c8-5a6303f785c5,TeamB,2020-11-06 00:00:00,22.9800168,86.84000000000002,3.670761863499955,520960,52097,0,0.0,True,,
2020-11-06-TeamB-4405bb1f-56f7-48ba-bfa8-e795e4006952.parquet,TeamB-4405bb1f-56f7-48ba-bfa8-e795e4006952,TeamB,2020-11-06 00:00:00,20.6200152,87.25999999999998,3.588829839999959,523485,52349,0,0.0,True,,
2020-11-06-TeamB-48bfd4ea-e9e2-45b5-befc-3383cae87fdf.parquet,TeamB-48bfd4ea-e9e2-45b5-befc-3383cae87fdf,TeamB,2020-11-06 00:00:00,18.7200144,88.48666666666674,2.301559362599888,530920,53093,1,1.8835229413094253e-05,True,,
2020-11-06-TeamB-70b74270-f655-43cc-a188-1ebc7a828b95.parquet,TeamB-70b74270-f655-43cc-a188-1ebc7a828b95,TeamB,2020-11-06 00:00:00,24.10002,76.34333333333343,3.5744726046000204,457985,45799,0,0.0,True,,
2020-11-06-TeamB-789547e7-1325-4153-a98d-5ecd497f3668.parquet,TeamB-789547e7-1325-4153-a98d-5ecd497f3668,TeamB,2020-11-06 00:00:00,17.9600148,88.65166666666664,2.34733189929999,531814,53182,0,0.0,True,,
2020-11-06-TeamB-a7126274-c2d2-4f4e-9b67-35d376aefacc.parquet,TeamB-a7126274-c2d2-4f4e-9b67-35d376aefacc,TeamB,2020-11-06 00:00:00,23.070016799999998,86.24833333333336,2.011714129600041,517425,51743,0,0.0,True,,
2020-11-06-TeamB-ab5ec6e5-b0f3-401e-8dc5-aa6c5070e255.parquet,TeamB-ab5ec6e5-b0f3-401e-8dc5-aa6c5070e255,TeamB,2020-11-06 00:00:00,26.35002,88.74666666666671,3.3324926854000916,532395,53240,0,0.0,True,,
2020-11-06-TeamB-ab691983-3544-4a0e-8f70-db44d85cb907.parquet,TeamB-ab691983-3544-4a0e-8f70-db44d85cb907,TeamB,2020-11-06 00:00:00,23.2700184,80.02000000000007,3.995414892100064,480025,48003,0,0.0,True,,
2020-11-06-TeamB-afc13e53-2c77-48cb-8a78-743663bbb84f.parquet,TeamB-afc13e53-2c77-48cb-8a78-743663bbb84f,TeamB,2020-11-06 00:00:00,20.3100156,53.975,1.6023799050999654,323755,32376,0,0.0,True,,
2020-11-06-TeamB-e4321aef-964a-4fdd-88bd-0bd548b0e93b.parquet,TeamB-e4321aef-964a-4fdd-88bd-0bd548b0e93b,TeamB,2020-11-06 00:00:00,23.450018399999998,85.3283333333334,3.462708627900116,511795,51180,0,0.0,True,,
2020-11-07-TeamB-29c5271b-5c46-455e-91ea-da2abfa8ff3c.parquet,TeamB-29c5271b-5c46-455e-91ea-da2abfa8ff3c,TeamB,2020-11-07 00:00:00,29.7200232,133.50500000000005,11.103200325199976,800940,80095,0,0.0,True,,
2020-11-07-TeamB-2f23d7d5-2326-49ce-b9c8-5a6303f785c5.parquet,TeamB-2f23d7d5-2326-49ce-b9c8-5a6303f785c5,TeamB,2020-11-07 00:00:00,28.7300232,132.24166666666667,10.352401395799836,793400,79341,0,0.0,True,,
2020-11-07-TeamB-4405bb1f-56f7-48ba-bfa8-e795e4006952.parquet,TeamB-4405bb1f-56f7-48ba-bfa8-e795e4006952,TeamB,2020-11-07 00:00:00,27.4800204,133.00500000000005,10.577673524100101,797960,79797,0,0.0,True,,
2020-11-07-TeamB-48bfd4ea-e9e2-45b5-befc-3383cae87fdf.parquet,TeamB-48bfd4ea-e9e2-45b5-befc-3383cae87fdf,TeamB,2020-11-07 00:00:00,23.0100192,129.0,6.113866602599863,773919,77393,0,0.0,True,,
2020-11-07-TeamB-70b74270-f655-43cc-a188-1ebc7a828b95.parquet,TeamB-70b74270-f655-43cc-a188-1ebc7a828b95,TeamB,2020-11-07 00:00:00,30.800023200000002,132.90333333333328,11.519171490900261,797330,79734,0,0.0,True,,
2020-11-07-TeamB-9c845827-99f9-47f4-977d-2200a107a013.parquet,TeamB-9c845827-99f9-47f4-977d-2200a107a013,TeamB,2020-11-07 00:00:00,27.1000224,132.3383333333334,3.746010813999884,793950,79396,0,0.0,True,,
2020-11-07-TeamB-a7126274-c2d2-4f4e-9b67-35d376aefacc.parquet,TeamB-a7126274-c2d2-4f4e-9b67-35d376aefacc,TeamB,2020-11-07 00:00:00,29.280024,133.72333333333336,10.266457158599929,802260,80227,0,0.0,True,,
2020-11-07-TeamB-ab691983-3544-4a0e-8f70-db44d85cb907.parquet,TeamB-ab691983-3544-4a0e-8f70-db44d85cb907,TeamB,2020-11-07 00:00:00,27.6300216,132.37166666666673,10.57382212679982,794150,79416,0,0.0,True,,
2020-11-07-TeamB-afc13e53-2c77-48cb-8a78-743663bbb84f.parquet,TeamB-afc13e53-2c77-48cb-8a78-743663bbb84f,TeamB,2020-11-07 00:00:00,29.500023600000002,129.42333333333335,10.690499179699993,776470,77648,0,0.0,True,,
2020-11-07-TeamB-e4321aef-964a-4fdd-88bd-0bd548b0e93b.parquet,TeamB-e4321aef-964a-4fdd-88bd-0bd548b0e93b,TeamB,2020-11-07 00:00:00,29.1400236,132.95500000000004,11.726149172000046,797370,79738,0,0.0,True,,
2020-11-10-TeamB-29c5271b-5c46-455e-91ea-da2abfa8ff3c.parquet,TeamB-29c5271b-5c46-455e-91ea-da2abfa8ff3c,TeamB,2020-11-10 00:00:00,20.9300184,77.18833333333338,2.513052596099886,463050,46306,0,0.0,True,,
2020-11-10-TeamB-2f23d7d5-2326-49ce-b9c8-5a6303f785c5.parquet,TeamB-2f23d7d5-2326-49ce-b9c8-5a6303f785c5,TeamB,2020-11-10 00:00:00,25.740021600000002,73.99666666666671,3.0626119163000918,443910,44392,0,0.0,True,,
2020-11-10-TeamB-4405bb1f-56f7-48ba-bfa8-e795e4006952.parquet,TeamB-4405bb1f-56f7-48ba-bfa8-e795e4006952,TeamB,2020-11-10 00:00:00,21.7600164,68.42000000000007,3.009917161999916,410455,41046,0,0.0,True,,
2020-11-10-TeamB-48bfd4ea-e9e2-45b5-befc-3383cae87fdf.parquet,TeamB-48bfd4ea-e9e2-45b5-befc-3383cae87fdf,TeamB,2020-11-10 00:00:00,23.3900172,77.30666666666669,2.7227238634000765,463755,46376,0,0.0,True,,
2020-11-10-TeamB-70b74270-f655-43cc-a188-1ebc7a828b95.parquet,TeamB-70b74270-f655-43cc-a188-1ebc7a828b95,TeamB,2020-11-10 00:00:00,24.0400188,70.12166666666671,3.220080932400015,420670,42068,0,0.0,True,,
2020-11-10-TeamB-789547e7-1325-4153-a98d-5ecd497f3668.parquet,TeamB-789547e7-1325-4153-a98d-5ecd497f3668,TeamB,2020-11-10 00:00:00,16.330014,74.2466666666666,2.794983106499945,445485,44549,1,2.2447696866301518e-05,True,,
2020-11-10-TeamB-9c845827-99f9-47f4-977d-2200a107a013.parquet,TeamB-9c845827-99f9-47f4-977d-2200a107a013,TeamB,2020-11-10 00:00:00,20.5100172,69.30666666666669,2.1757062020000846,415750,41576,0,0.0,True,,
2020-11-10-TeamB-a7126274-c2d2-4f4e-9b67-35d376aefacc.parquet,TeamB-a7126274-c2d2-4f4e-9b67-35d376aefacc,TeamB,2020-11-10 00:00:00,24.3600192,68.31999999999995,3.1813181201999483,409885,40989,0,0.0,True,,
2020-11-10-TeamB-ab5ec6e5-b0f3-401e-8dc5-aa6c5070e255.parquet,TeamB-ab5ec6e5-b0f3-401e-8dc5-aa6c5070e255,TeamB,2020-11-10 00:00:00,28.1200212,68.5316666666667,3.3238204638999234,411105,41111,0,0.0,True,,
2020-11-10-TeamB-ab691983-3544-4a0e-8f70-db44d85cb907.parquet,TeamB-ab691983-3544-4a0e-8f70-db44d85cb907,TeamB,2020-11-10 00:00:00,23.2300188,80.20166666666677,3.3421282611999996,481125,48113,0,0.0,True,,
2020-11-10-TeamB-afc13e53-2c77-48cb-8a78-743663bbb84f.parquet,TeamB-afc13e53-2c77-48cb-8a78-743663bbb84f,TeamB,2020-11-10 00:00:00,26.7300216,74.34000000000002,3.538461748499905,445960,44597,0,0.0,True,,
2020-11-10-TeamB-e4321aef-964a-4fdd-88bd-0bd548b0e93b.parquet,TeamB-e4321aef-964a-4fdd-88bd-0bd548b0e93b,TeamB,2020-11-10 00:00:00,25.8600204,74.21666666666667,2.914358466799911,445225,44523,0,0.0,True,,
2020-11-11-TeamB-29c5271b-5c46-455e-91ea-da2abfa8ff3c.parquet,TeamB-29c5271b-5c46-455e-91ea-da2abfa8ff3c,TeamB,2020-11-11 00:00:00,28.920024000000005,115.13500000000009,8.000357556499877,690675,69068,0,0.0,True,,
2020-11-11-TeamB-70b74270-f655-43cc-a188-1ebc7a828b95.parquet,TeamB-70b74270-f655-43cc-a188-1ebc7a828b95,TeamB,2020-11-11 00:00:00,27.3600216,91.61999999999995,9.19491238910006,549634,54964,0,0.0,True,,
2020-11-11-TeamB-789547e7-1325-4153-a98d-5ecd497f3668.parquet,TeamB-789547e7-1325-4153-a98d-5ecd497f3668,TeamB,2020-11-11 00:00:00,19.8800172,118.65500000000004,5.342095979700154,711830,71184,0,0.0,True,,
2020-11-11-TeamB-9c845827-99f9-47f4-977d-2200a107a013.parquet,TeamB-9c845827-99f9-47f4-977d-2200a107a013,TeamB,2020-11-11 00:00:00,28.6200216,115.32166666666672,8.154047691800235,691825,69183,0,0.0,True,,
2020-11-11-TeamB-ab5ec6e5-b0f3-401e-8dc5-aa6c5070e255.parquet,TeamB-ab5ec6e5-b0f3-401e-8dc5-aa6c5070e255,TeamB,2020-11-11 00:00:00,26.150022,115.91166666666662,10.666243312499937,695375,69538,0,0.0,True,,
2020-11-11-TeamB-ab691983-3544-4a0e-8f70-db44d85cb907.parquet,TeamB-ab691983-3544-4a0e-8f70-db44d85cb907,TeamB,2020-11-11 00:00:00,23.8600188,115.13000000000005,10.420171729600195,690665,69067,0,0.0,True,,
2020-11-11-TeamB-afc13e53-2c77-48cb-8a78-743663bbb84f.parquet,TeamB-afc13e53-2c77-48cb-8a78-743663bbb84f,TeamB,2020-11-11 00:00:00,29.010023999999998,118.26333333333338,6.927828638299845,709485,70949,0,0.0,True,,
2020-11-11-TeamB-e4321aef-964a-4fdd-88bd-0bd548b0e93b.parquet,TeamB-e4321aef-964a-4fdd-88bd-0bd548b0e93b,TeamB,2020-11-11 00:00:00,27.2900232,48.83499999999985,5.7824118626000205,292855,29286,0,0.0,True,,
2020-11-12-TeamB-29c5271b-5c46-455e-91ea-da2abfa8ff3c.parquet,TeamB-29c5271b-5c46-455e-91ea-da2abfa8ff3c,TeamB,2020-11-12 00:00:00,20.2200156,47.059999999999974,1.837893986600066,282285,28229,0,0.0,True,,
2020-11-12-TeamB-2f23d7d5-2326-49ce-b9c8-5a6303f785c5.parquet,TeamB-2f23d7d5-2326-49ce-b9c8-5a6303f785c5,TeamB,2020-11-12 00:00:00,14.400010800000002,43.590000000000025,1.7610594805999504,261490,26150,0,0.0,True,,
2020-11-12-TeamB-4405bb1f-56f7-48ba-bfa8-e795e4006952.parquet,TeamB-4405bb1f-56f7-48ba-bfa8-e795e4006952,TeamB,2020-11-12 00:00:00,25.8400224,93.51166666666674,2.5819887554999923,561005,56101,0,0.0,True,,
2020-11-12-TeamB-48bfd4ea-e9e2-45b5-befc-3383cae87fdf.parquet,TeamB-48bfd4ea-e9e2-45b5-befc-3383cae87fdf,TeamB,2020-11-12 00:00:00,16.9500132,65.48666666666674,2.329084102200004,392925,39293,1,2.5450473378804846e-05,True,,
2020-11-12-TeamB-70b74270-f655-43cc-a188-1ebc7a828b95.parquet,TeamB-70b74270-f655-43cc-a188-1ebc7a828b95,TeamB,2020-11-12 00:00:00,20.8400184,42.788333333333384,1.720403886900129,256680,25669,0,0.0,True,,
2020-11-12-TeamB-789547e7-1325-4153-a98d-5ecd497f3668.parquet,TeamB-789547e7-1325-4153-a98d-5ecd497f3668,TeamB,2020-11-12 00:00:00,20.1500172,65.92666666666665,2.5350145530000745,395474,39548,0,0.0,True,,
2020-11-12-TeamB-a7126274-c2d2-4f4e-9b67-35d376aefacc.parquet,TeamB-a7126274-c2d2-4f4e-9b67-35d376aefacc,TeamB,2020-11-12 00:00:00,23.300017200000003,46.005000000000045,1.2406018383000859,275960,27597,0,0.0,True,,
2020-11-12-TeamB-ab691983-3544-4a0e-8f70-db44d85cb907.parquet,TeamB-ab691983-3544-4a0e-8f70-db44d85cb907,TeamB,2020-11-12 00:00:00,16.7700132,37.49000000000002,1.3965994669999269,224840,22485,0,0.0,True,,
2020-11-12-TeamB-afc13e53-2c77-48cb-8a78-743663bbb84f.parquet,TeamB-afc13e53-2c77-48cb-8a78-743663bbb84f,TeamB,2020-11-12 00:00:00,26.8500204,57.73166666666657,2.226850135099976,346325,34633,0,0.0,True,,
2020-11-14-TeamB-29c5271b-5c46-455e-91ea-da2abfa8ff3c.parquet,TeamB-29c5271b-5c46-455e-91ea-da2abfa8ff3c,TeamB,2020-11-14 00:00:00,26.4000204,116.6,6.02648180460006,699539,69955,0,0.0,True,,
2020-11-14-TeamB-2f23d7d5-2326-49ce-b9c8-5a6303f785c5.parquet,TeamB-2f23d7d5-2326-49ce-b9c8-5a6303f785c5,TeamB,2020-11-14 00:00:00,22.4900172,114.04666666666671,5.7925213463001075,684190,68420,0,0.0,True,,
2020-11-14-TeamB-4405bb1f-56f7-48ba-bfa8-e795e4006952.parquet,TeamB-4405bb1f-56f7-48ba-bfa8-e795e4006952,TeamB,2020-11-14 00:00:00,24.19002,110.61333333333339,5.5011597293999515,663595,66360,0,0.0,True,,
2020-11-14-TeamB-48bfd4ea-e9e2-45b5-befc-3383cae87fdf.parquet,TeamB-48bfd4ea-e9e2-45b5-befc-3383cae87fdf,TeamB,2020-11-14 00:00:00,19.5200172,112.39000000000003,4.0914380283002245,674190,67420,0,0.0,True,,
2020-11-14-TeamB-70b74270-f655-43cc-a188-1ebc7a828b95.parquet,TeamB-70b74270-f655-43cc-a188-1ebc7a828b95,TeamB,2020-11-14 00:00:00,28.3000212,106.15999999999998,6.372826792499911,636880,63689,0,0.0,True,,
2020-11-14-TeamB-789547e7-1325-4153-a98d-5ecd497f3668.parquet,TeamB-789547e7-1325-4153-a98d-5ecd497f3668,TeamB,2020-11-14 00:00:00,20.820016799999998,116.20999999999998,4.389466045799915,697165,69717,0,0.0,True,,
2020-11-14-TeamB-9c845827-99f9-47f4-977d-2200a107a013.parquet,TeamB-9c845827-99f9-47f4-977d-2200a107a013,TeamB,2020-11-14 00:00:00,27.2700216,122.30499999999992,6.14185272089991,733830,73384,1,1.3627134349917556e-05,True,,
2020-11-14-TeamB-a7126274-c2d2-4f4e-9b67-35d376aefacc.parquet,TeamB-a7126274-c2d2-4f4e-9b67-35d376aefacc,TeamB,2020-11-14 00:00:00,28.250024399999997,114.6100000000001,6.252490597000032,687585,68759,0,0.0,True,,
2020-11-14-TeamB-ab5ec6e5-b0f3-401e-8dc5-aa6c5070e255.parquet,TeamB-ab5ec6e5-b0f3-401e-8dc5-aa6c5070e255,TeamB,2020-11-14 00:00:00,28.9000224,119.45666666666669,6.7189679262998165,716660,71667,0,0.0,True,,
2020-11-14-TeamB-ab691983-3544-4a0e-8f70-db44d85cb907.parquet,TeamB-ab691983-3544-4a0e-8f70-db44d85cb907,TeamB,2020-11-14 00:00:00,26.9900208,110.77333333333335,6.539133330800049,664555,66456,0,0.0,True,,
2020-11-14-TeamB-afc13e53-2c77-48cb-8a78-743663bbb84f.parquet,TeamB-afc13e53-2c77-48cb-8a78-743663bbb84f,TeamB,2020-11-14 00:00:00,25.8300216,115.30333333333341,6.018454857800058,691755,69176,0,0.0,True,,
2020-11-14-TeamB-e4321aef-964a-4fdd-88bd-0bd548b0e93b.parquet,TeamB-e4321aef-964a-4fdd-88bd-0bd548b0e93b,TeamB,2020-11-14 00:00:00,27.730022400000003,113.98666666666674,6.045085153700003,683855,68386,0,0.0,True,,
2020-11-15-TeamB-29c5271b-5c46-455e-91ea-da2abfa8ff3c.parquet,TeamB-29c5271b-5c46-455e-91ea-da2abfa8ff3c,TeamB,2020-11-15 00:00:00,27.8300232,100.95,6.00329122320017,605629,60564,0,0.0,True,,
2020-11-15-TeamB-2f23d7d5-2326-49ce-b9c8-5a6303f785c5.parquet,TeamB-2f23d7d5-2326-49ce-b9c8-5a6303f785c5,TeamB,2020-11-15 00:00:00,27.920023200000003,106.83833333333338,5.564680884600129,640940,64095,0,0.0,True,,
2020-11-15-TeamB-4405bb1f-56f7-48ba-bfa8-e795e4006952.parquet,TeamB-4405bb1f-56f7-48ba-bfa8-e795e4006952,TeamB,2020-11-15 00:00:00,25.3100196,110.83833333333338,6.3187100968999985,664920,66493,0,0.0,True,,
2020-11-15-TeamB-70b74270-f655-43cc-a188-1ebc7a828b95.parquet,TeamB-70b74270-f655-43cc-a188-1ebc7a828b95,TeamB,2020-11-15 00:00:00,27.910022400000003,97.61333333333339,6.47420272699992,585590,58560,0,0.0,True,,
2020-11-15-TeamB-789547e7-1325-4153-a98d-5ecd497f3668.parquet,TeamB-789547e7-1325-4153-a98d-5ecd497f3668,TeamB,2020-11-15 00:00:00,18.1800144,107.6066666666667,2.7285291578999598,645544,64555,0,0.0,True,,
2020-11-15-TeamB-9c845827-99f9-47f4-977d-2200a107a013.parquet,TeamB-9c845827-99f9-47f4-977d-2200a107a013,TeamB,2020-11-15 00:00:00,25.2100188,112.22166666666672,4.488841676800039,673210,67322,0,0.0,True,,
2020-11-15-TeamB-ab5ec6e5-b0f3-401e-8dc5-aa6c5070e255.parquet,TeamB-ab5ec6e5-b0f3-401e-8dc5-aa6c5070e255,TeamB,2020-11-15 00:00:00,23.8600188,62.46166666666674,3.077744981699905,374695,37470,0,0.0,True,,
2020-11-15-TeamB-ab691983-3544-4a0e-8f70-db44d85cb907.parquet,TeamB-ab691983-3544-4a0e-8f70-db44d85cb907,TeamB,2020-11-15 00:00:00,27.8200224,105.36666666666666,6.1086290992999475,632099,63211,0,0.0,True,,
2020-11-15-TeamB-afc13e53-2c77-48cb-8a78-743663bbb84f.parquet,TeamB-afc13e53-2c77-48cb-8a78-743663bbb84f,TeamB,2020-11-15 00:00:00,25.72002,108.1066666666667,5.73476018419981,648535,64854,0,0.0,True,,
2020-11-15-TeamB-e4321aef-964a-4fdd-88bd-0bd548b0e93b.parquet,TeamB-e4321aef-964a-4fdd-88bd-0bd548b0e93b,TeamB,2020-11-15 00:00:00,25.5300192,87.175,5.1149527444000285,522985,52299,0,0.0,True,,
2020-11-16-TeamB-29c5271b-5c46-455e-91ea-da2abfa8ff3c.parquet,TeamB-29c5271b-5c46-455e-91ea-da2abfa8ff3c,TeamB,2020-11-16 00:00:00,22.950018,83.77166666666672,3.42763583210012,502585,50259,0,0.0,True,,
2020-11-16-TeamB-2f23d7d5-2326-49ce-b9c8-5a6303f785c5.parquet,TeamB-2f23d7d5-2326-49ce-b9c8-5a6303f785c5,TeamB,2020-11-16 00:00:00,22.320018,60.11500000000002,2.8835762212999723,360595,36060,0,0.0,True,,
2020-11-16-TeamB-4405bb1f-56f7-48ba-bfa8-e795e4006952.parquet,TeamB-4405bb1f-56f7-48ba-bfa8-e795e4006952,TeamB,2020-11-16 00:00:00,21.1400172,62.48833333333332,3.191388417899971,374820,37483,0,0.0,True,,
2020-11-16-TeamB-48bfd4ea-e9e2-45b5-befc-3383cae87fdf.parquet,TeamB-48bfd4ea-e9e2-45b5-befc-3383cae87fdf,TeamB,2020-11-16 00:00:00,16.5200148,61.996666666666655,1.4562156287000234,371885,37189,0,0.0,True,,
2020-11-16-TeamB-70b74270-f655-43cc-a188-1ebc7a828b95.parquet,TeamB-70b74270-f655-43cc-a188-1ebc7a828b95,TeamB,2020-11-16 00:00:00,25.430021999999997,55.503333333333345,2.9878279637999965,332930,33294,0,0.0,True,,
2020-11-16-TeamB-789547e7-1325-4153-a98d-5ecd497f3668.parquet,TeamB-789547e7-1325-4153-a98d-5ecd497f3668,TeamB,2020-11-16 00:00:00,15.700014,61.966666666666725,1.5410606883000295,371735,37174,0,0.0,True,,
2020-11-16-TeamB-9c845827-99f9-47f4-977d-2200a107a013.parquet,TeamB-9c845827-99f9-47f4-977d-2200a107a013,TeamB,2020-11-16 00:00:00,22.500018,84.65166666666664,2.422840835700058,507795,50780,0,0.0,True,,
2020-11-16-TeamB-a7126274-c2d2-4f4e-9b67-35d376aefacc.parquet,TeamB-a7126274-c2d2-4f4e-9b67-35d376aefacc,TeamB,2020-11-16 00:00:00,24.6900204,60.241666666666724,2.8282486810000202,361385,36139,0,0.0,True,,
2020-11-16-TeamB-ab5ec6e5-b0f3-401e-8dc5-aa6c5070e255.parquet,TeamB-ab5ec6e5-b0f3-401e-8dc5-aa6c5070e255,TeamB,2020-11-16 00:00:00,20.680016400000003,62.27833333333334,1.356941926899945,373585,37359,0,0.0,True,,
2020-11-16-TeamB-ab691983-3544-4a0e-8f70-db44d85cb907.parquet,TeamB-ab691983-3544-4a0e-8f70-db44d85cb907,TeamB,2020-11-16 00:00:00,23.7800196,62.33166666666669,3.358757433200014,373920,37393,0,0.0,True,,
2020-11-16-TeamB-afc13e53-2c77-48cb-8a78-743663bbb84f.parquet,TeamB-afc13e53-2c77-48cb-8a78-743663bbb84f,TeamB,2020-11-16 00:00:00,25.4100204,62.24333333333337,2.9172156814000108,373385,37339,0,0.0,True,,
2020-11-16-TeamB-e4321aef-964a-4fdd-88bd-0bd548b0e93b.parquet,TeamB-e4321aef-964a-4fdd-88bd-0bd548b0e93b,TeamB,2020-11-16 00:00:00,23.8200192,78.64833333333335,2.877829268900031,471825,47183,0,0.0,True,,
2020-11-19-TeamB-29c5271b-5c46-455e-91ea-da2abfa8ff3c.parquet,TeamB-29c5271b-5c46-455e-91ea-da2abfa8ff3c,TeamB,2020-11-19 00:00:00,27.0000216,127.02666666666664,10.186020977099954,762090,76210,0,0.0,True,,
2020-11-19-TeamB-2f23d7d5-2326-49ce-b9c8-5a6303f785c5.parquet,TeamB-2f23d7d5-2326-49ce-b9c8-5a6303f785c5,TeamB,2020-11-19 00:00:00,27.6000228,127.20666666666669,9.232420500599845,763120,76313,0,0.0,True,,
2020-11-19-TeamB-4405bb1f-56f7-48ba-bfa8-e795e4006952.parquet,TeamB-4405bb1f-56f7-48ba-bfa8-e795e4006952,TeamB,2020-11-19 00:00:00,24.8800212,101.975,7.642773376900101,611760,61177,0,0.0,True,,
2020-11-19-TeamB-48bfd4ea-e9e2-45b5-befc-3383cae87fdf.parquet,TeamB-48bfd4ea-e9e2-45b5-befc-3383cae87fdf,TeamB,2020-11-19 00:00:00,22.3400196,116.05333333333328,5.833248055100143,696320,69633,1,1.4361213235294117e-05,True,,
2020-11-19-TeamB-70b74270-f655-43cc-a188-1ebc7a828b95.parquet,TeamB-70b74270-f655-43cc-a188-1ebc7a828b95,TeamB,2020-11-19 00:00:00,27.930024,112.18333333333334,9.828503186499933,673009,67302,0,0.0,True,,
2020-11-19-TeamB-ab5ec6e5-b0f3-401e-8dc5-aa6c5070e255.parquet,TeamB-ab5ec6e5-b0f3-401e-8dc5-aa6c5070e255,TeamB,2020-11-19 00:00:00,4.4300052,5.05,0.023526130199998954,30199,3021,0,0.0,True,,
2020-11-19-TeamB-ab691983-3544-4a0e-8f70-db44d85cb907.parquet,TeamB-ab691983-3544-4a0e-8f70-db44d85cb907,TeamB,2020-11-19 00:00:00,22.3400196,74.17166666666671,5.352585141100036,444930,44494,0,0.0,True,,
2020-11-19-TeamB-afc13e53-2c77-48cb-8a78-743663bbb84f.parquet,TeamB-afc13e53-2c77-48cb-8a78-743663bbb84f,TeamB,2020-11-19 00:00:00,28.5400224,119.05333333333341,10.238696588600014,714225,71423,0,0.0,True,,
2020-11-19-TeamB-e4321aef-964a-4fdd-88bd-0bd548b0e93b.parquet,TeamB-e4321aef-964a-4fdd-88bd-0bd548b0e93b,TeamB,2020-11-19 00:00:00,28.040022,105.14000000000003,8.206511056499963,630770,63078,0,0.0,True,,
2020-11-21-TeamB-29c5271b-5c46-455e-91ea-da2abfa8ff3c.parquet,TeamB-29c5271b-5c46-455e-91ea-da2abfa8ff3c,TeamB,2020-11-21 00:00:00,24.0800184,66.4,3.150558106700044,398329,39834,0,0.0,True,,
2020-11-21-TeamB-2f23d7d5-2326-49ce-b9c8-5a6303f785c5.parquet,TeamB-2f23d7d5-2326-49ce-b9c8-5a6303f785c5,TeamB,2020-11-21 00:00:00,20.5700148,65.89833333333335,2.1213992132000112,395320,39533,0,0.0,True,,
2020-11-21-TeamB-4405bb1f-56f7-48ba-bfa8-e795e4006952.parquet,TeamB-4405bb1f-56f7-48ba-bfa8-e795e4006952,TeamB,2020-11-21 00:00:00,26.880022800000003,70.1533333333334,2.417264736500123,420855,42086,0,0.0,True,,
2020-11-21-TeamB-48bfd4ea-e9e2-45b5-befc-3383cae87fdf.parquet,TeamB-48bfd4ea-e9e2-45b5-befc-3383cae87fdf,TeamB,2020-11-21 00:00:00,18.0900144,65.52166666666672,1.998888841200056,393040,39305,0,0.0,True,,
2020-11-21-TeamB-70b74270-f655-43cc-a188-1ebc7a828b95.parquet,TeamB-70b74270-f655-43cc-a188-1ebc7a828b95,TeamB,2020-11-21 00:00:00,25.99002,59.40666666666669,2.851910631599943,356390,35640,0,0.0,True,,
2020-11-21-TeamB-789547e7-1325-4153-a98d-5ecd497f3668.parquet,TeamB-789547e7-1325-4153-a98d-5ecd497f3668,TeamB,2020-11-21 00:00:00,18.9500148,62.23166666666669,1.892882368699997,373320,37333,0,0.0,True,,
2020-11-21-TeamB-9c845827-99f9-47f4-977d-2200a107a013.parquet,TeamB-9c845827-99f9-47f4-977d-2200a107a013,TeamB,2020-11-21 00:00:00,22.1900184,96.43166666666669,2.6528096354001462,578505,57851,0,0.0,True,,
2020-11-21-TeamB-a7126274-c2d2-4f4e-9b67-35d376aefacc.parquet,TeamB-a7126274-c2d2-4f4e-9b67-35d376aefacc,TeamB,2020-11-21 00:00:00,22.3100172,66.44333333333331,2.9719651819999715,398615,39862,0,0.0,True,,
2020-11-21-TeamB-ab5ec6e5-b0f3-401e-8dc5-aa6c5070e255.parquet,TeamB-ab5ec6e5-b0f3-401e-8dc5-aa6c5070e255,TeamB,2020-11-21 00:00:00,28.7300232,68.57999999999993,3.165907563999989,411465,41147,1,2.43036990229913e-05,True,,
2020-11-21-TeamB-ab691983-3544-4a0e-8f70-db44d85cb907.parquet,TeamB-ab691983-3544-4a0e-8f70-db44d85cb907,TeamB,2020-11-21 00:00:00,26.0400204,64.97333333333336,2.233619863000058,389770,38978,0,0.0,True,,
2020-11-21-TeamB-afc13e53-2c77-48cb-8a78-743663bbb84f.parquet,TeamB-afc13e53-2c77-48cb-8a78-743663bbb84f,TeamB,2020-11-21 00:00:00,23.130018,64.62666666666676,2.8271239542999775,387705,38771,0,0.0,True,,
2020-11-21-TeamB-e4321aef-964a-4fdd-88bd-0bd548b0e93b.parquet,TeamB-e4321aef-964a-4fdd-88bd-0bd548b0e93b,TeamB,2020-11-21 00:00:00,26.8100208,69.20333333333329,2.8479450788999694,415165,41517,0,0.0,True,,
2020-11-22-TeamB-29c5271b-5c46-455e-91ea-da2abfa8ff3c.parquet,TeamB-29c5271b-5c46-455e-91ea-da2abfa8ff3c,TeamB,2020-11-22 00:00:00,28.0300212,121.91999999999994,10.525237371800028,731450,73146,0,0.0,True,,
2020-11-22-TeamB-2f23d7d5-2326-49ce-b9c8-5a6303f785c5.parquet,TeamB-2f23d7d5-2326-49ce-b9c8-5a6303f785c5,TeamB,2020-11-22 00:00:00,26.8200216,123.84166666666667,9.82635624789999,742965,74297,0,0.0,True,,
2020-11-22-TeamB-4405bb1f-56f7-48ba-bfa8-e795e4006952.parquet,TeamB-4405bb1f-56f7-48ba-bfa8-e795e4006952,TeamB,2020-11-22 00:00:00,27.490021199999997,127.3283333333334,8.202151885499891,763875,76388,0,0.0,True,,
2020-11-22-TeamB-70b74270-f655-43cc-a188-1ebc7a828b95.parquet,TeamB-70b74270-f655-43cc-a188-1ebc7a828b95,TeamB,2020-11-22 00:00:00,29.480022,119.24333333333342,9.04097226610009,715375,71538,0,0.0,True,,
2020-11-22-TeamB-789547e7-1325-4153-a98d-5ecd497f3668.parquet,TeamB-789547e7-1325-4153-a98d-5ecd497f3668,TeamB,2020-11-22 00:00:00,18.7800156,119.88666666666661,4.811953894299955,719220,71923,0,0.0,True,,
2020-11-22-TeamB-9c845827-99f9-47f4-977d-2200a107a013.parquet,TeamB-9c845827-99f9-47f4-977d-2200a107a013,TeamB,2020-11-22 00:00:00,24.4000188,37.87166666666671,2.648979913099985,227120,22713,0,0.0,True,,
2020-11-22-TeamB-a7126274-c2d2-4f4e-9b67-35d376aefacc.parquet,TeamB-a7126274-c2d2-4f4e-9b67-35d376aefacc,TeamB,2020-11-22 00:00:00,29.890022400000003,50.141666666666666,4.076723280299947,300770,30078,0,0.0,True,,
2020-11-22-TeamB-ab5ec6e5-b0f3-401e-8dc5-aa6c5070e255.parquet,TeamB-ab5ec6e5-b0f3-401e-8dc5-aa6c5070e255,TeamB,2020-11-22 00:00:00,26.6600196,48.85999999999998,4.00394600269995,293070,29308,0,0.0,True,,
2020-11-22-TeamB-ab691983-3544-4a0e-8f70-db44d85cb907.parquet,TeamB-ab691983-3544-4a0e-8f70-db44d85cb907,TeamB,2020-11-22 00:00:00,25.99002,119.77166666666672,9.812787906800105,718530,71854,0,0.0,True,,
2020-11-22-TeamB-afc13e53-2c77-48cb-8a78-743663bbb84f.parquet,TeamB-afc13e53-2c77-48cb-8a78-743663bbb84f,TeamB,2020-11-22 00:00:00,28.4600232,129.58499999999998,9.619025258599965,777500,77751,1,1.2861736334405144e-05,True,,
2020-11-22-TeamB-e4321aef-964a-4fdd-88bd-0bd548b0e93b.parquet,TeamB-e4321aef-964a-4fdd-88bd-0bd548b0e93b,TeamB,2020-11-22 00:00:00,28.2700224,91.86999999999995,7.149936320200127,551160,55117,0,0.0,True,,
2020-11-27-TeamB-4405bb1f-56f7-48ba-bfa8-e795e4006952.parquet,TeamB-4405bb1f-56f7-48ba-bfa8-e795e4006952,TeamB,2020-11-27 00:00:00,21.5800164,66.35500000000005,3.123542242600019,398070,39808,0,0.0,True,,
2020-11-27-TeamB-a7126274-c2d2-4f4e-9b67-35d376aefacc.parquet,TeamB-a7126274-c2d2-4f4e-9b67-35d376aefacc,TeamB,2020-11-27 00:00:00,20.520018,63.08833333333338,2.957524610499939,378470,37848,0,0.0,True,,
2020-11-30-TeamB-4405bb1f-56f7-48ba-bfa8-e795e4006952.parquet,TeamB-4405bb1f-56f7-48ba-bfa8-e795e4006952,TeamB,2020-11-30 00:00:00,21.500017200000002,96.88500000000009,4.935516489300119,581310,58132,1,1.720252533071855e-05,True,,
2020-11-30-TeamB-48bfd4ea-e9e2-45b5-befc-3383cae87fdf.parquet,TeamB-48bfd4ea-e9e2-45b5-befc-3383cae87fdf,TeamB,2020-11-30 00:00:00,18.8400168,98.16333333333338,2.657122710600067,588905,58891,0,0.0,True,,
2020-11-30-TeamB-789547e7-1325-4153-a98d-5ecd497f3668.parquet,TeamB-789547e7-1325-4153-a98d-5ecd497f3668,TeamB,2020-11-30 00:00:00,17.020015200000003,98.15500000000004,2.9191415332999813,588860,58887,0,0.0,True,,
2020-11-30-TeamB-9c845827-99f9-47f4-977d-2200a107a013.parquet,TeamB-9c845827-99f9-47f4-977d-2200a107a013,TeamB,2020-11-30 00:00:00,20.790018,95.12666666666664,3.456447798900067,570680,57069,0,0.0,True,,
2020-11-30-TeamB-a7126274-c2d2-4f4e-9b67-35d376aefacc.parquet,TeamB-a7126274-c2d2-4f4e-9b67-35d376aefacc,TeamB,2020-11-30 00:00:00,25.790022,96.125,4.323589324700025,576670,57668,0,0.0,True,,
2020-11-30-TeamB-ab5ec6e5-b0f3-401e-8dc5-aa6c5070e255.parquet,TeamB-ab5ec6e5-b0f3-401e-8dc5-aa6c5070e255,TeamB,2020-11-30 00:00:00,26.6700204,97.51666666666667,5.477191356700068,585039,58505,0,0.0,True,,
2020-11-30-TeamB-afc13e53-2c77-48cb-8a78-743663bbb84f.parquet,TeamB-afc13e53-2c77-48cb-8a78-743663bbb84f,TeamB,2020-11-30 00:00:00,22.8900168,99.83833333333338,4.9873223580001556,598940,59895,0,0.0,True,,
2020-12-01-TeamB-4405bb1f-56f7-48ba-bfa8-e795e4006952.parquet,TeamB-4405bb1f-56f7-48ba-bfa8-e795e4006952,TeamB,2020-12-01 00:00:00,25.700022,85.07333333333335,3.6572715640000304,510380,51039,0,0.0,True,,
2020-12-01-TeamB-48bfd4ea-e9e2-45b5-befc-3383cae87fdf.parquet,TeamB-48bfd4ea-e9e2-45b5-befc-3383cae87fdf,TeamB,2020-12-01 00:00:00,15.230012400000001,79.8350000000001,2.1924648360998122,478925,47893,0,0.0,True,,
2020-12-01-TeamB-789547e7-1325-4153-a98d-5ecd497f3668.parquet,TeamB-789547e7-1325-4153-a98d-5ecd497f3668,TeamB,2020-12-01 00:00:00,17.850013200000003,83.85500000000005,2.5051867426000825,503060,50307,0,0.0,True,,
2020-12-01-TeamB-9c845827-99f9-47f4-977d-2200a107a013.parquet,TeamB-9c845827-99f9-47f4-977d-2200a107a013,TeamB,2020-12-01 00:00:00,28.820023199999998,71.00500000000005,3.3794807840999375,425950,42596,0,0.0,True,,
2020-12-01-TeamB-a7126274-c2d2-4f4e-9b67-35d376aefacc.parquet,TeamB-a7126274-c2d2-4f4e-9b67-35d376aefacc,TeamB,2020-12-01 00:00:00,22.5200196,60.42166666666672,2.9609143340000728,362470,36248,0,0.0,True,,
2020-12-01-TeamB-ab5ec6e5-b0f3-401e-8dc5-aa6c5070e255.parquet,TeamB-ab5ec6e5-b0f3-401e-8dc5-aa6c5070e255,TeamB,2020-12-01 00:00:00,23.9600196,85.51333333333338,4.122719163699989,513005,51301,0,0.0,True,,
2020-12-01-TeamB-afc13e53-2c77-48cb-8a78-743663bbb84f.parquet,TeamB-afc13e53-2c77-48cb-8a78-743663bbb84f,TeamB,2020-12-01 00:00:00,25.6000212,89.13833333333338,4.514258925799923,534730,53474,0,0.0,True,,
2020-12-01-TeamB-e4321aef-964a-4fdd-88bd-0bd548b0e93b.parquet,TeamB-e4321aef-964a-4fdd-88bd-0bd548b0e93b,TeamB,2020-12-01 00:00:00,26.510022000000003,70.64000000000003,3.7253035746001553,423765,42377,0,0.0,True,,
2020-12-02-TeamB-48bfd4ea-e9e2-45b5-befc-3383cae87fdf.parquet,TeamB-48bfd4ea-e9e2-45b5-befc-3383cae87fdf,TeamB,2020-12-02 00:00:00,16.8100128,65.50833333333321,2.1406295150999677,393055,39306,1,2.5442055718102022e-05,True,,
2020-12-02-TeamB-789547e7-1325-4153-a98d-5ecd497f3668.parquet,TeamB-789547e7-1325-4153-a98d-5ecd497f3668,TeamB,2020-12-02 00:00:00,14.1600096,80.39500000000007,1.979506333100026,482295,48230,0,0.0,True,,
2020-12-02-TeamB-afc13e53-2c77-48cb-8a78-743663bbb84f.parquet,TeamB-afc13e53-2c77-48cb-8a78-743663bbb84f,TeamB,2020-12-02 00:00:00,21.0300156,71.58333333333333,3.0612610814999655,429399,42941,0,0.0,True,,
2020-12-02-TeamB-e4321aef-964a-4fdd-88bd-0bd548b0e93b.parquet,TeamB-e4321aef-964a-4fdd-88bd-0bd548b0e93b,TeamB,2020-12-02 00:00:00,24.5000196,79.95166666666664,4.254453150900083,479645,47965,0,0.0,True,,
2020-12-04-TeamB-4405bb1f-56f7-48ba-bfa8-e795e4006952.parquet,TeamB-4405bb1f-56f7-48ba-bfa8-e795e4006952,TeamB,2020-12-04 00:00:00,23.4300204,86.38833333333338,5.511420006799926,518240,51825,0,0.0,True,,
2020-12-04-TeamB-48bfd4ea-e9e2-45b5-befc-3383cae87fdf.parquet,TeamB-48bfd4ea-e9e2-45b5-befc-3383cae87fdf,TeamB,2020-12-04 00:00:00,19.410015599999998,94.37666666666664,3.6204759767999923,566170,56618,0,0.0,True,,
2020-12-04-TeamB-789547e7-1325-4153-a98d-5ecd497f3668.parquet,TeamB-789547e7-1325-4153-a98d-5ecd497f3668,TeamB,2020-12-04 00:00:00,19.100016,101.97833333333328,3.405474697900262,611790,61180,0,0.0,True,,
2020-12-04-TeamB-9c845827-99f9-47f4-977d-2200a107a013.parquet,TeamB-9c845827-99f9-47f4-977d-2200a107a013,TeamB,2020-12-04 00:00:00,28.1900232,94.00500000000005,4.902025889100103,563950,56396,0,0.0,True,,
2020-12-04-TeamB-a7126274-c2d2-4f4e-9b67-35d376aefacc.parquet,TeamB-a7126274-c2d2-4f4e-9b67-35d376aefacc,TeamB,2020-12-04 00:00:00,27.1300212,88.42166666666671,5.294457882799958,530460,53047,0,0.0,True,,
2020-12-04-TeamB-ab5ec6e5-b0f3-401e-8dc5-aa6c5070e255.parquet,TeamB-ab5ec6e5-b0f3-401e-8dc5-aa6c5070e255,TeamB,2020-12-04 00:00:00,26.120019600000003,83.77666666666677,5.908198648500216,502605,50261,0,0.0,True,,
2020-12-04-TeamB-ab691983-3544-4a0e-8f70-db44d85cb907.parquet,TeamB-ab691983-3544-4a0e-8f70-db44d85cb907,TeamB,2020-12-04 00:00:00,25.340022,83.28000000000004,5.362427374399898,499610,49962,0,0.0,True,,
2020-12-04-TeamB-afc13e53-2c77-48cb-8a78-743663bbb84f.parquet,TeamB-afc13e53-2c77-48cb-8a78-743663bbb84f,TeamB,2020-12-04 00:00:00,27.610023599999998,92.95,5.262047858599973,557624,55763,0,0.0,True,,
2020-12-04-TeamB-e4321aef-964a-4fdd-88bd-0bd548b0e93b.parquet,TeamB-e4321aef-964a-4fdd-88bd-0bd548b0e93b,TeamB,2020-12-04 00:00:00,27.150022800000002,88.75500000000005,5.78986384230003,532465,53247,0,0.0,True,,
2020-12-05-TeamB-4405bb1f-56f7-48ba-bfa8-e795e4006952.parquet,TeamB-4405bb1f-56f7-48ba-bfa8-e795e4006952,TeamB,2020-12-05 00:00:00,23.9100192,76.90500000000004,3.8164864216999455,461330,46134,0,0.0,True,,
2020-12-05-TeamB-48bfd4ea-e9e2-45b5-befc-3383cae87fdf.parquet,TeamB-48bfd4ea-e9e2-45b5-befc-3383cae87fdf,TeamB,2020-12-05 00:00:00,18.890013600000003,77.9683333333333,2.450278375400011,467810,46782,1,2.1376199739210364e-05,True,,
2020-12-05-TeamB-789547e7-1325-4153-a98d-5ecd497f3668.parquet,TeamB-789547e7-1325-4153-a98d-5ecd497f3668,TeamB,2020-12-05 00:00:00,17.1500148,79.42333333333336,2.6886407930999647,476545,47655,1,2.0984597305577707e-05,True,,
2020-12-05-TeamB-9c845827-99f9-47f4-977d-2200a107a013.parquet,TeamB-9c845827-99f9-47f4-977d-2200a107a013,TeamB,2020-12-05 00:00:00,23.3700192,75.88166666666669,3.1834445189999006,455289,45530,1,2.1964022930439938e-05,True,,
2020-12-05-TeamB-a7126274-c2d2-4f4e-9b67-35d376aefacc.parquet,TeamB-a7126274-c2d2-4f4e-9b67-35d376aefacc,TeamB,2020-12-05 00:00:00,22.770018,99.55833333333334,2.61758822999999,597275,59728,0,0.0,True,,
2020-12-05-TeamB-ab5ec6e5-b0f3-401e-8dc5-aa6c5070e255.parquet,TeamB-ab5ec6e5-b0f3-401e-8dc5-aa6c5070e255,TeamB,2020-12-05 00:00:00,25.8500196,83.77166666666672,3.3102707242999467,502530,50254,0,0.0,True,,
2020-12-05-TeamB-ab691983-3544-4a0e-8f70-db44d85cb907.parquet,TeamB-ab691983-3544-4a0e-8f70-db44d85cb907,TeamB,2020-12-05 00:00:00,22.9400172,77.73833333333339,2.6624479910000587,466330,46634,0,0.0,True,,
2020-12-05-TeamB-afc13e53-2c77-48cb-8a78-743663bbb84f.parquet,TeamB-afc13e53-2c77-48cb-8a78-743663bbb84f,TeamB,2020-12-05 00:00:00,25.730020800000002,83.74833333333336,3.9446167951001305,502380,50239,0,0.0,True,,
2020-12-05-TeamB-e4321aef-964a-4fdd-88bd-0bd548b0e93b.parquet,TeamB-e4321aef-964a-4fdd-88bd-0bd548b0e93b,TeamB,2020-12-05 00:00:00,23.110020000000002,82.97166666666672,2.986861030900256,497760,49777,0,0.0,True,,
2020-12-06-TeamB-4405bb1f-56f7-48ba-bfa8-e795e4006952.parquet,TeamB-4405bb1f-56f7-48ba-bfa8-e795e4006952,TeamB,2020-12-06 00:00:00,26.420022,146.36166666666674,10.83951955050002,878175,87818,1,1.1387316806540875e-05,True,,
2020-12-06-TeamB-48bfd4ea-e9e2-45b5-befc-3383cae87fdf.parquet,TeamB-48bfd4ea-e9e2-45b5-befc-3383cae87fdf,TeamB,2020-12-06 00:00:00,25.1100216,153.9366666666666,6.500620256899954,923625,92363,1,1.0826963469825253e-05,True,,
2020-12-06-TeamB-9c845827-99f9-47f4-977d-2200a107a013.parquet,TeamB-9c845827-99f9-47f4-977d-2200a107a013,TeamB,2020-12-06 00:00:00,26.080019999999998,48.59333333333331,1.710692215599993,291495,29150,1,3.430649421935573e-05,True,,
2020-12-06-TeamB-a7126274-c2d2-4f4e-9b67-35d376aefacc.parquet,TeamB-a7126274-c2d2-4f4e-9b67-35d376aefacc,TeamB,2020-12-06 00:00:00,27.8200224,80.64833333333335,7.194598841799894,483810,48382,0,0.0,True,,
2020-12-06-TeamB-ab5ec6e5-b0f3-401e-8dc5-aa6c5070e255.parquet,TeamB-ab5ec6e5-b0f3-401e-8dc5-aa6c5070e255,TeamB,2020-12-06 00:00:00,28.2400236,153.64000000000001,10.936169371199947,921740,92175,0,0.0,True,,
2020-12-06-TeamB-ab691983-3544-4a0e-8f70-db44d85cb907.parquet,TeamB-ab691983-3544-4a0e-8f70-db44d85cb907,TeamB,2020-12-06 00:00:00,27.3100212,145.4383333333334,10.681288624700004,872530,87254,0,0.0,True,,
2020-12-06-TeamB-afc13e53-2c77-48cb-8a78-743663bbb84f.parquet,TeamB-afc13e53-2c77-48cb-8a78-743663bbb84f,TeamB,2020-12-06 00:00:00,28.860022800000003,146.78000000000006,10.71380809449976,880695,88069,1,1.1354862151973475e-05,True,,
2020-12-06-TeamB-e4321aef-964a-4fdd-88bd-0bd548b0e93b.parquet,TeamB-e4321aef-964a-4fdd-88bd-0bd548b0e93b,TeamB,2020-12-06 00:00:00,28.650024,158.85500000000005,11.584764323499911,953060,95307,0,0.0,True,,
2020-12-08-TeamB-4405bb1f-56f7-48ba-bfa8-e795e4006952.parquet,TeamB-4405bb1f-56f7-48ba-bfa8-e795e4006952,TeamB,2020-12-08 00:00:00,22.140018,75.38333333333334,2.2382834738999686,452205,45221,0,0.0,True,,
2020-12-08-TeamB-48bfd4ea-e9e2-45b5-befc-3383cae87fdf.parquet,TeamB-48bfd4ea-e9e2-45b5-befc-3383cae87fdf,TeamB,2020-12-08 00:00:00,20.2000176,67.89500000000007,2.182665928499923,407265,40727,0,0.0,True,,
2020-12-08-TeamB-789547e7-1325-4153-a98d-5ecd497f3668.parquet,TeamB-789547e7-1325-4153-a98d-5ecd497f3668,TeamB,2020-12-08 00:00:00,19.6100172,70.52000000000007,2.46636810000015,423125,42313,1,2.3633957269805256e-05,True,,
2020-12-08-TeamB-9c845827-99f9-47f4-977d-2200a107a013.parquet,TeamB-9c845827-99f9-47f4-977d-2200a107a013,TeamB,2020-12-08 00:00:00,24.390018,79.25500000000005,3.1630781069999303,475440,47545,0,0.0,True,,
2020-12-08-TeamB-afc13e53-2c77-48cb-8a78-743663bbb84f.parquet,TeamB-afc13e53-2c77-48cb-8a78-743663bbb84f,TeamB,2020-12-08 00:00:00,20.9200176,47.87166666666671,2.186918153499928,287120,28713,0,0.0,True,,
2020-12-09-TeamB-4405bb1f-56f7-48ba-bfa8-e795e4006952.parquet,TeamB-4405bb1f-56f7-48ba-bfa8-e795e4006952,TeamB,2020-12-09 00:00:00,20.900016,74.23333333333333,2.6144293491000727,445314,44532,0,0.0,True,,
2020-12-09-TeamB-48bfd4ea-e9e2-45b5-befc-3383cae87fdf.parquet,TeamB-48bfd4ea-e9e2-45b5-befc-3383cae87fdf,TeamB,2020-12-09 00:00:00,19.1400156,64.38666666666661,2.2426245940000697,386230,38624,0,0.0,True,,
2020-12-09-TeamB-789547e7-1325-4153-a98d-5ecd497f3668.parquet,TeamB-789547e7-1325-4153-a98d-5ecd497f3668,TeamB,2020-12-09 00:00:00,15.250014,66.38666666666674,2.182946766300049,398320,39833,1,2.510544286001205e-05,True,,
2020-12-09-TeamB-9c845827-99f9-47f4-977d-2200a107a013.parquet,TeamB-9c845827-99f9-47f4-977d-2200a107a013,TeamB,2020-12-09 00:00:00,21.620016,59.833333333333336,2.066791116899938,358909,35892,0,0.0,True,,
2020-12-09-TeamB-a7126274-c2d2-4f4e-9b67-35d376aefacc.parquet,TeamB-a7126274-c2d2-4f4e-9b67-35d376aefacc,TeamB,2020-12-09 00:00:00,20.670015600000003,60.49333333333331,2.2781240578000896,362885,36289,0,0.0,True,,
2020-12-09-TeamB-ab5ec6e5-b0f3-401e-8dc5-aa6c5070e255.parquet,TeamB-ab5ec6e5-b0f3-401e-8dc5-aa6c5070e255,TeamB,2020-12-09 00:00:00,27.6700212,59.755000000000045,2.835293964899991,358465,35847,0,0.0,True,,
2020-12-09-TeamB-ab691983-3544-4a0e-8f70-db44d85cb907.parquet,TeamB-ab691983-3544-4a0e-8f70-db44d85cb907,TeamB,2020-12-09 00:00:00,21.1600152,59.14000000000002,2.7110071823999196,354780,35479,0,0.0,True,,
2020-12-09-TeamB-afc13e53-2c77-48cb-8a78-743663bbb84f.parquet,TeamB-afc13e53-2c77-48cb-8a78-743663bbb84f,TeamB,2020-12-09 00:00:00,22.5600192,58.95999999999997,2.2539612649000222,353690,35370,0,0.0,True,,
2020-12-09-TeamB-e4321aef-964a-4fdd-88bd-0bd548b0e93b.parquet,TeamB-e4321aef-964a-4fdd-88bd-0bd548b0e93b,TeamB,2020-12-09 00:00:00,20.280016800000002,48.516666666666666,2.447130040899948,291029,29104,0,0.0,True,,
2020-12-10-TeamB-4405bb1f-56f7-48ba-bfa8-e795e4006952.parquet,TeamB-4405bb1f-56f7-48ba-bfa8-e795e4006952,TeamB,2020-12-10 00:00:00,24.710018400000003,75.65833333333333,5.139073872800172,453850,45386,0,0.0,True,,
2020-12-10-TeamB-48bfd4ea-e9e2-45b5-befc-3383cae87fdf.parquet,TeamB-48bfd4ea-e9e2-45b5-befc-3383cae87fdf,TeamB,2020-12-10 00:00:00,18.5200164,75.33666666666662,2.8153964401999665,452025,45203,1,2.2122914915269237e-05,True,,
2020-12-10-TeamB-789547e7-1325-4153-a98d-5ecd497f3668.parquet,TeamB-789547e7-1325-4153-a98d-5ecd497f3668,TeamB,2020-12-10 00:00:00,19.3600152,75.91999999999994,3.2519081860000534,455525,45553,1,2.195293291183702e-05,True,,
2020-12-10-TeamB-9c845827-99f9-47f4-977d-2200a107a013.parquet,TeamB-9c845827-99f9-47f4-977d-2200a107a013,TeamB,2020-12-10 00:00:00,27.1000224,76.13833333333338,4.759522171200108,456740,45675,0,0.0,True,,
2020-12-10-TeamB-ab5ec6e5-b0f3-401e-8dc5-aa6c5070e255.parquet,TeamB-ab5ec6e5-b0f3-401e-8dc5-aa6c5070e255,TeamB,2020-12-10 00:00:00,24.9300216,75.20500000000006,4.8201766656999245,451140,45115,0,0.0,True,,
2020-12-10-TeamB-ab691983-3544-4a0e-8f70-db44d85cb907.parquet,TeamB-ab691983-3544-4a0e-8f70-db44d85cb907,TeamB,2020-12-10 00:00:00,25.970022,78.14000000000003,4.846506956700134,468750,46876,0,0.0,True,,
2020-12-10-TeamB-afc13e53-2c77-48cb-8a78-743663bbb84f.parquet,TeamB-afc13e53-2c77-48cb-8a78-743663bbb84f,TeamB,2020-12-10 00:00:00,28.0300212,75.79333333333331,5.094938550400084,454774,45478,1,2.1989137366141125e-05,True,,
2020-12-10-TeamB-e4321aef-964a-4fdd-88bd-0bd548b0e93b.parquet,TeamB-e4321aef-964a-4fdd-88bd-0bd548b0e93b,TeamB,2020-12-10 00:00:00,27.3100212,74.33000000000006,5.293104264800007,445915,44592,0,0.0,True,,
2020-12-12-TeamB-4405bb1f-56f7-48ba-bfa8-e795e4006952.parquet,TeamB-4405bb1f-56f7-48ba-bfa8-e795e4006952,TeamB,2020-12-12 00:00:00,22.5500184,75.72333333333323,3.4949922771001294,454245,45425,0,0.0,True,,
2020-12-12-TeamB-48bfd4ea-e9e2-45b5-befc-3383cae87fdf.parquet,TeamB-48bfd4ea-e9e2-45b5-befc-3383cae87fdf,TeamB,2020-12-12 00:00:00,19.910016000000002,67.32333333333335,1.998761340300176,403945,40395,1,2.4756151903748083e-05,True,,
2020-12-12-TeamB-789547e7-1325-4153-a98d-5ecd497f3668.parquet,TeamB-789547e7-1325-4153-a98d-5ecd497f3668,TeamB,2020-12-12 00:00:00,16.1100144,68.8283333333334,2.1337772803999875,412975,41298,1,2.421483400731288e-05,True,,
2020-12-12-TeamB-9c845827-99f9-47f4-977d-2200a107a013.parquet,TeamB-9c845827-99f9-47f4-977d-2200a107a013,TeamB,2020-12-12 00:00:00,22.420018799999998,81.97166666666672,2.4852756154999405,491720,49173,0,0.0,True,,
2020-12-12-TeamB-a7126274-c2d2-4f4e-9b67-35d376aefacc.parquet,TeamB-a7126274-c2d2-4f4e-9b67-35d376aefacc,TeamB,2020-12-12 00:00:00,28.1200212,54.52833333333341,1.973634931399996,327095,32710,0,0.0,True,,
2020-12-12-TeamB-ab5ec6e5-b0f3-401e-8dc5-aa6c5070e255.parquet,TeamB-ab5ec6e5-b0f3-401e-8dc5-aa6c5070e255,TeamB,2020-12-12 00:00:00,25.8500196,73.57166666666672,2.6837379978999323,441330,44134,0,0.0,True,,
2020-12-12-TeamB-ab691983-3544-4a0e-8f70-db44d85cb907.parquet,TeamB-ab691983-3544-4a0e-8f70-db44d85cb907,TeamB,2020-12-12 00:00:00,25.5700188,74.82166666666672,3.2210537250000297,448830,44884,0,0.0,True,,
2020-12-12-TeamB-afc13e53-2c77-48cb-8a78-743663bbb84f.parquet,TeamB-afc13e53-2c77-48cb-8a78-743663bbb84f,TeamB,2020-12-12 00:00:00,22.2200172,77.5033333333334,3.500894500599968,465034,46504,1,2.1503988989957638e-05,True,,
2020-12-12-TeamB-e4321aef-964a-4fdd-88bd-0bd548b0e93b.parquet,TeamB-e4321aef-964a-4fdd-88bd-0bd548b0e93b,TeamB,2020-12-12 00:00:00,25.0400196,73.18833333333338,3.0911908338999634,439060,43907,0,0.0,True,,
2020-12-13-TeamB-4405bb1f-56f7-48ba-bfa8-e795e4006952.parquet,TeamB-4405bb1f-56f7-48ba-bfa8-e795e4006952,TeamB,2020-12-13 00:00:00,25.6200192,177.77666666666676,14.333991826900226,1066595,106660,0,0.0,True,,
2020-12-13-TeamB-ab5ec6e5-b0f3-401e-8dc5-aa6c5070e255.parquet,TeamB-ab5ec6e5-b0f3-401e-8dc5-aa6c5070e255,TeamB,2020-12-13 00:00:00,28.6000236,191.26666666666668,11.989799102699955,1147515,114752,0,0.0,True,,
2020-12-13-TeamB-ab691983-3544-4a0e-8f70-db44d85cb907.parquet,TeamB-ab691983-3544-4a0e-8f70-db44d85cb907,TeamB,2020-12-13 00:00:00,27.1800216,176.38000000000005,13.660244351299951,1058200,105821,0,0.0,True,,
2020-12-13-TeamB-afc13e53-2c77-48cb-8a78-743663bbb84f.parquet,TeamB-afc13e53-2c77-48cb-8a78-743663bbb84f,TeamB,2020-12-13 00:00:00,28.9800216,175.19833333333335,14.502683628099996,1051115,105112,0,0.0,True,,
2020-12-13-TeamB-e4321aef-964a-4fdd-88bd-0bd548b0e93b.parquet,TeamB-e4321aef-964a-4fdd-88bd-0bd548b0e93b,TeamB,2020-12-13 00:00:00,28.070020799999998,178.5716666666666,14.688238506500213,1071365,107137,0,0.0,True,,
2021-02-01-TeamB-29c5271b-5c46-455e-91ea-da2abfa8ff3c.parquet,TeamB-29c5271b-5c46-455e-91ea-da2abfa8ff3c,TeamB,2021-02-01 00:00:00,27.0900216,117.85166666666665,6.637971737899799,707065,70707,0,0.0,True,,
2021-02-01-TeamB-2f23d7d5-2326-49ce-b9c8-5a6303f785c5.parquet,TeamB-2f23d7d5-2326-49ce-b9c8-5a6303f785c5,TeamB,2021-02-01 00:00:00,27.140022000000002,105.29000000000002,5.991626222800036,631675,63168,0,0.0,True,,
2021-02-01-TeamB-4405bb1f-56f7-48ba-bfa8-e795e4006952.parquet,TeamB-4405bb1f-56f7-48ba-bfa8-e795e4006952,TeamB,2021-02-01 00:00:00,22.8500172,116.93833333333338,5.933500894700053,701560,70157,0,0.0,True,,
2021-02-01-TeamB-48bfd4ea-e9e2-45b5-befc-3383cae87fdf.parquet,TeamB-48bfd4ea-e9e2-45b5-befc-3383cae87fdf,TeamB,2021-02-01 00:00:00,21.320017200000002,108.56500000000003,3.434964728799953,651315,65132,0,0.0,True,,
2021-02-01-TeamB-4b1e23d2-4204-4e16-9991-e0490649079b.parquet,TeamB-4b1e23d2-4204-4e16-9991-e0490649079b,TeamB,2021-02-01 00:00:00,24.1800192,99.17333333333336,5.603128685400035,594950,59496,0,0.0,True,,
2021-02-01-TeamB-5eba590a-cecb-400f-a92e-08224c7e2e59.parquet,TeamB-5eba590a-cecb-400f-a92e-08224c7e2e59,TeamB,2021-02-01 00:00:00,23.870019600000003,98.93166666666669,6.183438317999937,593530,59354,0,0.0,True,,
2021-02-01-TeamB-70b74270-f655-43cc-a188-1ebc7a828b95.parquet,TeamB-70b74270-f655-43cc-a188-1ebc7a828b95,TeamB,2021-02-01 00:00:00,27.5600232,107.6066666666667,6.967174219700073,645580,64559,0,0.0,True,,
2021-02-01-TeamB-789547e7-1325-4153-a98d-5ecd497f3668.parquet,TeamB-789547e7-1325-4153-a98d-5ecd497f3668,TeamB,2021-02-01 00:00:00,19.9700172,107.825,3.7665422275000244,646875,64688,0,0.0,True,,
2021-02-01-TeamB-7ab47f4e-6eca-4793-880f-6a0dad3459c3.parquet,TeamB-7ab47f4e-6eca-4793-880f-6a0dad3459c3,TeamB,2021-02-01 00:00:00,24.01002,97.44166666666666,5.534598634800082,584615,58462,0,0.0,True,,
2021-02-01-TeamB-7d41e602-eece-328b-ff7b-118e820865d6.parquet,TeamB-7d41e602-eece-328b-ff7b-118e820865d6,TeamB,2021-02-01 00:00:00,27.0100224,111.93166666666669,6.587626694500109,671525,67153,0,0.0,True,,
2021-02-01-TeamB-9c845827-99f9-47f4-977d-2200a107a013.parquet,TeamB-9c845827-99f9-47f4-977d-2200a107a013,TeamB,2021-02-01 00:00:00,22.9600188,119.52333333333335,5.77442827130009,717060,71707,0,0.0,True,,
2021-02-01-TeamB-a7126274-c2d2-4f4e-9b67-35d376aefacc.parquet,TeamB-a7126274-c2d2-4f4e-9b67-35d376aefacc,TeamB,2021-02-01 00:00:00,27.4800204,114.35,5.99373344689987,686045,68605,0,0.0,True,,
2021-02-01-TeamB-ab5ec6e5-b0f3-401e-8dc5-aa6c5070e255.parquet,TeamB-ab5ec6e5-b0f3-401e-8dc5-aa6c5070e255,TeamB,2021-02-01 00:00:00,26.8300224,110.69000000000003,6.485898004900136,664060,66407,0,0.0,True,,
2021-02-01-TeamB-ab691983-3544-4a0e-8f70-db44d85cb907.parquet,TeamB-ab691983-3544-4a0e-8f70-db44d85cb907,TeamB,2021-02-01 00:00:00,26.130020400000003,122.03333333333333,6.328053995300122,732129,73214,0,0.0,True,,
2021-02-01-TeamB-afc13e53-2c77-48cb-8a78-743663bbb84f.parquet,TeamB-afc13e53-2c77-48cb-8a78-743663bbb84f,TeamB,2021-02-01 00:00:00,27.920023200000003,110.91999999999994,7.201045530199939,665440,66545,0,0.0,True,,
2021-02-01-TeamB-d9501f3a-aaa1-4311-8b8b-3a8d3f21480f.parquet,TeamB-d9501f3a-aaa1-4311-8b8b-3a8d3f21480f,TeamB,2021-02-01 00:00:00,24.4400184,109.6566666666667,5.788364950500123,657905,65791,0,0.0,True,,
2021-02-01-TeamB-e4321aef-964a-4fdd-88bd-0bd548b0e93b.parquet,TeamB-e4321aef-964a-4fdd-88bd-0bd548b0e93b,TeamB,2021-02-01 00:00:00,23.0300172,59.60999999999998,3.291812650200015,357590,35760,0,0.0,True,,
2021-02-03-TeamB-29c5271b-5c46-455e-91ea-da2abfa8ff3c.parquet,TeamB-29c5271b-5c46-455e-91ea-da2abfa8ff3c,TeamB,2021-02-03 00:00:00,21.0400164,68.03833333333338,1.8930140318999802,408190,40820,0,0.0,True,,
2021-02-03-TeamB-2f23d7d5-2326-49ce-b9c8-5a6303f785c5.parquet,TeamB-2f23d7d5-2326-49ce-b9c8-5a6303f785c5,TeamB,2021-02-03 00:00:00,19.3600152,57.940000000000026,1.7700478315000485,347564,34757,0,0.0,True,,
2021-02-03-TeamB-4405bb1f-56f7-48ba-bfa8-e795e4006952.parquet,TeamB-4405bb1f-56f7-48ba-bfa8-e795e4006952,TeamB,2021-02-03 00:00:00,23.490018000000003,57.18666666666662,2.063677221900045,343050,34306,0,0.0,True,,
2021-02-03-TeamB-48bfd4ea-e9e2-45b5-befc-3383cae87fdf.parquet,TeamB-48bfd4ea-e9e2-45b5-befc-3383cae87fdf,TeamB,2021-02-03 00:00:00,17.9200152,58.40500000000005,1.6270954838000606,350304,35031,0,0.0,True,,
2021-02-03-TeamB-4b1e23d2-4204-4e16-9991-e0490649079b.parquet,TeamB-4b1e23d2-4204-4e16-9991-e0490649079b,TeamB,2021-02-03 00:00:00,20.6500176,59.98833333333338,2.372343863200034,359860,35987,0,0.0,True,,
2021-02-03-TeamB-5eba590a-cecb-400f-a92e-08224c7e2e59.parquet,TeamB-5eba590a-cecb-400f-a92e-08224c7e2e59,TeamB,2021-02-03 00:00:00,14.4900108,57.03166666666669,1.9613004685000224,342115,34212,0,0.0,True,,
2021-02-03-TeamB-70b74270-f655-43cc-a188-1ebc7a828b95.parquet,TeamB-70b74270-f655-43cc-a188-1ebc7a828b95,TeamB,2021-02-03 00:00:00,16.3600128,60.075,1.6443896597000254,360375,36038,0,0.0,True,,
2021-02-03-TeamB-7d41e602-eece-328b-ff7b-118e820865d6.parquet,TeamB-7d41e602-eece-328b-ff7b-118e820865d6,TeamB,2021-02-03 00:00:00,19.6100172,59.06666666666667,2.720262203299938,354325,35433,0,0.0,True,,
2021-02-03-TeamB-9c845827-99f9-47f4-977d-2200a107a013.parquet,TeamB-9c845827-99f9-47f4-977d-2200a107a013,TeamB,2021-02-03 00:00:00,15.7700124,65.725,1.1561542666999847,394255,39426,0,0.0,True,,
2021-02-03-TeamB-ab5ec6e5-b0f3-401e-8dc5-aa6c5070e255.parquet,TeamB-ab5ec6e5-b0f3-401e-8dc5-aa6c5070e255,TeamB,2021-02-03 00:00:00,20.6500176,56.870000000000076,1.7879931199999886,341155,34116,0,0.0,True,,
2021-02-03-TeamB-ab691983-3544-4a0e-8f70-db44d85cb907.parquet,TeamB-ab691983-3544-4a0e-8f70-db44d85cb907,TeamB,2021-02-03 00:00:00,19.300014,60.65500000000005,2.135442277899989,363860,36387,0,0.0,True,,
2021-02-03-TeamB-afc13e53-2c77-48cb-8a78-743663bbb84f.parquet,TeamB-afc13e53-2c77-48cb-8a78-743663bbb84f,TeamB,2021-02-03 00:00:00,22.1300172,59.626666666666765,2.331275225200113,357675,35768,0,0.0,True,,
2021-02-04-TeamB-29c5271b-5c46-455e-91ea-da2abfa8ff3c.parquet,TeamB-29c5271b-5c46-455e-91ea-da2abfa8ff3c,TeamB,2021-02-04 00:00:00,28.0800216,122.6566666666667,9.934675222899905,735860,73587,0,0.0,True,,
2021-02-04-TeamB-2f23d7d5-2326-49ce-b9c8-5a6303f785c5.parquet,TeamB-2f23d7d5-2326-49ce-b9c8-5a6303f785c5,TeamB,2021-02-04 00:00:00,26.8300224,108.87166666666671,10.361257517799931,653130,65314,0,0.0,True,,
2021-02-04-TeamB-4405bb1f-56f7-48ba-bfa8-e795e4006952.parquet,TeamB-4405bb1f-56f7-48ba-bfa8-e795e4006952,TeamB,2021-02-04 00:00:00,25.6500216,111.61833333333342,8.62562805569992,669615,66962,0,0.0,True,,
2021-02-04-TeamB-48bfd4ea-e9e2-45b5-befc-3383cae87fdf.parquet,TeamB-48bfd4ea-e9e2-45b5-befc-3383cae87fdf,TeamB,2021-02-04 00:00:00,21.8100168,54.435000000000095,3.2634318057999105,326610,32662,1,3.0617556106671565e-05,True,,
2021-02-04-TeamB-4b1e23d2-4204-4e16-9991-e0490649079b.parquet,TeamB-4b1e23d2-4204-4e16-9991-e0490649079b,TeamB,2021-02-04 00:00:00,22.4400168,105.06666666666666,3.382929945999975,630299,63031,0,0.0,True,,
2021-02-04-TeamB-5eba590a-cecb-400f-a92e-08224c7e2e59.parquet,TeamB-5eba590a-cecb-400f-a92e-08224c7e2e59,TeamB,2021-02-04 00:00:00,25.240021199999997,106.71500000000002,3.4347038771000937,640200,64021,0,0.0,True,,
2021-02-04-TeamB-70b74270-f655-43cc-a188-1ebc7a828b95.parquet,TeamB-70b74270-f655-43cc-a188-1ebc7a828b95,TeamB,2021-02-04 00:00:00,32.8300272,102.90166666666664,8.741507599600004,617325,61733,0,0.0,False,max_speed_over_32_kmh,
2021-02-04-TeamB-789547e7-1325-4153-a98d-5ecd497f3668.parquet,TeamB-789547e7-1325-4153-a98d-5ecd497f3668,TeamB,2021-02-04 00:00:00,16.600014,55.60333333333328,2.6354979660999853,333545,33355,0,0.0,True,,
2021-02-04-TeamB-7ab47f4e-6eca-4793-880f-6a0dad3459c3.parquet,TeamB-7ab47f4e-6eca-4793-880f-6a0dad3459c3,TeamB,2021-02-04 00:00:00,24.5800188,107.00666666666669,3.4344413895001793,641980,64198,0,0.0,True,,
2021-02-04-TeamB-7d41e602-eece-328b-ff7b-118e820865d6.parquet,TeamB-7d41e602-eece-328b-ff7b-118e820865d6,TeamB,2021-02-04 00:00:00,23.2700184,104.76500000000003,3.5979992875000413,628505,62851,0,0.0,True,,
2021-02-04-TeamB-9c845827-99f9-47f4-977d-2200a107a013.parquet,TeamB-9c845827-99f9-47f4-977d-2200a107a013,TeamB,2021-02-04 00:00:00,25.0400196,77.12166666666671,5.835700544100131,462640,46265,0,0.0,True,,
2021-02-04-TeamB-a7126274-c2d2-4f4e-9b67-35d376aefacc.parquet,TeamB-a7126274-c2d2-4f4e-9b67-35d376aefacc,TeamB,2021-02-04 00:00:00,27.3800232,55.06166666666674,5.342922636500106,330315,33032,0,0.0,True,,
2021-02-04-TeamB-ab5ec6e5-b0f3-401e-8dc5-aa6c5070e255.parquet,TeamB-ab5ec6e5-b0f3-401e-8dc5-aa6c5070e255,TeamB,2021-02-04 00:00:00,27.8100216,109.40500000000004,9.627986086100053,656330,65634,0,0.0,True,,
2021-02-04-TeamB-ab691983-3544-4a0e-8f70-db44d85cb907.parquet,TeamB-ab691983-3544-4a0e-8f70-db44d85cb907,TeamB,2021-02-04 00:00:00,26.3700216,124.00666666666669,11.300224666199897,743970,74398,0,0.0,True,,
2021-02-04-TeamB-afc13e53-2c77-48cb-8a78-743663bbb84f.parquet,TeamB-afc13e53-2c77-48cb-8a78-743663bbb84f,TeamB,2021-02-04 00:00:00,28.940022000000003,111.14000000000003,9.582254955300087,666720,66673,0,0.0,True,,
2021-02-04-TeamB-d9501f3a-aaa1-4311-8b8b-3a8d3f21480f.parquet,TeamB-d9501f3a-aaa1-4311-8b8b-3a8d3f21480f,TeamB,2021-02-04 00:00:00,25.0100208,22.025,1.7683850365000433,132115,13212,0,0.0,True,,
2021-02-04-TeamB-e4321aef-964a-4fdd-88bd-0bd548b0e93b.parquet,TeamB-e4321aef-964a-4fdd-88bd-0bd548b0e93b,TeamB,2021-02-04 00:00:00,25.8600204,55.465000000000025,6.05476070829997,332745,33275,0,0.0,True,,
2021-02-05-TeamB-29c5271b-5c46-455e-91ea-da2abfa8ff3c.parquet,TeamB-29c5271b-5c46-455e-91ea-da2abfa8ff3c,TeamB,2021-02-05 00:00:00,22.610019599999998,84.46999999999996,2.965831281999991,506770,50678,0,0.0,True,,
2021-02-05-TeamB-48bfd4ea-e9e2-45b5-befc-3383cae87fdf.parquet,TeamB-48bfd4ea-e9e2-45b5-befc-3383cae87fdf,TeamB,2021-02-05 00:00:00,17.5800132,93.97333333333336,3.0766238785999613,563750,56376,0,0.0,True,,
2021-02-05-TeamB-4b1e23d2-4204-4e16-9991-e0490649079b.parquet,TeamB-4b1e23d2-4204-4e16-9991-e0490649079b,TeamB,2021-02-05 00:00:00,22.710016800000002,93.47166666666672,5.543772253500021,560760,56077,0,0.0,True,,
2021-02-05-TeamB-5eba590a-cecb-400f-a92e-08224c7e2e59.parquet,TeamB-5eba590a-cecb-400f-a92e-08224c7e2e59,TeamB,2021-02-05 00:00:00,24.4700208,92.61833333333331,5.777421319800124,555655,55566,0,0.0,True,,
2021-02-05-TeamB-7ab47f4e-6eca-4793-880f-6a0dad3459c3.parquet,TeamB-7ab47f4e-6eca-4793-880f-6a0dad3459c3,TeamB,2021-02-05 00:00:00,25.00002,96.41666666666667,5.533333353099974,578449,57846,0,0.0,True,,
2021-02-05-TeamB-7d41e602-eece-328b-ff7b-118e820865d6.parquet,TeamB-7d41e602-eece-328b-ff7b-118e820865d6,TeamB,2021-02-05 00:00:00,24.140019600000002,101.9816666666667,6.439699645099951,611740,61175,0,0.0,True,,
2021-02-05-TeamB-9c845827-99f9-47f4-977d-2200a107a013.parquet,TeamB-9c845827-99f9-47f4-977d-2200a107a013,TeamB,2021-02-05 00:00:00,24.7500216,84.23333333333333,4.211371740800118,505275,50528,0,0.0,True,,
2021-02-05-TeamB-ab5ec6e5-b0f3-401e-8dc5-aa6c5070e255.parquet,TeamB-ab5ec6e5-b0f3-401e-8dc5-aa6c5070e255,TeamB,2021-02-05 00:00:00,23.310018000000003,30.701666666666643,1.3764325023000787,184145,18415,0,0.0,True,,
2021-02-05-TeamB-ab691983-3544-4a0e-8f70-db44d85cb907.parquet,TeamB-ab691983-3544-4a0e-8f70-db44d85cb907,TeamB,2021-02-05 00:00:00,22.8300192,30.488333333333383,1.5957182316000513,182860,18287,0,0.0,True,,
2021-02-05-TeamB-afc13e53-2c77-48cb-8a78-743663bbb84f.parquet,TeamB-afc13e53-2c77-48cb-8a78-743663bbb84f,TeamB,2021-02-05 00:00:00,21.2900184,81.52333333333335,1.5972571223999714,489035,48901,0,0.0,True,,
2021-02-05-TeamB-d9501f3a-aaa1-4311-8b8b-3a8d3f21480f.parquet,TeamB-d9501f3a-aaa1-4311-8b8b-3a8d3f21480f,TeamB,2021-02-05 00:00:00,25.050020399999998,92.28833333333338,4.643445138899974,553680,55369,0,0.0,True,,
2021-02-05-TeamB-e4321aef-964a-4fdd-88bd-0bd548b0e93b.parquet,TeamB-e4321aef-964a-4fdd-88bd-0bd548b0e93b,TeamB,2021-02-05 00:00:00,23.02002,79.93833333333338,4.9415273123000985,479585,47959,0,0.0,True,,
2021-02-07-TeamB-29c5271b-5c46-455e-91ea-da2abfa8ff3c.parquet,TeamB-29c5271b-5c46-455e-91ea-da2abfa8ff3c,TeamB,2021-02-07 00:00:00,29.5300224,115.91999999999994,6.775919630999857,695460,69547,0,0.0,True,,
2021-02-07-TeamB-2f23d7d5-2326-49ce-b9c8-5a6303f785c5.parquet,TeamB-2f23d7d5-2326-49ce-b9c8-5a6303f785c5,TeamB,2021-02-07 00:00:00,29.310022800000002,110.87333333333336,7.330384519400029,665170,66518,0,0.0,True,,
2021-02-07-TeamB-4405bb1f-56f7-48ba-bfa8-e795e4006952.parquet,TeamB-4405bb1f-56f7-48ba-bfa8-e795e4006952,TeamB,2021-02-07 00:00:00,27.0600228,106.225,7.068034312999908,637285,63729,0,0.0,True,,
2021-02-07-TeamB-48bfd4ea-e9e2-45b5-befc-3383cae87fdf.parquet,TeamB-48bfd4ea-e9e2-45b5-befc-3383cae87fdf,TeamB,2021-02-07 00:00:00,23.950018800000002,108.38666666666661,3.8992270492000154,650230,65024,0,0.0,True,,
2021-02-07-TeamB-4b1e23d2-4204-4e16-9991-e0490649079b.parquet,TeamB-4b1e23d2-4204-4e16-9991-e0490649079b,TeamB,2021-02-07 00:00:00,24.3600192,107.88666666666661,7.417555966800028,647220,64723,0,0.0,True,,
2021-02-07-TeamB-5eba590a-cecb-400f-a92e-08224c7e2e59.parquet,TeamB-5eba590a-cecb-400f-a92e-08224c7e2e59,TeamB,2021-02-07 00:00:00,25.4600208,113.52333333333335,7.930972778399873,681080,68109,0,0.0,True,,
2021-02-07-TeamB-7ab47f4e-6eca-4793-880f-6a0dad3459c3.parquet,TeamB-7ab47f4e-6eca-4793-880f-6a0dad3459c3,TeamB,2021-02-07 00:00:00,26.7400224,108.05500000000005,7.240022210600158,648280,64829,0,0.0,True,,
2021-02-07-TeamB-7d41e602-eece-328b-ff7b-118e820865d6.parquet,TeamB-7d41e602-eece-328b-ff7b-118e820865d6,TeamB,2021-02-07 00:00:00,30.440023200000002,107.92166666666671,7.238372220800212,647460,64747,0,0.0,True,,
2021-02-07-TeamB-9c845827-99f9-47f4-977d-2200a107a013.parquet,TeamB-9c845827-99f9-47f4-977d-2200a107a013,TeamB,2021-02-07 00:00:00,41.4,141.00833333333333,12.268488554499864,845935,84594,0,0.0,False,max_speed_over_32_kmh,
2021-02-07-TeamB-a7126274-c2d2-4f4e-9b67-35d376aefacc.parquet,TeamB-a7126274-c2d2-4f4e-9b67-35d376aefacc,TeamB,2021-02-07 00:00:00,28.0900224,111.54500000000007,6.8503935859000205,669215,66922,0,0.0,True,,
2021-02-07-TeamB-ab5ec6e5-b0f3-401e-8dc5-aa6c5070e255.parquet,TeamB-ab5ec6e5-b0f3-401e-8dc5-aa6c5070e255,TeamB,2021-02-07 00:00:00,29.200024799999998,111.26999999999995,7.43384072079996,667550,66756,0,0.0,True,,
2021-02-07-TeamB-ab691983-3544-4a0e-8f70-db44d85cb907.parquet,TeamB-ab691983-3544-4a0e-8f70-db44d85cb907,TeamB,2021-02-07 00:00:00,28.380024,107.71999999999996,7.576824716699828,646240,64625,0,0.0,True,,
2021-02-07-TeamB-afc13e53-2c77-48cb-8a78-743663bbb84f.parquet,TeamB-afc13e53-2c77-48cb-8a78-743663bbb84f,TeamB,2021-02-07 00:00:00,28.570021200000003,106.83833333333327,7.184972734600138,640935,64094,0,0.0,True,,
2021-02-07-TeamB-d9501f3a-aaa1-4311-8b8b-3a8d3f21480f.parquet,TeamB-d9501f3a-aaa1-4311-8b8b-3a8d3f21480f,TeamB,2021-02-07 00:00:00,29.110024800000005,107.73999999999991,6.290960360999983,646415,64642,0,0.0,True,,
2021-02-07-TeamB-e4321aef-964a-4fdd-88bd-0bd548b0e93b.parquet,TeamB-e4321aef-964a-4fdd-88bd-0bd548b0e93b,TeamB,2021-02-07 00:00:00,28.1900232,107.74166666666666,7.776135709700029,646400,64641,0,0.0,True,,
2021-02-08-TeamB-29c5271b-5c46-455e-91ea-da2abfa8ff3c.parquet,TeamB-29c5271b-5c46-455e-91ea-da2abfa8ff3c,TeamB,2021-02-08 00:00:00,24.660018,98.38333333333334,5.135437192199913,590249,59026,0,0.0,True,,
2021-02-08-TeamB-2f23d7d5-2326-49ce-b9c8-5a6303f785c5.parquet,TeamB-2f23d7d5-2326-49ce-b9c8-5a6303f785c5,TeamB,2021-02-08 00:00:00,24.8800212,97.38833333333338,5.271194812300202,584250,58426,0,0.0,True,,
2021-02-08-TeamB-4405bb1f-56f7-48ba-bfa8-e795e4006952.parquet,TeamB-4405bb1f-56f7-48ba-bfa8-e795e4006952,TeamB,2021-02-08 00:00:00,23.0600196,99.87000000000008,4.984575979200135,599210,59922,1,1.668864004272292e-05,True,,
2021-02-08-TeamB-48bfd4ea-e9e2-45b5-befc-3383cae87fdf.parquet,TeamB-48bfd4ea-e9e2-45b5-befc-3383cae87fdf,TeamB,2021-02-08 00:00:00,26.9100216,98.36500000000002,2.7698000351000704,590105,59011,0,0.0,True,,
2021-02-08-TeamB-4b1e23d2-4204-4e16-9991-e0490649079b.parquet,TeamB-4b1e23d2-4204-4e16-9991-e0490649079b,TeamB,2021-02-08 00:00:00,21.6700164,96.69500000000008,5.310365670900069,580075,58007,0,0.0,True,,
2021-02-08-TeamB-5eba590a-cecb-400f-a92e-08224c7e2e59.parquet,TeamB-5eba590a-cecb-400f-a92e-08224c7e2e59,TeamB,2021-02-08 00:00:00,24.3800208,85.22333333333336,4.644256517800027,511280,51129,0,0.0,True,,
2021-02-08-TeamB-789547e7-1325-4153-a98d-5ecd497f3668.parquet,TeamB-789547e7-1325-4153-a98d-5ecd497f3668,TeamB,2021-02-08 00:00:00,20.480014800000003,100.02166666666659,3.310996573299915,600055,60006,0,0.0,True,,
2021-02-08-TeamB-7ab47f4e-6eca-4793-880f-6a0dad3459c3.parquet,TeamB-7ab47f4e-6eca-4793-880f-6a0dad3459c3,TeamB,2021-02-08 00:00:00,27.6600204,104.59000000000002,4.623582611600117,627485,62749,0,0.0,True,,
2021-02-08-TeamB-7d41e602-eece-328b-ff7b-118e820865d6.parquet,TeamB-7d41e602-eece-328b-ff7b-118e820865d6,TeamB,2021-02-08 00:00:00,25.790022,107.91666666666667,4.755605786100243,647409,64742,0,0.0,True,,
2021-02-08-TeamB-a7126274-c2d2-4f4e-9b67-35d376aefacc.parquet,TeamB-a7126274-c2d2-4f4e-9b67-35d376aefacc,TeamB,2021-02-08 00:00:00,20.6500176,54.590000000000025,1.6091929678000787,327480,32749,0,0.0,True,,
2021-02-08-TeamB-ab5ec6e5-b0f3-401e-8dc5-aa6c5070e255.parquet,TeamB-ab5ec6e5-b0f3-401e-8dc5-aa6c5070e255,TeamB,2021-02-08 00:00:00,26.4300228,90.61166666666674,4.833226131400107,543605,54361,0,0.0,True,,
2021-02-08-TeamB-ab691983-3544-4a0e-8f70-db44d85cb907.parquet,TeamB-ab691983-3544-4a0e-8f70-db44d85cb907,TeamB,2021-02-08 00:00:00,24.7600188,96.42166666666671,5.374624617499885,578430,57844,0,0.0,True,,
2021-02-08-TeamB-afc13e53-2c77-48cb-8a78-743663bbb84f.parquet,TeamB-afc13e53-2c77-48cb-8a78-743663bbb84f,TeamB,2021-02-08 00:00:00,27.350020800000003,98.70833333333333,4.801362206800016,592165,59217,0,0.0,True,,
2021-02-08-TeamB-d9501f3a-aaa1-4311-8b8b-3a8d3f21480f.parquet,TeamB-d9501f3a-aaa1-4311-8b8b-3a8d3f21480f,TeamB,2021-02-08 00:00:00,25.2200196,78.20333333333329,4.154869182600003,469190,46920,0,0.0,True,,
2021-02-08-TeamB-e4321aef-964a-4fdd-88bd-0bd548b0e93b.parquet,TeamB-e4321aef-964a-4fdd-88bd-0bd548b0e93b,TeamB,2021-02-08 00:00:00,25.2100188,108.1100000000001,5.321859856799923,648615,64862,0,0.0,True,,
2021-02-10-TeamB-2f23d7d5-2326-49ce-b9c8-5a6303f785c5.parquet,TeamB-2f23d7d5-2326-49ce-b9c8-5a6303f785c5,TeamB,2021-02-10 00:00:00,25.090020000000003,61.236666666666615,3.4254144370000694,367350,36736,0,0.0,True,,
2021-02-10-TeamB-4405bb1f-56f7-48ba-bfa8-e795e4006952.parquet,TeamB-4405bb1f-56f7-48ba-bfa8-e795e4006952,TeamB,2021-02-10 00:00:00,41.4,365.3883333333334,12.601877740100152,2192260,219227,0,0.0,False,max_speed_over_32_kmh;duration_over_200_min,
2021-02-10-TeamB-48bfd4ea-e9e2-45b5-befc-3383cae87fdf.parquet,TeamB-48bfd4ea-e9e2-45b5-befc-3383cae87fdf,TeamB,2021-02-10 00:00:00,23.1400188,68.56999999999995,2.802311715600119,411330,41134,0,0.0,True,,
2021-02-10-TeamB-70b74270-f655-43cc-a188-1ebc7a828b95.parquet,TeamB-70b74270-f655-43cc-a188-1ebc7a828b95,TeamB,2021-02-10 00:00:00,25.8600204,57.98833333333338,4.009519335899937,347860,34787,0,0.0,True,,
2021-02-10-TeamB-789547e7-1325-4153-a98d-5ecd497f3668.parquet,TeamB-789547e7-1325-4153-a98d-5ecd497f3668,TeamB,2021-02-10 00:00:00,15.460012800000001,60.92166666666672,2.530778996399993,365460,36547,0,0.0,True,,
2021-02-10-TeamB-9c845827-99f9-47f4-977d-2200a107a013.parquet,TeamB-9c845827-99f9-47f4-977d-2200a107a013,TeamB,2021-02-10 00:00:00,21.7400184,58.18666666666662,3.0451388492000353,349040,34905,0,0.0,True,,
2021-02-10-TeamB-ab5ec6e5-b0f3-401e-8dc5-aa6c5070e255.parquet,TeamB-ab5ec6e5-b0f3-401e-8dc5-aa6c5070e255,TeamB,2021-02-10 00:00:00,22.7600172,64.57166666666672,3.73918829940005,387370,38738,0,0.0,True,,
2021-02-10-TeamB-ab691983-3544-4a0e-8f70-db44d85cb907.parquet,TeamB-ab691983-3544-4a0e-8f70-db44d85cb907,TeamB,2021-02-10 00:00:00,23.9800176,65.83833333333338,3.555087041100136,394950,39496,0,0.0,True,,
2021-02-10-TeamB-afc13e53-2c77-48cb-8a78-743663bbb84f.parquet,TeamB-afc13e53-2c77-48cb-8a78-743663bbb84f,TeamB,2021-02-10 00:00:00,23.1800184,63.403333333333286,4.266699548700142,380340,38035,0,0.0,True,,
2021-02-10-TeamB-e4321aef-964a-4fdd-88bd-0bd548b0e93b.parquet,TeamB-e4321aef-964a-4fdd-88bd-0bd548b0e93b,TeamB,2021-02-10 00:00:00,20.1300156,58.91999999999995,3.7215724513999437,353460,35347,0,0.0,True,,
2021-02-11-TeamB-2f23d7d5-2326-49ce-b9c8-5a6303f785c5.parquet,TeamB-2f23d7d5-2326-49ce-b9c8-5a6303f785c5,TeamB,2021-02-11 00:00:00,27.720021600000003,173.26833333333332,14.46960859319979,1039525,103953,0,0.0,True,,
2021-02-11-TeamB-70b74270-f655-43cc-a188-1ebc7a828b95.parquet,TeamB-70b74270-f655-43cc-a188-1ebc7a828b95,TeamB,2021-02-11 00:00:00,29.880025200000002,174.99000000000004,15.948340064999677,1049855,104986,0,0.0,True,,
2021-02-11-TeamB-789547e7-1325-4153-a98d-5ecd497f3668.parquet,TeamB-789547e7-1325-4153-a98d-5ecd497f3668,TeamB,2021-02-11 00:00:00,20.300014800000003,174.41166666666675,8.05561679159989,1046475,104648,1,9.555935669441074e-06,True,,
2021-02-11-TeamB-9c845827-99f9-47f4-977d-2200a107a013.parquet,TeamB-9c845827-99f9-47f4-977d-2200a107a013,TeamB,2021-02-11 00:00:00,24.37002,116.46999999999996,10.038563648399846,698810,69882,1,1.4310041356019519e-05,True,,
2021-02-11-TeamB-ab5ec6e5-b0f3-401e-8dc5-aa6c5070e255.parquet,TeamB-ab5ec6e5-b0f3-401e-8dc5-aa6c5070e255,TeamB,2021-02-11 00:00:00,27.910022400000003,173.75,9.17476849610003,1042405,104241,0,0.0,True,,
2021-02-11-TeamB-ab691983-3544-4a0e-8f70-db44d85cb907.parquet,TeamB-ab691983-3544-4a0e-8f70-db44d85cb907,TeamB,2021-02-11 00:00:00,25.6000212,106.17166666666671,8.573539123100163,636930,63694,0,0.0,True,,
2021-02-11-TeamB-afc13e53-2c77-48cb-8a78-743663bbb84f.parquet,TeamB-afc13e53-2c77-48cb-8a78-743663bbb84f,TeamB,2021-02-11 00:00:00,26.770021200000002,170.61166666666674,13.57056122360008,1023675,102368,1,9.768773139781375e-06,True,,
2021-02-11-TeamB-e4321aef-964a-4fdd-88bd-0bd548b0e93b.parquet,TeamB-e4321aef-964a-4fdd-88bd-0bd548b0e93b,TeamB,2021-02-11 00:00:00,27.330022800000002,173.25833333333333,15.10000994919995,1039475,103948,0,0.0,True,,
2021-02-12-TeamB-4b1e23d2-4204-4e16-9991-e0490649079b.parquet,TeamB-4b1e23d2-4204-4e16-9991-e0490649079b,TeamB,2021-02-12 00:00:00,21.7500192,99.77166666666672,5.948841188000016,598550,59856,0,0.0,True,,
2021-02-12-TeamB-7ab47f4e-6eca-4793-880f-6a0dad3459c3.parquet,TeamB-7ab47f4e-6eca-4793-880f-6a0dad3459c3,TeamB,2021-02-12 00:00:00,24.64002,75.21666666666667,4.685239892999842,451245,45125,0,0.0,True,,
2021-02-12-TeamB-7d41e602-eece-328b-ff7b-118e820865d6.parquet,TeamB-7d41e602-eece-328b-ff7b-118e820865d6,TeamB,2021-02-12 00:00:00,25.7600196,77.15500000000004,4.67300071940006,462850,46286,0,0.0,True,,
2021-02-14-TeamB-4b1e23d2-4204-4e16-9991-e0490649079b.parquet,TeamB-4b1e23d2-4204-4e16-9991-e0490649079b,TeamB,2021-02-14 00:00:00,24.020020799999998,100.54333333333331,4.362249921499832,603180,60319,0,0.0,True,,
2021-02-14-TeamB-5eba590a-cecb-400f-a92e-08224c7e2e59.parquet,TeamB-5eba590a-cecb-400f-a92e-08224c7e2e59,TeamB,2021-02-14 00:00:00,24.670018799999998,82.76833333333343,4.291906246400033,496555,49656,0,0.0,True,,
2021-02-14-TeamB-7ab47f4e-6eca-4793-880f-6a0dad3459c3.parquet,TeamB-7ab47f4e-6eca-4793-880f-6a0dad3459c3,TeamB,2021-02-14 00:00:00,25.8000192,93.17166666666671,4.2246428561000275,558970,55898,0,0.0,True,,
2021-02-14-TeamB-7d41e602-eece-328b-ff7b-118e820865d6.parquet,TeamB-7d41e602-eece-328b-ff7b-118e820865d6,TeamB,2021-02-14 00:00:00,25.090020000000003,93.54000000000002,4.249193425200012,561170,56118,0,0.0,True,,
2021-02-15-TeamB-4b1e23d2-4204-4e16-9991-e0490649079b.parquet,TeamB-4b1e23d2-4204-4e16-9991-e0490649079b,TeamB,2021-02-15 00:00:00,24.8400216,89.85500000000005,6.164124135899925,539060,53907,0,0.0,True,,
2021-02-15-TeamB-5eba590a-cecb-400f-a92e-08224c7e2e59.parquet,TeamB-5eba590a-cecb-400f-a92e-08224c7e2e59,TeamB,2021-02-15 00:00:00,25.6900212,84.2100000000001,5.339522638900063,505205,50521,0,0.0,True,,
2021-02-15-TeamB-7ab47f4e-6eca-4793-880f-6a0dad3459c3.parquet,TeamB-7ab47f4e-6eca-4793-880f-6a0dad3459c3,TeamB,2021-02-15 00:00:00,26.1400212,92.2,5.565338651499936,553155,55316,0,0.0,True,,
2021-02-15-TeamB-7d41e602-eece-328b-ff7b-118e820865d6.parquet,TeamB-7d41e602-eece-328b-ff7b-118e820865d6,TeamB,2021-02-15 00:00:00,27.2000232,84.50999999999998,6.009205952200089,506985,50699,0,0.0,True,,
2021-02-17-TeamB-29c5271b-5c46-455e-91ea-da2abfa8ff3c.parquet,TeamB-29c5271b-5c46-455e-91ea-da2abfa8ff3c,TeamB,2021-02-17 00:00:00,22.4000172,111.33833333333338,5.873416136100202,667980,66799,0,0.0,True,,
2021-02-17-TeamB-4b1e23d2-4204-4e16-9991-e0490649079b.parquet,TeamB-4b1e23d2-4204-4e16-9991-e0490649079b,TeamB,2021-02-17 00:00:00,21.4500168,103.30499999999992,5.469984414199887,619840,61985,1,1.6133195663397007e-05,True,,
2021-02-17-TeamB-5eba590a-cecb-400f-a92e-08224c7e2e59.parquet,TeamB-5eba590a-cecb-400f-a92e-08224c7e2e59,TeamB,2021-02-17 00:00:00,22.2900192,100.87166666666671,5.639715673499877,605145,60515,0,0.0,True,,
2021-02-17-TeamB-7ab47f4e-6eca-4793-880f-6a0dad3459c3.parquet,TeamB-7ab47f4e-6eca-4793-880f-6a0dad3459c3,TeamB,2021-02-17 00:00:00,23.7800196,98.5283333333334,5.521661118500082,591135,59114,0,0.0,True,,
2021-02-17-TeamB-7d41e602-eece-328b-ff7b-118e820865d6.parquet,TeamB-7d41e602-eece-328b-ff7b-118e820865d6,TeamB,2021-02-17 00:00:00,22.0100184,100.84666666666672,5.456370242399915,604995,60500,0,0.0,True,,
2021-02-18-TeamB-29c5271b-5c46-455e-91ea-da2abfa8ff3c.parquet,TeamB-29c5271b-5c46-455e-91ea-da2abfa8ff3c,TeamB,2021-02-18 00:00:00,26.5500216,103.1,4.787911635199962,618519,61853,0,0.0,True,,
2021-02-18-TeamB-4b1e23d2-4204-4e16-9991-e0490649079b.parquet,TeamB-4b1e23d2-4204-4e16-9991-e0490649079b,TeamB,2021-02-18 00:00:00,24.6200184,104.575,5.377474622099866,627355,62736,0,0.0,True,,
2021-02-18-TeamB-5eba590a-cecb-400f-a92e-08224c7e2e59.parquet,TeamB-5eba590a-cecb-400f-a92e-08224c7e2e59,TeamB,2021-02-18 00:00:00,25.8400224,92.38333333333334,4.518169475700026,554199,55421,0,0.0,True,,
2021-02-18-TeamB-7ab47f4e-6eca-4793-880f-6a0dad3459c3.parquet,TeamB-7ab47f4e-6eca-4793-880f-6a0dad3459c3,TeamB,2021-02-18 00:00:00,25.050020399999998,83.48833333333339,4.025195744799997,500840,50085,0,0.0,True,,
2021-02-18-TeamB-7d41e602-eece-328b-ff7b-118e820865d6.parquet,TeamB-7d41e602-eece-328b-ff7b-118e820865d6,TeamB,2021-02-18 00:00:00,26.3400228,103.03833333333338,4.981392067100036,618145,61815,0,0.0,True,,
2021-02-20-TeamB-29c5271b-5c46-455e-91ea-da2abfa8ff3c.parquet,TeamB-29c5271b-5c46-455e-91ea-da2abfa8ff3c,TeamB,2021-02-20 00:00:00,26.330022,77.00500000000005,4.557295890600064,461950,46196,0,0.0,True,,
2021-02-20-TeamB-2f23d7d5-2326-49ce-b9c8-5a6303f785c5.parquet,TeamB-2f23d7d5-2326-49ce-b9c8-5a6303f785c5,TeamB,2021-02-20 00:00:00,23.5500192,75.98666666666662,4.486230570099905,455810,45582,0,0.0,True,,
2021-02-20-TeamB-4405bb1f-56f7-48ba-bfa8-e795e4006952.parquet,TeamB-4405bb1f-56f7-48ba-bfa8-e795e4006952,TeamB,2021-02-20 00:00:00,24.3500184,81.38833333333338,4.418211624099993,488230,48824,0,0.0,True,,
2021-02-20-TeamB-48bfd4ea-e9e2-45b5-befc-3383cae87fdf.parquet,TeamB-48bfd4ea-e9e2-45b5-befc-3383cae87fdf,TeamB,2021-02-20 00:00:00,16.5500136,91.55166666666665,3.0777802833001195,549215,54922,0,0.0,True,,
2021-02-20-TeamB-4b1e23d2-4204-4e16-9991-e0490649079b.parquet,TeamB-4b1e23d2-4204-4e16-9991-e0490649079b,TeamB,2021-02-20 00:00:00,20.860016400000003,92.0399999999999,5.655283456999953,552185,55219,0,0.0,True,,
2021-02-20-TeamB-5eba590a-cecb-400f-a92e-08224c7e2e59.parquet,TeamB-5eba590a-cecb-400f-a92e-08224c7e2e59,TeamB,2021-02-20 00:00:00,23.8000176,72.69333333333331,5.080715201900253,436060,43607,0,0.0,True,,
2021-02-20-TeamB-70b74270-f655-43cc-a188-1ebc7a828b95.parquet,TeamB-70b74270-f655-43cc-a188-1ebc7a828b95,TeamB,2021-02-20 00:00:00,24.1800192,70.84000000000002,4.988409017500077,424950,42496,0,0.0,True,,
2021-02-20-TeamB-789547e7-1325-4153-a98d-5ecd497f3668.parquet,TeamB-789547e7-1325-4153-a98d-5ecd497f3668,TeamB,2021-02-20 00:00:00,19.0400148,74.62333333333336,2.803349220000013,447665,44767,0,0.0,True,,
2021-02-20-TeamB-7ab47f4e-6eca-4793-880f-6a0dad3459c3.parquet,TeamB-7ab47f4e-6eca-4793-880f-6a0dad3459c3,TeamB,2021-02-20 00:00:00,21.2300172,77.10500000000005,4.673340712099863,462475,46248,0,0.0,True,,
2021-02-20-TeamB-7d41e602-eece-328b-ff7b-118e820865d6.parquet,TeamB-7d41e602-eece-328b-ff7b-118e820865d6,TeamB,2021-02-20 00:00:00,22.730018400000002,79.38833333333338,4.97178872629983,476220,47623,0,0.0,True,,
2021-02-20-TeamB-9c845827-99f9-47f4-977d-2200a107a013.parquet,TeamB-9c845827-99f9-47f4-977d-2200a107a013,TeamB,2021-02-20 00:00:00,22.540017600000002,77.36666666666666,4.008953236300017,464200,46421,1,2.154243860404998e-05,True,,
2021-02-20-TeamB-ab5ec6e5-b0f3-401e-8dc5-aa6c5070e255.parquet,TeamB-ab5ec6e5-b0f3-401e-8dc5-aa6c5070e255,TeamB,2021-02-20 00:00:00,21.0200184,43.78666666666662,2.259629882400054,262665,26267,0,0.0,True,,
2021-02-20-TeamB-ab691983-3544-4a0e-8f70-db44d85cb907.parquet,TeamB-ab691983-3544-4a0e-8f70-db44d85cb907,TeamB,2021-02-20 00:00:00,24.7400208,76.44000000000003,4.6870701721001495,458570,45858,0,0.0,True,,
2021-02-20-TeamB-afc13e53-2c77-48cb-8a78-743663bbb84f.parquet,TeamB-afc13e53-2c77-48cb-8a78-743663bbb84f,TeamB,2021-02-20 00:00:00,25.050020399999998,83.05333333333328,5.346550423300088,498240,49825,0,0.0,True,,
2021-02-20-TeamB-e4321aef-964a-4fdd-88bd-0bd548b0e93b.parquet,TeamB-e4321aef-964a-4fdd-88bd-0bd548b0e93b,TeamB,2021-02-20 00:00:00,19.5400152,82.28166666666657,2.3431974483999656,493615,49362,0,0.0,True,,
2021-02-21-TeamB-29c5271b-5c46-455e-91ea-da2abfa8ff3c.parquet,TeamB-29c5271b-5c46-455e-91ea-da2abfa8ff3c,TeamB,2021-02-21 00:00:00,26.8600212,44.38166666666669,2.5887948628998902,266235,26624,0,0.0,True,,
2021-02-21-TeamB-2f23d7d5-2326-49ce-b9c8-5a6303f785c5.parquet,TeamB-2f23d7d5-2326-49ce-b9c8-5a6303f785c5,TeamB,2021-02-21 00:00:00,27.3600216,105.85333333333328,6.117572990200019,635020,63503,0,0.0,True,,
2021-02-21-TeamB-4405bb1f-56f7-48ba-bfa8-e795e4006952.parquet,TeamB-4405bb1f-56f7-48ba-bfa8-e795e4006952,TeamB,2021-02-21 00:00:00,20.540016,18.783333333333335,1.1603153813999927,112625,11263,0,0.0,True,,
2021-02-21-TeamB-48bfd4ea-e9e2-45b5-befc-3383cae87fdf.parquet,TeamB-48bfd4ea-e9e2-45b5-befc-3383cae87fdf,TeamB,2021-02-21 00:00:00,21.3900156,100.04000000000002,3.669076301300077,600150,60016,0,0.0,True,,
2021-02-21-TeamB-4b1e23d2-4204-4e16-9991-e0490649079b.parquet,TeamB-4b1e23d2-4204-4e16-9991-e0490649079b,TeamB,2021-02-21 00:00:00,22.6900188,101.75666666666669,6.275479791799915,610470,61048,0,0.0,True,,
2021-02-21-TeamB-5eba590a-cecb-400f-a92e-08224c7e2e59.parquet,TeamB-5eba590a-cecb-400f-a92e-08224c7e2e59,TeamB,2021-02-21 00:00:00,24.120018,88.75500000000005,5.748583522499917,532475,53248,0,0.0,True,,
2021-02-21-TeamB-70b74270-f655-43cc-a188-1ebc7a828b95.parquet,TeamB-70b74270-f655-43cc-a188-1ebc7a828b95,TeamB,2021-02-21 00:00:00,26.7400224,105.60500000000005,6.6851198465999255,633550,63356,0,0.0,True,,
2021-02-21-TeamB-789547e7-1325-4153-a98d-5ecd497f3668.parquet,TeamB-789547e7-1325-4153-a98d-5ecd497f3668,TeamB,2021-02-21 00:00:00,17.9400132,102.83833333333338,3.6582012948000195,616920,61693,0,0.0,True,,
2021-02-21-TeamB-7ab47f4e-6eca-4793-880f-6a0dad3459c3.parquet,TeamB-7ab47f4e-6eca-4793-880f-6a0dad3459c3,TeamB,2021-02-21 00:00:00,24.860019599999998,105.88666666666661,6.730962092300061,635260,63527,0,0.0,True,,
2021-02-21-TeamB-7d41e602-eece-328b-ff7b-118e820865d6.parquet,TeamB-7d41e602-eece-328b-ff7b-118e820865d6,TeamB,2021-02-21 00:00:00,20.990016,35.851666666666645,1.8367375878999181,215035,21504,0,0.0,True,,
2021-02-21-TeamB-9c845827-99f9-47f4-977d-2200a107a013.parquet,TeamB-9c845827-99f9-47f4-977d-2200a107a013,TeamB,2021-02-21 00:00:00,19.3600152,37.560000000000095,1.8208650841000362,225275,22528,0,0.0,True,,
2021-02-21-TeamB-ab691983-3544-4a0e-8f70-db44d85cb907.parquet,TeamB-ab691983-3544-4a0e-8f70-db44d85cb907,TeamB,2021-02-21 00:00:00,27.1300212,101.90500000000004,6.322780378000136,611360,61137,0,0.0,True,,
2021-02-21-TeamB-afc13e53-2c77-48cb-8a78-743663bbb84f.parquet,TeamB-afc13e53-2c77-48cb-8a78-743663bbb84f,TeamB,2021-02-21 00:00:00,27.350020800000003,107.35166666666665,6.141149961099908,644035,64404,0,0.0,True,,
2021-02-21-TeamB-d9501f3a-aaa1-4311-8b8b-3a8d3f21480f.parquet,TeamB-d9501f3a-aaa1-4311-8b8b-3a8d3f21480f,TeamB,2021-02-21 00:00:00,25.0800192,106.1566666666667,5.773754656300128,636915,63692,0,0.0,True,,
2021-02-21-TeamB-e4321aef-964a-4fdd-88bd-0bd548b0e93b.parquet,TeamB-e4321aef-964a-4fdd-88bd-0bd548b0e93b,TeamB,2021-02-21 00:00:00,24.1500204,86.73666666666662,3.951209297899885,520360,52037,0,0.0,True,,
2021-02-24-TeamB-29c5271b-5c46-455e-91ea-da2abfa8ff3c.parquet,TeamB-29c5271b-5c46-455e-91ea-da2abfa8ff3c,TeamB,2021-02-24 00:00:00,18.0300132,45.60666666666669,1.2473996168999042,273560,27357,0,0.0,True,,
2021-02-24-TeamB-2f23d7d5-2326-49ce-b9c8-5a6303f785c5.parquet,TeamB-2f23d7d5-2326-49ce-b9c8-5a6303f785c5,TeamB,2021-02-24 00:00:00,28.3400244,94.20666666666669,5.312642892600004,565140,56515,0,0.0,True,,
2021-02-24-TeamB-4405bb1f-56f7-48ba-bfa8-e795e4006952.parquet,TeamB-4405bb1f-56f7-48ba-bfa8-e795e4006952,TeamB,2021-02-24 00:00:00,25.9500204,91.94000000000003,5.103253012399856,551530,55154,0,0.0,True,,
2021-02-24-TeamB-48bfd4ea-e9e2-45b5-befc-3383cae87fdf.parquet,TeamB-48bfd4ea-e9e2-45b5-befc-3383cae87fdf,TeamB,2021-02-24 00:00:00,17.3600136,94.8933333333333,3.4227880554999985,569260,56927,0,0.0,True,,
2021-02-24-TeamB-4b1e23d2-4204-4e16-9991-e0490649079b.parquet,TeamB-4b1e23d2-4204-4e16-9991-e0490649079b,TeamB,2021-02-24 00:00:00,25.0700184,95.65833333333346,5.565726428199962,573955,57396,1,1.7423120480878125e-05,True,,
2021-02-24-TeamB-5eba590a-cecb-400f-a92e-08224c7e2e59.parquet,TeamB-5eba590a-cecb-400f-a92e-08224c7e2e59,TeamB,2021-02-24 00:00:00,26.1900216,95.89499999999995,5.891320856700016,575280,57529,0,0.0,True,,
2021-02-24-TeamB-70b74270-f655-43cc-a188-1ebc7a828b95.parquet,TeamB-70b74270-f655-43cc-a188-1ebc7a828b95,TeamB,2021-02-24 00:00:00,30.5800236,93.95666666666669,5.98378425200017,563670,56368,0,0.0,True,,
2021-02-24-TeamB-789547e7-1325-4153-a98d-5ecd497f3668.parquet,TeamB-789547e7-1325-4153-a98d-5ecd497f3668,TeamB,2021-02-24 00:00:00,15.7100112,95.28333333333333,3.1804472989999746,571575,57158,0,0.0,True,,
2021-02-24-TeamB-7d41e602-eece-328b-ff7b-118e820865d6.parquet,TeamB-7d41e602-eece-328b-ff7b-118e820865d6,TeamB,2021-02-24 00:00:00,30.880026,95.27000000000007,5.174464722800027,571545,57155,0,0.0,True,,
2021-02-24-TeamB-9c845827-99f9-47f4-977d-2200a107a013.parquet,TeamB-9c845827-99f9-47f4-977d-2200a107a013,TeamB,2021-02-24 00:00:00,27.2100204,93.59833333333336,5.016424873599823,561495,56150,0,0.0,True,,
2021-02-24-TeamB-a7126274-c2d2-4f4e-9b67-35d376aefacc.parquet,TeamB-a7126274-c2d2-4f4e-9b67-35d376aefacc,TeamB,2021-02-24 00:00:00,24.670018799999998,74.825,3.6668843471002175,448865,44887,0,0.0,True,,
2021-02-24-TeamB-ab691983-3544-4a0e-8f70-db44d85cb907.parquet,TeamB-ab691983-3544-4a0e-8f70-db44d85cb907,TeamB,2021-02-24 00:00:00,27.980020800000002,91.93833333333326,5.488671093000002,551640,55165,1,1.8127764484083823e-05,True,,
2021-02-24-TeamB-d9501f3a-aaa1-4311-8b8b-3a8d3f21480f.parquet,TeamB-d9501f3a-aaa1-4311-8b8b-3a8d3f21480f,TeamB,2021-02-24 00:00:00,30.0300228,119.37333333333336,5.369996842700053,716200,71621,0,0.0,True,,
2021-02-24-TeamB-e4321aef-964a-4fdd-88bd-0bd548b0e93b.parquet,TeamB-e4321aef-964a-4fdd-88bd-0bd548b0e93b,TeamB,2021-02-24 00:00:00,29.0000232,93.54000000000002,5.971625092900046,561150,56116,0,0.0,True,,
2021-02-25-TeamB-29c5271b-5c46-455e-91ea-da2abfa8ff3c.parquet,TeamB-29c5271b-5c46-455e-91ea-da2abfa8ff3c,TeamB,2021-02-25 00:00:00,29.050023600000003,98.0933333333333,5.506388330199948,588505,58851,0,0.0,True,,
2021-02-25-TeamB-2f23d7d5-2326-49ce-b9c8-5a6303f785c5.parquet,TeamB-2f23d7d5-2326-49ce-b9c8-5a6303f785c5,TeamB,2021-02-25 00:00:00,21.080016,96.54166666666667,4.716143527499876,579180,57919,0,0.0,True,,
2021-02-25-TeamB-4405bb1f-56f7-48ba-bfa8-e795e4006952.parquet,TeamB-4405bb1f-56f7-48ba-bfa8-e795e4006952,TeamB,2021-02-25 00:00:00,20.5900164,94.09000000000002,4.78829247870013,564460,56447,0,0.0,True,,
2021-02-25-TeamB-48bfd4ea-e9e2-45b5-befc-3383cae87fdf.parquet,TeamB-48bfd4ea-e9e2-45b5-befc-3383cae87fdf,TeamB,2021-02-25 00:00:00,18.2600136,95.05500000000005,3.1490792218999166,570230,57024,0,0.0,True,,
2021-02-25-TeamB-4b1e23d2-4204-4e16-9991-e0490649079b.parquet,TeamB-4b1e23d2-4204-4e16-9991-e0490649079b,TeamB,2021-02-25 00:00:00,22.6400184,124.22166666666672,6.413219905300199,745250,74526,0,0.0,True,,
2021-02-25-TeamB-5eba590a-cecb-400f-a92e-08224c7e2e59.parquet,TeamB-5eba590a-cecb-400f-a92e-08224c7e2e59,TeamB,2021-02-25 00:00:00,24.320019600000002,112.55666666666669,6.15044330249993,675270,67528,0,0.0,True,,
2021-02-25-TeamB-70b74270-f655-43cc-a188-1ebc7a828b95.parquet,TeamB-70b74270-f655-43cc-a188-1ebc7a828b95,TeamB,2021-02-25 00:00:00,27.4800204,96.29000000000002,5.32576401179999,577640,57765,0,0.0,True,,
2021-02-25-TeamB-789547e7-1325-4153-a98d-5ecd497f3668.parquet,TeamB-789547e7-1325-4153-a98d-5ecd497f3668,TeamB,2021-02-25 00:00:00,18.130014,95.02333333333335,2.8134969926000553,570030,57004,0,0.0,True,,
2021-02-25-TeamB-7d41e602-eece-328b-ff7b-118e820865d6.parquet,TeamB-7d41e602-eece-328b-ff7b-118e820865d6,TeamB,2021-02-25 00:00:00,22.2600168,98.25833333333334,5.442086057899777,589465,58947,0,0.0,True,,
2021-02-25-TeamB-9c845827-99f9-47f4-977d-2200a107a013.parquet,TeamB-9c845827-99f9-47f4-977d-2200a107a013,TeamB,2021-02-25 00:00:00,21.4600176,95.55666666666669,3.7323866301000264,573260,57327,0,0.0,True,,
2021-02-25-TeamB-ab5ec6e5-b0f3-401e-8dc5-aa6c5070e255.parquet,TeamB-ab5ec6e5-b0f3-401e-8dc5-aa6c5070e255,TeamB,2021-02-25 00:00:00,20.180016,46.63666666666662,2.7061949637999505,279760,27977,0,0.0,True,,
2021-02-25-TeamB-ab691983-3544-4a0e-8f70-db44d85cb907.parquet,TeamB-ab691983-3544-4a0e-8f70-db44d85cb907,TeamB,2021-02-25 00:00:00,24.510020400000002,95.65333333333328,5.028827102800046,573770,57378,0,0.0,True,,
2021-02-25-TeamB-afc13e53-2c77-48cb-8a78-743663bbb84f.parquet,TeamB-afc13e53-2c77-48cb-8a78-743663bbb84f,TeamB,2021-02-25 00:00:00,26.460021599999997,99.04000000000002,5.107741062000028,594150,59416,0,0.0,True,,
2021-02-25-TeamB-d9501f3a-aaa1-4311-8b8b-3a8d3f21480f.parquet,TeamB-d9501f3a-aaa1-4311-8b8b-3a8d3f21480f,TeamB,2021-02-25 00:00:00,41.4,406.37333333333333,14.745952015400084,2438200,243821,0,0.0,False,max_speed_over_32_kmh;duration_over_200_min,
2021-02-25-TeamB-e4321aef-964a-4fdd-88bd-0bd548b0e93b.parquet,TeamB-e4321aef-964a-4fdd-88bd-0bd548b0e93b,TeamB,2021-02-25 00:00:00,24.82002,97.52333333333335,5.030023509800071,585060,58507,0,0.0,True,,
2021-02-26-TeamB-2f23d7d5-2326-49ce-b9c8-5a6303f785c5.parquet,TeamB-2f23d7d5-2326-49ce-b9c8-5a6303f785c5,TeamB,2021-02-26 00:00:00,28.2800232,103.97333333333336,5.438370776900076,623750,62376,0,0.0,True,,
2021-02-26-TeamB-4405bb1f-56f7-48ba-bfa8-e795e4006952.parquet,TeamB-4405bb1f-56f7-48ba-bfa8-e795e4006952,TeamB,2021-02-26 00:00:00,27.0100224,97.42333333333336,5.517574447699806,584030,58404,0,0.0,True,,
2021-02-26-TeamB-48bfd4ea-e9e2-45b5-befc-3383cae87fdf.parquet,TeamB-48bfd4ea-e9e2-45b5-befc-3383cae87fdf,TeamB,2021-02-26 00:00:00,16.400012399999998,99.98833333333339,3.06873749110007,599840,59985,0,0.0,True,,
2021-02-26-TeamB-4b1e23d2-4204-4e16-9991-e0490649079b.parquet,TeamB-4b1e23d2-4204-4e16-9991-e0490649079b,TeamB,2021-02-26 00:00:00,25.880022,106.4,5.565555056999969,638329,63834,0,0.0,True,,
2021-02-26-TeamB-5eba590a-cecb-400f-a92e-08224c7e2e59.parquet,TeamB-5eba590a-cecb-400f-a92e-08224c7e2e59,TeamB,2021-02-26 00:00:00,26.1800208,133.33666666666662,5.45434828909995,799960,79997,0,0.0,True,,
2021-02-26-TeamB-70b74270-f655-43cc-a188-1ebc7a828b95.parquet,TeamB-70b74270-f655-43cc-a188-1ebc7a828b95,TeamB,2021-02-26 00:00:00,29.190024,103.75166666666664,5.063026864100335,622425,62242,0,0.0,True,,
2021-02-26-TeamB-789547e7-1325-4153-a98d-5ecd497f3668.parquet,TeamB-789547e7-1325-4153-a98d-5ecd497f3668,TeamB,2021-02-26 00:00:00,18.560016,107.24000000000002,3.071249438399896,643320,64333,0,0.0,True,,
2021-02-26-TeamB-7ab47f4e-6eca-4793-880f-6a0dad3459c3.parquet,TeamB-7ab47f4e-6eca-4793-880f-6a0dad3459c3,TeamB,2021-02-26 00:00:00,27.6600204,109.85999999999997,5.495780547599876,658970,65898,0,0.0,True,,
2021-02-26-TeamB-7d41e602-eece-328b-ff7b-118e820865d6.parquet,TeamB-7d41e602-eece-328b-ff7b-118e820865d6,TeamB,2021-02-26 00:00:00,28.4300244,106.72166666666672,4.98040291550011,640250,64026,0,0.0,True,,
2021-02-26-TeamB-9c845827-99f9-47f4-977d-2200a107a013.parquet,TeamB-9c845827-99f9-47f4-977d-2200a107a013,TeamB,2021-02-26 00:00:00,27.2900232,104.09000000000002,5.233322836999955,624470,62448,0,0.0,True,,
2021-02-26-TeamB-ab5ec6e5-b0f3-401e-8dc5-aa6c5070e255.parquet,TeamB-ab5ec6e5-b0f3-401e-8dc5-aa6c5070e255,TeamB,2021-02-26 00:00:00,22.840020000000003,90.72166666666672,2.851649519600013,544270,54428,0,0.0,True,,
2021-02-26-TeamB-ab691983-3544-4a0e-8f70-db44d85cb907.parquet,TeamB-ab691983-3544-4a0e-8f70-db44d85cb907,TeamB,2021-02-26 00:00:00,27.5600232,105.17833333333328,5.121945806399854,631005,63101,0,0.0,True,,
2021-02-26-TeamB-afc13e53-2c77-48cb-8a78-743663bbb84f.parquet,TeamB-afc13e53-2c77-48cb-8a78-743663bbb84f,TeamB,2021-02-26 00:00:00,29.150024400000003,99.91500000000002,5.738266026099862,599390,59940,0,0.0,True,,
2021-02-26-TeamB-e4321aef-964a-4fdd-88bd-0bd548b0e93b.parquet,TeamB-e4321aef-964a-4fdd-88bd-0bd548b0e93b,TeamB,2021-02-26 00:00:00,27.7900236,99.2533333333334,5.092072439200072,595445,59545,0,0.0,True,,
2021-03-01-TeamB-29c5271b-5c46-455e-91ea-da2abfa8ff3c.parquet,TeamB-29c5271b-5c46-455e-91ea-da2abfa8ff3c,TeamB,2021-03-01 00:00:00,28.6100244,115.74000000000002,5.01957154779992,694390,69440,0,0.0,True,,
2021-03-01-TeamB-2f23d7d5-2326-49ce-b9c8-5a6303f785c5.parquet,TeamB-2f23d7d5-2326-49ce-b9c8-5a6303f785c5,TeamB,2021-03-01 00:00:00,27.6400224,102.92166666666671,4.846088364700046,617450,61746,0,0.0,True,,
2021-03-01-TeamB-4405bb1f-56f7-48ba-bfa8-e795e4006952.parquet,TeamB-4405bb1f-56f7-48ba-bfa8-e795e4006952,TeamB,2021-03-01 00:00:00,27.5600232,104.81999999999995,5.386842686699949,628890,62890,1,1.5901031976975307e-05,True,,
2021-03-01-TeamB-48bfd4ea-e9e2-45b5-befc-3383cae87fdf.parquet,TeamB-48bfd4ea-e9e2-45b5-befc-3383cae87fdf,TeamB,2021-03-01 00:00:00,30.140024400000005,101.88333333333345,3.432442494200054,611250,61126,1,1.6359918200408996e-05,True,,
2021-03-01-TeamB-4b1e23d2-4204-4e16-9991-e0490649079b.parquet,TeamB-4b1e23d2-4204-4e16-9991-e0490649079b,TeamB,2021-03-01 00:00:00,23.400018,123.04166666666667,7.3838370680999414,738175,73818,0,0.0,True,,
2021-03-01-TeamB-5eba590a-cecb-400f-a92e-08224c7e2e59.parquet,TeamB-5eba590a-cecb-400f-a92e-08224c7e2e59,TeamB,2021-03-01 00:00:00,26.200022399999998,103.90500000000004,5.384133784299975,623370,62338,0,0.0,True,,
2021-03-01-TeamB-70b74270-f655-43cc-a188-1ebc7a828b95.parquet,TeamB-70b74270-f655-43cc-a188-1ebc7a828b95,TeamB,2021-03-01 00:00:00,28.2700224,104.18499999999997,5.990019003099984,625055,62506,0,0.0,True,,
2021-03-01-TeamB-789547e7-1325-4153-a98d-5ecd497f3668.parquet,TeamB-789547e7-1325-4153-a98d-5ecd497f3668,TeamB,2021-03-01 00:00:00,25.99002,102.09000000000002,2.945868771800041,612390,61240,0,0.0,True,,
2021-03-01-TeamB-7ab47f4e-6eca-4793-880f-6a0dad3459c3.parquet,TeamB-7ab47f4e-6eca-4793-880f-6a0dad3459c3,TeamB,2021-03-01 00:00:00,27.6200208,104.23499999999997,5.340868479499842,625285,62529,0,0.0,True,,
2021-03-01-TeamB-7d41e602-eece-328b-ff7b-118e820865d6.parquet,TeamB-7d41e602-eece-328b-ff7b-118e820865d6,TeamB,2021-03-01 00:00:00,29.910024,105.55666666666669,6.186440824399866,633250,63326,0,0.0,True,,
2021-03-01-TeamB-a7126274-c2d2-4f4e-9b67-35d376aefacc.parquet,TeamB-a7126274-c2d2-4f4e-9b67-35d376aefacc,TeamB,2021-03-01 00:00:00,23.690019600000003,69.55666666666669,3.0475157964001474,417279,41729,0,0.0,True,,
2021-03-01-TeamB-ab5ec6e5-b0f3-401e-8dc5-aa6c5070e255.parquet,TeamB-ab5ec6e5-b0f3-401e-8dc5-aa6c5070e255,TeamB,2021-03-01 00:00:00,26.060022,84.36166666666662,4.357714078000107,506100,50611,0,0.0,True,,
2021-03-01-TeamB-ab691983-3544-4a0e-8f70-db44d85cb907.parquet,TeamB-ab691983-3544-4a0e-8f70-db44d85cb907,TeamB,2021-03-01 00:00:00,29.0700216,102.3566666666667,5.091202996700002,614070,61408,0,0.0,True,,
2021-03-01-TeamB-afc13e53-2c77-48cb-8a78-743663bbb84f.parquet,TeamB-afc13e53-2c77-48cb-8a78-743663bbb84f,TeamB,2021-03-01 00:00:00,26.7400224,123.95666666666669,7.382127344600021,743610,74362,0,0.0,True,,
2021-03-01-TeamB-e4321aef-964a-4fdd-88bd-0bd548b0e93b.parquet,TeamB-e4321aef-964a-4fdd-88bd-0bd548b0e93b,TeamB,2021-03-01 00:00:00,25.5300192,103.61999999999995,4.764580232600124,621654,62166,0,0.0,True,,
2021-03-02-TeamB-29c5271b-5c46-455e-91ea-da2abfa8ff3c.parquet,TeamB-29c5271b-5c46-455e-91ea-da2abfa8ff3c,TeamB,2021-03-02 00:00:00,27.1100232,132.38666666666663,6.818141887199942,794250,79426,0,0.0,True,,
2021-03-02-TeamB-2f23d7d5-2326-49ce-b9c8-5a6303f785c5.parquet,TeamB-2f23d7d5-2326-49ce-b9c8-5a6303f785c5,TeamB,2021-03-02 00:00:00,27.5100228,106.13000000000005,6.715629294999917,636630,63664,0,0.0,True,,
2021-03-02-TeamB-4405bb1f-56f7-48ba-bfa8-e795e4006952.parquet,TeamB-4405bb1f-56f7-48ba-bfa8-e795e4006952,TeamB,2021-03-02 00:00:00,22.6400184,95.45666666666669,5.019132943899875,572660,57267,0,0.0,True,,
2021-03-02-TeamB-48bfd4ea-e9e2-45b5-befc-3383cae87fdf.parquet,TeamB-48bfd4ea-e9e2-45b5-befc-3383cae87fdf,TeamB,2021-03-02 00:00:00,17.160012000000002,129.99000000000004,4.894940909099798,779820,77983,0,0.0,True,,
2021-03-02-TeamB-4b1e23d2-4204-4e16-9991-e0490649079b.parquet,TeamB-4b1e23d2-4204-4e16-9991-e0490649079b,TeamB,2021-03-02 00:00:00,24.5800188,128.4366666666666,7.187062455799926,770550,77056,0,0.0,True,,
2021-03-02-TeamB-5eba590a-cecb-400f-a92e-08224c7e2e59.parquet,TeamB-5eba590a-cecb-400f-a92e-08224c7e2e59,TeamB,2021-03-02 00:00:00,25.290021600000003,109.52166666666672,7.041802345299994,657050,65706,0,0.0,True,,
2021-03-02-TeamB-70b74270-f655-43cc-a188-1ebc7a828b95.parquet,TeamB-70b74270-f655-43cc-a188-1ebc7a828b95,TeamB,2021-03-02 00:00:00,26.4500208,104.08833333333338,7.154115762800058,624450,62446,0,0.0,True,,
2021-03-02-TeamB-789547e7-1325-4153-a98d-5ecd497f3668.parquet,TeamB-789547e7-1325-4153-a98d-5ecd497f3668,TeamB,2021-03-02 00:00:00,17.7600132,129.98666666666662,4.375141335899978,779920,77993,1,1.2821827879782541e-05,True,,
2021-03-02-TeamB-7ab47f4e-6eca-4793-880f-6a0dad3459c3.parquet,TeamB-7ab47f4e-6eca-4793-880f-6a0dad3459c3,TeamB,2021-03-02 00:00:00,25.2200196,124.97166666666672,6.974042837400045,749800,74981,0,0.0,True,,
2021-03-02-TeamB-7d41e602-eece-328b-ff7b-118e820865d6.parquet,TeamB-7d41e602-eece-328b-ff7b-118e820865d6,TeamB,2021-03-02 00:00:00,26.1000216,125.43166666666669,7.283332812399935,752510,75252,0,0.0,True,,
2021-03-02-TeamB-9c845827-99f9-47f4-977d-2200a107a013.parquet,TeamB-9c845827-99f9-47f4-977d-2200a107a013,TeamB,2021-03-02 00:00:00,21.2800176,105.97333333333336,4.968060678599891,635760,63577,0,0.0,True,,
2021-03-02-TeamB-a7126274-c2d2-4f4e-9b67-35d376aefacc.parquet,TeamB-a7126274-c2d2-4f4e-9b67-35d376aefacc,TeamB,2021-03-02 00:00:00,25.2200196,108.43000000000005,5.660307891299919,650545,65055,0,0.0,True,,
2021-03-02-TeamB-ab5ec6e5-b0f3-401e-8dc5-aa6c5070e255.parquet,TeamB-ab5ec6e5-b0f3-401e-8dc5-aa6c5070e255,TeamB,2021-03-02 00:00:00,23.310018000000003,117.35333333333341,3.937709024099944,704080,70409,1,1.4202931485058515e-05,True,,
2021-03-02-TeamB-ab691983-3544-4a0e-8f70-db44d85cb907.parquet,TeamB-ab691983-3544-4a0e-8f70-db44d85cb907,TeamB,2021-03-02 00:00:00,24.9700212,106.19000000000003,5.78130910509977,637070,63708,0,0.0,True,,
2021-03-02-TeamB-afc13e53-2c77-48cb-8a78-743663bbb84f.parquet,TeamB-afc13e53-2c77-48cb-8a78-743663bbb84f,TeamB,2021-03-02 00:00:00,28.3000212,122.14666666666672,7.239569174000109,732785,73279,0,0.0,True,,
2021-03-02-TeamB-e4321aef-964a-4fdd-88bd-0bd548b0e93b.parquet,TeamB-e4321aef-964a-4fdd-88bd-0bd548b0e93b,TeamB,2021-03-02 00:00:00,24.790021199999998,106.425,5.990230940799964,638485,63849,0,0.0,True,,
2021-03-04-TeamB-29c5271b-5c46-455e-91ea-da2abfa8ff3c.parquet,TeamB-29c5271b-5c46-455e-91ea-da2abfa8ff3c,TeamB,2021-03-04 00:00:00,26.80002,99.18499999999997,5.881397243199827,595045,59505,0,0.0,True,,
2021-03-04-TeamB-2f23d7d5-2326-49ce-b9c8-5a6303f785c5.parquet,TeamB-2f23d7d5-2326-49ce-b9c8-5a6303f785c5,TeamB,2021-03-04 00:00:00,25.1500212,97.00500000000005,5.992480656900006,581890,58190,0,0.0,True,,
2021-03-04-TeamB-4405bb1f-56f7-48ba-bfa8-e795e4006952.parquet,TeamB-4405bb1f-56f7-48ba-bfa8-e795e4006952,TeamB,2021-03-04 00:00:00,20.5000164,97.05500000000005,5.635231501399845,582270,58228,0,0.0,True,,
2021-03-04-TeamB-48bfd4ea-e9e2-45b5-befc-3383cae87fdf.parquet,TeamB-48bfd4ea-e9e2-45b5-befc-3383cae87fdf,TeamB,2021-03-04 00:00:00,18.490014000000002,100.92333333333336,4.04913132630002,605430,60544,0,0.0,True,,
2021-03-04-TeamB-4b1e23d2-4204-4e16-9991-e0490649079b.parquet,TeamB-4b1e23d2-4204-4e16-9991-e0490649079b,TeamB,2021-03-04 00:00:00,26.4800196,101.1066666666667,6.449723261999945,606570,60658,0,0.0,True,,
2021-03-04-TeamB-5eba590a-cecb-400f-a92e-08224c7e2e59.parquet,TeamB-5eba590a-cecb-400f-a92e-08224c7e2e59,TeamB,2021-03-04 00:00:00,24.4900188,99.65,6.758324338400161,597834,59784,0,0.0,True,,
2021-03-04-TeamB-70b74270-f655-43cc-a188-1ebc7a828b95.parquet,TeamB-70b74270-f655-43cc-a188-1ebc7a828b95,TeamB,2021-03-04 00:00:00,25.610022,99.15166666666664,5.939289499600058,594740,59475,1,1.6814070013787538e-05,True,,
2021-03-04-TeamB-7ab47f4e-6eca-4793-880f-6a0dad3459c3.parquet,TeamB-7ab47f4e-6eca-4793-880f-6a0dad3459c3,TeamB,2021-03-04 00:00:00,22.9600188,100.42333333333336,6.081245735900044,602515,60252,0,0.0,True,,
2021-03-04-TeamB-7d41e602-eece-328b-ff7b-118e820865d6.parquet,TeamB-7d41e602-eece-328b-ff7b-118e820865d6,TeamB,2021-03-04 00:00:00,23.880020400000003,101.15500000000004,6.447783529599925,606830,60684,0,0.0,True,,
2021-03-04-TeamB-9c845827-99f9-47f4-977d-2200a107a013.parquet,TeamB-9c845827-99f9-47f4-977d-2200a107a013,TeamB,2021-03-04 00:00:00,26.80002,57.30166666666664,1.94103907459997,343735,34374,0,0.0,True,,
2021-03-04-TeamB-a7126274-c2d2-4f4e-9b67-35d376aefacc.parquet,TeamB-a7126274-c2d2-4f4e-9b67-35d376aefacc,TeamB,2021-03-04 00:00:00,25.360020000000002,105.1,5.828058594800099,630505,63051,0,0.0,True,,
2021-03-04-TeamB-ab5ec6e5-b0f3-401e-8dc5-aa6c5070e255.parquet,TeamB-ab5ec6e5-b0f3-401e-8dc5-aa6c5070e255,TeamB,2021-03-04 00:00:00,26.2300212,104.19500000000008,6.114856321400086,622615,62262,16,0.00025698270185188157,True,,
2021-03-04-TeamB-ab691983-3544-4a0e-8f70-db44d85cb907.parquet,TeamB-ab691983-3544-4a0e-8f70-db44d85cb907,TeamB,2021-03-04 00:00:00,26.5400208,98.71999999999996,5.947469244699815,592250,59226,0,0.0,True,,
2021-03-04-TeamB-afc13e53-2c77-48cb-8a78-743663bbb84f.parquet,TeamB-afc13e53-2c77-48cb-8a78-743663bbb84f,TeamB,2021-03-04 00:00:00,25.9600212,96.30666666666669,5.883535571999984,577730,57773,0,0.0,True,,
2021-03-04-TeamB-d9501f3a-aaa1-4311-8b8b-3a8d3f21480f.parquet,TeamB-d9501f3a-aaa1-4311-8b8b-3a8d3f21480f,TeamB,2021-03-04 00:00:00,29.2500252,104.02333333333335,5.62062481020001,624090,62410,0,0.0,True,,
2021-03-04-TeamB-e4321aef-964a-4fdd-88bd-0bd548b0e93b.parquet,TeamB-e4321aef-964a-4fdd-88bd-0bd548b0e93b,TeamB,2021-03-04 00:00:00,27.3700224,96.425,5.912512544700067,578485,57849,0,0.0,True,,
2021-03-05-TeamB-29c5271b-5c46-455e-91ea-da2abfa8ff3c.parquet,TeamB-29c5271b-5c46-455e-91ea-da2abfa8ff3c,TeamB,2021-03-05 00:00:00,26.7500232,108.13833333333338,5.5539669844999695,648780,64879,0,0.0,True,,
2021-03-05-TeamB-2f23d7d5-2326-49ce-b9c8-5a6303f785c5.parquet,TeamB-2f23d7d5-2326-49ce-b9c8-5a6303f785c5,TeamB,2021-03-05 00:00:00,27.330022800000002,102.16666666666667,4.776181072000058,612925,61293,0,0.0,True,,
2021-03-05-TeamB-4405bb1f-56f7-48ba-bfa8-e795e4006952.parquet,TeamB-4405bb1f-56f7-48ba-bfa8-e795e4006952,TeamB,2021-03-05 00:00:00,24.8100192,104.38833333333338,5.491331925999951,626260,62627,0,0.0,True,,
2021-03-05-TeamB-48bfd4ea-e9e2-45b5-befc-3383cae87fdf.parquet,TeamB-48bfd4ea-e9e2-45b5-befc-3383cae87fdf,TeamB,2021-03-05 00:00:00,18.6200136,130.85500000000005,4.683170458899943,785040,78505,0,0.0,True,,
2021-03-05-TeamB-4b1e23d2-4204-4e16-9991-e0490649079b.parquet,TeamB-4b1e23d2-4204-4e16-9991-e0490649079b,TeamB,2021-03-05 00:00:00,22.460018400000003,116.47333333333336,5.828389148199911,698770,69878,0,0.0,True,,
2021-03-05-TeamB-5eba590a-cecb-400f-a92e-08224c7e2e59.parquet,TeamB-5eba590a-cecb-400f-a92e-08224c7e2e59,TeamB,2021-03-05 00:00:00,24.7700196,113.20666666666669,5.781324943200107,679160,67917,0,0.0,True,,
2021-03-05-TeamB-70b74270-f655-43cc-a188-1ebc7a828b95.parquet,TeamB-70b74270-f655-43cc-a188-1ebc7a828b95,TeamB,2021-03-05 00:00:00,25.2100188,84.41999999999994,5.127718575999853,506440,50645,0,0.0,True,,
2021-03-05-TeamB-789547e7-1325-4153-a98d-5ecd497f3668.parquet,TeamB-789547e7-1325-4153-a98d-5ecd497f3668,TeamB,2021-03-05 00:00:00,18.300013200000002,131.9216666666667,4.323699624600026,791420,79143,0,0.0,True,,
2021-03-05-TeamB-7ab47f4e-6eca-4793-880f-6a0dad3459c3.parquet,TeamB-7ab47f4e-6eca-4793-880f-6a0dad3459c3,TeamB,2021-03-05 00:00:00,25.540020000000002,107.83000000000006,5.9193575516000845,646955,64696,0,0.0,True,,
2021-03-05-TeamB-7d41e602-eece-328b-ff7b-118e820865d6.parquet,TeamB-7d41e602-eece-328b-ff7b-118e820865d6,TeamB,2021-03-05 00:00:00,25.8700212,116.70666666666669,5.4611360758999625,700180,70019,0,0.0,True,,
2021-03-05-TeamB-9c845827-99f9-47f4-977d-2200a107a013.parquet,TeamB-9c845827-99f9-47f4-977d-2200a107a013,TeamB,2021-03-05 00:00:00,23.640019199999998,68.38666666666661,3.3221354591999512,410240,41025,0,0.0,True,,
2021-03-05-TeamB-a7126274-c2d2-4f4e-9b67-35d376aefacc.parquet,TeamB-a7126274-c2d2-4f4e-9b67-35d376aefacc,TeamB,2021-03-05 00:00:00,26.5900212,65.83833333333338,3.7371032823999255,394950,39496,0,0.0,True,,
2021-03-05-TeamB-ab5ec6e5-b0f3-401e-8dc5-aa6c5070e255.parquet,TeamB-ab5ec6e5-b0f3-401e-8dc5-aa6c5070e255,TeamB,2021-03-05 00:00:00,26.880022800000003,114.22333333333336,5.414744091800057,685265,68527,0,0.0,True,,
2021-03-05-TeamB-ab691983-3544-4a0e-8f70-db44d85cb907.parquet,TeamB-ab691983-3544-4a0e-8f70-db44d85cb907,TeamB,2021-03-05 00:00:00,25.8600204,110.56999999999995,5.795361077199785,663350,66336,0,0.0,True,,
2021-03-05-TeamB-afc13e53-2c77-48cb-8a78-743663bbb84f.parquet,TeamB-afc13e53-2c77-48cb-8a78-743663bbb84f,TeamB,2021-03-05 00:00:00,26.0700192,111.45666666666669,6.547441942799871,668650,66866,0,0.0,True,,
2021-03-05-TeamB-d9501f3a-aaa1-4311-8b8b-3a8d3f21480f.parquet,TeamB-d9501f3a-aaa1-4311-8b8b-3a8d3f21480f,TeamB,2021-03-05 00:00:00,24.28002,104.62000000000008,5.9385970120999625,627685,62769,0,0.0,True,,
2021-03-05-TeamB-e4321aef-964a-4fdd-88bd-0bd548b0e93b.parquet,TeamB-e4321aef-964a-4fdd-88bd-0bd548b0e93b,TeamB,2021-03-05 00:00:00,25.470021600000003,103.73333333333333,5.10709995390006,622335,62234,0,0.0,True,,
2021-03-06-TeamB-29c5271b-5c46-455e-91ea-da2abfa8ff3c.parquet,TeamB-29c5271b-5c46-455e-91ea-da2abfa8ff3c,TeamB,2021-03-06 00:00:00,25.1300196,85.89000000000003,5.234934225599748,515285,51529,0,0.0,True,,
2021-03-06-TeamB-2f23d7d5-2326-49ce-b9c8-5a6303f785c5.parquet,TeamB-2f23d7d5-2326-49ce-b9c8-5a6303f785c5,TeamB,2021-03-06 00:00:00,24.7400208,90.80999999999997,4.657356260399812,544720,54473,1,1.8358055514759876e-05,True,,
2021-03-06-TeamB-4405bb1f-56f7-48ba-bfa8-e795e4006952.parquet,TeamB-4405bb1f-56f7-48ba-bfa8-e795e4006952,TeamB,2021-03-06 00:00:00,24.320019600000002,83.58833333333338,4.781684133199957,501460,50147,0,0.0,True,,
2021-03-06-TeamB-48bfd4ea-e9e2-45b5-befc-3383cae87fdf.parquet,TeamB-48bfd4ea-e9e2-45b5-befc-3383cae87fdf,TeamB,2021-03-06 00:00:00,19.710014400000002,93.41333333333338,3.8667195135000068,560385,56039,0,0.0,True,,
2021-03-06-TeamB-4b1e23d2-4204-4e16-9991-e0490649079b.parquet,TeamB-4b1e23d2-4204-4e16-9991-e0490649079b,TeamB,2021-03-06 00:00:00,22.7900196,100.22333333333336,5.900783648900146,601270,60128,0,0.0,True,,
2021-03-06-TeamB-5eba590a-cecb-400f-a92e-08224c7e2e59.parquet,TeamB-5eba590a-cecb-400f-a92e-08224c7e2e59,TeamB,2021-03-06 00:00:00,26.130020400000003,113.91666666666667,6.9630789448001,683389,68340,0,0.0,True,,
2021-03-06-TeamB-70b74270-f655-43cc-a188-1ebc7a828b95.parquet,TeamB-70b74270-f655-43cc-a188-1ebc7a828b95,TeamB,2021-03-06 00:00:00,27.040021199999998,86.65500000000004,5.465358296600063,519850,51986,0,0.0,True,,
2021-03-06-TeamB-7ab47f4e-6eca-4793-880f-6a0dad3459c3.parquet,TeamB-7ab47f4e-6eca-4793-880f-6a0dad3459c3,TeamB,2021-03-06 00:00:00,24.210018,91.9649999999999,5.2474386753000815,551759,55177,0,0.0,True,,
2021-03-06-TeamB-7d41e602-eece-328b-ff7b-118e820865d6.parquet,TeamB-7d41e602-eece-328b-ff7b-118e820865d6,TeamB,2021-03-06 00:00:00,27.340023600000002,153.08166666666668,5.729763783000094,918425,91843,0,0.0,True,,
2021-03-06-TeamB-9c845827-99f9-47f4-977d-2200a107a013.parquet,TeamB-9c845827-99f9-47f4-977d-2200a107a013,TeamB,2021-03-06 00:00:00,23.38002,94.68833333333338,4.443704133499961,568050,56806,0,0.0,True,,
2021-03-06-TeamB-a7126274-c2d2-4f4e-9b67-35d376aefacc.parquet,TeamB-a7126274-c2d2-4f4e-9b67-35d376aefacc,TeamB,2021-03-06 00:00:00,15.720012,17.808333333333334,0.5852985282000281,106765,10677,0,0.0,True,,
2021-03-06-TeamB-ab5ec6e5-b0f3-401e-8dc5-aa6c5070e255.parquet,TeamB-ab5ec6e5-b0f3-401e-8dc5-aa6c5070e255,TeamB,2021-03-06 00:00:00,24.9700212,88.03833333333338,4.687631559100185,528150,52816,0,0.0,True,,
2021-03-06-TeamB-ab691983-3544-4a0e-8f70-db44d85cb907.parquet,TeamB-ab691983-3544-4a0e-8f70-db44d85cb907,TeamB,2021-03-06 00:00:00,25.72002,87.89000000000003,5.448688003699987,527260,52727,0,0.0,True,,
2021-03-06-TeamB-afc13e53-2c77-48cb-8a78-743663bbb84f.parquet,TeamB-afc13e53-2c77-48cb-8a78-743663bbb84f,TeamB,2021-03-06 00:00:00,26.6800212,97.6066666666667,5.035161844700054,585550,58556,0,0.0,True,,
2021-03-06-TeamB-d9501f3a-aaa1-4311-8b8b-3a8d3f21480f.parquet,TeamB-d9501f3a-aaa1-4311-8b8b-3a8d3f21480f,TeamB,2021-03-06 00:00:00,24.5600208,84.27166666666672,4.915115904399965,505590,50560,0,0.0,True,,
2021-03-06-TeamB-e4321aef-964a-4fdd-88bd-0bd548b0e93b.parquet,TeamB-e4321aef-964a-4fdd-88bd-0bd548b0e93b,TeamB,2021-03-06 00:00:00,26.1600192,106.61333333333339,4.814617489600038,639614,63962,0,0.0,True,,
2021-03-08-TeamB-29c5271b-5c46-455e-91ea-da2abfa8ff3c.parquet,TeamB-29c5271b-5c46-455e-91ea-da2abfa8ff3c,TeamB,2021-03-08 00:00:00,26.5900212,100.8,5.245639225699944,604755,60476,0,0.0,True,,
2021-03-08-TeamB-2f23d7d5-2326-49ce-b9c8-5a6303f785c5.parquet,TeamB-2f23d7d5-2326-49ce-b9c8-5a6303f785c5,TeamB,2021-03-08 00:00:00,22.8000168,104.18333333333334,4.560441186500169,624905,62491,0,0.0,True,,
2021-03-08-TeamB-4405bb1f-56f7-48ba-bfa8-e795e4006952.parquet,TeamB-4405bb1f-56f7-48ba-bfa8-e795e4006952,TeamB,2021-03-08 00:00:00,23.0000184,121.02333333333335,5.39107630490015,726070,72608,0,0.0,True,,
2021-03-08-TeamB-48bfd4ea-e9e2-45b5-befc-3383cae87fdf.parquet,TeamB-48bfd4ea-e9e2-45b5-befc-3383cae87fdf,TeamB,2021-03-08 00:00:00,16.820013600000003,97.91999999999994,3.0658930435999827,587420,58743,0,0.0,True,,
2021-03-08-TeamB-4b1e23d2-4204-4e16-9991-e0490649079b.parquet,TeamB-4b1e23d2-4204-4e16-9991-e0490649079b,TeamB,2021-03-08 00:00:00,21.5500176,115.87166666666671,5.783328841399857,695160,69517,0,0.0,True,,
2021-03-08-TeamB-5eba590a-cecb-400f-a92e-08224c7e2e59.parquet,TeamB-5eba590a-cecb-400f-a92e-08224c7e2e59,TeamB,2021-03-08 00:00:00,24.3400212,104.86999999999995,5.203635308199873,629140,62915,0,0.0,True,,
2021-03-08-TeamB-70b74270-f655-43cc-a188-1ebc7a828b95.parquet,TeamB-70b74270-f655-43cc-a188-1ebc7a828b95,TeamB,2021-03-08 00:00:00,26.3000196,104.4816666666667,5.733753785799985,626815,62682,0,0.0,True,,
2021-03-08-TeamB-7ab47f4e-6eca-4793-880f-6a0dad3459c3.parquet,TeamB-7ab47f4e-6eca-4793-880f-6a0dad3459c3,TeamB,2021-03-08 00:00:00,25.0200216,100.87333333333336,5.49318026770005,605210,60522,0,0.0,True,,
2021-03-08-TeamB-7d41e602-eece-328b-ff7b-118e820865d6.parquet,TeamB-7d41e602-eece-328b-ff7b-118e820865d6,TeamB,2021-03-08 00:00:00,25.6600188,104.9066666666667,5.78193162069981,629350,62936,0,0.0,True,,
2021-03-08-TeamB-9c845827-99f9-47f4-977d-2200a107a013.parquet,TeamB-9c845827-99f9-47f4-977d-2200a107a013,TeamB,2021-03-08 00:00:00,26.26002,99.74000000000002,4.662981547300004,598360,59837,0,0.0,True,,
2021-03-08-TeamB-ab5ec6e5-b0f3-401e-8dc5-aa6c5070e255.parquet,TeamB-ab5ec6e5-b0f3-401e-8dc5-aa6c5070e255,TeamB,2021-03-08 00:00:00,27.930024,105.47333333333336,5.719579055099915,632760,63277,0,0.0,True,,
2021-03-08-TeamB-ab691983-3544-4a0e-8f70-db44d85cb907.parquet,TeamB-ab691983-3544-4a0e-8f70-db44d85cb907,TeamB,2021-03-08 00:00:00,21.0400164,99.14499999999995,4.717539094500113,594790,59480,0,0.0,True,,
2021-03-08-TeamB-afc13e53-2c77-48cb-8a78-743663bbb84f.parquet,TeamB-afc13e53-2c77-48cb-8a78-743663bbb84f,TeamB,2021-03-08 00:00:00,26.4000204,120.31999999999995,6.210824739500025,721845,72185,0,0.0,True,,
2021-03-08-TeamB-d9501f3a-aaa1-4311-8b8b-3a8d3f21480f.parquet,TeamB-d9501f3a-aaa1-4311-8b8b-3a8d3f21480f,TeamB,2021-03-08 00:00:00,25.4900196,102.39666666666659,4.856678357800045,614345,61435,0,0.0,True,,
2021-03-08-TeamB-e4321aef-964a-4fdd-88bd-0bd548b0e93b.parquet,TeamB-e4321aef-964a-4fdd-88bd-0bd548b0e93b,TeamB,2021-03-08 00:00:00,20.0700144,53.68000000000005,1.8988854214999737,321995,32200,0,0.0,True,,
2021-03-09-TeamB-29c5271b-5c46-455e-91ea-da2abfa8ff3c.parquet,TeamB-29c5271b-5c46-455e-91ea-da2abfa8ff3c,TeamB,2021-03-09 00:00:00,28.2800232,107.63333333333334,5.677344295600164,645755,64576,0,0.0,True,,
2021-03-09-TeamB-2f23d7d5-2326-49ce-b9c8-5a6303f785c5.parquet,TeamB-2f23d7d5-2326-49ce-b9c8-5a6303f785c5,TeamB,2021-03-09 00:00:00,27.8200224,106.34000000000002,5.678533470799777,637820,63783,0,0.0,True,,
2021-03-09-TeamB-4405bb1f-56f7-48ba-bfa8-e795e4006952.parquet,TeamB-4405bb1f-56f7-48ba-bfa8-e795e4006952,TeamB,2021-03-09 00:00:00,25.1200188,103.84499999999996,5.731772964299924,622990,62300,0,0.0,True,,
2021-03-09-TeamB-4b1e23d2-4204-4e16-9991-e0490649079b.parquet,TeamB-4b1e23d2-4204-4e16-9991-e0490649079b,TeamB,2021-03-09 00:00:00,26.3400228,119.92166666666671,6.6795678896000865,719470,71948,0,0.0,True,,
2021-03-09-TeamB-5eba590a-cecb-400f-a92e-08224c7e2e59.parquet,TeamB-5eba590a-cecb-400f-a92e-08224c7e2e59,TeamB,2021-03-09 00:00:00,25.9600212,103.89000000000003,6.199668337300009,623270,62328,0,0.0,True,,
2021-03-09-TeamB-70b74270-f655-43cc-a188-1ebc7a828b95.parquet,TeamB-70b74270-f655-43cc-a188-1ebc7a828b95,TeamB,2021-03-09 00:00:00,27.6200208,93.1433333333333,4.739107984299847,558785,55879,0,0.0,True,,
2021-03-09-TeamB-789547e7-1325-4153-a98d-5ecd497f3668.parquet,TeamB-789547e7-1325-4153-a98d-5ecd497f3668,TeamB,2021-03-09 00:00:00,18.430016400000003,125.66666666666667,4.288914854900142,753905,75391,0,0.0,True,,
2021-03-09-TeamB-7ab47f4e-6eca-4793-880f-6a0dad3459c3.parquet,TeamB-7ab47f4e-6eca-4793-880f-6a0dad3459c3,TeamB,2021-03-09 00:00:00,26.2100196,113.30999999999997,6.3566829014000845,679825,67983,0,0.0,True,,
2021-03-09-TeamB-7d41e602-eece-328b-ff7b-118e820865d6.parquet,TeamB-7d41e602-eece-328b-ff7b-118e820865d6,TeamB,2021-03-09 00:00:00,27.9600228,109.60500000000005,6.6096042226001765,657575,65758,0,0.0,True,,
2021-03-09-TeamB-9c845827-99f9-47f4-977d-2200a107a013.parquet,TeamB-9c845827-99f9-47f4-977d-2200a107a013,TeamB,2021-03-09 00:00:00,26.2500228,107.9216666666666,5.531186395200124,647530,64754,1,1.544329992432783e-05,True,,
2021-03-09-TeamB-ab5ec6e5-b0f3-401e-8dc5-aa6c5070e255.parquet,TeamB-ab5ec6e5-b0f3-401e-8dc5-aa6c5070e255,TeamB,2021-03-09 00:00:00,24.660018,92.2816666666667,4.141442509199998,553615,55362,0,0.0,True,,
2021-03-09-TeamB-ab691983-3544-4a0e-8f70-db44d85cb907.parquet,TeamB-ab691983-3544-4a0e-8f70-db44d85cb907,TeamB,2021-03-09 00:00:00,26.89002,105.72166666666672,6.143904394000285,634260,63427,0,0.0,True,,
2021-03-09-TeamB-afc13e53-2c77-48cb-8a78-743663bbb84f.parquet,TeamB-afc13e53-2c77-48cb-8a78-743663bbb84f,TeamB,2021-03-09 00:00:00,29.270023199999997,107.97333333333336,6.24001141779994,647700,64771,0,0.0,True,,
2021-03-09-TeamB-d9501f3a-aaa1-4311-8b8b-3a8d3f21480f.parquet,TeamB-d9501f3a-aaa1-4311-8b8b-3a8d3f21480f,TeamB,2021-03-09 00:00:00,27.6900228,121.84000000000002,5.84497999369989,730990,73100,0,0.0,True,,
2021-03-12-TeamB-29c5271b-5c46-455e-91ea-da2abfa8ff3c.parquet,TeamB-29c5271b-5c46-455e-91ea-da2abfa8ff3c,TeamB,2021-03-12 00:00:00,27.1300212,107.05500000000005,6.820914673699847,642270,64228,0,0.0,True,,
2021-03-12-TeamB-2f23d7d5-2326-49ce-b9c8-5a6303f785c5.parquet,TeamB-2f23d7d5-2326-49ce-b9c8-5a6303f785c5,TeamB,2021-03-12 00:00:00,22.6400184,96.15333333333328,6.377379311300121,576770,57678,0,0.0,True,,
2021-03-12-TeamB-4405bb1f-56f7-48ba-bfa8-e795e4006952.parquet,TeamB-4405bb1f-56f7-48ba-bfa8-e795e4006952,TeamB,2021-03-12 00:00:00,24.130018800000002,98.23833333333339,5.911295617099943,589310,58932,0,0.0,True,,
2021-03-12-TeamB-48bfd4ea-e9e2-45b5-befc-3383cae87fdf.parquet,TeamB-48bfd4ea-e9e2-45b5-befc-3383cae87fdf,TeamB,2021-03-12 00:00:00,19.9300176,97.05666666666669,3.971587657999832,582230,58224,0,0.0,True,,
2021-03-12-TeamB-4b1e23d2-4204-4e16-9991-e0490649079b.parquet,TeamB-4b1e23d2-4204-4e16-9991-e0490649079b,TeamB,2021-03-12 00:00:00,24.8700204,99.84000000000002,6.333831776499881,599050,59906,1,1.6693097404223353e-05,True,,
2021-03-12-TeamB-5eba590a-cecb-400f-a92e-08224c7e2e59.parquet,TeamB-5eba590a-cecb-400f-a92e-08224c7e2e59,TeamB,2021-03-12 00:00:00,25.290021600000003,96.02333333333335,6.9601767189000405,576060,57607,0,0.0,True,,
2021-03-12-TeamB-70b74270-f655-43cc-a188-1ebc7a828b95.parquet,TeamB-70b74270-f655-43cc-a188-1ebc7a828b95,TeamB,2021-03-12 00:00:00,26.780022,96.05,7.086740715700152,576219,57623,0,0.0,True,,
2021-03-12-TeamB-789547e7-1325-4153-a98d-5ecd497f3668.parquet,TeamB-789547e7-1325-4153-a98d-5ecd497f3668,TeamB,2021-03-12 00:00:00,16.7700132,102.775,3.6607588132999727,616535,61654,0,0.0,True,,
2021-03-12-TeamB-7ab47f4e-6eca-4793-880f-6a0dad3459c3.parquet,TeamB-7ab47f4e-6eca-4793-880f-6a0dad3459c3,TeamB,2021-03-12 00:00:00,25.5600216,102.12166666666671,7.356348142799958,612680,61269,0,0.0,True,,
2021-03-12-TeamB-7d41e602-eece-328b-ff7b-118e820865d6.parquet,TeamB-7d41e602-eece-328b-ff7b-118e820865d6,TeamB,2021-03-12 00:00:00,26.4300228,97.21666666666667,7.250479460199956,583229,58324,0,0.0,True,,
2021-03-12-TeamB-9c845827-99f9-47f4-977d-2200a107a013.parquet,TeamB-9c845827-99f9-47f4-977d-2200a107a013,TeamB,2021-03-12 00:00:00,23.6200176,91.50499999999992,5.786579131400064,549030,54904,1,1.821394095040344e-05,True,,
2021-03-12-TeamB-ab5ec6e5-b0f3-401e-8dc5-aa6c5070e255.parquet,TeamB-ab5ec6e5-b0f3-401e-8dc5-aa6c5070e255,TeamB,2021-03-12 00:00:00,26.130020400000003,99.02333333333335,7.265674188100102,594050,59406,0,0.0,True,,
2021-03-12-TeamB-ab691983-3544-4a0e-8f70-db44d85cb907.parquet,TeamB-ab691983-3544-4a0e-8f70-db44d85cb907,TeamB,2021-03-12 00:00:00,24.480017999999998,97.94833333333335,6.681848439199774,587610,58762,0,0.0,True,,
2021-03-12-TeamB-afc13e53-2c77-48cb-8a78-743663bbb84f.parquet,TeamB-afc13e53-2c77-48cb-8a78-743663bbb84f,TeamB,2021-03-12 00:00:00,24.8000184,93.24000000000002,6.550646405400051,559310,55932,0,0.0,True,,
2021-03-15-TeamB-29c5271b-5c46-455e-91ea-da2abfa8ff3c.parquet,TeamB-29c5271b-5c46-455e-91ea-da2abfa8ff3c,TeamB,2021-03-15 00:00:00,29.4200244,101.75,5.550417800199972,610439,61045,0,0.0,True,,
2021-03-15-TeamB-2f23d7d5-2326-49ce-b9c8-5a6303f785c5.parquet,TeamB-2f23d7d5-2326-49ce-b9c8-5a6303f785c5,TeamB,2021-03-15 00:00:00,28.2300228,98.55500000000005,5.220946714699972,591140,59115,0,0.0,True,,
2021-03-15-TeamB-4405bb1f-56f7-48ba-bfa8-e795e4006952.parquet,TeamB-4405bb1f-56f7-48ba-bfa8-e795e4006952,TeamB,2021-03-15 00:00:00,25.5600216,94.0183333333333,4.329072940600023,564034,56404,0,0.0,True,,
2021-03-15-TeamB-48bfd4ea-e9e2-45b5-befc-3383cae87fdf.parquet,TeamB-48bfd4ea-e9e2-45b5-befc-3383cae87fdf,TeamB,2021-03-15 00:00:00,21.600018,112.55999999999997,4.007531582999904,675349,67536,1,1.4807137040053305e-05,True,,
2021-03-15-TeamB-4b1e23d2-4204-4e16-9991-e0490649079b.parquet,TeamB-4b1e23d2-4204-4e16-9991-e0490649079b,TeamB,2021-03-15 00:00:00,24.210018,114.4033333333334,6.951077285299893,686430,68644,1,1.456812784989001e-05,True,,
2021-03-15-TeamB-5eba590a-cecb-400f-a92e-08224c7e2e59.parquet,TeamB-5eba590a-cecb-400f-a92e-08224c7e2e59,TeamB,2021-03-15 00:00:00,25.790022,99.38333333333334,5.260127291600181,596209,59622,0,0.0,True,,
2021-03-15-TeamB-70b74270-f655-43cc-a188-1ebc7a828b95.parquet,TeamB-70b74270-f655-43cc-a188-1ebc7a828b95,TeamB,2021-03-15 00:00:00,28.960023600000003,99.35333333333328,6.088007136400016,596009,59602,0,0.0,True,,
2021-03-15-TeamB-789547e7-1325-4153-a98d-5ecd497f3668.parquet,TeamB-789547e7-1325-4153-a98d-5ecd497f3668,TeamB,2021-03-15 00:00:00,18.050014800000003,98.7,3.0924988918999525,592205,59221,1,1.6886187098953058e-05,True,,
2021-03-15-TeamB-7ab47f4e-6eca-4793-880f-6a0dad3459c3.parquet,TeamB-7ab47f4e-6eca-4793-880f-6a0dad3459c3,TeamB,2021-03-15 00:00:00,26.17002,98.89833333333335,5.865896962900213,593365,59337,0,0.0,True,,
2021-03-15-TeamB-7d41e602-eece-328b-ff7b-118e820865d6.parquet,TeamB-7d41e602-eece-328b-ff7b-118e820865d6,TeamB,2021-03-15 00:00:00,30.560025600000003,102.41166666666662,6.074717405800043,614390,61440,0,0.0,True,,
2021-03-15-TeamB-ab5ec6e5-b0f3-401e-8dc5-aa6c5070e255.parquet,TeamB-ab5ec6e5-b0f3-401e-8dc5-aa6c5070e255,TeamB,2021-03-15 00:00:00,27.050022,100.53666666666662,5.377761552400083,603140,60315,0,0.0,True,,
2021-03-15-TeamB-ab691983-3544-4a0e-8f70-db44d85cb907.parquet,TeamB-ab691983-3544-4a0e-8f70-db44d85cb907,TeamB,2021-03-15 00:00:00,25.920021600000002,99.00000000000013,5.677806248999824,593990,59400,1,1.6835300257580095e-05,True,,
2021-03-15-TeamB-afc13e53-2c77-48cb-8a78-743663bbb84f.parquet,TeamB-afc13e53-2c77-48cb-8a78-743663bbb84f,TeamB,2021-03-15 00:00:00,28.5400224,112.91500000000002,5.738737971499984,677390,67740,0,0.0,True,,
2021-03-16-TeamB-2f23d7d5-2326-49ce-b9c8-5a6303f785c5.parquet,TeamB-2f23d7d5-2326-49ce-b9c8-5a6303f785c5,TeamB,2021-03-16 00:00:00,22.090017600000003,90.72666666666665,4.762954132300032,544250,54426,0,0.0,True,,
2021-03-16-TeamB-4405bb1f-56f7-48ba-bfa8-e795e4006952.parquet,TeamB-4405bb1f-56f7-48ba-bfa8-e795e4006952,TeamB,2021-03-16 00:00:00,21.4000164,104.42166666666671,4.870789208999961,626460,62647,0,0.0,True,,
2021-03-16-TeamB-48bfd4ea-e9e2-45b5-befc-3383cae87fdf.parquet,TeamB-48bfd4ea-e9e2-45b5-befc-3383cae87fdf,TeamB,2021-03-16 00:00:00,16.050013200000002,92.40333333333328,2.872632603500078,554320,55433,0,0.0,True,,
2021-03-16-TeamB-4b1e23d2-4204-4e16-9991-e0490649079b.parquet,TeamB-4b1e23d2-4204-4e16-9991-e0490649079b,TeamB,2021-03-16 00:00:00,21.6500184,102.71999999999996,5.511541123800097,616015,61602,0,0.0,True,,
2021-03-16-TeamB-5eba590a-cecb-400f-a92e-08224c7e2e59.parquet,TeamB-5eba590a-cecb-400f-a92e-08224c7e2e59,TeamB,2021-03-16 00:00:00,23.2100172,91.75833333333334,5.245754515599961,550475,55048,0,0.0,True,,
2021-03-16-TeamB-70b74270-f655-43cc-a188-1ebc7a828b95.parquet,TeamB-70b74270-f655-43cc-a188-1ebc7a828b95,TeamB,2021-03-16 00:00:00,25.1300196,91.79833333333336,5.550933926300055,550735,55074,0,0.0,True,,
2021-03-16-TeamB-789547e7-1325-4153-a98d-5ecd497f3668.parquet,TeamB-789547e7-1325-4153-a98d-5ecd497f3668,TeamB,2021-03-16 00:00:00,16.630012800000003,90.10333333333328,2.5494692889000463,540530,54054,0,0.0,True,,
2021-03-16-TeamB-7ab47f4e-6eca-4793-880f-6a0dad3459c3.parquet,TeamB-7ab47f4e-6eca-4793-880f-6a0dad3459c3,TeamB,2021-03-16 00:00:00,23.950018800000002,106.90166666666677,5.473977189000045,641385,64139,0,0.0,True,,
2021-03-16-TeamB-7d41e602-eece-328b-ff7b-118e820865d6.parquet,TeamB-7d41e602-eece-328b-ff7b-118e820865d6,TeamB,2021-03-16 00:00:00,24.9400188,99.48333333333333,5.200013084499981,596825,59683,0,0.0,True,,
2021-03-16-TeamB-ab5ec6e5-b0f3-401e-8dc5-aa6c5070e255.parquet,TeamB-ab5ec6e5-b0f3-401e-8dc5-aa6c5070e255,TeamB,2021-03-16 00:00:00,24.0800184,93.83833333333338,5.495367215600198,562950,56296,0,0.0,True,,
2021-03-16-TeamB-ab691983-3544-4a0e-8f70-db44d85cb907.parquet,TeamB-ab691983-3544-4a0e-8f70-db44d85cb907,TeamB,2021-03-16 00:00:00,24.660018,88.75666666666669,4.9525812233999185,532470,53248,0,0.0,True,,
2021-03-16-TeamB-afc13e53-2c77-48cb-8a78-743663bbb84f.parquet,TeamB-afc13e53-2c77-48cb-8a78-743663bbb84f,TeamB,2021-03-16 00:00:00,21.5900172,92.81166666666674,4.768633305599933,556795,55680,0,0.0,True,,
2021-03-16-TeamB-e4321aef-964a-4fdd-88bd-0bd548b0e93b.parquet,TeamB-e4321aef-964a-4fdd-88bd-0bd548b0e93b,TeamB,2021-03-16 00:00:00,25.18002,91.40333333333328,5.305035946600011,548340,54835,0,0.0,True,,
2021-03-18-TeamB-2f23d7d5-2326-49ce-b9c8-5a6303f785c5.parquet,TeamB-2f23d7d5-2326-49ce-b9c8-5a6303f785c5,TeamB,2021-03-18 00:00:00,25.81002,104.23666666666662,6.351999563699968,625270,62528,0,0.0,True,,
2021-03-18-TeamB-4405bb1f-56f7-48ba-bfa8-e795e4006952.parquet,TeamB-4405bb1f-56f7-48ba-bfa8-e795e4006952,TeamB,2021-03-18 00:00:00,24.0800184,115.36666666666666,6.422396857799932,692119,69213,0,0.0,True,,
2021-03-18-TeamB-48bfd4ea-e9e2-45b5-befc-3383cae87fdf.parquet,TeamB-48bfd4ea-e9e2-45b5-befc-3383cae87fdf,TeamB,2021-03-18 00:00:00,23.950018800000002,105.37166666666671,3.772811385999991,632140,63215,0,0.0,True,,
2021-03-18-TeamB-4b1e23d2-4204-4e16-9991-e0490649079b.parquet,TeamB-4b1e23d2-4204-4e16-9991-e0490649079b,TeamB,2021-03-18 00:00:00,24.4500192,122.97000000000007,7.321608687299932,737735,73774,0,0.0,True,,
2021-03-18-TeamB-5eba590a-cecb-400f-a92e-08224c7e2e59.parquet,TeamB-5eba590a-cecb-400f-a92e-08224c7e2e59,TeamB,2021-03-18 00:00:00,24.0900192,106.69000000000003,6.892423893499943,640060,64007,0,0.0,True,,
2021-03-18-TeamB-70b74270-f655-43cc-a188-1ebc7a828b95.parquet,TeamB-70b74270-f655-43cc-a188-1ebc7a828b95,TeamB,2021-03-18 00:00:00,25.2000216,104.22166666666672,6.774395462199844,625250,62526,0,0.0,True,,
2021-03-18-TeamB-789547e7-1325-4153-a98d-5ecd497f3668.parquet,TeamB-789547e7-1325-4153-a98d-5ecd497f3668,TeamB,2021-03-18 00:00:00,15.470013600000001,106.26333333333338,2.9509254472999333,637485,63749,0,0.0,True,,
2021-03-18-TeamB-7ab47f4e-6eca-4793-880f-6a0dad3459c3.parquet,TeamB-7ab47f4e-6eca-4793-880f-6a0dad3459c3,TeamB,2021-03-18 00:00:00,25.100020800000003,122.54833333333336,7.8966758121996445,735255,73526,0,0.0,True,,
2021-03-18-TeamB-7d41e602-eece-328b-ff7b-118e820865d6.parquet,TeamB-7d41e602-eece-328b-ff7b-118e820865d6,TeamB,2021-03-18 00:00:00,28.2400236,106.56999999999995,6.664044261900091,639330,63934,0,0.0,True,,
2021-03-18-TeamB-9c845827-99f9-47f4-977d-2200a107a013.parquet,TeamB-9c845827-99f9-47f4-977d-2200a107a013,TeamB,2021-03-18 00:00:00,25.250022,109.66333333333338,6.0738976771999935,657969,65798,1,1.5198261318905118e-05,True,,
2021-03-18-TeamB-ab5ec6e5-b0f3-401e-8dc5-aa6c5070e255.parquet,TeamB-ab5ec6e5-b0f3-401e-8dc5-aa6c5070e255,TeamB,2021-03-18 00:00:00,26.3800224,107.60333333333328,6.5720705783998765,645625,64563,1,1.5488987330008364e-05,True,,
2021-03-18-TeamB-ab691983-3544-4a0e-8f70-db44d85cb907.parquet,TeamB-ab691983-3544-4a0e-8f70-db44d85cb907,TeamB,2021-03-18 00:00:00,23.7700188,106.71500000000002,6.223972523700051,640090,64010,15,0.0002343420456498305,True,,
2021-03-18-TeamB-afc13e53-2c77-48cb-8a78-743663bbb84f.parquet,TeamB-afc13e53-2c77-48cb-8a78-743663bbb84f,TeamB,2021-03-18 00:00:00,25.470021600000003,105.15333333333328,6.459316878400079,630820,63083,0,0.0,True,,
2021-03-19-TeamB-2f23d7d5-2326-49ce-b9c8-5a6303f785c5.parquet,TeamB-2f23d7d5-2326-49ce-b9c8-5a6303f785c5,TeamB,2021-03-19 00:00:00,23.0500188,98.02333333333335,5.357790709299934,588030,58804,0,0.0,True,,
2021-03-19-TeamB-4405bb1f-56f7-48ba-bfa8-e795e4006952.parquet,TeamB-4405bb1f-56f7-48ba-bfa8-e795e4006952,TeamB,2021-03-19 00:00:00,22.530016800000002,104.92166666666671,5.0376932370998215,629425,62943,0,0.0,True,,
2021-03-19-TeamB-48bfd4ea-e9e2-45b5-befc-3383cae87fdf.parquet,TeamB-48bfd4ea-e9e2-45b5-befc-3383cae87fdf,TeamB,2021-03-19 00:00:00,18.5700132,105.66500000000002,2.9782774156997758,633895,63390,0,0.0,True,,
2021-03-19-TeamB-4b1e23d2-4204-4e16-9991-e0490649079b.parquet,TeamB-4b1e23d2-4204-4e16-9991-e0490649079b,TeamB,2021-03-19 00:00:00,22.9900176,107.45666666666669,5.469389416400132,644680,64469,0,0.0,True,,
2021-03-19-TeamB-5eba590a-cecb-400f-a92e-08224c7e2e59.parquet,TeamB-5eba590a-cecb-400f-a92e-08224c7e2e59,TeamB,2021-03-19 00:00:00,24.8100192,101.99499999999995,5.9130794984999175,611805,61181,0,0.0,True,,
2021-03-19-TeamB-70b74270-f655-43cc-a188-1ebc7a828b95.parquet,TeamB-70b74270-f655-43cc-a188-1ebc7a828b95,TeamB,2021-03-19 00:00:00,20.8400184,49.54000000000003,3.1458575341000277,297160,29717,0,0.0,True,,
2021-03-19-TeamB-789547e7-1325-4153-a98d-5ecd497f3668.parquet,TeamB-789547e7-1325-4153-a98d-5ecd497f3668,TeamB,2021-03-19 00:00:00,16.3800144,98.38500000000009,2.942321551000008,590225,59023,0,0.0,True,,
2021-03-19-TeamB-7d41e602-eece-328b-ff7b-118e820865d6.parquet,TeamB-7d41e602-eece-328b-ff7b-118e820865d6,TeamB,2021-03-19 00:00:00,23.38002,76.92166666666671,3.7516147045999464,461460,46147,0,0.0,True,,
2021-03-19-TeamB-9c845827-99f9-47f4-977d-2200a107a013.parquet,TeamB-9c845827-99f9-47f4-977d-2200a107a013,TeamB,2021-03-19 00:00:00,24.9700212,106.28000000000004,4.983160408199934,637685,63769,1,1.568184669426672e-05,True,,
2021-03-19-TeamB-ab5ec6e5-b0f3-401e-8dc5-aa6c5070e255.parquet,TeamB-ab5ec6e5-b0f3-401e-8dc5-aa6c5070e255,TeamB,2021-03-19 00:00:00,27.7400232,103.51500000000003,6.105129935799892,621015,62102,0,0.0,True,,
2021-03-19-TeamB-ab691983-3544-4a0e-8f70-db44d85cb907.parquet,TeamB-ab691983-3544-4a0e-8f70-db44d85cb907,TeamB,2021-03-19 00:00:00,24.530018400000003,96.54666666666671,5.68702069059994,579204,57921,0,0.0,True,,
2021-03-19-TeamB-afc13e53-2c77-48cb-8a78-743663bbb84f.parquet,TeamB-afc13e53-2c77-48cb-8a78-743663bbb84f,TeamB,2021-03-19 00:00:00,26.0200224,78.42000000000007,4.932035084399945,470480,47049,1,2.1254888624383607e-05,True,,
2021-03-19-TeamB-e4321aef-964a-4fdd-88bd-0bd548b0e93b.parquet,TeamB-e4321aef-964a-4fdd-88bd-0bd548b0e93b,TeamB,2021-03-19 00:00:00,25.0200216,115.88499999999998,5.364957662200004,695245,69525,0,0.0,True,,
2021-03-22-TeamB-29c5271b-5c46-455e-91ea-da2abfa8ff3c.parquet,TeamB-29c5271b-5c46-455e-91ea-da2abfa8ff3c,TeamB,2021-03-22 00:00:00,27.7900236,125.53000000000004,5.6401412272002,753130,75314,0,0.0,True,,
2021-03-22-TeamB-2f23d7d5-2326-49ce-b9c8-5a6303f785c5.parquet,TeamB-2f23d7d5-2326-49ce-b9c8-5a6303f785c5,TeamB,2021-03-22 00:00:00,26.580020400000002,125.55666666666669,5.028813233399975,753220,75323,0,0.0,True,,
2021-03-22-TeamB-4405bb1f-56f7-48ba-bfa8-e795e4006952.parquet,TeamB-4405bb1f-56f7-48ba-bfa8-e795e4006952,TeamB,2021-03-22 00:00:00,25.6800204,85.16833333333331,3.1176950159999324,510945,51095,0,0.0,True,,
2021-03-22-TeamB-48bfd4ea-e9e2-45b5-befc-3383cae87fdf.parquet,TeamB-48bfd4ea-e9e2-45b5-befc-3383cae87fdf,TeamB,2021-03-22 00:00:00,24.6100212,140.98666666666662,4.311322941199939,845820,84583,0,0.0,True,,
2021-03-22-TeamB-4b1e23d2-4204-4e16-9991-e0490649079b.parquet,TeamB-4b1e23d2-4204-4e16-9991-e0490649079b,TeamB,2021-03-22 00:00:00,24.4900188,133.5566666666667,6.46703607079999,801260,80127,0,0.0,True,,
2021-03-22-TeamB-5eba590a-cecb-400f-a92e-08224c7e2e59.parquet,TeamB-5eba590a-cecb-400f-a92e-08224c7e2e59,TeamB,2021-03-22 00:00:00,24.720019200000003,119.37166666666671,5.544566960300035,716160,71617,0,0.0,True,,
2021-03-22-TeamB-70b74270-f655-43cc-a188-1ebc7a828b95.parquet,TeamB-70b74270-f655-43cc-a188-1ebc7a828b95,TeamB,2021-03-22 00:00:00,26.6800212,125.18666666666674,6.424331283099936,750999,75101,1,1.3315579227696404e-05,True,,
2021-03-22-TeamB-789547e7-1325-4153-a98d-5ecd497f3668.parquet,TeamB-789547e7-1325-4153-a98d-5ecd497f3668,TeamB,2021-03-22 00:00:00,22.230017999999998,118.17833333333328,3.8501195060000835,708965,70897,0,0.0,True,,
2021-03-22-TeamB-7ab47f4e-6eca-4793-880f-6a0dad3459c3.parquet,TeamB-7ab47f4e-6eca-4793-880f-6a0dad3459c3,TeamB,2021-03-22 00:00:00,24.3400212,123.22333333333336,5.67264375049999,739305,73931,0,0.0,True,,
2021-03-22-TeamB-7d41e602-eece-328b-ff7b-118e820865d6.parquet,TeamB-7d41e602-eece-328b-ff7b-118e820865d6,TeamB,2021-03-22 00:00:00,25.9500204,135.96833333333342,6.098561590000129,815745,81575,0,0.0,True,,
2021-03-22-TeamB-9c845827-99f9-47f4-977d-2200a107a013.parquet,TeamB-9c845827-99f9-47f4-977d-2200a107a013,TeamB,2021-03-22 00:00:00,26.780022,119.51999999999995,5.031154616199984,717100,71711,1,1.3945056477478733e-05,True,,
2021-03-22-TeamB-ab5ec6e5-b0f3-401e-8dc5-aa6c5070e255.parquet,TeamB-ab5ec6e5-b0f3-401e-8dc5-aa6c5070e255,TeamB,2021-03-22 00:00:00,24.5900196,124.88666666666674,5.818447760399942,749245,74925,0,0.0,True,,
2021-03-22-TeamB-ab691983-3544-4a0e-8f70-db44d85cb907.parquet,TeamB-ab691983-3544-4a0e-8f70-db44d85cb907,TeamB,2021-03-22 00:00:00,25.0300188,120.62333333333336,6.031703205100103,723665,72367,0,0.0,True,,
2021-03-22-TeamB-afc13e53-2c77-48cb-8a78-743663bbb84f.parquet,TeamB-afc13e53-2c77-48cb-8a78-743663bbb84f,TeamB,2021-03-22 00:00:00,25.1400204,134.90000000000012,6.301683699899859,809365,80937,1,1.2355441336364535e-05,True,,
2021-03-22-TeamB-d9501f3a-aaa1-4311-8b8b-3a8d3f21480f.parquet,TeamB-d9501f3a-aaa1-4311-8b8b-3a8d3f21480f,TeamB,2021-03-22 00:00:00,26.570019600000002,126.4033333333334,5.481529986799875,758385,75839,0,0.0,True,,
2021-03-22-TeamB-e4321aef-964a-4fdd-88bd-0bd548b0e93b.parquet,TeamB-e4321aef-964a-4fdd-88bd-0bd548b0e93b,TeamB,2021-03-22 00:00:00,27.4300236,127.53666666666662,6.327087880299991,765140,76515,0,0.0,True,,
2021-03-23-TeamB-29c5271b-5c46-455e-91ea-da2abfa8ff3c.parquet,TeamB-29c5271b-5c46-455e-91ea-da2abfa8ff3c,TeamB,2021-03-23 00:00:00,26.2300212,102.02166666666672,6.114299653399954,612050,61206,0,0.0,True,,
2021-03-23-TeamB-2f23d7d5-2326-49ce-b9c8-5a6303f785c5.parquet,TeamB-2f23d7d5-2326-49ce-b9c8-5a6303f785c5,TeamB,2021-03-23 00:00:00,29.200024799999998,105.92166666666671,5.695803490700026,635400,63541,0,0.0,True,,
2021-03-23-TeamB-48bfd4ea-e9e2-45b5-befc-3383cae87fdf.parquet,TeamB-48bfd4ea-e9e2-45b5-befc-3383cae87fdf,TeamB,2021-03-23 00:00:00,18.4600152,123.61500000000002,3.7652711082000208,741595,74160,0,0.0,True,,
2021-03-23-TeamB-4b1e23d2-4204-4e16-9991-e0490649079b.parquet,TeamB-4b1e23d2-4204-4e16-9991-e0490649079b,TeamB,2021-03-23 00:00:00,22.5200196,150.09833333333336,6.658550097799904,900520,90053,0,0.0,True,,
2021-03-23-TeamB-5eba590a-cecb-400f-a92e-08224c7e2e59.parquet,TeamB-5eba590a-cecb-400f-a92e-08224c7e2e59,TeamB,2021-03-23 00:00:00,23.8200192,144.125,6.851678863000006,864675,86468,0,0.0,True,,
2021-03-23-TeamB-70b74270-f655-43cc-a188-1ebc7a828b95.parquet,TeamB-70b74270-f655-43cc-a188-1ebc7a828b95,TeamB,2021-03-23 00:00:00,27.300020399999998,102.4533333333334,7.136480464399974,614720,61473,1,1.626756897449245e-05,True,,
2021-03-23-TeamB-789547e7-1325-4153-a98d-5ecd497f3668.parquet,TeamB-789547e7-1325-4153-a98d-5ecd497f3668,TeamB,2021-03-23 00:00:00,17.4400128,168.60500000000005,4.2836662618001595,1011520,101153,0,0.0,True,,
2021-03-23-TeamB-7ab47f4e-6eca-4793-880f-6a0dad3459c3.parquet,TeamB-7ab47f4e-6eca-4793-880f-6a0dad3459c3,TeamB,2021-03-23 00:00:00,24.8700204,104.66833333333331,6.892332216999994,627965,62797,0,0.0,True,,
2021-03-23-TeamB-7d41e602-eece-328b-ff7b-118e820865d6.parquet,TeamB-7d41e602-eece-328b-ff7b-118e820865d6,TeamB,2021-03-23 00:00:00,27.8500212,148.50333333333327,7.08743432349995,890950,89096,0,0.0,True,,
2021-03-23-TeamB-9c845827-99f9-47f4-977d-2200a107a013.parquet,TeamB-9c845827-99f9-47f4-977d-2200a107a013,TeamB,2021-03-23 00:00:00,23.1500196,101.83833333333338,5.695726826500193,610940,61095,0,0.0,True,,
2021-03-23-TeamB-ab5ec6e5-b0f3-401e-8dc5-aa6c5070e255.parquet,TeamB-ab5ec6e5-b0f3-401e-8dc5-aa6c5070e255,TeamB,2021-03-23 00:00:00,26.71002,129.88666666666663,7.2926969887997855,779190,77920,0,0.0,True,,
2021-03-23-TeamB-ab691983-3544-4a0e-8f70-db44d85cb907.parquet,TeamB-ab691983-3544-4a0e-8f70-db44d85cb907,TeamB,2021-03-23 00:00:00,22.1700168,99.6566666666667,6.240267266699843,597865,59787,0,0.0,True,,
2021-03-23-TeamB-afc13e53-2c77-48cb-8a78-743663bbb84f.parquet,TeamB-afc13e53-2c77-48cb-8a78-743663bbb84f,TeamB,2021-03-23 00:00:00,24.720019200000003,101.69166666666666,6.611247838899994,610025,61003,0,0.0,True,,
2021-03-23-TeamB-d9501f3a-aaa1-4311-8b8b-3a8d3f21480f.parquet,TeamB-d9501f3a-aaa1-4311-8b8b-3a8d3f21480f,TeamB,2021-03-23 00:00:00,23.74002,101.47666666666665,5.8918211475000355,608820,60883,0,0.0,True,,
2021-03-23-TeamB-e4321aef-964a-4fdd-88bd-0bd548b0e93b.parquet,TeamB-e4321aef-964a-4fdd-88bd-0bd548b0e93b,TeamB,2021-03-23 00:00:00,23.6300184,96.74333333333342,6.451490480000107,580375,58038,0,0.0,True,,
2021-03-25-TeamB-29c5271b-5c46-455e-91ea-da2abfa8ff3c.parquet,TeamB-29c5271b-5c46-455e-91ea-da2abfa8ff3c,TeamB,2021-03-25 00:00:00,28.1900232,128.91666666666666,6.427762687300043,773419,77343,0,0.0,True,,
2021-03-25-TeamB-2f23d7d5-2326-49ce-b9c8-5a6303f785c5.parquet,TeamB-2f23d7d5-2326-49ce-b9c8-5a6303f785c5,TeamB,2021-03-25 00:00:00,27.6700212,136.0566666666667,6.014959023499899,816240,81625,0,0.0,True,,
2021-03-25-TeamB-4405bb1f-56f7-48ba-bfa8-e795e4006952.parquet,TeamB-4405bb1f-56f7-48ba-bfa8-e795e4006952,TeamB,2021-03-25 00:00:00,25.72002,108.86833333333331,4.851390311800114,653210,65322,1,1.530901241560907e-05,True,,
2021-03-25-TeamB-48bfd4ea-e9e2-45b5-befc-3383cae87fdf.parquet,TeamB-48bfd4ea-e9e2-45b5-befc-3383cae87fdf,TeamB,2021-03-25 00:00:00,17.8700148,138.65500000000006,3.8810589776999973,831830,83184,0,0.0,True,,
2021-03-25-TeamB-4b1e23d2-4204-4e16-9991-e0490649079b.parquet,TeamB-4b1e23d2-4204-4e16-9991-e0490649079b,TeamB,2021-03-25 00:00:00,26.1800208,141.6883333333334,6.447839087299996,850060,85007,0,0.0,True,,
2021-03-25-TeamB-5eba590a-cecb-400f-a92e-08224c7e2e59.parquet,TeamB-5eba590a-cecb-400f-a92e-08224c7e2e59,TeamB,2021-03-25 00:00:00,27.0300204,139.19000000000003,6.8565269204000545,835060,83507,0,0.0,True,,
2021-03-25-TeamB-70b74270-f655-43cc-a188-1ebc7a828b95.parquet,TeamB-70b74270-f655-43cc-a188-1ebc7a828b95,TeamB,2021-03-25 00:00:00,28.1200212,137.83666666666662,7.16216383040001,826850,82686,0,0.0,True,,
2021-03-25-TeamB-789547e7-1325-4153-a98d-5ecd497f3668.parquet,TeamB-789547e7-1325-4153-a98d-5ecd497f3668,TeamB,2021-03-25 00:00:00,16.9300152,142.65333333333328,3.4030277650000436,855920,85593,1,1.1683334891111319e-05,True,,
2021-03-25-TeamB-7ab47f4e-6eca-4793-880f-6a0dad3459c3.parquet,TeamB-7ab47f4e-6eca-4793-880f-6a0dad3459c3,TeamB,2021-03-25 00:00:00,26.420022,116.41666666666667,5.436614952500036,698455,69846,0,0.0,True,,
2021-03-25-TeamB-7d41e602-eece-328b-ff7b-118e820865d6.parquet,TeamB-7d41e602-eece-328b-ff7b-118e820865d6,TeamB,2021-03-25 00:00:00,27.140022000000002,138.91999999999996,5.9645864885999496,833460,83347,0,0.0,True,,
2021-03-25-TeamB-9c845827-99f9-47f4-977d-2200a107a013.parquet,TeamB-9c845827-99f9-47f4-977d-2200a107a013,TeamB,2021-03-25 00:00:00,28.0000224,126.0,5.163856118299865,755895,75590,0,0.0,True,,
2021-03-25-TeamB-ab5ec6e5-b0f3-401e-8dc5-aa6c5070e255.parquet,TeamB-ab5ec6e5-b0f3-401e-8dc5-aa6c5070e255,TeamB,2021-03-25 00:00:00,27.350020800000003,132.3066666666667,7.250724740100004,793750,79376,0,0.0,True,,
2021-03-25-TeamB-ab691983-3544-4a0e-8f70-db44d85cb907.parquet,TeamB-ab691983-3544-4a0e-8f70-db44d85cb907,TeamB,2021-03-25 00:00:00,26.650022399999997,138.85500000000005,7.085510444900176,833050,83306,0,0.0,True,,
2021-03-25-TeamB-afc13e53-2c77-48cb-8a78-743663bbb84f.parquet,TeamB-afc13e53-2c77-48cb-8a78-743663bbb84f,TeamB,2021-03-25 00:00:00,26.3400228,145.17333333333335,7.4379446143000045,870934,87094,0,0.0,True,,
2021-03-25-TeamB-d9501f3a-aaa1-4311-8b8b-3a8d3f21480f.parquet,TeamB-d9501f3a-aaa1-4311-8b8b-3a8d3f21480f,TeamB,2021-03-25 00:00:00,29.430025200000003,129.2149999999999,6.117578819299794,775265,77527,0,0.0,True,,
2021-03-26-TeamB-29c5271b-5c46-455e-91ea-da2abfa8ff3c.parquet,TeamB-29c5271b-5c46-455e-91ea-da2abfa8ff3c,TeamB,2021-03-26 00:00:00,23.0600196,114.50333333333329,4.4082291159998945,686940,68695,0,0.0,True,,
2021-03-26-TeamB-2f23d7d5-2326-49ce-b9c8-5a6303f785c5.parquet,TeamB-2f23d7d5-2326-49ce-b9c8-5a6303f785c5,TeamB,2021-03-26 00:00:00,21.5500176,79.96333333333338,3.82489086080006,479690,47970,0,0.0,True,,
2021-03-26-TeamB-4405bb1f-56f7-48ba-bfa8-e795e4006952.parquet,TeamB-4405bb1f-56f7-48ba-bfa8-e795e4006952,TeamB,2021-03-26 00:00:00,22.4400168,55.68833333333338,2.532500932599941,334050,33406,0,0.0,True,,
2021-03-26-TeamB-48bfd4ea-e9e2-45b5-befc-3383cae87fdf.parquet,TeamB-48bfd4ea-e9e2-45b5-befc-3383cae87fdf,TeamB,2021-03-26 00:00:00,19.210014,115.59666666666672,2.9462782290998506,693495,69350,0,0.0,True,,
2021-03-26-TeamB-4b1e23d2-4204-4e16-9991-e0490649079b.parquet,TeamB-4b1e23d2-4204-4e16-9991-e0490649079b,TeamB,2021-03-26 00:00:00,19.190016,84.11500000000002,4.367282688899832,504625,50463,0,0.0,True,,
2021-03-26-TeamB-5eba590a-cecb-400f-a92e-08224c7e2e59.parquet,TeamB-5eba590a-cecb-400f-a92e-08224c7e2e59,TeamB,2021-03-26 00:00:00,3.3200028,3.856666666666691,0.00696167219997303,23060,2307,0,0.0,True,,
2021-03-26-TeamB-70b74270-f655-43cc-a188-1ebc7a828b95.parquet,TeamB-70b74270-f655-43cc-a188-1ebc7a828b95,TeamB,2021-03-26 00:00:00,22.7600172,118.16166666666673,4.143682515800104,708875,70888,0,0.0,True,,
2021-03-26-TeamB-789547e7-1325-4153-a98d-5ecd497f3668.parquet,TeamB-789547e7-1325-4153-a98d-5ecd497f3668,TeamB,2021-03-26 00:00:00,18.880016400000002,85.90833333333333,2.4976467495999897,515345,51535,0,0.0,True,,
2021-03-26-TeamB-7d41e602-eece-328b-ff7b-118e820865d6.parquet,TeamB-7d41e602-eece-328b-ff7b-118e820865d6,TeamB,2021-03-26 00:00:00,20.1600144,108.72833333333328,3.2658237599999995,652300,65231,0,0.0,True,,
2021-03-26-TeamB-9c845827-99f9-47f4-977d-2200a107a013.parquet,TeamB-9c845827-99f9-47f4-977d-2200a107a013,TeamB,2021-03-26 00:00:00,18.480013200000002,80.19833333333335,2.573932083499962,481105,48111,0,0.0,True,,
2021-03-26-TeamB-ab5ec6e5-b0f3-401e-8dc5-aa6c5070e255.parquet,TeamB-ab5ec6e5-b0f3-401e-8dc5-aa6c5070e255,TeamB,2021-03-26 00:00:00,23.3500176,68.41500000000002,3.1153336333998913,410410,41042,0,0.0,True,,
2021-03-26-TeamB-ab691983-3544-4a0e-8f70-db44d85cb907.parquet,TeamB-ab691983-3544-4a0e-8f70-db44d85cb907,TeamB,2021-03-26 00:00:00,21.1000176,101.97166666666672,3.8182611424999475,611760,61177,0,0.0,True,,
2021-03-26-TeamB-afc13e53-2c77-48cb-8a78-743663bbb84f.parquet,TeamB-afc13e53-2c77-48cb-8a78-743663bbb84f,TeamB,2021-03-26 00:00:00,21.1000176,85.72333333333336,3.532484248399891,514190,51420,0,0.0,True,,
2021-03-26-TeamB-d9501f3a-aaa1-4311-8b8b-3a8d3f21480f.parquet,TeamB-d9501f3a-aaa1-4311-8b8b-3a8d3f21480f,TeamB,2021-03-26 00:00:00,20.2000176,79.43666666666662,3.6124959727999766,476580,47659,0,0.0,True,,
2021-03-29-TeamB-29c5271b-5c46-455e-91ea-da2abfa8ff3c.parquet,TeamB-29c5271b-5c46-455e-91ea-da2abfa8ff3c,TeamB,2021-03-29 00:00:00,25.700022,122.17333333333336,5.781819118699887,732960,73297,0,0.0,True,,
2021-03-29-TeamB-2f23d7d5-2326-49ce-b9c8-5a6303f785c5.parquet,TeamB-2f23d7d5-2326-49ce-b9c8-5a6303f785c5,TeamB,2021-03-29 00:00:00,23.500018800000003,126.98833333333339,5.890798081700113,761810,76182,0,0.0,True,,
2021-03-29-TeamB-4405bb1f-56f7-48ba-bfa8-e795e4006952.parquet,TeamB-4405bb1f-56f7-48ba-bfa8-e795e4006952,TeamB,2021-03-29 00:00:00,24.9600204,136.73166666666668,5.829160819100015,820315,82032,0,0.0,True,,
2021-03-29-TeamB-48bfd4ea-e9e2-45b5-befc-3383cae87fdf.parquet,TeamB-48bfd4ea-e9e2-45b5-befc-3383cae87fdf,TeamB,2021-03-29 00:00:00,24.1800192,137.34166666666667,4.822407239700098,824045,82405,1,1.2135333236250668e-05,True,,
2021-03-29-TeamB-4b1e23d2-4204-4e16-9991-e0490649079b.parquet,TeamB-4b1e23d2-4204-4e16-9991-e0490649079b,TeamB,2021-03-29 00:00:00,23.880020400000003,137.02333333333337,6.634709527200009,821980,82199,0,0.0,True,,
2021-03-29-TeamB-5eba590a-cecb-400f-a92e-08224c7e2e59.parquet,TeamB-5eba590a-cecb-400f-a92e-08224c7e2e59,TeamB,2021-03-29 00:00:00,23.5200204,124.55500000000005,6.528920539900132,747250,74726,0,0.0,True,,
2021-03-29-TeamB-70b74270-f655-43cc-a188-1ebc7a828b95.parquet,TeamB-70b74270-f655-43cc-a188-1ebc7a828b95,TeamB,2021-03-29 00:00:00,26.5200228,128.18666666666675,7.648644229100178,769125,76913,1,1.3001872269606823e-05,True,,
2021-03-29-TeamB-789547e7-1325-4153-a98d-5ecd497f3668.parquet,TeamB-789547e7-1325-4153-a98d-5ecd497f3668,TeamB,2021-03-29 00:00:00,22.8000168,132.85666666666668,4.587851490899949,797020,79703,0,0.0,True,,
2021-03-29-TeamB-7ab47f4e-6eca-4793-880f-6a0dad3459c3.parquet,TeamB-7ab47f4e-6eca-4793-880f-6a0dad3459c3,TeamB,2021-03-29 00:00:00,24.37002,135.48000000000005,6.7792412977999215,812845,81285,0,0.0,True,,
2021-03-29-TeamB-7d41e602-eece-328b-ff7b-118e820865d6.parquet,TeamB-7d41e602-eece-328b-ff7b-118e820865d6,TeamB,2021-03-29 00:00:00,26.330022,131.6716666666667,6.733039326800156,789970,78998,0,0.0,True,,
2021-03-29-TeamB-9c845827-99f9-47f4-977d-2200a107a013.parquet,TeamB-9c845827-99f9-47f4-977d-2200a107a013,TeamB,2021-03-29 00:00:00,26.310020400000003,115.84000000000002,5.2807159247998445,694930,69494,0,0.0,True,,
2021-03-29-TeamB-ab5ec6e5-b0f3-401e-8dc5-aa6c5070e255.parquet,TeamB-ab5ec6e5-b0f3-401e-8dc5-aa6c5070e255,TeamB,2021-03-29 00:00:00,28.1400228,137.4316666666667,6.711270689900124,824515,82452,0,0.0,True,,
2021-03-29-TeamB-ab691983-3544-4a0e-8f70-db44d85cb907.parquet,TeamB-ab691983-3544-4a0e-8f70-db44d85cb907,TeamB,2021-03-29 00:00:00,26.0000208,127.06333333333338,7.0854773834001845,762295,76230,0,0.0,True,,
2021-03-29-TeamB-afc13e53-2c77-48cb-8a78-743663bbb84f.parquet,TeamB-afc13e53-2c77-48cb-8a78-743663bbb84f,TeamB,2021-03-29 00:00:00,28.1200212,141.72333333333336,7.729527356100167,850240,85025,0,0.0,True,,
2021-03-29-TeamB-d9501f3a-aaa1-4311-8b8b-3a8d3f21480f.parquet,TeamB-d9501f3a-aaa1-4311-8b8b-3a8d3f21480f,TeamB,2021-03-29 00:00:00,27.1300212,129.8183333333333,6.382501543099856,778875,77888,0,0.0,True,,
2021-03-30-TeamB-29c5271b-5c46-455e-91ea-da2abfa8ff3c.parquet,TeamB-29c5271b-5c46-455e-91ea-da2abfa8ff3c,TeamB,2021-03-30 00:00:00,25.81002,155.88666666666663,6.029786535800071,935240,93525,0,0.0,True,,
2021-03-30-TeamB-2f23d7d5-2326-49ce-b9c8-5a6303f785c5.parquet,TeamB-2f23d7d5-2326-49ce-b9c8-5a6303f785c5,TeamB,2021-03-30 00:00:00,25.6000212,145.4383333333334,6.227699468199899,872460,87247,0,0.0,True,,
2021-03-30-TeamB-4405bb1f-56f7-48ba-bfa8-e795e4006952.parquet,TeamB-4405bb1f-56f7-48ba-bfa8-e795e4006952,TeamB,2021-03-30 00:00:00,23.7200184,113.88833333333338,5.859470565299897,683250,68326,0,0.0,True,,
2021-03-30-TeamB-48bfd4ea-e9e2-45b5-befc-3383cae87fdf.parquet,TeamB-48bfd4ea-e9e2-45b5-befc-3383cae87fdf,TeamB,2021-03-30 00:00:00,19.570014,124.03833333333338,3.8928892597998837,744130,74414,0,0.0,True,,
2021-03-30-TeamB-4b1e23d2-4204-4e16-9991-e0490649079b.parquet,TeamB-4b1e23d2-4204-4e16-9991-e0490649079b,TeamB,2021-03-30 00:00:00,25.920021600000002,121.83000000000006,6.510596089599916,730969,73098,1,1.3680452002134151e-05,True,,
2021-03-30-TeamB-5eba590a-cecb-400f-a92e-08224c7e2e59.parquet,TeamB-5eba590a-cecb-400f-a92e-08224c7e2e59,TeamB,2021-03-30 00:00:00,26.200022399999998,128.39000000000001,6.117008260799797,770260,77027,0,0.0,True,,
2021-03-30-TeamB-789547e7-1325-4153-a98d-5ecd497f3668.parquet,TeamB-789547e7-1325-4153-a98d-5ecd497f3668,TeamB,2021-03-30 00:00:00,19.2000168,126.18833333333338,3.785915573000064,757010,75702,0,0.0,True,,
2021-03-30-TeamB-7ab47f4e-6eca-4793-880f-6a0dad3459c3.parquet,TeamB-7ab47f4e-6eca-4793-880f-6a0dad3459c3,TeamB,2021-03-30 00:00:00,24.5400192,125.08666666666662,6.929551424000262,750480,75049,0,0.0,True,,
2021-03-30-TeamB-7d41e602-eece-328b-ff7b-118e820865d6.parquet,TeamB-7d41e602-eece-328b-ff7b-118e820865d6,TeamB,2021-03-30 00:00:00,25.4200212,163.4383333333334,6.280389240900167,980560,98057,0,0.0,True,,
2021-03-30-TeamB-9c845827-99f9-47f4-977d-2200a107a013.parquet,TeamB-9c845827-99f9-47f4-977d-2200a107a013,TeamB,2021-03-30 00:00:00,25.6500216,156.40500000000006,6.000217073199957,938290,93830,0,0.0,True,,
2021-03-30-TeamB-ab5ec6e5-b0f3-401e-8dc5-aa6c5070e255.parquet,TeamB-ab5ec6e5-b0f3-401e-8dc5-aa6c5070e255,TeamB,2021-03-30 00:00:00,28.3500216,167.9316666666667,6.833629684600131,1007515,100752,0,0.0,True,,
2021-03-30-TeamB-ab691983-3544-4a0e-8f70-db44d85cb907.parquet,TeamB-ab691983-3544-4a0e-8f70-db44d85cb907,TeamB,2021-03-30 00:00:00,24.480017999999998,105.73666666666662,6.29086785430001,634350,63436,0,0.0,True,,
2021-03-30-TeamB-afc13e53-2c77-48cb-8a78-743663bbb84f.parquet,TeamB-afc13e53-2c77-48cb-8a78-743663bbb84f,TeamB,2021-03-30 00:00:00,26.4500208,115.61166666666674,5.928167014799939,693515,69352,0,0.0,True,,
2021-03-30-TeamB-d9501f3a-aaa1-4311-8b8b-3a8d3f21480f.parquet,TeamB-d9501f3a-aaa1-4311-8b8b-3a8d3f21480f,TeamB,2021-03-30 00:00:00,22.8300192,150.4066666666667,5.957947586000058,902400,90241,0,0.0,True,,
2021-03-31-TeamB-29c5271b-5c46-455e-91ea-da2abfa8ff3c.parquet,TeamB-29c5271b-5c46-455e-91ea-da2abfa8ff3c,TeamB,2021-03-31 00:00:00,28.8700236,104.83833333333338,5.710994879600059,628940,62895,0,0.0,True,,
2021-03-31-TeamB-2f23d7d5-2326-49ce-b9c8-5a6303f785c5.parquet,TeamB-2f23d7d5-2326-49ce-b9c8-5a6303f785c5,TeamB,2021-03-31 00:00:00,26.8500204,99.20500000000006,5.969260371500154,595120,59513,0,0.0,True,,
2021-03-31-TeamB-4405bb1f-56f7-48ba-bfa8-e795e4006952.parquet,TeamB-4405bb1f-56f7-48ba-bfa8-e795e4006952,TeamB,2021-03-31 00:00:00,26.770021200000002,98.88833333333338,5.873518900500043,593250,59326,0,0.0,True,,
2021-03-31-TeamB-48bfd4ea-e9e2-45b5-befc-3383cae87fdf.parquet,TeamB-48bfd4ea-e9e2-45b5-befc-3383cae87fdf,TeamB,2021-03-31 00:00:00,18.9000144,103.38833333333338,3.095784440900027,620220,62023,0,0.0,True,,
2021-03-31-TeamB-4b1e23d2-4204-4e16-9991-e0490649079b.parquet,TeamB-4b1e23d2-4204-4e16-9991-e0490649079b,TeamB,2021-03-31 00:00:00,25.1200188,97.95666666666669,6.03831459419984,587670,58768,0,0.0,True,,
2021-03-31-TeamB-5eba590a-cecb-400f-a92e-08224c7e2e59.parquet,TeamB-5eba590a-cecb-400f-a92e-08224c7e2e59,TeamB,2021-03-31 00:00:00,26.0000208,98.91666666666667,6.572974737399951,593409,59342,0,0.0,True,,
2021-03-31-TeamB-789547e7-1325-4153-a98d-5ecd497f3668.parquet,TeamB-789547e7-1325-4153-a98d-5ecd497f3668,TeamB,2021-03-31 00:00:00,19.9300176,134.39000000000001,2.941116002699929,806245,80625,0,0.0,True,,
2021-03-31-TeamB-7ab47f4e-6eca-4793-880f-6a0dad3459c3.parquet,TeamB-7ab47f4e-6eca-4793-880f-6a0dad3459c3,TeamB,2021-03-31 00:00:00,26.26002,129.93833333333325,5.8486219440001515,779605,77961,0,0.0,True,,
2021-03-31-TeamB-7d41e602-eece-328b-ff7b-118e820865d6.parquet,TeamB-7d41e602-eece-328b-ff7b-118e820865d6,TeamB,2021-03-31 00:00:00,17.860014000000003,42.65500000000005,0.6987994523999618,255870,25588,0,0.0,True,,
2021-03-31-TeamB-9c845827-99f9-47f4-977d-2200a107a013.parquet,TeamB-9c845827-99f9-47f4-977d-2200a107a013,TeamB,2021-03-31 00:00:00,22.8800196,95.00500000000005,5.534254466400068,569930,56994,0,0.0,True,,
2021-03-31-TeamB-ab5ec6e5-b0f3-401e-8dc5-aa6c5070e255.parquet,TeamB-ab5ec6e5-b0f3-401e-8dc5-aa6c5070e255,TeamB,2021-03-31 00:00:00,28.6900236,98.85166666666665,6.342338723099876,593110,59312,1,1.6860278869012495e-05,True,,
2021-03-31-TeamB-afc13e53-2c77-48cb-8a78-743663bbb84f.parquet,TeamB-afc13e53-2c77-48cb-8a78-743663bbb84f,TeamB,2021-03-31 00:00:00,28.640023199999998,96.57166666666672,6.24379641870006,579280,57929,0,0.0,True,,
2021-03-31-TeamB-d9501f3a-aaa1-4311-8b8b-3a8d3f21480f.parquet,TeamB-d9501f3a-aaa1-4311-8b8b-3a8d3f21480f,TeamB,2021-03-31 00:00:00,20.180016,35.971666666666714,1.1428628682000486,215790,21580,0,0.0,True,,
2021-04-06-TeamB-2f23d7d5-2326-49ce-b9c8-5a6303f785c5.parquet,TeamB-2f23d7d5-2326-49ce-b9c8-5a6303f785c5,TeamB,2021-04-06 00:00:00,21.2700168,116.83833333333338,5.91202587419996,700960,70097,0,0.0,True,,
2021-04-06-TeamB-4405bb1f-56f7-48ba-bfa8-e795e4006952.parquet,TeamB-4405bb1f-56f7-48ba-bfa8-e795e4006952,TeamB,2021-04-06 00:00:00,22.3800192,111.12666666666664,5.075301874000083,666680,66669,0,0.0,True,,
2021-04-06-TeamB-48bfd4ea-e9e2-45b5-befc-3383cae87fdf.parquet,TeamB-48bfd4ea-e9e2-45b5-befc-3383cae87fdf,TeamB,2021-04-06 00:00:00,23.7100176,114.92166666666671,3.6877424295999366,689360,68937,0,0.0,True,,
2021-04-06-TeamB-4b1e23d2-4204-4e16-9991-e0490649079b.parquet,TeamB-4b1e23d2-4204-4e16-9991-e0490649079b,TeamB,2021-04-06 00:00:00,19.190016,48.471666666666714,0.7543433832000178,290750,29076,0,0.0,True,,
2021-04-06-TeamB-70b74270-f655-43cc-a188-1ebc7a828b95.parquet,TeamB-70b74270-f655-43cc-a188-1ebc7a828b95,TeamB,2021-04-06 00:00:00,27.230021999999998,141.16500000000002,4.164651692299884,846839,84685,1,1.1808606112134523e-05,True,,
2021-04-06-TeamB-789547e7-1325-4153-a98d-5ecd497f3668.parquet,TeamB-789547e7-1325-4153-a98d-5ecd497f3668,TeamB,2021-04-06 00:00:00,18.500014800000002,120.22833333333341,3.8204483708999875,721275,72128,0,0.0,True,,
2021-04-06-TeamB-7ab47f4e-6eca-4793-880f-6a0dad3459c3.parquet,TeamB-7ab47f4e-6eca-4793-880f-6a0dad3459c3,TeamB,2021-04-06 00:00:00,24.64002,120.33666666666662,5.374808503100115,721980,72199,0,0.0,True,,
2021-04-06-TeamB-9c845827-99f9-47f4-977d-2200a107a013.parquet,TeamB-9c845827-99f9-47f4-977d-2200a107a013,TeamB,2021-04-06 00:00:00,21.200018399999998,107.54833333333323,5.2453070090000535,645285,64529,1,1.549714852467146e-05,True,,
2021-04-06-TeamB-ab5ec6e5-b0f3-401e-8dc5-aa6c5070e255.parquet,TeamB-ab5ec6e5-b0f3-401e-8dc5-aa6c5070e255,TeamB,2021-04-06 00:00:00,25.6800204,127.35333333333341,6.099362975799963,764110,76412,1,1.3087120964259073e-05,True,,
2021-04-06-TeamB-ab691983-3544-4a0e-8f70-db44d85cb907.parquet,TeamB-ab691983-3544-4a0e-8f70-db44d85cb907,TeamB,2021-04-06 00:00:00,22.320018,114.48666666666662,5.917387818899989,686810,68682,1,1.4560067558713472e-05,True,,
2021-04-06-TeamB-afc13e53-2c77-48cb-8a78-743663bbb84f.parquet,TeamB-afc13e53-2c77-48cb-8a78-743663bbb84f,TeamB,2021-04-06 00:00:00,22.4500176,91.95499999999998,5.394984076300037,551660,55167,0,0.0,True,,
2021-04-06-TeamB-afc13e53-2c77-48cb-8a78-743663bbb84f.parquet,TeamB-afc13e53-2c77-48cb-8a78-743663bbb84f,TeamB,2021-04-06 00:00:00,25.540020000000002,133.46666666666667,6.119513550700226,800659,80067,0,0.0,True,,
2021-04-07-TeamB-afc13e53-2c77-48cb-8a78-743663bbb84f.parquet,TeamB-afc13e53-2c77-48cb-8a78-743663bbb84f,TeamB,2021-04-07 00:00:00,24.6500208,106.40333333333335,6.1957844416000665,638350,63836,0,0.0,True,,
2021-04-08-TeamB-2f23d7d5-2326-49ce-b9c8-5a6303f785c5.parquet,TeamB-2f23d7d5-2326-49ce-b9c8-5a6303f785c5,TeamB,2021-04-08 00:00:00,29.320023600000003,117.83333333333333,5.814803588300287,706849,70686,0,0.0,True,,
2021-04-08-TeamB-4405bb1f-56f7-48ba-bfa8-e795e4006952.parquet,TeamB-4405bb1f-56f7-48ba-bfa8-e795e4006952,TeamB,2021-04-08 00:00:00,25.00002,117.81999999999995,5.6883645943003955,706850,70686,0,0.0,True,,
2021-04-08-TeamB-5eba590a-cecb-400f-a92e-08224c7e2e59.parquet,TeamB-5eba590a-cecb-400f-a92e-08224c7e2e59,TeamB,2021-04-08 00:00:00,26.760020400000002,119.89666666666659,6.725384863699797,719379,71939,1,1.3900859073090717e-05,True,,
2021-04-08-TeamB-70b74270-f655-43cc-a188-1ebc7a828b95.parquet,TeamB-70b74270-f655-43cc-a188-1ebc7a828b95,TeamB,2021-04-08 00:00:00,28.470024,118.83666666666662,7.040474836499969,712940,71295,0,0.0,True,,
2021-04-08-TeamB-789547e7-1325-4153-a98d-5ecd497f3668.parquet,TeamB-789547e7-1325-4153-a98d-5ecd497f3668,TeamB,2021-04-08 00:00:00,28.960023600000003,122.81999999999995,4.277756805500119,736920,73693,1,1.3569994029202627e-05,True,,
2021-04-08-TeamB-7ab47f4e-6eca-4793-880f-6a0dad3459c3.parquet,TeamB-7ab47f4e-6eca-4793-880f-6a0dad3459c3,TeamB,2021-04-08 00:00:00,27.2100204,119.85500000000005,6.330716773200058,719090,71910,0,0.0,True,,
2021-04-08-TeamB-7d41e602-eece-328b-ff7b-118e820865d6.parquet,TeamB-7d41e602-eece-328b-ff7b-118e820865d6,TeamB,2021-04-08 00:00:00,28.7000244,95.12000000000008,5.654895390699961,570710,57072,1,1.752203395770181e-05,True,,
2021-04-08-TeamB-9c845827-99f9-47f4-977d-2200a107a013.parquet,TeamB-9c845827-99f9-47f4-977d-2200a107a013,TeamB,2021-04-08 00:00:00,25.99002,111.38833333333338,5.463454408699972,668240,66825,0,0.0,True,,
2021-04-08-TeamB-ab5ec6e5-b0f3-401e-8dc5-aa6c5070e255.parquet,TeamB-ab5ec6e5-b0f3-401e-8dc5-aa6c5070e255,TeamB,2021-04-08 00:00:00,34.730028000000004,128.37166666666673,6.394329875200015,770140,77015,0,0.0,False,max_speed_over_32_kmh,
2021-04-08-TeamB-ab691983-3544-4a0e-8f70-db44d85cb907.parquet,TeamB-ab691983-3544-4a0e-8f70-db44d85cb907,TeamB,2021-04-08 00:00:00,27.8100216,121.39666666666659,5.968798421599895,728305,72831,0,0.0,True,,
2021-04-08-TeamB-afc13e53-2c77-48cb-8a78-743663bbb84f.parquet,TeamB-afc13e53-2c77-48cb-8a78-743663bbb84f,TeamB,2021-04-08 00:00:00,25.090020000000003,98.24333333333331,4.66961737590008,589360,58937,0,0.0,True,,
2021-04-08-TeamB-d9501f3a-aaa1-4311-8b8b-3a8d3f21480f.parquet,TeamB-d9501f3a-aaa1-4311-8b8b-3a8d3f21480f,TeamB,2021-04-08 00:00:00,25.8700212,105.85500000000005,5.648354277000065,635090,63510,0,0.0,True,,
2021-04-09-TeamB-29c5271b-5c46-455e-91ea-da2abfa8ff3c.parquet,TeamB-29c5271b-5c46-455e-91ea-da2abfa8ff3c,TeamB,2021-04-09 00:00:00,27.2900232,93.67666666666665,3.827816421600016,562005,56201,0,0.0,True,,
2021-04-09-TeamB-2f23d7d5-2326-49ce-b9c8-5a6303f785c5.parquet,TeamB-2f23d7d5-2326-49ce-b9c8-5a6303f785c5,TeamB,2021-04-09 00:00:00,25.050020399999998,99.03499999999998,4.07450218529999,594045,59405,0,0.0,True,,
2021-04-09-TeamB-4405bb1f-56f7-48ba-bfa8-e795e4006952.parquet,TeamB-4405bb1f-56f7-48ba-bfa8-e795e4006952,TeamB,2021-04-09 00:00:00,26.120019600000003,93.11833333333342,3.979420161599948,558635,55864,0,0.0,True,,
2021-04-09-TeamB-4b1e23d2-4204-4e16-9991-e0490649079b.parquet,TeamB-4b1e23d2-4204-4e16-9991-e0490649079b,TeamB,2021-04-09 00:00:00,21.300015600000002,88.70166666666664,3.1997925793999813,532210,53222,1,1.8789575543488474e-05,True,,
2021-04-09-TeamB-5eba590a-cecb-400f-a92e-08224c7e2e59.parquet,TeamB-5eba590a-cecb-400f-a92e-08224c7e2e59,TeamB,2021-04-09 00:00:00,25.970022,98.54000000000002,4.431466644500027,591160,59117,0,0.0,True,,
2021-04-09-TeamB-70b74270-f655-43cc-a188-1ebc7a828b95.parquet,TeamB-70b74270-f655-43cc-a188-1ebc7a828b95,TeamB,2021-04-09 00:00:00,28.180022400000002,106.0850000000001,4.377207707099807,636515,63652,1,1.5710672259665992e-05,True,,
2021-04-09-TeamB-789547e7-1325-4153-a98d-5ecd497f3668.parquet,TeamB-789547e7-1325-4153-a98d-5ecd497f3668,TeamB,2021-04-09 00:00:00,16.1100144,81.9533333333334,1.4018778083999572,491615,49162,0,0.0,True,,
2021-04-09-TeamB-7d41e602-eece-328b-ff7b-118e820865d6.parquet,TeamB-7d41e602-eece-328b-ff7b-118e820865d6,TeamB,2021-04-09 00:00:00,21.9300192,223.47333333333336,4.249770655499888,1340760,134077,0,0.0,False,duration_over_200_min,
2021-04-09-TeamB-9c845827-99f9-47f4-977d-2200a107a013.parquet,TeamB-9c845827-99f9-47f4-977d-2200a107a013,TeamB,2021-04-09 00:00:00,24.060020400000003,84.52166666666672,2.8737753772000456,507030,50704,0,0.0,True,,
2021-04-09-TeamB-a7126274-c2d2-4f4e-9b67-35d376aefacc.parquet,TeamB-a7126274-c2d2-4f4e-9b67-35d376aefacc,TeamB,2021-04-09 00:00:00,25.6200192,96.88833333333338,1.2781879783000156,581235,58124,0,0.0,True,,
2021-04-09-TeamB-ab5ec6e5-b0f3-401e-8dc5-aa6c5070e255.parquet,TeamB-ab5ec6e5-b0f3-401e-8dc5-aa6c5070e255,TeamB,2021-04-09 00:00:00,29.180023200000004,89.46833333333343,4.6854376762001175,536725,53673,0,0.0,True,,
2021-04-09-TeamB-ab691983-3544-4a0e-8f70-db44d85cb907.parquet,TeamB-ab691983-3544-4a0e-8f70-db44d85cb907,TeamB,2021-04-09 00:00:00,27.520023600000002,77.92333333333336,3.3393746507999484,467460,46747,0,0.0,True,,
2021-04-09-TeamB-afc13e53-2c77-48cb-8a78-743663bbb84f.parquet,TeamB-afc13e53-2c77-48cb-8a78-743663bbb84f,TeamB,2021-04-09 00:00:00,24.330020400000002,99.725,5.2719081507999785,598290,59830,0,0.0,True,,
2021-04-09-TeamB-d9501f3a-aaa1-4311-8b8b-3a8d3f21480f.parquet,TeamB-d9501f3a-aaa1-4311-8b8b-3a8d3f21480f,TeamB,2021-04-09 00:00:00,26.2200204,95.47333333333336,3.6870232681999897,572800,57281,0,0.0,True,,
2021-04-09-TeamB-e4321aef-964a-4fdd-88bd-0bd548b0e93b.parquet,TeamB-e4321aef-964a-4fdd-88bd-0bd548b0e93b,TeamB,2021-04-09 00:00:00,20.0100168,78.02000000000007,2.922980690800095,468035,46804,0,0.0,True,,
2021-04-10-TeamB-afc13e53-2c77-48cb-8a78-743663bbb84f.parquet,TeamB-afc13e53-2c77-48cb-8a78-743663bbb84f,TeamB,2021-04-10 00:00:00,26.310020400000003,381.7366666666667,3.840597004300245,2290350,229036,0,0.0,False,duration_over_200_min,
2021-04-12-TeamB-29c5271b-5c46-455e-91ea-da2abfa8ff3c.parquet,TeamB-29c5271b-5c46-455e-91ea-da2abfa8ff3c,TeamB,2021-04-12 00:00:00,29.180023200000004,118.99000000000002,7.787280445700102,713850,71386,0,0.0,True,,
2021-04-12-TeamB-2f23d7d5-2326-49ce-b9c8-5a6303f785c5.parquet,TeamB-2f23d7d5-2326-49ce-b9c8-5a6303f785c5,TeamB,2021-04-12 00:00:00,24.4200204,116.54833333333323,7.496273271600129,699295,69930,1,1.4300218793347538e-05,True,,
2021-04-12-TeamB-4405bb1f-56f7-48ba-bfa8-e795e4006952.parquet,TeamB-4405bb1f-56f7-48ba-bfa8-e795e4006952,TeamB,2021-04-12 00:00:00,23.20002,119.36833333333342,7.195383857100019,716180,71619,1,1.3962970203021586e-05,True,,
2021-04-12-TeamB-4b1e23d2-4204-4e16-9991-e0490649079b.parquet,TeamB-4b1e23d2-4204-4e16-9991-e0490649079b,TeamB,2021-04-12 00:00:00,22.680018,114.14000000000003,7.464244350799929,684750,68476,0,0.0,True,,
2021-04-12-TeamB-5eba590a-cecb-400f-a92e-08224c7e2e59.parquet,TeamB-5eba590a-cecb-400f-a92e-08224c7e2e59,TeamB,2021-04-12 00:00:00,25.4600208,111.54499999999994,7.094103494399954,669120,66913,0,0.0,True,,
2021-04-12-TeamB-70b74270-f655-43cc-a188-1ebc7a828b95.parquet,TeamB-70b74270-f655-43cc-a188-1ebc7a828b95,TeamB,2021-04-12 00:00:00,28.890021599999997,112.40666666666657,8.360867550800105,674115,67412,0,0.0,True,,
2021-04-12-TeamB-789547e7-1325-4153-a98d-5ecd497f3668.parquet,TeamB-789547e7-1325-4153-a98d-5ecd497f3668,TeamB,2021-04-12 00:00:00,26.3000196,149.16999999999996,6.142548574500321,895025,89503,1,1.1172934683023842e-05,True,,
2021-04-12-TeamB-7d41e602-eece-328b-ff7b-118e820865d6.parquet,TeamB-7d41e602-eece-328b-ff7b-118e820865d6,TeamB,2021-04-12 00:00:00,29.440022400000004,116.33833333333338,6.974092014899962,697970,69798,0,0.0,True,,
2021-04-12-TeamB-9c845827-99f9-47f4-977d-2200a107a013.parquet,TeamB-9c845827-99f9-47f4-977d-2200a107a013,TeamB,2021-04-12 00:00:00,25.0800192,92.47000000000007,5.777571054200127,554820,55483,1,1.802386359540031e-05,True,,
2021-04-12-TeamB-a7126274-c2d2-4f4e-9b67-35d376aefacc.parquet,TeamB-a7126274-c2d2-4f4e-9b67-35d376aefacc,TeamB,2021-04-12 00:00:00,27.7100208,76.33833333333338,5.1707675012000225,457950,45796,0,0.0,True,,
2021-04-12-TeamB-ab5ec6e5-b0f3-401e-8dc5-aa6c5070e255.parquet,TeamB-ab5ec6e5-b0f3-401e-8dc5-aa6c5070e255,TeamB,2021-04-12 00:00:00,28.860022800000003,119.38666666666661,8.060228163300176,716220,71623,0,0.0,True,,
2021-04-12-TeamB-ab691983-3544-4a0e-8f70-db44d85cb907.parquet,TeamB-ab691983-3544-4a0e-8f70-db44d85cb907,TeamB,2021-04-12 00:00:00,27.8800236,139.83666666666662,7.761530436799956,838920,83893,0,0.0,True,,
2021-04-12-TeamB-afc13e53-2c77-48cb-8a78-743663bbb84f.parquet,TeamB-afc13e53-2c77-48cb-8a78-743663bbb84f,TeamB,2021-04-12 00:00:00,21.8300184,113.95500000000006,6.249243655299837,683630,68364,0,0.0,True,,
2021-04-12-TeamB-afc13e53-2c77-48cb-8a78-743663bbb84f.parquet,TeamB-afc13e53-2c77-48cb-8a78-743663bbb84f,TeamB,2021-04-12 00:00:00,27.2000232,110.9816666666667,7.319706743999996,665855,66585,1,1.5018623092634867e-05,True,,
2021-04-12-TeamB-d9501f3a-aaa1-4311-8b8b-3a8d3f21480f.parquet,TeamB-d9501f3a-aaa1-4311-8b8b-3a8d3f21480f,TeamB,2021-04-12 00:00:00,26.3400228,111.6566666666667,7.697064262500001,669900,66991,0,0.0,True,,
2021-04-13-TeamB-29c5271b-5c46-455e-91ea-da2abfa8ff3c.parquet,TeamB-29c5271b-5c46-455e-91ea-da2abfa8ff3c,TeamB,2021-04-13 00:00:00,26.460021599999997,143.375,6.144760510499849,860149,86016,0,0.0,True,,
2021-04-13-TeamB-2f23d7d5-2326-49ce-b9c8-5a6303f785c5.parquet,TeamB-2f23d7d5-2326-49ce-b9c8-5a6303f785c5,TeamB,2021-04-13 00:00:00,27.7400232,131.73666666666674,6.434478234599956,790400,79041,1,1.2651821862348178e-05,True,,
2021-04-13-TeamB-4405bb1f-56f7-48ba-bfa8-e795e4006952.parquet,TeamB-4405bb1f-56f7-48ba-bfa8-e795e4006952,TeamB,2021-04-13 00:00:00,24.4300212,126.625,5.976501214700228,759710,75972,1,1.3162917429018968e-05,True,,
2021-04-13-TeamB-4b1e23d2-4204-4e16-9991-e0490649079b.parquet,TeamB-4b1e23d2-4204-4e16-9991-e0490649079b,TeamB,2021-04-13 00:00:00,25.18002,147.5566666666667,7.496034102900017,885250,88526,0,0.0,True,,
2021-04-13-TeamB-5eba590a-cecb-400f-a92e-08224c7e2e59.parquet,TeamB-5eba590a-cecb-400f-a92e-08224c7e2e59,TeamB,2021-04-13 00:00:00,23.3900172,120.49000000000002,5.593283124400028,722860,72287,0,0.0,True,,
2021-04-13-TeamB-70b74270-f655-43cc-a188-1ebc7a828b95.parquet,TeamB-70b74270-f655-43cc-a188-1ebc7a828b95,TeamB,2021-04-13 00:00:00,28.470024,133.23666666666674,6.513057468599875,799175,79918,0,0.0,True,,
2021-04-13-TeamB-789547e7-1325-4153-a98d-5ecd497f3668.parquet,TeamB-789547e7-1325-4153-a98d-5ecd497f3668,TeamB,2021-04-13 00:00:00,18.480013200000002,129.32166666666672,4.1598542132001315,775850,77586,0,0.0,True,,
2021-04-13-TeamB-7ab47f4e-6eca-4793-880f-6a0dad3459c3.parquet,TeamB-7ab47f4e-6eca-4793-880f-6a0dad3459c3,TeamB,2021-04-13 00:00:00,26.0000208,132.62333333333336,6.996952027999903,795690,79570,0,0.0,True,,
2021-04-13-TeamB-7d41e602-eece-328b-ff7b-118e820865d6.parquet,TeamB-7d41e602-eece-328b-ff7b-118e820865d6,TeamB,2021-04-13 00:00:00,25.730020800000002,134.57333333333335,7.692952034399783,807370,80738,0,0.0,True,,
2021-04-13-TeamB-9c845827-99f9-47f4-977d-2200a107a013.parquet,TeamB-9c845827-99f9-47f4-977d-2200a107a013,TeamB,2021-04-13 00:00:00,24.4100196,122.9066666666667,5.580473944700013,737360,73737,0,0.0,True,,
2021-04-13-TeamB-ab5ec6e5-b0f3-401e-8dc5-aa6c5070e255.parquet,TeamB-ab5ec6e5-b0f3-401e-8dc5-aa6c5070e255,TeamB,2021-04-13 00:00:00,27.920023200000003,117.70500000000006,5.55743282450002,706140,70615,0,0.0,True,,
2021-04-13-TeamB-ab691983-3544-4a0e-8f70-db44d85cb907.parquet,TeamB-ab691983-3544-4a0e-8f70-db44d85cb907,TeamB,2021-04-13 00:00:00,25.99002,128.0466666666667,6.531308596999965,768275,76828,1,1.3016257305374412e-05,True,,
2021-04-13-TeamB-afc13e53-2c77-48cb-8a78-743663bbb84f.parquet,TeamB-afc13e53-2c77-48cb-8a78-743663bbb84f,TeamB,2021-04-13 00:00:00,23.9000184,105.03833333333333,4.725016588999934,630160,63017,0,0.0,True,,
2021-04-13-TeamB-afc13e53-2c77-48cb-8a78-743663bbb84f.parquet,TeamB-afc13e53-2c77-48cb-8a78-743663bbb84f,TeamB,2021-04-13 00:00:00,41.4,238.825,12.178983297700023,1432795,143279,0,0.0,False,max_speed_over_32_kmh;duration_over_200_min,
2021-04-13-TeamB-d9501f3a-aaa1-4311-8b8b-3a8d3f21480f.parquet,TeamB-d9501f3a-aaa1-4311-8b8b-3a8d3f21480f,TeamB,2021-04-13 00:00:00,25.4200212,118.01999999999995,5.690327373499904,708070,70808,0,0.0,True,,
2021-04-13-TeamB-e4321aef-964a-4fdd-88bd-0bd548b0e93b.parquet,TeamB-e4321aef-964a-4fdd-88bd-0bd548b0e93b,TeamB,2021-04-13 00:00:00,18.1700136,117.03666666666662,1.7968767363000309,702100,70211,0,0.0,True,,
2021-04-14-TeamB-afc13e53-2c77-48cb-8a78-743663bbb84f.parquet,TeamB-afc13e53-2c77-48cb-8a78-743663bbb84f,TeamB,2021-04-14 00:00:00,27.910022400000003,113.33833333333332,7.243052237700098,679930,67994,0,0.0,True,,
2021-04-15-TeamB-29c5271b-5c46-455e-91ea-da2abfa8ff3c.parquet,TeamB-29c5271b-5c46-455e-91ea-da2abfa8ff3c,TeamB,2021-04-15 00:00:00,27.350020800000003,140.3533333333333,5.999452335800218,842070,84208,0,0.0,True,,
2021-04-15-TeamB-2f23d7d5-2326-49ce-b9c8-5a6303f785c5.parquet,TeamB-2f23d7d5-2326-49ce-b9c8-5a6303f785c5,TeamB,2021-04-15 00:00:00,27.410022,112.44000000000003,4.606728711800084,674550,67456,0,0.0,True,,
2021-04-15-TeamB-4405bb1f-56f7-48ba-bfa8-e795e4006952.parquet,TeamB-4405bb1f-56f7-48ba-bfa8-e795e4006952,TeamB,2021-04-15 00:00:00,26.7400224,107.7,4.621835396099866,646069,64608,0,0.0,True,,
2021-04-15-TeamB-48bfd4ea-e9e2-45b5-befc-3383cae87fdf.parquet,TeamB-48bfd4ea-e9e2-45b5-befc-3383cae87fdf,TeamB,2021-04-15 00:00:00,18.310014000000002,136.55500000000004,3.4194252670000878,819330,81934,1,1.2205094406405234e-05,True,,
2021-04-15-TeamB-4b1e23d2-4204-4e16-9991-e0490649079b.parquet,TeamB-4b1e23d2-4204-4e16-9991-e0490649079b,TeamB,2021-04-15 00:00:00,26.080019999999998,115.91666666666667,6.088617681900182,695409,69542,0,0.0,True,,
2021-04-15-TeamB-5eba590a-cecb-400f-a92e-08224c7e2e59.parquet,TeamB-5eba590a-cecb-400f-a92e-08224c7e2e59,TeamB,2021-04-15 00:00:00,25.0200216,108.08666666666662,6.057222659599766,648440,64845,0,0.0,True,,
2021-04-15-TeamB-70b74270-f655-43cc-a188-1ebc7a828b95.parquet,TeamB-70b74270-f655-43cc-a188-1ebc7a828b95,TeamB,2021-04-15 00:00:00,28.5400224,119.825,6.797099369600015,718720,71873,0,0.0,True,,
2021-04-15-TeamB-789547e7-1325-4153-a98d-5ecd497f3668.parquet,TeamB-789547e7-1325-4153-a98d-5ecd497f3668,TeamB,2021-04-15 00:00:00,20.520018,136.87666666666664,3.988691560099912,821185,82119,0,0.0,True,,
2021-04-15-TeamB-7ab47f4e-6eca-4793-880f-6a0dad3459c3.parquet,TeamB-7ab47f4e-6eca-4793-880f-6a0dad3459c3,TeamB,2021-04-15 00:00:00,26.580020400000002,140.61999999999995,6.782069078800039,843680,84369,0,0.0,True,,
2021-04-15-TeamB-7d41e602-eece-328b-ff7b-118e820865d6.parquet,TeamB-7d41e602-eece-328b-ff7b-118e820865d6,TeamB,2021-04-15 00:00:00,28.1600208,126.50500000000005,6.493550241799857,758950,75896,0,0.0,True,,
2021-04-15-TeamB-9c845827-99f9-47f4-977d-2200a107a013.parquet,TeamB-9c845827-99f9-47f4-977d-2200a107a013,TeamB,2021-04-15 00:00:00,26.1900216,113.98333333333333,4.416730514499894,683825,68382,0,0.0,True,,
2021-04-15-TeamB-ab5ec6e5-b0f3-401e-8dc5-aa6c5070e255.parquet,TeamB-ab5ec6e5-b0f3-401e-8dc5-aa6c5070e255,TeamB,2021-04-15 00:00:00,28.370023200000002,140.17333333333335,7.007568710400104,840940,84095,0,0.0,True,,
2021-04-15-TeamB-ab691983-3544-4a0e-8f70-db44d85cb907.parquet,TeamB-ab691983-3544-4a0e-8f70-db44d85cb907,TeamB,2021-04-15 00:00:00,28.180022400000002,129.5066666666667,6.010974859299986,776950,77696,0,0.0,True,,
2021-04-15-TeamB-afc13e53-2c77-48cb-8a78-743663bbb84f.parquet,TeamB-afc13e53-2c77-48cb-8a78-743663bbb84f,TeamB,2021-04-15 00:00:00,27.2100204,124.9850000000001,6.80727243850002,749880,74989,1,1.3335467008054622e-05,True,,
2021-04-15-TeamB-d9501f3a-aaa1-4311-8b8b-3a8d3f21480f.parquet,TeamB-d9501f3a-aaa1-4311-8b8b-3a8d3f21480f,TeamB,2021-04-15 00:00:00,23.950018800000002,107.42666666666665,5.241177011300018,644510,64452,0,0.0,True,,
2021-04-15-TeamB-e4321aef-964a-4fdd-88bd-0bd548b0e93b.parquet,TeamB-e4321aef-964a-4fdd-88bd-0bd548b0e93b,TeamB,2021-04-15 00:00:00,24.480017999999998,132.9216666666667,4.615388437699912,797370,79738,0,0.0,True,,
2021-04-16-TeamB-29c5271b-5c46-455e-91ea-da2abfa8ff3c.parquet,TeamB-29c5271b-5c46-455e-91ea-da2abfa8ff3c,TeamB,2021-04-16 00:00:00,24.4300212,114.88833333333338,3.823334758300249,689250,68926,0,0.0,True,,
2021-04-16-TeamB-4405bb1f-56f7-48ba-bfa8-e795e4006952.parquet,TeamB-4405bb1f-56f7-48ba-bfa8-e795e4006952,TeamB,2021-04-16 00:00:00,24.5800188,101.40833333333333,4.009500463099936,608340,60835,0,0.0,True,,
2021-04-16-TeamB-48bfd4ea-e9e2-45b5-befc-3383cae87fdf.parquet,TeamB-48bfd4ea-e9e2-45b5-befc-3383cae87fdf,TeamB,2021-04-16 00:00:00,18.0100152,107.5350000000001,3.3780399584999583,645200,64521,1,1.5499070055796652e-05,True,,
2021-04-16-TeamB-4b1e23d2-4204-4e16-9991-e0490649079b.parquet,TeamB-4b1e23d2-4204-4e16-9991-e0490649079b,TeamB,2021-04-16 00:00:00,21.2300172,117.54000000000002,5.56067282930021,705150,70516,0,0.0,True,,
2021-04-16-TeamB-70b74270-f655-43cc-a188-1ebc7a828b95.parquet,TeamB-70b74270-f655-43cc-a188-1ebc7a828b95,TeamB,2021-04-16 00:00:00,25.4200212,92.48833333333339,4.5087558634998635,554700,55471,0,0.0,True,,
2021-04-16-TeamB-789547e7-1325-4153-a98d-5ecd497f3668.parquet,TeamB-789547e7-1325-4153-a98d-5ecd497f3668,TeamB,2021-04-16 00:00:00,18.000014399999998,106.48666666666662,3.218475380700128,638820,63883,0,0.0,True,,
2021-04-16-TeamB-7ab47f4e-6eca-4793-880f-6a0dad3459c3.parquet,TeamB-7ab47f4e-6eca-4793-880f-6a0dad3459c3,TeamB,2021-04-16 00:00:00,25.9100208,102.9600000000001,5.092251885899955,617725,61773,0,0.0,True,,
2021-04-16-TeamB-7d41e602-eece-328b-ff7b-118e820865d6.parquet,TeamB-7d41e602-eece-328b-ff7b-118e820865d6,TeamB,2021-04-16 00:00:00,26.6300208,110.07000000000008,4.892754511900037,660410,66042,1,1.5142108690056177e-05,True,,
2021-04-16-TeamB-9c845827-99f9-47f4-977d-2200a107a013.parquet,TeamB-9c845827-99f9-47f4-977d-2200a107a013,TeamB,2021-04-16 00:00:00,23.1700176,101.88833333333338,4.0667505029001285,611245,61125,0,0.0,True,,
2021-04-16-TeamB-ab5ec6e5-b0f3-401e-8dc5-aa6c5070e255.parquet,TeamB-ab5ec6e5-b0f3-401e-8dc5-aa6c5070e255,TeamB,2021-04-16 00:00:00,27.320022,108.32833333333329,5.198301416200127,649795,64980,0,0.0,True,,
2021-04-16-TeamB-ab691983-3544-4a0e-8f70-db44d85cb907.parquet,TeamB-ab691983-3544-4a0e-8f70-db44d85cb907,TeamB,2021-04-16 00:00:00,23.20002,101.6283333333334,4.41191522919994,609675,60968,0,0.0,True,,
2021-04-16-TeamB-afc13e53-2c77-48cb-8a78-743663bbb84f.parquet,TeamB-afc13e53-2c77-48cb-8a78-743663bbb84f,TeamB,2021-04-16 00:00:00,25.7100192,71.50500000000005,3.0760019282000064,428960,42897,0,0.0,True,,
2021-04-16-TeamB-afc13e53-2c77-48cb-8a78-743663bbb84f.parquet,TeamB-afc13e53-2c77-48cb-8a78-743663bbb84f,TeamB,2021-04-16 00:00:00,27.2900232,97.77333333333335,5.040075735000103,586530,58654,0,0.0,True,,
2021-04-16-TeamB-d9501f3a-aaa1-4311-8b8b-3a8d3f21480f.parquet,TeamB-d9501f3a-aaa1-4311-8b8b-3a8d3f21480f,TeamB,2021-04-16 00:00:00,22.8100176,102.88666666666661,3.987940171100014,617270,61728,0,0.0,True,,
2021-04-16-TeamB-e4321aef-964a-4fdd-88bd-0bd548b0e93b.parquet,TeamB-e4321aef-964a-4fdd-88bd-0bd548b0e93b,TeamB,2021-04-16 00:00:00,24.8100192,104.35500000000005,4.141197517200111,625890,62590,0,0.0,True,,
2021-04-17-TeamB-afc13e53-2c77-48cb-8a78-743663bbb84f.parquet,TeamB-afc13e53-2c77-48cb-8a78-743663bbb84f,TeamB,2021-04-17 00:00:00,25.050020399999998,160.99000000000004,6.871695541499923,965840,96585,0,0.0,True,,
2021-04-19-TeamB-29c5271b-5c46-455e-91ea-da2abfa8ff3c.parquet,TeamB-29c5271b-5c46-455e-91ea-da2abfa8ff3c,TeamB,2021-04-19 00:00:00,28.6900236,118.88833333333326,4.021011024899902,713330,71334,1,1.401875709699578e-05,True,,
2021-04-19-TeamB-2f23d7d5-2326-49ce-b9c8-5a6303f785c5.parquet,TeamB-2f23d7d5-2326-49ce-b9c8-5a6303f785c5,TeamB,2021-04-19 00:00:00,22.93002,120.40333333333328,3.708782159400133,722340,72235,0,0.0,True,,
2021-04-19-TeamB-4405bb1f-56f7-48ba-bfa8-e795e4006952.parquet,TeamB-4405bb1f-56f7-48ba-bfa8-e795e4006952,TeamB,2021-04-19 00:00:00,21.5900172,107.35500000000005,3.281950987799924,643970,64398,0,0.0,True,,
2021-04-19-TeamB-48bfd4ea-e9e2-45b5-befc-3383cae87fdf.parquet,TeamB-48bfd4ea-e9e2-45b5-befc-3383cae87fdf,TeamB,2021-04-19 00:00:00,16.820013600000003,119.4533333333334,2.6129571171999406,716720,71673,1,1.395245005022882e-05,True,,
2021-04-19-TeamB-4b1e23d2-4204-4e16-9991-e0490649079b.parquet,TeamB-4b1e23d2-4204-4e16-9991-e0490649079b,TeamB,2021-04-19 00:00:00,21.9700188,117.88500000000009,3.723856068699863,707320,70733,1,1.4137872532941244e-05,True,,
2021-04-19-TeamB-5eba590a-cecb-400f-a92e-08224c7e2e59.parquet,TeamB-5eba590a-cecb-400f-a92e-08224c7e2e59,TeamB,2021-04-19 00:00:00,20.790018,125.74000000000002,2.470013115100029,754360,75437,0,0.0,True,,
2021-04-19-TeamB-70b74270-f655-43cc-a188-1ebc7a828b95.parquet,TeamB-70b74270-f655-43cc-a188-1ebc7a828b95,TeamB,2021-04-19 00:00:00,26.0500212,123.70500000000006,4.924791740700033,742030,74204,0,0.0,True,,
2021-04-19-TeamB-789547e7-1325-4153-a98d-5ecd497f3668.parquet,TeamB-789547e7-1325-4153-a98d-5ecd497f3668,TeamB,2021-04-19 00:00:00,16.350012,120.33333333333333,3.055960528900078,721899,72191,0,0.0,True,,
2021-04-19-TeamB-7ab47f4e-6eca-4793-880f-6a0dad3459c3.parquet,TeamB-7ab47f4e-6eca-4793-880f-6a0dad3459c3,TeamB,2021-04-19 00:00:00,26.500021200000003,117.91500000000002,3.7684585968998037,707455,70746,0,0.0,True,,
2021-04-19-TeamB-7d41e602-eece-328b-ff7b-118e820865d6.parquet,TeamB-7d41e602-eece-328b-ff7b-118e820865d6,TeamB,2021-04-19 00:00:00,22.0600188,120.11833333333342,3.794280285299933,720700,72071,1,1.3875398917718884e-05,True,,
2021-04-19-TeamB-9c845827-99f9-47f4-977d-2200a107a013.parquet,TeamB-9c845827-99f9-47f4-977d-2200a107a013,TeamB,2021-04-19 00:00:00,26.510022000000003,112.97166666666672,3.2929068264998866,677750,67776,0,0.0,True,,
2021-04-19-TeamB-ab5ec6e5-b0f3-401e-8dc5-aa6c5070e255.parquet,TeamB-ab5ec6e5-b0f3-401e-8dc5-aa6c5070e255,TeamB,2021-04-19 00:00:00,26.7400224,105.42166666666671,3.5510398186001155,632440,63245,0,0.0,True,,
2021-04-19-TeamB-ab691983-3544-4a0e-8f70-db44d85cb907.parquet,TeamB-ab691983-3544-4a0e-8f70-db44d85cb907,TeamB,2021-04-19 00:00:00,24.5600208,119.00666666666669,4.121239999900099,713940,71395,0,0.0,True,,
2021-04-19-TeamB-afc13e53-2c77-48cb-8a78-743663bbb84f.parquet,TeamB-afc13e53-2c77-48cb-8a78-743663bbb84f,TeamB,2021-04-19 00:00:00,23.7300192,109.37166666666671,4.681408776300081,656130,65614,0,0.0,True,,
2021-04-19-TeamB-afc13e53-2c77-48cb-8a78-743663bbb84f.parquet,TeamB-afc13e53-2c77-48cb-8a78-743663bbb84f,TeamB,2021-04-19 00:00:00,25.970022,115.74166666666666,3.494836707300063,694320,69433,0,0.0,True,,
2021-04-19-TeamB-d9501f3a-aaa1-4311-8b8b-3a8d3f21480f.parquet,TeamB-d9501f3a-aaa1-4311-8b8b-3a8d3f21480f,TeamB,2021-04-19 00:00:00,25.3300212,110.85500000000005,4.343206848400024,665080,66509,0,0.0,True,,
2021-04-19-TeamB-e4321aef-964a-4fdd-88bd-0bd548b0e93b.parquet,TeamB-e4321aef-964a-4fdd-88bd-0bd548b0e93b,TeamB,2021-04-19 00:00:00,25.0300188,115.9066666666667,3.7016690998001054,695190,69520,0,0.0,True,,
2021-04-20-TeamB-29c5271b-5c46-455e-91ea-da2abfa8ff3c.parquet,TeamB-29c5271b-5c46-455e-91ea-da2abfa8ff3c,TeamB,2021-04-20 00:00:00,28.360022400000002,136.03333333333333,11.101310891399985,816119,81613,0,0.0,True,,
2021-04-20-TeamB-2f23d7d5-2326-49ce-b9c8-5a6303f785c5.parquet,TeamB-2f23d7d5-2326-49ce-b9c8-5a6303f785c5,TeamB,2021-04-20 00:00:00,28.8400248,154.92333333333335,11.950684073099957,929390,92940,0,0.0,True,,
2021-04-20-TeamB-4405bb1f-56f7-48ba-bfa8-e795e4006952.parquet,TeamB-4405bb1f-56f7-48ba-bfa8-e795e4006952,TeamB,2021-04-20 00:00:00,25.5100212,101.88333333333334,7.394814296200187,611049,61106,0,0.0,True,,
2021-04-20-TeamB-4b1e23d2-4204-4e16-9991-e0490649079b.parquet,TeamB-4b1e23d2-4204-4e16-9991-e0490649079b,TeamB,2021-04-20 00:00:00,21.890016000000003,40.05500000000005,2.983317405200024,240220,24023,0,0.0,True,,
2021-04-20-TeamB-70b74270-f655-43cc-a188-1ebc7a828b95.parquet,TeamB-70b74270-f655-43cc-a188-1ebc7a828b95,TeamB,2021-04-20 00:00:00,29.320023600000003,159.6816666666667,13.464865558899877,957955,95796,0,0.0,True,,
2021-04-20-TeamB-7ab47f4e-6eca-4793-880f-6a0dad3459c3.parquet,TeamB-7ab47f4e-6eca-4793-880f-6a0dad3459c3,TeamB,2021-04-20 00:00:00,25.1500212,83.50333333333329,6.23385724049995,500960,50097,0,0.0,True,,
2021-04-20-TeamB-7d41e602-eece-328b-ff7b-118e820865d6.parquet,TeamB-7d41e602-eece-328b-ff7b-118e820865d6,TeamB,2021-04-20 00:00:00,27.2600208,159.52333333333337,7.263650035799909,957060,95707,0,0.0,True,,
2021-04-20-TeamB-9c845827-99f9-47f4-977d-2200a107a013.parquet,TeamB-9c845827-99f9-47f4-977d-2200a107a013,TeamB,2021-04-20 00:00:00,28.130022,157.4216666666667,11.1462534221001,944450,94445,0,0.0,True,,
2021-04-20-TeamB-ab5ec6e5-b0f3-401e-8dc5-aa6c5070e255.parquet,TeamB-ab5ec6e5-b0f3-401e-8dc5-aa6c5070e255,TeamB,2021-04-20 00:00:00,26.1800208,102.33833333333338,5.76662436530012,613940,61395,0,0.0,True,,
2021-04-20-TeamB-ab691983-3544-4a0e-8f70-db44d85cb907.parquet,TeamB-ab691983-3544-4a0e-8f70-db44d85cb907,TeamB,2021-04-20 00:00:00,25.0700184,159.02333333333337,11.614866041400077,954050,95406,0,0.0,True,,
2021-04-20-TeamB-afc13e53-2c77-48cb-8a78-743663bbb84f.parquet,TeamB-afc13e53-2c77-48cb-8a78-743663bbb84f,TeamB,2021-04-20 00:00:00,24.2900208,107.42166666666665,6.474617999600053,644420,64443,0,0.0,True,,
2021-04-20-TeamB-afc13e53-2c77-48cb-8a78-743663bbb84f.parquet,TeamB-afc13e53-2c77-48cb-8a78-743663bbb84f,TeamB,2021-04-20 00:00:00,27.3600216,118.72000000000007,6.288868671699888,712225,71222,0,0.0,True,,
2021-04-20-TeamB-d9501f3a-aaa1-4311-8b8b-3a8d3f21480f.parquet,TeamB-d9501f3a-aaa1-4311-8b8b-3a8d3f21480f,TeamB,2021-04-20 00:00:00,27.1300212,132.61666666666667,5.638588150699962,795649,79565,0,0.0,True,,
2021-04-21-TeamB-29c5271b-5c46-455e-91ea-da2abfa8ff3c.parquet,TeamB-29c5271b-5c46-455e-91ea-da2abfa8ff3c,TeamB,2021-04-21 00:00:00,15.7700124,67.38833333333332,1.7811506150999223,404240,40425,0,0.0,True,,
2021-04-21-TeamB-2f23d7d5-2326-49ce-b9c8-5a6303f785c5.parquet,TeamB-2f23d7d5-2326-49ce-b9c8-5a6303f785c5,TeamB,2021-04-21 00:00:00,15.880014,69.63666666666668,2.0288074756,417700,41771,0,0.0,True,,
2021-04-21-TeamB-4405bb1f-56f7-48ba-bfa8-e795e4006952.parquet,TeamB-4405bb1f-56f7-48ba-bfa8-e795e4006952,TeamB,2021-04-21 00:00:00,16.7500152,35.48833333333332,1.381415838599915,212850,21286,1,4.698144233027954e-05,True,,
2021-04-21-TeamB-48bfd4ea-e9e2-45b5-befc-3383cae87fdf.parquet,TeamB-48bfd4ea-e9e2-45b5-befc-3383cae87fdf,TeamB,2021-04-21 00:00:00,20.8400184,150.56333333333333,5.476230824200066,903369,90338,1,1.1069661379058415e-05,True,,
2021-04-21-TeamB-4b1e23d2-4204-4e16-9991-e0490649079b.parquet,TeamB-4b1e23d2-4204-4e16-9991-e0490649079b,TeamB,2021-04-21 00:00:00,22.2900192,104.02333333333335,5.52003528649989,624050,62406,0,0.0,True,,
2021-04-21-TeamB-70b74270-f655-43cc-a188-1ebc7a828b95.parquet,TeamB-70b74270-f655-43cc-a188-1ebc7a828b95,TeamB,2021-04-21 00:00:00,17.450013600000002,69.38833333333338,1.6715949608999747,416255,41626,0,0.0,True,,
2021-04-21-TeamB-789547e7-1325-4153-a98d-5ecd497f3668.parquet,TeamB-789547e7-1325-4153-a98d-5ecd497f3668,TeamB,2021-04-21 00:00:00,18.000014399999998,115.22000000000001,3.232707628700067,691230,69124,0,0.0,True,,
2021-04-21-TeamB-7ab47f4e-6eca-4793-880f-6a0dad3459c3.parquet,TeamB-7ab47f4e-6eca-4793-880f-6a0dad3459c3,TeamB,2021-04-21 00:00:00,17.8800156,103.60333333333334,3.1425494926998216,621550,62156,0,0.0,True,,
2021-04-21-TeamB-7d41e602-eece-328b-ff7b-118e820865d6.parquet,TeamB-7d41e602-eece-328b-ff7b-118e820865d6,TeamB,2021-04-21 00:00:00,24.6000204,75.65333333333335,3.539483704700017,453850,45386,0,0.0,True,,
2021-04-21-TeamB-9c845827-99f9-47f4-977d-2200a107a013.parquet,TeamB-9c845827-99f9-47f4-977d-2200a107a013,TeamB,2021-04-21 00:00:00,14.720011200000002,65.90499999999999,1.019883320200012,395290,39530,0,0.0,True,,
2021-04-21-TeamB-afc13e53-2c77-48cb-8a78-743663bbb84f.parquet,TeamB-afc13e53-2c77-48cb-8a78-743663bbb84f,TeamB,2021-04-21 00:00:00,23.4600192,90.40333333333335,5.632763157800024,542320,54233,0,0.0,True,,
2021-04-21-TeamB-afc13e53-2c77-48cb-8a78-743663bbb84f.parquet,TeamB-afc13e53-2c77-48cb-8a78-743663bbb84f,TeamB,2021-04-21 00:00:00,24.55002,73.95833333333327,3.706882165499981,443655,44366,0,0.0,True,,
2021-04-21-TeamB-d9501f3a-aaa1-4311-8b8b-3a8d3f21480f.parquet,TeamB-d9501f3a-aaa1-4311-8b8b-3a8d3f21480f,TeamB,2021-04-21 00:00:00,17.650015200000002,74.7766666666667,2.347750790300075,448595,44860,0,0.0,True,,
2021-04-21-TeamB-e4321aef-964a-4fdd-88bd-0bd548b0e93b.parquet,TeamB-e4321aef-964a-4fdd-88bd-0bd548b0e93b,TeamB,2021-04-21 00:00:00,22.0000176,68.69000000000003,2.641088793000079,411990,41200,0,0.0,True,,
2021-04-22-TeamB-afc13e53-2c77-48cb-8a78-743663bbb84f.parquet,TeamB-afc13e53-2c77-48cb-8a78-743663bbb84f,TeamB,2021-04-22 00:00:00,23.9800176,84.53833333333338,4.102981653700057,507130,50714,0,0.0,True,,
2021-04-23-TeamB-afc13e53-2c77-48cb-8a78-743663bbb84f.parquet,TeamB-afc13e53-2c77-48cb-8a78-743663bbb84f,TeamB,2021-04-23 00:00:00,27.4600224,190.05333333333328,8.411566789800174,1140180,114019,0,0.0,True,,
2021-04-26-TeamB-29c5271b-5c46-455e-91ea-da2abfa8ff3c.parquet,TeamB-29c5271b-5c46-455e-91ea-da2abfa8ff3c,TeamB,2021-04-26 00:00:00,23.7900204,94.35500000000005,4.185266721399965,566060,56607,0,0.0,True,,
2021-04-26-TeamB-2f23d7d5-2326-49ce-b9c8-5a6303f785c5.parquet,TeamB-2f23d7d5-2326-49ce-b9c8-5a6303f785c5,TeamB,2021-04-26 00:00:00,16.8100128,87.80666666666669,2.9511548921999817,526830,52684,1,1.8981455118349373e-05,True,,
2021-04-26-TeamB-4405bb1f-56f7-48ba-bfa8-e795e4006952.parquet,TeamB-4405bb1f-56f7-48ba-bfa8-e795e4006952,TeamB,2021-04-26 00:00:00,21.120015600000002,94.07166666666672,3.161533384399895,564320,56433,0,0.0,True,,
2021-04-26-TeamB-48bfd4ea-e9e2-45b5-befc-3383cae87fdf.parquet,TeamB-48bfd4ea-e9e2-45b5-befc-3383cae87fdf,TeamB,2021-04-26 00:00:00,20.1400164,89.38333333333334,3.067650250599882,536179,53619,0,0.0,True,,
2021-04-26-TeamB-4b1e23d2-4204-4e16-9991-e0490649079b.parquet,TeamB-4b1e23d2-4204-4e16-9991-e0490649079b,TeamB,2021-04-26 00:00:00,22.1200164,107.37666666666664,5.72822074109973,644170,64418,0,0.0,True,,
2021-04-26-TeamB-70b74270-f655-43cc-a188-1ebc7a828b95.parquet,TeamB-70b74270-f655-43cc-a188-1ebc7a828b95,TeamB,2021-04-26 00:00:00,21.2300172,88.32333333333335,4.0542971555999054,529790,52980,0,0.0,True,,
2021-04-26-TeamB-789547e7-1325-4153-a98d-5ecd497f3668.parquet,TeamB-789547e7-1325-4153-a98d-5ecd497f3668,TeamB,2021-04-26 00:00:00,15.450012,80.45333333333329,2.698313852399954,482720,48273,1,2.071594298972489e-05,True,,
2021-04-26-TeamB-7ab47f4e-6eca-4793-880f-6a0dad3459c3.parquet,TeamB-7ab47f4e-6eca-4793-880f-6a0dad3459c3,TeamB,2021-04-26 00:00:00,21.8600172,100.46999999999996,3.2814620969998747,602760,60277,0,0.0,True,,
2021-04-26-TeamB-7d41e602-eece-328b-ff7b-118e820865d6.parquet,TeamB-7d41e602-eece-328b-ff7b-118e820865d6,TeamB,2021-04-26 00:00:00,21.880018800000002,99.2316666666667,4.216738396599837,595310,59532,0,0.0,True,,
2021-04-26-TeamB-9c845827-99f9-47f4-977d-2200a107a013.parquet,TeamB-9c845827-99f9-47f4-977d-2200a107a013,TeamB,2021-04-26 00:00:00,20.450016,79.38833333333338,2.9805957441999844,476260,47627,0,0.0,True,,
2021-04-26-TeamB-ab691983-3544-4a0e-8f70-db44d85cb907.parquet,TeamB-ab691983-3544-4a0e-8f70-db44d85cb907,TeamB,2021-04-26 00:00:00,21.8200176,97.05666666666669,3.5732939969000834,582250,58226,0,0.0,True,,
2021-04-26-TeamB-afc13e53-2c77-48cb-8a78-743663bbb84f.parquet,TeamB-afc13e53-2c77-48cb-8a78-743663bbb84f,TeamB,2021-04-26 00:00:00,24.4000188,140.94499999999996,6.168563877300141,845570,84558,0,0.0,True,,
2021-04-26-TeamB-d9501f3a-aaa1-4311-8b8b-3a8d3f21480f.parquet,TeamB-d9501f3a-aaa1-4311-8b8b-3a8d3f21480f,TeamB,2021-04-26 00:00:00,21.3600168,86.89666666666672,2.3290021714000204,521334,52134,0,0.0,True,,
2021-04-27-TeamB-29c5271b-5c46-455e-91ea-da2abfa8ff3c.parquet,TeamB-29c5271b-5c46-455e-91ea-da2abfa8ff3c,TeamB,2021-04-27 00:00:00,25.2000216,123.53833333333338,6.240692253799956,741155,74116,0,0.0,True,,
2021-04-27-TeamB-2f23d7d5-2326-49ce-b9c8-5a6303f785c5.parquet,TeamB-2f23d7d5-2326-49ce-b9c8-5a6303f785c5,TeamB,2021-04-27 00:00:00,29.630023200000004,71.17666666666665,2.855217023100074,426955,42696,0,0.0,True,,
2021-04-27-TeamB-4405bb1f-56f7-48ba-bfa8-e795e4006952.parquet,TeamB-4405bb1f-56f7-48ba-bfa8-e795e4006952,TeamB,2021-04-27 00:00:00,27.140022000000002,125.54000000000002,6.968677289999965,752860,75287,0,0.0,True,,
2021-04-27-TeamB-48bfd4ea-e9e2-45b5-befc-3383cae87fdf.parquet,TeamB-48bfd4ea-e9e2-45b5-befc-3383cae87fdf,TeamB,2021-04-27 00:00:00,22.3900164,133.1350000000001,4.1619492073999815,798790,79880,1,1.2518934889019643e-05,True,,
2021-04-27-TeamB-4b1e23d2-4204-4e16-9991-e0490649079b.parquet,TeamB-4b1e23d2-4204-4e16-9991-e0490649079b,TeamB,2021-04-27 00:00:00,26.4300228,132.4216666666667,8.298016141500016,794440,79445,0,0.0,True,,
2021-04-27-TeamB-70b74270-f655-43cc-a188-1ebc7a828b95.parquet,TeamB-70b74270-f655-43cc-a188-1ebc7a828b95,TeamB,2021-04-27 00:00:00,28.490022,139.26166666666663,7.35334287769991,835404,83541,0,0.0,True,,
2021-04-27-TeamB-789547e7-1325-4153-a98d-5ecd497f3668.parquet,TeamB-789547e7-1325-4153-a98d-5ecd497f3668,TeamB,2021-04-27 00:00:00,19.3500144,126.48833333333339,4.354790747599913,758840,75885,0,0.0,True,,
2021-04-27-TeamB-7d41e602-eece-328b-ff7b-118e820865d6.parquet,TeamB-7d41e602-eece-328b-ff7b-118e820865d6,TeamB,2021-04-27 00:00:00,28.040022,135.9383333333334,8.47441349669985,815550,81556,0,0.0,True,,
2021-04-27-TeamB-9c845827-99f9-47f4-977d-2200a107a013.parquet,TeamB-9c845827-99f9-47f4-977d-2200a107a013,TeamB,2021-04-27 00:00:00,27.1900224,127.08499999999998,7.604029188999889,762510,76252,1,1.3114582103841261e-05,True,,
2021-04-27-TeamB-ab691983-3544-4a0e-8f70-db44d85cb907.parquet,TeamB-ab691983-3544-4a0e-8f70-db44d85cb907,TeamB,2021-04-27 00:00:00,27.1900224,134.34833333333336,8.038522871400025,806090,80610,1,1.2405562654294186e-05,True,,
2021-04-27-TeamB-afc13e53-2c77-48cb-8a78-743663bbb84f.parquet,TeamB-afc13e53-2c77-48cb-8a78-743663bbb84f,TeamB,2021-04-27 00:00:00,29.0200248,134.95166666666677,9.126652360700064,809615,80962,0,0.0,True,,
2021-04-27-TeamB-d9501f3a-aaa1-4311-8b8b-3a8d3f21480f.parquet,TeamB-d9501f3a-aaa1-4311-8b8b-3a8d3f21480f,TeamB,2021-04-27 00:00:00,27.980020800000002,127.35500000000005,8.143711288799953,764080,76409,0,0.0,True,,
2021-04-29-TeamB-29c5271b-5c46-455e-91ea-da2abfa8ff3c.parquet,TeamB-29c5271b-5c46-455e-91ea-da2abfa8ff3c,TeamB,2021-04-29 00:00:00,26.330022,110.05666666666669,4.354258507799777,660260,66027,0,0.0,True,,
2021-04-29-TeamB-4405bb1f-56f7-48ba-bfa8-e795e4006952.parquet,TeamB-4405bb1f-56f7-48ba-bfa8-e795e4006952,TeamB,2021-04-29 00:00:00,25.920021600000002,101.60166666666665,4.764117178700037,609405,60941,0,0.0,True,,
2021-04-29-TeamB-48bfd4ea-e9e2-45b5-befc-3383cae87fdf.parquet,TeamB-48bfd4ea-e9e2-45b5-befc-3383cae87fdf,TeamB,2021-04-29 00:00:00,24.390018,127.36999999999995,4.973135690799962,764120,76413,0,0.0,True,,
2021-04-29-TeamB-4b1e23d2-4204-4e16-9991-e0490649079b.parquet,TeamB-4b1e23d2-4204-4e16-9991-e0490649079b,TeamB,2021-04-29 00:00:00,23.74002,99.38833333333338,5.19715614280014,596230,59624,0,0.0,True,,
2021-04-29-TeamB-70b74270-f655-43cc-a188-1ebc7a828b95.parquet,TeamB-70b74270-f655-43cc-a188-1ebc7a828b95,TeamB,2021-04-29 00:00:00,25.1400204,111.47333333333336,5.965783427100194,668710,66872,0,0.0,True,,
2021-04-29-TeamB-789547e7-1325-4153-a98d-5ecd497f3668.parquet,TeamB-789547e7-1325-4153-a98d-5ecd497f3668,TeamB,2021-04-29 00:00:00,23.4800172,115.05333333333328,4.789127199600136,690230,69024,0,0.0,True,,
2021-04-29-TeamB-7d41e602-eece-328b-ff7b-118e820865d6.parquet,TeamB-7d41e602-eece-328b-ff7b-118e820865d6,TeamB,2021-04-29 00:00:00,24.0800184,120.90500000000004,5.292666216700019,725360,72537,0,0.0,True,,
2021-04-29-TeamB-9c845827-99f9-47f4-977d-2200a107a013.parquet,TeamB-9c845827-99f9-47f4-977d-2200a107a013,TeamB,2021-04-29 00:00:00,23.1500196,93.98166666666657,4.158500033999913,563805,56381,0,0.0,True,,
2021-04-29-TeamB-afc13e53-2c77-48cb-8a78-743663bbb84f.parquet,TeamB-afc13e53-2c77-48cb-8a78-743663bbb84f,TeamB,2021-04-29 00:00:00,25.9800192,119.20666666666669,5.74418992269984,715120,71513,0,0.0,True,,
2021-04-29-TeamB-d9501f3a-aaa1-4311-8b8b-3a8d3f21480f.parquet,TeamB-d9501f3a-aaa1-4311-8b8b-3a8d3f21480f,TeamB,2021-04-29 00:00:00,22.2500196,96.85500000000005,3.8990478795999506,581050,58106,0,0.0,True,,
2021-04-30-TeamB-29c5271b-5c46-455e-91ea-da2abfa8ff3c.parquet,TeamB-29c5271b-5c46-455e-91ea-da2abfa8ff3c,TeamB,2021-04-30 00:00:00,23.8200192,88.3350000000001,2.6173701707999473,529935,52994,0,0.0,True,,
2021-04-30-TeamB-4405bb1f-56f7-48ba-bfa8-e795e4006952.parquet,TeamB-4405bb1f-56f7-48ba-bfa8-e795e4006952,TeamB,2021-04-30 00:00:00,21.320017200000002,131.35166666666677,3.7908108424999574,788020,78803,1,1.269003324788711e-05,True,,
2021-04-30-TeamB-48bfd4ea-e9e2-45b5-befc-3383cae87fdf.parquet,TeamB-48bfd4ea-e9e2-45b5-befc-3383cae87fdf,TeamB,2021-04-30 00:00:00,19.1400156,145.88833333333338,4.104465828599933,875230,87524,0,0.0,True,,
2021-04-30-TeamB-4b1e23d2-4204-4e16-9991-e0490649079b.parquet,TeamB-4b1e23d2-4204-4e16-9991-e0490649079b,TeamB,2021-04-30 00:00:00,21.440016,104.3716666666666,4.503405024999983,626230,62624,1,1.5968573846669754e-05,True,,
2021-04-30-TeamB-70b74270-f655-43cc-a188-1ebc7a828b95.parquet,TeamB-70b74270-f655-43cc-a188-1ebc7a828b95,TeamB,2021-04-30 00:00:00,27.5500224,78.88833333333338,4.114746652800097,473180,47319,0,0.0,True,,
2021-04-30-TeamB-789547e7-1325-4153-a98d-5ecd497f3668.parquet,TeamB-789547e7-1325-4153-a98d-5ecd497f3668,TeamB,2021-04-30 00:00:00,18.2500164,155.8183333333333,4.932325113499984,934810,93482,1,1.0697360961050908e-05,True,,
2021-04-30-TeamB-7d41e602-eece-328b-ff7b-118e820865d6.parquet,TeamB-7d41e602-eece-328b-ff7b-118e820865d6,TeamB,2021-04-30 00:00:00,24.0800184,109.65333333333328,3.8267508692999725,657830,65784,0,0.0,True,,
2021-04-30-TeamB-9c845827-99f9-47f4-977d-2200a107a013.parquet,TeamB-9c845827-99f9-47f4-977d-2200a107a013,TeamB,2021-04-30 00:00:00,21.4100172,121.9850000000001,3.1970103640998904,731910,73192,1,1.3662882048339276e-05,True,,
2021-04-30-TeamB-afc13e53-2c77-48cb-8a78-743663bbb84f.parquet,TeamB-afc13e53-2c77-48cb-8a78-743663bbb84f,TeamB,2021-04-30 00:00:00,24.64002,118.61999999999995,4.3066848812999075,711615,71162,0,0.0,True,,
2021-04-30-TeamB-d9501f3a-aaa1-4311-8b8b-3a8d3f21480f.parquet,TeamB-d9501f3a-aaa1-4311-8b8b-3a8d3f21480f,TeamB,2021-04-30 00:00:00,23.1900192,91.63833333333338,2.705478298200076,549770,54978,0,0.0,True,,
2021-05-01-TeamB-29c5271b-5c46-455e-91ea-da2abfa8ff3c.parquet,TeamB-29c5271b-5c46-455e-91ea-da2abfa8ff3c,TeamB,2021-05-01 00:00:00,29.770023600000002,177.55500000000004,12.347458823499986,1065230,106524,0,0.0,True,,
2021-05-01-TeamB-4405bb1f-56f7-48ba-bfa8-e795e4006952.parquet,TeamB-4405bb1f-56f7-48ba-bfa8-e795e4006952,TeamB,2021-05-01 00:00:00,27.590022,133.8850000000001,8.96669167459987,803220,80323,1,1.2449889195986155e-05,True,,
2021-05-01-TeamB-4b1e23d2-4204-4e16-9991-e0490649079b.parquet,TeamB-4b1e23d2-4204-4e16-9991-e0490649079b,TeamB,2021-05-01 00:00:00,24.1600176,161.49000000000004,12.639373800200115,968760,96877,0,0.0,True,,
2021-05-01-TeamB-70b74270-f655-43cc-a188-1ebc7a828b95.parquet,TeamB-70b74270-f655-43cc-a188-1ebc7a828b95,TeamB,2021-05-01 00:00:00,29.0400228,149.2566666666667,9.901701292899917,895400,89541,0,0.0,True,,
2021-05-01-TeamB-789547e7-1325-4153-a98d-5ecd497f3668.parquet,TeamB-789547e7-1325-4153-a98d-5ecd497f3668,TeamB,2021-05-01 00:00:00,23.5900188,123.38499999999998,6.048946007400107,740300,74031,1,1.3508037282182899e-05,True,,
2021-05-01-TeamB-7d41e602-eece-328b-ff7b-118e820865d6.parquet,TeamB-7d41e602-eece-328b-ff7b-118e820865d6,TeamB,2021-05-01 00:00:00,28.470024,166.7033333333333,13.780835827000104,1000220,100023,1,9.997800483893544e-06,True,,
2021-05-01-TeamB-9c845827-99f9-47f4-977d-2200a107a013.parquet,TeamB-9c845827-99f9-47f4-977d-2200a107a013,TeamB,2021-05-01 00:00:00,26.8200216,167.9233333333335,10.814940377099989,1007535,100754,1,9.92526277133187e-06,True,,
2021-05-01-TeamB-afc13e53-2c77-48cb-8a78-743663bbb84f.parquet,TeamB-afc13e53-2c77-48cb-8a78-743663bbb84f,TeamB,2021-05-01 00:00:00,28.9800216,158.36999999999995,12.45055725400026,950140,95015,0,0.0,True,,
2021-05-03-TeamB-29c5271b-5c46-455e-91ea-da2abfa8ff3c.parquet,TeamB-29c5271b-5c46-455e-91ea-da2abfa8ff3c,TeamB,2021-05-03 00:00:00,22.3800192,67.80999999999997,2.707344404999908,406775,40678,0,0.0,True,,
2021-05-03-TeamB-4405bb1f-56f7-48ba-bfa8-e795e4006952.parquet,TeamB-4405bb1f-56f7-48ba-bfa8-e795e4006952,TeamB,2021-05-03 00:00:00,17.010014400000003,80.16166666666668,0.6959997281999747,480940,48095,1,2.079261446334262e-05,True,,
2021-05-03-TeamB-48bfd4ea-e9e2-45b5-befc-3383cae87fdf.parquet,TeamB-48bfd4ea-e9e2-45b5-befc-3383cae87fdf,TeamB,2021-05-03 00:00:00,16.060014000000002,87.03833333333333,2.966360179499964,522235,52224,1,1.9148650977538632e-05,True,,
2021-05-03-TeamB-4b1e23d2-4204-4e16-9991-e0490649079b.parquet,TeamB-4b1e23d2-4204-4e16-9991-e0490649079b,TeamB,2021-05-03 00:00:00,20.680016400000003,89.06666666666666,3.558814818700077,534309,53432,0,0.0,True,,
2021-05-03-TeamB-70b74270-f655-43cc-a188-1ebc7a828b95.parquet,TeamB-70b74270-f655-43cc-a188-1ebc7a828b95,TeamB,2021-05-03 00:00:00,22.470019200000003,75.02000000000001,3.8681611683000447,450020,45003,0,0.0,True,,
2021-05-03-TeamB-789547e7-1325-4153-a98d-5ecd497f3668.parquet,TeamB-789547e7-1325-4153-a98d-5ecd497f3668,TeamB,2021-05-03 00:00:00,16.9300152,93.48499999999997,2.39380721870004,560910,56092,1,1.782817207751689e-05,True,,
2021-05-03-TeamB-7d41e602-eece-328b-ff7b-118e820865d6.parquet,TeamB-7d41e602-eece-328b-ff7b-118e820865d6,TeamB,2021-05-03 00:00:00,23.3900172,143.96999999999994,3.6849865910000847,863820,86383,1,1.1576485841957815e-05,True,,
2021-05-03-TeamB-9c845827-99f9-47f4-977d-2200a107a013.parquet,TeamB-9c845827-99f9-47f4-977d-2200a107a013,TeamB,2021-05-03 00:00:00,23.7900204,61.13333333333333,2.2435568150999887,366800,36681,1,2.7262813522355506e-05,True,,
2021-05-03-TeamB-ab5ec6e5-b0f3-401e-8dc5-aa6c5070e255.parquet,TeamB-ab5ec6e5-b0f3-401e-8dc5-aa6c5070e255,TeamB,2021-05-03 00:00:00,21.320017200000002,81.92000000000002,3.444699173900032,491420,49143,0,0.0,True,,
2021-05-03-TeamB-afc13e53-2c77-48cb-8a78-743663bbb84f.parquet,TeamB-afc13e53-2c77-48cb-8a78-743663bbb84f,TeamB,2021-05-03 00:00:00,22.3600176,131.16500000000002,3.77698026679997,786845,78685,0,0.0,True,,
2021-05-04-TeamB-29c5271b-5c46-455e-91ea-da2abfa8ff3c.parquet,TeamB-29c5271b-5c46-455e-91ea-da2abfa8ff3c,TeamB,2021-05-04 00:00:00,23.7900204,111.35166666666676,4.1892217183999385,668035,66804,0,0.0,True,,
2021-05-04-TeamB-4405bb1f-56f7-48ba-bfa8-e795e4006952.parquet,TeamB-4405bb1f-56f7-48ba-bfa8-e795e4006952,TeamB,2021-05-04 00:00:00,20.2100148,108.31666666666666,5.599202856899917,649789,64980,0,0.0,True,,
2021-05-04-TeamB-4b1e23d2-4204-4e16-9991-e0490649079b.parquet,TeamB-4b1e23d2-4204-4e16-9991-e0490649079b,TeamB,2021-05-04 00:00:00,22.8000168,140.9216666666667,7.809655207100031,845440,84545,0,0.0,True,,
2021-05-04-TeamB-70b74270-f655-43cc-a188-1ebc7a828b95.parquet,TeamB-70b74270-f655-43cc-a188-1ebc7a828b95,TeamB,2021-05-04 00:00:00,26.8200216,131.90500000000006,8.342949790899967,791270,79128,0,0.0,True,,
2021-05-04-TeamB-7ab47f4e-6eca-4793-880f-6a0dad3459c3.parquet,TeamB-7ab47f4e-6eca-4793-880f-6a0dad3459c3,TeamB,2021-05-04 00:00:00,25.5600216,141.4,7.783483778,848239,84825,0,0.0,True,,
2021-05-04-TeamB-7d41e602-eece-328b-ff7b-118e820865d6.parquet,TeamB-7d41e602-eece-328b-ff7b-118e820865d6,TeamB,2021-05-04 00:00:00,23.92002,148.50333333333327,7.739047627500051,890940,89095,0,0.0,True,,
2021-05-04-TeamB-9c845827-99f9-47f4-977d-2200a107a013.parquet,TeamB-9c845827-99f9-47f4-977d-2200a107a013,TeamB,2021-05-04 00:00:00,24.8000184,109.33333333333333,4.947200938799999,655915,65592,0,0.0,True,,
2021-05-04-TeamB-ab5ec6e5-b0f3-401e-8dc5-aa6c5070e255.parquet,TeamB-ab5ec6e5-b0f3-401e-8dc5-aa6c5070e255,TeamB,2021-05-04 00:00:00,26.700022800000003,94.09000000000002,4.862511425999838,564450,56446,0,0.0,True,,
2021-05-04-TeamB-afc13e53-2c77-48cb-8a78-743663bbb84f.parquet,TeamB-afc13e53-2c77-48cb-8a78-743663bbb84f,TeamB,2021-05-04 00:00:00,26.6400216,141.39000000000001,7.97988005979991,848240,84825,0,0.0,True,,
2021-05-04-TeamB-d9501f3a-aaa1-4311-8b8b-3a8d3f21480f.parquet,TeamB-d9501f3a-aaa1-4311-8b8b-3a8d3f21480f,TeamB,2021-05-04 00:00:00,26.5200228,123.88333333333334,6.602845050100016,743234,74324,0,0.0,True,,
2021-05-04-TeamB-e4321aef-964a-4fdd-88bd-0bd548b0e93b.parquet,TeamB-e4321aef-964a-4fdd-88bd-0bd548b0e93b,TeamB,2021-05-04 00:00:00,26.9900208,91.85500000000005,4.736710207700042,550960,55097,0,0.0,True,,
2021-05-05-TeamB-29c5271b-5c46-455e-91ea-da2abfa8ff3c.parquet,TeamB-29c5271b-5c46-455e-91ea-da2abfa8ff3c,TeamB,2021-05-05 00:00:00,28.0800216,130.5283333333334,7.678672857099933,783105,78311,0,0.0,True,,
2021-05-05-TeamB-2f23d7d5-2326-49ce-b9c8-5a6303f785c5.parquet,TeamB-2f23d7d5-2326-49ce-b9c8-5a6303f785c5,TeamB,2021-05-05 00:00:00,27.2700216,127.21333333333327,7.687440923499706,763260,76327,1,1.3101695359379503e-05,True,,
2021-05-05-TeamB-4405bb1f-56f7-48ba-bfa8-e795e4006952.parquet,TeamB-4405bb1f-56f7-48ba-bfa8-e795e4006952,TeamB,2021-05-05 00:00:00,26.510022000000003,129.43666666666675,8.123937383799886,776365,77637,0,0.0,True,,
2021-05-05-TeamB-48bfd4ea-e9e2-45b5-befc-3383cae87fdf.parquet,TeamB-48bfd4ea-e9e2-45b5-befc-3383cae87fdf,TeamB,2021-05-05 00:00:00,25.6000212,130.70666666666668,4.665334328200053,784140,78415,0,0.0,True,,
2021-05-05-TeamB-4b1e23d2-4204-4e16-9991-e0490649079b.parquet,TeamB-4b1e23d2-4204-4e16-9991-e0490649079b,TeamB,2021-05-05 00:00:00,25.6400208,130.0566666666667,7.9990336682,780250,78026,0,0.0,True,,
2021-05-05-TeamB-5eba590a-cecb-400f-a92e-08224c7e2e59.parquet,TeamB-5eba590a-cecb-400f-a92e-08224c7e2e59,TeamB,2021-05-05 00:00:00,25.9800192,83.94500000000008,4.7246110300999495,503585,50359,0,0.0,True,,
2021-05-05-TeamB-70b74270-f655-43cc-a188-1ebc7a828b95.parquet,TeamB-70b74270-f655-43cc-a188-1ebc7a828b95,TeamB,2021-05-05 00:00:00,28.250024399999997,123.51666666666667,8.375234804599975,740885,74089,0,0.0,True,,
2021-05-05-TeamB-789547e7-1325-4153-a98d-5ecd497f3668.parquet,TeamB-789547e7-1325-4153-a98d-5ecd497f3668,TeamB,2021-05-05 00:00:00,26.760020400000002,137.14000000000001,4.534401444200133,822845,82285,1,1.21530309659229e-05,True,,
2021-05-05-TeamB-7ab47f4e-6eca-4793-880f-6a0dad3459c3.parquet,TeamB-7ab47f4e-6eca-4793-880f-6a0dad3459c3,TeamB,2021-05-05 00:00:00,22.500018,125.94499999999995,6.258579486700088,755535,75554,0,0.0,True,,
2021-05-05-TeamB-7d41e602-eece-328b-ff7b-118e820865d6.parquet,TeamB-7d41e602-eece-328b-ff7b-118e820865d6,TeamB,2021-05-05 00:00:00,27.2900232,139.88833333333338,7.767158201899997,839260,83927,0,0.0,True,,
2021-05-05-TeamB-9c845827-99f9-47f4-977d-2200a107a013.parquet,TeamB-9c845827-99f9-47f4-977d-2200a107a013,TeamB,2021-05-05 00:00:00,20.1300156,50.5216666666666,1.1397417538999148,303125,30313,1,3.299023489047242e-05,True,,
2021-05-05-TeamB-ab5ec6e5-b0f3-401e-8dc5-aa6c5070e255.parquet,TeamB-ab5ec6e5-b0f3-401e-8dc5-aa6c5070e255,TeamB,2021-05-05 00:00:00,27.1200204,115.10999999999997,6.507061345699893,690575,69058,0,0.0,True,,
2021-05-05-TeamB-ab691983-3544-4a0e-8f70-db44d85cb907.parquet,TeamB-ab691983-3544-4a0e-8f70-db44d85cb907,TeamB,2021-05-05 00:00:00,27.590022,133.8,7.965571434399803,802669,80268,0,0.0,True,,
2021-05-05-TeamB-afc13e53-2c77-48cb-8a78-743663bbb84f.parquet,TeamB-afc13e53-2c77-48cb-8a78-743663bbb84f,TeamB,2021-05-05 00:00:00,29.1400236,127.29000000000002,8.205426065200154,763480,76349,1,1.3097920050296014e-05,True,,
2021-05-05-TeamB-d9501f3a-aaa1-4311-8b8b-3a8d3f21480f.parquet,TeamB-d9501f3a-aaa1-4311-8b8b-3a8d3f21480f,TeamB,2021-05-05 00:00:00,28.570021200000003,125.31500000000003,6.510122484400013,751825,75183,0,0.0,True,,
2021-05-05-TeamB-e4321aef-964a-4fdd-88bd-0bd548b0e93b.parquet,TeamB-e4321aef-964a-4fdd-88bd-0bd548b0e93b,TeamB,2021-05-05 00:00:00,27.1200204,114.58666666666674,6.377267922599871,687319,68733,0,0.0,True,,
2021-05-06-TeamB-29c5271b-5c46-455e-91ea-da2abfa8ff3c.parquet,TeamB-29c5271b-5c46-455e-91ea-da2abfa8ff3c,TeamB,2021-05-06 00:00:00,22.4900172,77.48000000000005,1.7557680878999664,464805,46481,0,0.0,True,,
2021-05-06-TeamB-2f23d7d5-2326-49ce-b9c8-5a6303f785c5.parquet,TeamB-2f23d7d5-2326-49ce-b9c8-5a6303f785c5,TeamB,2021-05-06 00:00:00,24.5400192,117.70666666666669,3.0964977892000145,706140,70615,0,0.0,True,,
2021-05-06-TeamB-4405bb1f-56f7-48ba-bfa8-e795e4006952.parquet,TeamB-4405bb1f-56f7-48ba-bfa8-e795e4006952,TeamB,2021-05-06 00:00:00,24.6200184,130.97166666666666,4.629943466800112,785700,78571,0,0.0,True,,
2021-05-06-TeamB-4b1e23d2-4204-4e16-9991-e0490649079b.parquet,TeamB-4b1e23d2-4204-4e16-9991-e0490649079b,TeamB,2021-05-06 00:00:00,24.520021200000002,76.50666666666669,1.980272988599955,458950,45896,0,0.0,True,,
2021-05-06-TeamB-ab5ec6e5-b0f3-401e-8dc5-aa6c5070e255.parquet,TeamB-ab5ec6e5-b0f3-401e-8dc5-aa6c5070e255,TeamB,2021-05-06 00:00:00,17.3400156,67.17333333333336,1.627839089400064,402950,40296,0,0.0,True,,
2021-05-07-TeamB-29c5271b-5c46-455e-91ea-da2abfa8ff3c.parquet,TeamB-29c5271b-5c46-455e-91ea-da2abfa8ff3c,TeamB,2021-05-07 00:00:00,23.5400184,98.86333333333339,3.124908637500051,593105,59311,0,0.0,True,,
2021-05-07-TeamB-2f23d7d5-2326-49ce-b9c8-5a6303f785c5.parquet,TeamB-2f23d7d5-2326-49ce-b9c8-5a6303f785c5,TeamB,2021-05-07 00:00:00,24.1800192,105.37166666666671,2.9817865816000593,632100,63211,0,0.0,True,,
2021-05-07-TeamB-4405bb1f-56f7-48ba-bfa8-e795e4006952.parquet,TeamB-4405bb1f-56f7-48ba-bfa8-e795e4006952,TeamB,2021-05-07 00:00:00,19.7000172,85.88166666666669,3.0426299675001314,514750,51476,0,0.0,True,,
2021-05-07-TeamB-48bfd4ea-e9e2-45b5-befc-3383cae87fdf.parquet,TeamB-48bfd4ea-e9e2-45b5-befc-3383cae87fdf,TeamB,2021-05-07 00:00:00,16.510014,101.63333333333345,2.643691587499946,609800,60981,1,1.639881928501148e-05,True,,
2021-05-07-TeamB-4b1e23d2-4204-4e16-9991-e0490649079b.parquet,TeamB-4b1e23d2-4204-4e16-9991-e0490649079b,TeamB,2021-05-07 00:00:00,20.080015200000002,114.82000000000008,4.359742425699895,688825,68883,0,0.0,True,,
2021-05-07-TeamB-5eba590a-cecb-400f-a92e-08224c7e2e59.parquet,TeamB-5eba590a-cecb-400f-a92e-08224c7e2e59,TeamB,2021-05-07 00:00:00,23.74002,91.89000000000003,3.222817879100031,551250,55126,0,0.0,True,,
2021-05-07-TeamB-70b74270-f655-43cc-a188-1ebc7a828b95.parquet,TeamB-70b74270-f655-43cc-a188-1ebc7a828b95,TeamB,2021-05-07 00:00:00,26.270020799999998,105.20500000000006,3.9682195911000187,631100,63110,0,0.0,True,,
2021-05-07-TeamB-789547e7-1325-4153-a98d-5ecd497f3668.parquet,TeamB-789547e7-1325-4153-a98d-5ecd497f3668,TeamB,2021-05-07 00:00:00,16.3700136,87.38666666666661,2.2861115730999884,524320,52433,1,1.9072322245956667e-05,True,,
2021-05-07-TeamB-7ab47f4e-6eca-4793-880f-6a0dad3459c3.parquet,TeamB-7ab47f4e-6eca-4793-880f-6a0dad3459c3,TeamB,2021-05-07 00:00:00,20.2400172,109.34000000000002,3.7401824709998817,655770,65578,0,0.0,True,,
2021-05-07-TeamB-7d41e602-eece-328b-ff7b-118e820865d6.parquet,TeamB-7d41e602-eece-328b-ff7b-118e820865d6,TeamB,2021-05-07 00:00:00,21.3900156,104.83666666666662,3.3775016230000765,628950,62896,0,0.0,True,,
2021-05-07-TeamB-9c845827-99f9-47f4-977d-2200a107a013.parquet,TeamB-9c845827-99f9-47f4-977d-2200a107a013,TeamB,2021-05-07 00:00:00,24.4700208,64.64000000000003,2.89116595079995,387750,38776,0,0.0,True,,
2021-05-07-TeamB-ab5ec6e5-b0f3-401e-8dc5-aa6c5070e255.parquet,TeamB-ab5ec6e5-b0f3-401e-8dc5-aa6c5070e255,TeamB,2021-05-07 00:00:00,27.0300204,84.97333333333336,3.447857227700155,509760,50977,0,0.0,True,,
2021-05-07-TeamB-ab691983-3544-4a0e-8f70-db44d85cb907.parquet,TeamB-ab691983-3544-4a0e-8f70-db44d85cb907,TeamB,2021-05-07 00:00:00,23.6300184,73.21333333333338,2.5695729097000632,439175,43918,0,0.0,True,,
2021-05-07-TeamB-afc13e53-2c77-48cb-8a78-743663bbb84f.parquet,TeamB-afc13e53-2c77-48cb-8a78-743663bbb84f,TeamB,2021-05-07 00:00:00,23.4400176,98.64000000000003,3.588585126900069,591740,59175,0,0.0,True,,
2021-05-07-TeamB-d9501f3a-aaa1-4311-8b8b-3a8d3f21480f.parquet,TeamB-d9501f3a-aaa1-4311-8b8b-3a8d3f21480f,TeamB,2021-05-07 00:00:00,21.0400164,90.725,2.6814391102001176,544280,54429,0,0.0,True,,
2021-05-07-TeamB-e4321aef-964a-4fdd-88bd-0bd548b0e93b.parquet,TeamB-e4321aef-964a-4fdd-88bd-0bd548b0e93b,TeamB,2021-05-07 00:00:00,22.1900184,105.13333333333334,3.7679024782001433,630609,63062,0,0.0,True,,
2021-05-08-TeamB-29c5271b-5c46-455e-91ea-da2abfa8ff3c.parquet,TeamB-29c5271b-5c46-455e-91ea-da2abfa8ff3c,TeamB,2021-05-08 00:00:00,29.100024,156.47333333333336,11.124663127600108,938760,93877,0,0.0,True,,
2021-05-08-TeamB-2f23d7d5-2326-49ce-b9c8-5a6303f785c5.parquet,TeamB-2f23d7d5-2326-49ce-b9c8-5a6303f785c5,TeamB,2021-05-08 00:00:00,28.710021599999997,168.36999999999995,11.034950001499784,1009900,100991,0,0.0,True,,
2021-05-08-TeamB-4405bb1f-56f7-48ba-bfa8-e795e4006952.parquet,TeamB-4405bb1f-56f7-48ba-bfa8-e795e4006952,TeamB,2021-05-08 00:00:00,24.6000204,112.83333333333333,7.9502180764998265,676809,67682,0,0.0,True,,
2021-05-08-TeamB-48bfd4ea-e9e2-45b5-befc-3383cae87fdf.parquet,TeamB-48bfd4ea-e9e2-45b5-befc-3383cae87fdf,TeamB,2021-05-08 00:00:00,23.7700188,148.39000000000001,7.134364937899985,890230,89024,0,0.0,True,,
2021-05-08-TeamB-4b1e23d2-4204-4e16-9991-e0490649079b.parquet,TeamB-4b1e23d2-4204-4e16-9991-e0490649079b,TeamB,2021-05-08 00:00:00,23.6300184,49.81666666666667,3.8174777936000335,298900,29891,1,3.345600535296086e-05,True,,
2021-05-08-TeamB-5eba590a-cecb-400f-a92e-08224c7e2e59.parquet,TeamB-5eba590a-cecb-400f-a92e-08224c7e2e59,TeamB,2021-05-08 00:00:00,24.3100188,35.92333333333336,2.3948872035000677,215430,21544,0,0.0,True,,
2021-05-08-TeamB-70b74270-f655-43cc-a188-1ebc7a828b95.parquet,TeamB-70b74270-f655-43cc-a188-1ebc7a828b95,TeamB,2021-05-08 00:00:00,30.800023200000002,158.7716666666667,12.131441155699942,952460,95247,0,0.0,True,,
2021-05-08-TeamB-7ab47f4e-6eca-4793-880f-6a0dad3459c3.parquet,TeamB-7ab47f4e-6eca-4793-880f-6a0dad3459c3,TeamB,2021-05-08 00:00:00,25.7500224,78.96333333333327,6.064145713900052,473675,47368,0,0.0,True,,
2021-05-08-TeamB-7d41e602-eece-328b-ff7b-118e820865d6.parquet,TeamB-7d41e602-eece-328b-ff7b-118e820865d6,TeamB,2021-05-08 00:00:00,27.500022,152.99000000000004,7.452840726500219,917860,91787,0,0.0,True,,
2021-05-08-TeamB-9c845827-99f9-47f4-977d-2200a107a013.parquet,TeamB-9c845827-99f9-47f4-977d-2200a107a013,TeamB,2021-05-08 00:00:00,27.6700212,165.2716666666666,11.730141959199823,991600,99160,1,1.0084813279682127e-05,True,,
2021-05-08-TeamB-ab5ec6e5-b0f3-401e-8dc5-aa6c5070e255.parquet,TeamB-ab5ec6e5-b0f3-401e-8dc5-aa6c5070e255,TeamB,2021-05-08 00:00:00,25.970022,94.1566666666667,7.382930679200086,564850,56486,0,0.0,True,,
2021-05-08-TeamB-ab691983-3544-4a0e-8f70-db44d85cb907.parquet,TeamB-ab691983-3544-4a0e-8f70-db44d85cb907,TeamB,2021-05-08 00:00:00,27.410022,153.22333333333336,10.566209352199875,919240,91925,0,0.0,True,,
2021-05-08-TeamB-afc13e53-2c77-48cb-8a78-743663bbb84f.parquet,TeamB-afc13e53-2c77-48cb-8a78-743663bbb84f,TeamB,2021-05-08 00:00:00,28.4300244,162.22166666666672,12.47316311650017,973220,97322,0,0.0,True,,
2021-05-08-TeamB-d9501f3a-aaa1-4311-8b8b-3a8d3f21480f.parquet,TeamB-d9501f3a-aaa1-4311-8b8b-3a8d3f21480f,TeamB,2021-05-08 00:00:00,26.9000208,163.89000000000001,9.058912311399947,983255,98326,0,0.0,True,,
2021-05-08-TeamB-e4321aef-964a-4fdd-88bd-0bd548b0e93b.parquet,TeamB-e4321aef-964a-4fdd-88bd-0bd548b0e93b,TeamB,2021-05-08 00:00:00,26.2300212,143.8,3.4968158705999604,862625,86263,0,0.0,True,,
2021-05-10-TeamB-29c5271b-5c46-455e-91ea-da2abfa8ff3c.parquet,TeamB-29c5271b-5c46-455e-91ea-da2abfa8ff3c,TeamB,2021-05-10 00:00:00,21.9500172,80.18833333333338,2.227500130699882,481035,48104,0,0.0,True,,
2021-05-10-TeamB-2f23d7d5-2326-49ce-b9c8-5a6303f785c5.parquet,TeamB-2f23d7d5-2326-49ce-b9c8-5a6303f785c5,TeamB,2021-05-10 00:00:00,21.6100188,85.02999999999993,2.730758041400005,510170,51018,1,1.960130936746575e-05,True,,
2021-05-10-TeamB-4405bb1f-56f7-48ba-bfa8-e795e4006952.parquet,TeamB-4405bb1f-56f7-48ba-bfa8-e795e4006952,TeamB,2021-05-10 00:00:00,20.0100168,83.83666666666662,3.1197977903999865,502980,50299,1,1.9881506222911447e-05,True,,
2021-05-10-TeamB-4b1e23d2-4204-4e16-9991-e0490649079b.parquet,TeamB-4b1e23d2-4204-4e16-9991-e0490649079b,TeamB,2021-05-10 00:00:00,20.2200156,85.49000000000002,3.826771690000019,512840,51285,0,0.0,True,,
2021-05-10-TeamB-5eba590a-cecb-400f-a92e-08224c7e2e59.parquet,TeamB-5eba590a-cecb-400f-a92e-08224c7e2e59,TeamB,2021-05-10 00:00:00,23.0800176,80.42333333333336,3.425613597100016,482450,48246,0,0.0,True,,
2021-05-10-TeamB-70b74270-f655-43cc-a188-1ebc7a828b95.parquet,TeamB-70b74270-f655-43cc-a188-1ebc7a828b95,TeamB,2021-05-10 00:00:00,22.3900164,85.03000000000004,3.533487024999973,509925,50993,0,0.0,True,,
2021-05-10-TeamB-789547e7-1325-4153-a98d-5ecd497f3668.parquet,TeamB-789547e7-1325-4153-a98d-5ecd497f3668,TeamB,2021-05-10 00:00:00,17.3600136,73.39166666666667,2.6009212672000275,440265,44027,0,0.0,True,,
2021-05-10-TeamB-7ab47f4e-6eca-4793-880f-6a0dad3459c3.parquet,TeamB-7ab47f4e-6eca-4793-880f-6a0dad3459c3,TeamB,2021-05-10 00:00:00,19.7800164,81.54833333333336,2.606470447999973,489205,48921,0,0.0,True,,
2021-05-10-TeamB-7d41e602-eece-328b-ff7b-118e820865d6.parquet,TeamB-7d41e602-eece-328b-ff7b-118e820865d6,TeamB,2021-05-10 00:00:00,21.620016,85.44333333333331,3.2296709455000103,512580,51259,0,0.0,True,,
2021-05-10-TeamB-ab691983-3544-4a0e-8f70-db44d85cb907.parquet,TeamB-ab691983-3544-4a0e-8f70-db44d85cb907,TeamB,2021-05-10 00:00:00,22.420018799999998,75.99000000000002,2.8995209586000055,455845,45585,0,0.0,True,,
2021-05-10-TeamB-afc13e53-2c77-48cb-8a78-743663bbb84f.parquet,TeamB-afc13e53-2c77-48cb-8a78-743663bbb84f,TeamB,2021-05-10 00:00:00,23.0900184,83.75666666666669,3.7797080475000264,502400,50241,0,0.0,True,,
2021-05-10-TeamB-d9501f3a-aaa1-4311-8b8b-3a8d3f21480f.parquet,TeamB-d9501f3a-aaa1-4311-8b8b-3a8d3f21480f,TeamB,2021-05-10 00:00:00,18.9900144,79.96666666666667,2.856301756500101,479745,47975,0,0.0,True,,
2021-05-10-TeamB-e4321aef-964a-4fdd-88bd-0bd548b0e93b.parquet,TeamB-e4321aef-964a-4fdd-88bd-0bd548b0e93b,TeamB,2021-05-10 00:00:00,18.190015199999998,78.99833333333336,3.254347071200012,473925,47392,0,0.0,True,,
2021-05-11-TeamB-29c5271b-5c46-455e-91ea-da2abfa8ff3c.parquet,TeamB-29c5271b-5c46-455e-91ea-da2abfa8ff3c,TeamB,2021-05-11 00:00:00,29.920024800000004,154.00500000000005,11.268834347300023,923920,92393,0,0.0,True,,
2021-05-11-TeamB-2f23d7d5-2326-49ce-b9c8-5a6303f785c5.parquet,TeamB-2f23d7d5-2326-49ce-b9c8-5a6303f785c5,TeamB,2021-05-11 00:00:00,28.640023199999998,98.63499999999998,7.643109200500011,591730,59174,1,1.6899599479492335e-05,True,,
2021-05-11-TeamB-4405bb1f-56f7-48ba-bfa8-e795e4006952.parquet,TeamB-4405bb1f-56f7-48ba-bfa8-e795e4006952,TeamB,2021-05-11 00:00:00,26.5400208,78.42166666666671,6.41656544549994,470290,47030,0,0.0,True,,
2021-05-11-TeamB-4b1e23d2-4204-4e16-9991-e0490649079b.parquet,TeamB-4b1e23d2-4204-4e16-9991-e0490649079b,TeamB,2021-05-11 00:00:00,25.1300196,114.53833333333338,8.569948016199934,687130,68714,0,0.0,True,,
2021-05-11-TeamB-5eba590a-cecb-400f-a92e-08224c7e2e59.parquet,TeamB-5eba590a-cecb-400f-a92e-08224c7e2e59,TeamB,2021-05-11 00:00:00,26.0000208,53.34499999999995,4.583900074600016,320040,32005,1,3.124609423822022e-05,True,,
2021-05-11-TeamB-70b74270-f655-43cc-a188-1ebc7a828b95.parquet,TeamB-70b74270-f655-43cc-a188-1ebc7a828b95,TeamB,2021-05-11 00:00:00,30.140024400000005,120.77333333333335,11.908872627799742,724550,72456,0,0.0,True,,
2021-05-11-TeamB-789547e7-1325-4153-a98d-5ecd497f3668.parquet,TeamB-789547e7-1325-4153-a98d-5ecd497f3668,TeamB,2021-05-11 00:00:00,22.2200172,115.35833333333333,5.863276965100016,692150,69216,1,1.4447735317488984e-05,True,,
2021-05-11-TeamB-7ab47f4e-6eca-4793-880f-6a0dad3459c3.parquet,TeamB-7ab47f4e-6eca-4793-880f-6a0dad3459c3,TeamB,2021-05-11 00:00:00,25.5800196,83.76999999999995,7.106887948699851,502540,50255,0,0.0,True,,
2021-05-11-TeamB-7d41e602-eece-328b-ff7b-118e820865d6.parquet,TeamB-7d41e602-eece-328b-ff7b-118e820865d6,TeamB,2021-05-11 00:00:00,26.460021599999997,159.98833333333337,13.405129134400086,959860,95987,0,0.0,True,,
2021-05-11-TeamB-9c845827-99f9-47f4-977d-2200a107a013.parquet,TeamB-9c845827-99f9-47f4-977d-2200a107a013,TeamB,2021-05-11 00:00:00,25.0200216,63.93833333333338,5.2294250513999865,383510,38352,0,0.0,True,,
2021-05-11-TeamB-ab691983-3544-4a0e-8f70-db44d85cb907.parquet,TeamB-ab691983-3544-4a0e-8f70-db44d85cb907,TeamB,2021-05-11 00:00:00,25.3100196,150.46166666666673,11.525418173200103,902675,90268,0,0.0,True,,
2021-05-11-TeamB-afc13e53-2c77-48cb-8a78-743663bbb84f.parquet,TeamB-afc13e53-2c77-48cb-8a78-743663bbb84f,TeamB,2021-05-11 00:00:00,28.1200212,143.44000000000003,11.419061421799906,860545,86055,0,0.0,True,,
2021-05-11-TeamB-d9501f3a-aaa1-4311-8b8b-3a8d3f21480f.parquet,TeamB-d9501f3a-aaa1-4311-8b8b-3a8d3f21480f,TeamB,2021-05-11 00:00:00,27.2500236,150.6933333333333,6.133633824900046,903755,90376,0,0.0,True,,
2021-05-11-TeamB-e4321aef-964a-4fdd-88bd-0bd548b0e93b.parquet,TeamB-e4321aef-964a-4fdd-88bd-0bd548b0e93b,TeamB,2021-05-11 00:00:00,27.050022,76.51333333333338,4.433672748000013,459020,45903,1,2.1785543113589823e-05,True,,
2021-05-12-TeamB-29c5271b-5c46-455e-91ea-da2abfa8ff3c.parquet,TeamB-29c5271b-5c46-455e-91ea-da2abfa8ff3c,TeamB,2021-05-12 00:00:00,13.3200108,30.390000000000025,0.9829660690000006,182240,18225,0,0.0,True,,
2021-05-12-TeamB-2f23d7d5-2326-49ce-b9c8-5a6303f785c5.parquet,TeamB-2f23d7d5-2326-49ce-b9c8-5a6303f785c5,TeamB,2021-05-12 00:00:00,16.330014,103.99000000000002,3.5419453571998214,623850,62386,0,0.0,True,,
2021-05-12-TeamB-4405bb1f-56f7-48ba-bfa8-e795e4006952.parquet,TeamB-4405bb1f-56f7-48ba-bfa8-e795e4006952,TeamB,2021-05-12 00:00:00,16.7700132,71.35166666666676,3.205011195500043,427945,42795,0,0.0,True,,
2021-05-12-TeamB-4b1e23d2-4204-4e16-9991-e0490649079b.parquet,TeamB-4b1e23d2-4204-4e16-9991-e0490649079b,TeamB,2021-05-12 00:00:00,17.5400136,65.55500000000005,3.241187337899917,393240,39325,0,0.0,True,,
2021-05-12-TeamB-5eba590a-cecb-400f-a92e-08224c7e2e59.parquet,TeamB-5eba590a-cecb-400f-a92e-08224c7e2e59,TeamB,2021-05-12 00:00:00,17.0600148,104.63833333333338,3.4175535956999883,627720,62773,0,0.0,True,,
2021-05-12-TeamB-789547e7-1325-4153-a98d-5ecd497f3668.parquet,TeamB-789547e7-1325-4153-a98d-5ecd497f3668,TeamB,2021-05-12 00:00:00,17.680014,96.0649999999999,1.992011890000125,576305,57631,0,0.0,True,,
2021-05-12-TeamB-7ab47f4e-6eca-4793-880f-6a0dad3459c3.parquet,TeamB-7ab47f4e-6eca-4793-880f-6a0dad3459c3,TeamB,2021-05-12 00:00:00,20.0300148,97.7,3.8930614768998435,586025,58603,0,0.0,True,,
2021-05-12-TeamB-7d41e602-eece-328b-ff7b-118e820865d6.parquet,TeamB-7d41e602-eece-328b-ff7b-118e820865d6,TeamB,2021-05-12 00:00:00,21.0300156,104.90500000000004,3.757178313799956,629350,62936,0,0.0,True,,
2021-05-12-TeamB-9c845827-99f9-47f4-977d-2200a107a013.parquet,TeamB-9c845827-99f9-47f4-977d-2200a107a013,TeamB,2021-05-12 00:00:00,20.5000164,82.38499999999998,2.5804951487999563,494225,49423,0,0.0,True,,
2021-05-12-TeamB-ab5ec6e5-b0f3-401e-8dc5-aa6c5070e255.parquet,TeamB-ab5ec6e5-b0f3-401e-8dc5-aa6c5070e255,TeamB,2021-05-12 00:00:00,22.5200196,70.45500000000006,3.276532372099882,422640,42265,0,0.0,True,,
2021-05-12-TeamB-ab691983-3544-4a0e-8f70-db44d85cb907.parquet,TeamB-ab691983-3544-4a0e-8f70-db44d85cb907,TeamB,2021-05-12 00:00:00,18.610016400000003,102.46333333333338,3.7305924549000884,614685,61469,0,0.0,True,,
2021-05-12-TeamB-afc13e53-2c77-48cb-8a78-743663bbb84f.parquet,TeamB-afc13e53-2c77-48cb-8a78-743663bbb84f,TeamB,2021-05-12 00:00:00,18.110016,86.7216666666666,3.7706436042998135,520340,52035,1,1.921820348233847e-05,True,,
2021-05-12-TeamB-d9501f3a-aaa1-4311-8b8b-3a8d3f21480f.parquet,TeamB-d9501f3a-aaa1-4311-8b8b-3a8d3f21480f,TeamB,2021-05-12 00:00:00,23.8100184,96.58833333333338,2.94660656009982,579480,57949,0,0.0,True,,
2021-05-12-TeamB-e4321aef-964a-4fdd-88bd-0bd548b0e93b.parquet,TeamB-e4321aef-964a-4fdd-88bd-0bd548b0e93b,TeamB,2021-05-12 00:00:00,23.1500196,142.68333333333334,4.301445427100013,855845,85585,0,0.0,True,,
2021-05-14-TeamB-29c5271b-5c46-455e-91ea-da2abfa8ff3c.parquet,TeamB-29c5271b-5c46-455e-91ea-da2abfa8ff3c,TeamB,2021-05-14 00:00:00,19.910016000000002,92.18333333333334,2.0359374857000825,553019,55303,0,0.0,True,,
2021-05-14-TeamB-2f23d7d5-2326-49ce-b9c8-5a6303f785c5.parquet,TeamB-2f23d7d5-2326-49ce-b9c8-5a6303f785c5,TeamB,2021-05-14 00:00:00,22.090017600000003,112.97333333333336,3.6546448999999512,677750,67776,0,0.0,True,,
2021-05-14-TeamB-4405bb1f-56f7-48ba-bfa8-e795e4006952.parquet,TeamB-4405bb1f-56f7-48ba-bfa8-e795e4006952,TeamB,2021-05-14 00:00:00,24.4100196,101.61999999999995,3.81004085800012,609640,60965,1,1.6403123154648645e-05,True,,
2021-05-14-TeamB-48bfd4ea-e9e2-45b5-befc-3383cae87fdf.parquet,TeamB-48bfd4ea-e9e2-45b5-befc-3383cae87fdf,TeamB,2021-05-14 00:00:00,18.0800136,75.66000000000022,1.861907065800001,453460,45347,32,0.0007056851762007675,True,,
2021-05-14-TeamB-4b1e23d2-4204-4e16-9991-e0490649079b.parquet,TeamB-4b1e23d2-4204-4e16-9991-e0490649079b,TeamB,2021-05-14 00:00:00,20.090016000000002,106.35,3.7506813674001527,638009,63802,0,0.0,True,,
2021-05-14-TeamB-5eba590a-cecb-400f-a92e-08224c7e2e59.parquet,TeamB-5eba590a-cecb-400f-a92e-08224c7e2e59,TeamB,2021-05-14 00:00:00,23.38002,103.47333333333336,3.2760157067001123,620750,62076,0,0.0,True,,
2021-05-14-TeamB-70b74270-f655-43cc-a188-1ebc7a828b95.parquet,TeamB-70b74270-f655-43cc-a188-1ebc7a828b95,TeamB,2021-05-14 00:00:00,27.540021600000003,91.29833333333336,4.428721907900153,547644,54765,0,0.0,True,,
2021-05-14-TeamB-7ab47f4e-6eca-4793-880f-6a0dad3459c3.parquet,TeamB-7ab47f4e-6eca-4793-880f-6a0dad3459c3,TeamB,2021-05-14 00:00:00,22.230017999999998,106.50666666666669,4.246412863999947,638880,63889,0,0.0,True,,
2021-05-14-TeamB-7d41e602-eece-328b-ff7b-118e820865d6.parquet,TeamB-7d41e602-eece-328b-ff7b-118e820865d6,TeamB,2021-05-14 00:00:00,20.3300172,112.88833333333326,2.9867774239999005,677330,67734,1,1.4763852184311931e-05,True,,
2021-05-14-TeamB-9c845827-99f9-47f4-977d-2200a107a013.parquet,TeamB-9c845827-99f9-47f4-977d-2200a107a013,TeamB,2021-05-14 00:00:00,22.9000176,100.91166666666662,3.338120750600038,605479,60549,1,1.6515822157627006e-05,True,,
2021-05-14-TeamB-ab5ec6e5-b0f3-401e-8dc5-aa6c5070e255.parquet,TeamB-ab5ec6e5-b0f3-401e-8dc5-aa6c5070e255,TeamB,2021-05-14 00:00:00,24.9900192,105.51500000000003,3.9652948666001704,633000,63301,0,0.0,True,,
2021-05-14-TeamB-ab691983-3544-4a0e-8f70-db44d85cb907.parquet,TeamB-ab691983-3544-4a0e-8f70-db44d85cb907,TeamB,2021-05-14 00:00:00,21.4000164,107.3716666666666,3.4236866557000756,644230,64424,1,1.5522406593918322e-05,True,,
2021-05-14-TeamB-afc13e53-2c77-48cb-8a78-743663bbb84f.parquet,TeamB-afc13e53-2c77-48cb-8a78-743663bbb84f,TeamB,2021-05-14 00:00:00,24.6500208,95.65,4.4858830751001095,573789,57380,0,0.0,True,,
2021-05-14-TeamB-d9501f3a-aaa1-4311-8b8b-3a8d3f21480f.parquet,TeamB-d9501f3a-aaa1-4311-8b8b-3a8d3f21480f,TeamB,2021-05-14 00:00:00,21.7900188,113.09500000000007,2.471188397099926,678515,67852,0,0.0,True,,
2021-05-15-TeamB-29c5271b-5c46-455e-91ea-da2abfa8ff3c.parquet,TeamB-29c5271b-5c46-455e-91ea-da2abfa8ff3c,TeamB,2021-05-15 00:00:00,28.9100232,185.76333333333338,12.338375783600062,1114505,111451,0,0.0,True,,
2021-05-15-TeamB-2f23d7d5-2326-49ce-b9c8-5a6303f785c5.parquet,TeamB-2f23d7d5-2326-49ce-b9c8-5a6303f785c5,TeamB,2021-05-15 00:00:00,27.4600224,166.48833333333337,12.180639261400247,998720,99873,0,0.0,True,,
2021-05-15-TeamB-4405bb1f-56f7-48ba-bfa8-e795e4006952.parquet,TeamB-4405bb1f-56f7-48ba-bfa8-e795e4006952,TeamB,2021-05-15 00:00:00,24.2000208,96.97333333333336,7.500286585699982,581640,58165,0,0.0,True,,
2021-05-15-TeamB-4b1e23d2-4204-4e16-9991-e0490649079b.parquet,TeamB-4b1e23d2-4204-4e16-9991-e0490649079b,TeamB,2021-05-15 00:00:00,21.780018,63.57000000000007,5.332738457300044,381420,38143,1,2.6217817628860575e-05,True,,
2021-05-15-TeamB-5eba590a-cecb-400f-a92e-08224c7e2e59.parquet,TeamB-5eba590a-cecb-400f-a92e-08224c7e2e59,TeamB,2021-05-15 00:00:00,25.350019200000002,79.55833333333334,6.24355835939988,477265,47727,0,0.0,True,,
2021-05-15-TeamB-70b74270-f655-43cc-a188-1ebc7a828b95.parquet,TeamB-70b74270-f655-43cc-a188-1ebc7a828b95,TeamB,2021-05-15 00:00:00,27.4700232,125.2683333333333,12.05724886600011,751525,75153,0,0.0,True,,
2021-05-15-TeamB-789547e7-1325-4153-a98d-5ecd497f3668.parquet,TeamB-789547e7-1325-4153-a98d-5ecd497f3668,TeamB,2021-05-15 00:00:00,19.7700156,121.00500000000005,6.484253851799934,725930,72594,0,0.0,True,,
2021-05-15-TeamB-7d41e602-eece-328b-ff7b-118e820865d6.parquet,TeamB-7d41e602-eece-328b-ff7b-118e820865d6,TeamB,2021-05-15 00:00:00,27.6400224,187.87333333333336,8.606181116499993,1127140,112715,0,0.0,True,,
2021-05-15-TeamB-9c845827-99f9-47f4-977d-2200a107a013.parquet,TeamB-9c845827-99f9-47f4-977d-2200a107a013,TeamB,2021-05-15 00:00:00,24.8500188,166.08666666666662,10.68311526699989,996380,99639,0,0.0,True,,
2021-05-15-TeamB-ab691983-3544-4a0e-8f70-db44d85cb907.parquet,TeamB-ab691983-3544-4a0e-8f70-db44d85cb907,TeamB,2021-05-15 00:00:00,25.3300212,199.55500000000004,11.965827696399963,1197219,119723,0,0.0,True,,
2021-05-15-TeamB-afc13e53-2c77-48cb-8a78-743663bbb84f.parquet,TeamB-afc13e53-2c77-48cb-8a78-743663bbb84f,TeamB,2021-05-15 00:00:00,28.020024,124.21999999999996,10.223876014500158,745210,74522,0,0.0,True,,
2021-05-15-TeamB-d9501f3a-aaa1-4311-8b8b-3a8d3f21480f.parquet,TeamB-d9501f3a-aaa1-4311-8b8b-3a8d3f21480f,TeamB,2021-05-15 00:00:00,30.720024000000002,100.40500000000004,7.078645981200037,602310,60232,0,0.0,True,,
2021-05-15-TeamB-e4321aef-964a-4fdd-88bd-0bd548b0e93b.parquet,TeamB-e4321aef-964a-4fdd-88bd-0bd548b0e93b,TeamB,2021-05-15 00:00:00,27.870022799999997,105.52666666666664,7.743940138100094,632854,63286,0,0.0,True,,
2021-05-18-TeamB-29c5271b-5c46-455e-91ea-da2abfa8ff3c.parquet,TeamB-29c5271b-5c46-455e-91ea-da2abfa8ff3c,TeamB,2021-05-18 00:00:00,27.9600228,140.67333333333335,4.3002495954998645,843960,84397,0,0.0,True,,
2021-05-18-TeamB-2f23d7d5-2326-49ce-b9c8-5a6303f785c5.parquet,TeamB-2f23d7d5-2326-49ce-b9c8-5a6303f785c5,TeamB,2021-05-18 00:00:00,28.820023199999998,151.3383333333334,6.416409065700016,907860,90787,0,0.0,True,,
2021-05-18-TeamB-4405bb1f-56f7-48ba-bfa8-e795e4006952.parquet,TeamB-4405bb1f-56f7-48ba-bfa8-e795e4006952,TeamB,2021-05-18 00:00:00,27.230021999999998,113.68166666666669,6.337444829199956,681939,68195,1,1.4664046690324662e-05,True,,
2021-05-18-TeamB-48bfd4ea-e9e2-45b5-befc-3383cae87fdf.parquet,TeamB-48bfd4ea-e9e2-45b5-befc-3383cae87fdf,TeamB,2021-05-18 00:00:00,26.3000196,144.51999999999995,4.17385254239988,867020,86703,0,0.0,True,,
2021-05-18-TeamB-4b1e23d2-4204-4e16-9991-e0490649079b.parquet,TeamB-4b1e23d2-4204-4e16-9991-e0490649079b,TeamB,2021-05-18 00:00:00,25.9800192,146.55500000000004,7.5208018994999675,879240,87925,0,0.0,True,,
2021-05-18-TeamB-5eba590a-cecb-400f-a92e-08224c7e2e59.parquet,TeamB-5eba590a-cecb-400f-a92e-08224c7e2e59,TeamB,2021-05-18 00:00:00,26.5400208,132.37000000000006,6.342469844200103,794135,79414,0,0.0,True,,
2021-05-18-TeamB-70b74270-f655-43cc-a188-1ebc7a828b95.parquet,TeamB-70b74270-f655-43cc-a188-1ebc7a828b95,TeamB,2021-05-18 00:00:00,27.5700204,140.5883333333334,7.251163895299846,843430,84344,0,0.0,True,,
2021-05-18-TeamB-789547e7-1325-4153-a98d-5ecd497f3668.parquet,TeamB-789547e7-1325-4153-a98d-5ecd497f3668,TeamB,2021-05-18 00:00:00,21.8100168,130.96999999999994,3.830233925800023,785810,78582,1,1.2725722502895102e-05,True,,
2021-05-18-TeamB-7ab47f4e-6eca-4793-880f-6a0dad3459c3.parquet,TeamB-7ab47f4e-6eca-4793-880f-6a0dad3459c3,TeamB,2021-05-18 00:00:00,25.5100212,136.4783333333334,7.203829139099873,818745,81875,0,0.0,True,,
2021-05-18-TeamB-7d41e602-eece-328b-ff7b-118e820865d6.parquet,TeamB-7d41e602-eece-328b-ff7b-118e820865d6,TeamB,2021-05-18 00:00:00,29.0200248,149.88333333333333,6.8623585894999675,899219,89923,0,0.0,True,,
2021-05-18-TeamB-9c845827-99f9-47f4-977d-2200a107a013.parquet,TeamB-9c845827-99f9-47f4-977d-2200a107a013,TeamB,2021-05-18 00:00:00,28.830024,117.47333333333336,6.130752167400038,704750,70476,0,0.0,True,,
2021-05-18-TeamB-ab5ec6e5-b0f3-401e-8dc5-aa6c5070e255.parquet,TeamB-ab5ec6e5-b0f3-401e-8dc5-aa6c5070e255,TeamB,2021-05-18 00:00:00,27.1900224,145.24166666666667,6.296836470000052,871265,87127,2,2.2955260197874344e-05,True,,
2021-05-18-TeamB-afc13e53-2c77-48cb-8a78-743663bbb84f.parquet,TeamB-afc13e53-2c77-48cb-8a78-743663bbb84f,TeamB,2021-05-18 00:00:00,28.9500228,144.80166666666676,7.136696033100094,868675,86867,0,0.0,True,,
2021-05-18-TeamB-d9501f3a-aaa1-4311-8b8b-3a8d3f21480f.parquet,TeamB-d9501f3a-aaa1-4311-8b8b-3a8d3f21480f,TeamB,2021-05-18 00:00:00,28.5400224,150.9066666666667,6.398868488400014,905280,90529,0,0.0,True,,
2021-05-18-TeamB-e4321aef-964a-4fdd-88bd-0bd548b0e93b.parquet,TeamB-e4321aef-964a-4fdd-88bd-0bd548b0e93b,TeamB,2021-05-18 00:00:00,28.1400228,135.85666666666668,6.439511861700187,814880,81489,0,0.0,True,,
2021-05-19-TeamB-29c5271b-5c46-455e-91ea-da2abfa8ff3c.parquet,TeamB-29c5271b-5c46-455e-91ea-da2abfa8ff3c,TeamB,2021-05-19 00:00:00,28.1900232,147.0216666666667,5.953443974500031,882040,88205,0,0.0,True,,
2021-05-19-TeamB-2f23d7d5-2326-49ce-b9c8-5a6303f785c5.parquet,TeamB-2f23d7d5-2326-49ce-b9c8-5a6303f785c5,TeamB,2021-05-19 00:00:00,28.8800244,120.85500000000005,5.5436989218001695,725000,72501,0,0.0,True,,
2021-05-19-TeamB-4405bb1f-56f7-48ba-bfa8-e795e4006952.parquet,TeamB-4405bb1f-56f7-48ba-bfa8-e795e4006952,TeamB,2021-05-19 00:00:00,25.4600208,120.52999999999993,5.92578811580001,722915,72292,0,0.0,True,,
2021-05-19-TeamB-48bfd4ea-e9e2-45b5-befc-3383cae87fdf.parquet,TeamB-48bfd4ea-e9e2-45b5-befc-3383cae87fdf,TeamB,2021-05-19 00:00:00,18.5300136,129.40333333333328,3.590020960499946,776320,77633,0,0.0,True,,
2021-05-19-TeamB-4b1e23d2-4204-4e16-9991-e0490649079b.parquet,TeamB-4b1e23d2-4204-4e16-9991-e0490649079b,TeamB,2021-05-19 00:00:00,25.2200196,134.85666666666668,6.355112626100088,808964,80897,0,0.0,True,,
2021-05-19-TeamB-70b74270-f655-43cc-a188-1ebc7a828b95.parquet,TeamB-70b74270-f655-43cc-a188-1ebc7a828b95,TeamB,2021-05-19 00:00:00,28.400022,140.5566666666667,6.54038611669994,843230,84324,0,0.0,True,,
2021-05-19-TeamB-789547e7-1325-4153-a98d-5ecd497f3668.parquet,TeamB-789547e7-1325-4153-a98d-5ecd497f3668,TeamB,2021-05-19 00:00:00,19.910016000000002,126.1066666666667,3.7539733258999832,756550,75656,0,0.0,True,,
2021-05-19-TeamB-7ab47f4e-6eca-4793-880f-6a0dad3459c3.parquet,TeamB-7ab47f4e-6eca-4793-880f-6a0dad3459c3,TeamB,2021-05-19 00:00:00,25.4800188,129.10666666666657,6.440209641900116,774425,77443,0,0.0,True,,
2021-05-19-TeamB-7d41e602-eece-328b-ff7b-118e820865d6.parquet,TeamB-7d41e602-eece-328b-ff7b-118e820865d6,TeamB,2021-05-19 00:00:00,25.6200192,144.36333333333337,6.060302385100036,866100,86611,0,0.0,True,,
2021-05-19-TeamB-9c845827-99f9-47f4-977d-2200a107a013.parquet,TeamB-9c845827-99f9-47f4-977d-2200a107a013,TeamB,2021-05-19 00:00:00,24.250021200000003,110.36333333333339,4.551345351600066,662090,66210,0,0.0,True,,
2021-05-19-TeamB-ab5ec6e5-b0f3-401e-8dc5-aa6c5070e255.parquet,TeamB-ab5ec6e5-b0f3-401e-8dc5-aa6c5070e255,TeamB,2021-05-19 00:00:00,28.360022400000002,143.20500000000004,6.470693293599976,859110,85912,0,0.0,True,,
2021-05-19-TeamB-afc13e53-2c77-48cb-8a78-743663bbb84f.parquet,TeamB-afc13e53-2c77-48cb-8a78-743663bbb84f,TeamB,2021-05-19 00:00:00,27.2600208,94.87000000000002,7.477977143999958,569150,56916,0,0.0,True,,
2021-05-19-TeamB-afc13e53-2c77-48cb-8a78-743663bbb84f.parquet,TeamB-afc13e53-2c77-48cb-8a78-743663bbb84f,TeamB,2021-05-19 00:00:00,27.160020000000003,149.54000000000002,6.5873994843999535,897135,89714,0,0.0,True,,
2021-05-19-TeamB-e4321aef-964a-4fdd-88bd-0bd548b0e93b.parquet,TeamB-e4321aef-964a-4fdd-88bd-0bd548b0e93b,TeamB,2021-05-19 00:00:00,26.270020799999998,149.83666666666662,7.221521384400139,898740,89875,0,0.0,True,,
2021-05-21-TeamB-29c5271b-5c46-455e-91ea-da2abfa8ff3c.parquet,TeamB-29c5271b-5c46-455e-91ea-da2abfa8ff3c,TeamB,2021-05-21 00:00:00,21.4800156,97.80833333333334,3.1994906442999205,586775,58678,0,0.0,True,,
2021-05-21-TeamB-2f23d7d5-2326-49ce-b9c8-5a6303f785c5.parquet,TeamB-2f23d7d5-2326-49ce-b9c8-5a6303f785c5,TeamB,2021-05-21 00:00:00,24.1600176,88.68833333333338,3.286779595399975,532020,53203,0,0.0,True,,
2021-05-21-TeamB-4405bb1f-56f7-48ba-bfa8-e795e4006952.parquet,TeamB-4405bb1f-56f7-48ba-bfa8-e795e4006952,TeamB,2021-05-21 00:00:00,21.7400184,103.46999999999996,3.533420071299965,620720,62073,1,1.6110323495295787e-05,True,,
2021-05-21-TeamB-48bfd4ea-e9e2-45b5-befc-3383cae87fdf.parquet,TeamB-48bfd4ea-e9e2-45b5-befc-3383cae87fdf,TeamB,2021-05-21 00:00:00,18.5500152,107.7183333333333,2.3619605342001098,646315,64632,1,1.547245130045953e-05,True,,
2021-05-21-TeamB-4b1e23d2-4204-4e16-9991-e0490649079b.parquet,TeamB-4b1e23d2-4204-4e16-9991-e0490649079b,TeamB,2021-05-21 00:00:00,20.9100168,107.44000000000003,4.567058413000077,644540,64455,0,0.0,True,,
2021-05-21-TeamB-5eba590a-cecb-400f-a92e-08224c7e2e59.parquet,TeamB-5eba590a-cecb-400f-a92e-08224c7e2e59,TeamB,2021-05-21 00:00:00,23.0800176,101.02333333333335,3.414838581900026,605970,60598,0,0.0,True,,
2021-05-21-TeamB-70b74270-f655-43cc-a188-1ebc7a828b95.parquet,TeamB-70b74270-f655-43cc-a188-1ebc7a828b95,TeamB,2021-05-21 00:00:00,26.0400204,84.39333333333343,3.762573597499812,506235,50624,0,0.0,True,,
2021-05-21-TeamB-789547e7-1325-4153-a98d-5ecd497f3668.parquet,TeamB-789547e7-1325-4153-a98d-5ecd497f3668,TeamB,2021-05-21 00:00:00,15.450012,89.86833333333342,2.6326196318000292,539200,53921,1,1.85459940652819e-05,True,,
2021-05-21-TeamB-7ab47f4e-6eca-4793-880f-6a0dad3459c3.parquet,TeamB-7ab47f4e-6eca-4793-880f-6a0dad3459c3,TeamB,2021-05-21 00:00:00,23.940018000000002,123.35500000000005,4.03771632090004,739940,73995,0,0.0,True,,
2021-05-21-TeamB-7d41e602-eece-328b-ff7b-118e820865d6.parquet,TeamB-7d41e602-eece-328b-ff7b-118e820865d6,TeamB,2021-05-21 00:00:00,20.7600156,108.30833333333334,3.776165556200046,649755,64976,0,0.0,True,,
2021-05-21-TeamB-9c845827-99f9-47f4-977d-2200a107a013.parquet,TeamB-9c845827-99f9-47f4-977d-2200a107a013,TeamB,2021-05-21 00:00:00,21.9900168,108.28333333333333,2.761615568099932,649695,64969,1,1.539219307966999e-05,True,,
2021-05-21-TeamB-ab5ec6e5-b0f3-401e-8dc5-aa6c5070e255.parquet,TeamB-ab5ec6e5-b0f3-401e-8dc5-aa6c5070e255,TeamB,2021-05-21 00:00:00,25.1100216,87.05666666666669,2.654502433799902,522240,52225,0,0.0,True,,
2021-05-21-TeamB-afc13e53-2c77-48cb-8a78-743663bbb84f.parquet,TeamB-afc13e53-2c77-48cb-8a78-743663bbb84f,TeamB,2021-05-21 00:00:00,25.940019600000003,121.23833333333339,4.023531851300003,727360,72737,0,0.0,True,,
2021-05-21-TeamB-afc13e53-2c77-48cb-8a78-743663bbb84f.parquet,TeamB-afc13e53-2c77-48cb-8a78-743663bbb84f,TeamB,2021-05-21 00:00:00,20.940015600000002,83.86833333333342,3.365083825899978,503210,50322,1,1.987241906957334e-05,True,,
2021-05-21-TeamB-d9501f3a-aaa1-4311-8b8b-3a8d3f21480f.parquet,TeamB-d9501f3a-aaa1-4311-8b8b-3a8d3f21480f,TeamB,2021-05-21 00:00:00,22.140018,92.33833333333338,2.8733623181999666,553950,55396,0,0.0,True,,
2021-05-21-TeamB-e4321aef-964a-4fdd-88bd-0bd548b0e93b.parquet,TeamB-e4321aef-964a-4fdd-88bd-0bd548b0e93b,TeamB,2021-05-21 00:00:00,23.0600196,114.75666666666669,2.8455442507001347,688370,68838,0,0.0,True,,
2021-05-22-TeamB-29c5271b-5c46-455e-91ea-da2abfa8ff3c.parquet,TeamB-29c5271b-5c46-455e-91ea-da2abfa8ff3c,TeamB,2021-05-22 00:00:00,29.130022800000003,152.325,10.974859963300025,913875,91388,0,0.0,True,,
2021-05-22-TeamB-2f23d7d5-2326-49ce-b9c8-5a6303f785c5.parquet,TeamB-2f23d7d5-2326-49ce-b9c8-5a6303f785c5,TeamB,2021-05-22 00:00:00,28.0000224,144.7183333333333,10.684178602700129,868044,86805,0,0.0,True,,
2021-05-22-TeamB-4405bb1f-56f7-48ba-bfa8-e795e4006952.parquet,TeamB-4405bb1f-56f7-48ba-bfa8-e795e4006952,TeamB,2021-05-22 00:00:00,25.540020000000002,121.27166666666672,9.656413604800164,727260,72727,0,0.0,True,,
2021-05-22-TeamB-4b1e23d2-4204-4e16-9991-e0490649079b.parquet,TeamB-4b1e23d2-4204-4e16-9991-e0490649079b,TeamB,2021-05-22 00:00:00,26.150022,105.35500000000005,7.541268292899934,632030,63204,0,0.0,True,,
2021-05-22-TeamB-5eba590a-cecb-400f-a92e-08224c7e2e59.parquet,TeamB-5eba590a-cecb-400f-a92e-08224c7e2e59,TeamB,2021-05-22 00:00:00,24.510020400000002,180.01999999999995,7.214706920700065,1080010,108002,0,0.0,True,,
2021-05-22-TeamB-70b74270-f655-43cc-a188-1ebc7a828b95.parquet,TeamB-70b74270-f655-43cc-a188-1ebc7a828b95,TeamB,2021-05-22 00:00:00,27.7100208,144.96500000000003,10.898296839099977,869685,86969,0,0.0,True,,
2021-05-22-TeamB-789547e7-1325-4153-a98d-5ecd497f3668.parquet,TeamB-789547e7-1325-4153-a98d-5ecd497f3668,TeamB,2021-05-22 00:00:00,22.2100164,151.44000000000003,6.0159893041000725,908550,90856,0,0.0,True,,
2021-05-22-TeamB-7d41e602-eece-328b-ff7b-118e820865d6.parquet,TeamB-7d41e602-eece-328b-ff7b-118e820865d6,TeamB,2021-05-22 00:00:00,28.130022,244.8816666666667,8.628607790500267,1469195,146920,0,0.0,False,duration_over_200_min,
2021-05-22-TeamB-9c845827-99f9-47f4-977d-2200a107a013.parquet,TeamB-9c845827-99f9-47f4-977d-2200a107a013,TeamB,2021-05-22 00:00:00,25.0700184,106.42333333333336,7.765708198800017,638450,63846,0,0.0,True,,
2021-05-22-TeamB-ab691983-3544-4a0e-8f70-db44d85cb907.parquet,TeamB-ab691983-3544-4a0e-8f70-db44d85cb907,TeamB,2021-05-22 00:00:00,5.8700052000000005,3.2949999999999515,0.018994460200009115,19645,1965,0,0.0,True,,
2021-05-22-TeamB-afc13e53-2c77-48cb-8a78-743663bbb84f.parquet,TeamB-afc13e53-2c77-48cb-8a78-743663bbb84f,TeamB,2021-05-22 00:00:00,26.650022399999997,174.38833333333338,6.236187540700074,1046230,104624,0,0.0,True,,
2021-05-22-TeamB-afc13e53-2c77-48cb-8a78-743663bbb84f.parquet,TeamB-afc13e53-2c77-48cb-8a78-743663bbb84f,TeamB,2021-05-22 00:00:00,30.2900256,155.68000000000004,10.179030691800136,934065,93407,1,1.0705950367214097e-05,True,,
2021-05-22-TeamB-e4321aef-964a-4fdd-88bd-0bd548b0e93b.parquet,TeamB-e4321aef-964a-4fdd-88bd-0bd548b0e93b,TeamB,2021-05-22 00:00:00,28.9500228,105.87166666666671,8.31448529539998,635010,63502,0,0.0,True,,
2021-05-24-TeamB-29c5271b-5c46-455e-91ea-da2abfa8ff3c.parquet,TeamB-29c5271b-5c46-455e-91ea-da2abfa8ff3c,TeamB,2021-05-24 00:00:00,19.8500148,79.40833333333333,2.110875882300014,476360,47637,0,0.0,True,,
2021-05-24-TeamB-2f23d7d5-2326-49ce-b9c8-5a6303f785c5.parquet,TeamB-2f23d7d5-2326-49ce-b9c8-5a6303f785c5,TeamB,2021-05-24 00:00:00,16.9200144,85.62333333333336,2.99346660029981,513620,51363,0,0.0,True,,
2021-05-24-TeamB-4405bb1f-56f7-48ba-bfa8-e795e4006952.parquet,TeamB-4405bb1f-56f7-48ba-bfa8-e795e4006952,TeamB,2021-05-24 00:00:00,18.310014000000002,61.60333333333328,2.413077232800001,369480,36949,0,0.0,True,,
2021-05-24-TeamB-48bfd4ea-e9e2-45b5-befc-3383cae87fdf.parquet,TeamB-48bfd4ea-e9e2-45b5-befc-3383cae87fdf,TeamB,2021-05-24 00:00:00,19.6300152,134.81833333333344,4.125690564199927,808890,80890,1,1.236262038101596e-05,True,,
2021-05-24-TeamB-4b1e23d2-4204-4e16-9991-e0490649079b.parquet,TeamB-4b1e23d2-4204-4e16-9991-e0490649079b,TeamB,2021-05-24 00:00:00,20.2200156,130.75333333333327,5.314247916999847,784420,78443,0,0.0,True,,
2021-05-24-TeamB-5eba590a-cecb-400f-a92e-08224c7e2e59.parquet,TeamB-5eba590a-cecb-400f-a92e-08224c7e2e59,TeamB,2021-05-24 00:00:00,23.7800196,116.37666666666676,4.796009146699942,698165,69817,0,0.0,True,,
2021-05-24-TeamB-70b74270-f655-43cc-a188-1ebc7a828b95.parquet,TeamB-70b74270-f655-43cc-a188-1ebc7a828b95,TeamB,2021-05-24 00:00:00,20.3200164,79.75666666666669,2.828433121399984,478340,47835,0,0.0,True,,
2021-05-24-TeamB-789547e7-1325-4153-a98d-5ecd497f3668.parquet,TeamB-789547e7-1325-4153-a98d-5ecd497f3668,TeamB,2021-05-24 00:00:00,18.3600144,123.16500000000015,3.6906879938000565,738995,73900,1,1.3531982841445756e-05,True,,
2021-05-24-TeamB-7ab47f4e-6eca-4793-880f-6a0dad3459c3.parquet,TeamB-7ab47f4e-6eca-4793-880f-6a0dad3459c3,TeamB,2021-05-24 00:00:00,21.8600172,148.73833333333337,5.3035856668001,892320,89233,0,0.0,True,,
2021-05-24-TeamB-9c845827-99f9-47f4-977d-2200a107a013.parquet,TeamB-9c845827-99f9-47f4-977d-2200a107a013,TeamB,2021-05-24 00:00:00,15.540012,78.2216666666666,2.2065720669000295,469310,46932,1,2.130787752232e-05,True,,
2021-05-24-TeamB-ab5ec6e5-b0f3-401e-8dc5-aa6c5070e255.parquet,TeamB-ab5ec6e5-b0f3-401e-8dc5-aa6c5070e255,TeamB,2021-05-24 00:00:00,21.8200176,88.01999999999995,3.04015718439999,528020,52803,0,0.0,True,,
2021-05-24-TeamB-afc13e53-2c77-48cb-8a78-743663bbb84f.parquet,TeamB-afc13e53-2c77-48cb-8a78-743663bbb84f,TeamB,2021-05-24 00:00:00,21.890016000000003,103.49000000000002,3.8558500632000703,620870,62088,0,0.0,True,,
2021-05-24-TeamB-afc13e53-2c77-48cb-8a78-743663bbb84f.parquet,TeamB-afc13e53-2c77-48cb-8a78-743663bbb84f,TeamB,2021-05-24 00:00:00,21.690018000000002,79.26500000000003,3.37644189570002,475494,47550,0,0.0,True,,
2021-05-24-TeamB-d9501f3a-aaa1-4311-8b8b-3a8d3f21480f.parquet,TeamB-d9501f3a-aaa1-4311-8b8b-3a8d3f21480f,TeamB,2021-05-24 00:00:00,23.9800176,127.00666666666669,4.543447846399972,761930,76194,0,0.0,True,,
2021-05-24-TeamB-e4321aef-964a-4fdd-88bd-0bd548b0e93b.parquet,TeamB-e4321aef-964a-4fdd-88bd-0bd548b0e93b,TeamB,2021-05-24 00:00:00,18.5900148,79.25500000000005,1.9400796242999137,475420,47543,0,0.0,True,,
2021-05-25-TeamB-29c5271b-5c46-455e-91ea-da2abfa8ff3c.parquet,TeamB-29c5271b-5c46-455e-91ea-da2abfa8ff3c,TeamB,2021-05-25 00:00:00,27.4700232,98.90333333333328,4.457119156800099,593340,59335,0,0.0,True,,
2021-05-25-TeamB-2f23d7d5-2326-49ce-b9c8-5a6303f785c5.parquet,TeamB-2f23d7d5-2326-49ce-b9c8-5a6303f785c5,TeamB,2021-05-25 00:00:00,28.740024000000002,121.08833333333338,5.801829400100144,726440,72645,0,0.0,True,,
2021-05-25-TeamB-4405bb1f-56f7-48ba-bfa8-e795e4006952.parquet,TeamB-4405bb1f-56f7-48ba-bfa8-e795e4006952,TeamB,2021-05-25 00:00:00,26.4100212,105.88666666666674,5.496596653499898,635270,63528,1,1.5741338328584695e-05,True,,
2021-05-25-TeamB-48bfd4ea-e9e2-45b5-befc-3383cae87fdf.parquet,TeamB-48bfd4ea-e9e2-45b5-befc-3383cae87fdf,TeamB,2021-05-25 00:00:00,19.070013600000003,105.43833333333338,3.3725485672999347,632520,63253,0,0.0,True,,
2021-05-25-TeamB-4b1e23d2-4204-4e16-9991-e0490649079b.parquet,TeamB-4b1e23d2-4204-4e16-9991-e0490649079b,TeamB,2021-05-25 00:00:00,24.1700184,101.50666666666669,6.0986271388999365,608940,60895,0,0.0,True,,
2021-05-25-TeamB-5eba590a-cecb-400f-a92e-08224c7e2e59.parquet,TeamB-5eba590a-cecb-400f-a92e-08224c7e2e59,TeamB,2021-05-25 00:00:00,25.1300196,111.37166666666671,5.830466370800081,668150,66816,0,0.0,True,,
2021-05-25-TeamB-70b74270-f655-43cc-a188-1ebc7a828b95.parquet,TeamB-70b74270-f655-43cc-a188-1ebc7a828b95,TeamB,2021-05-25 00:00:00,24.910020000000003,111.45,5.862613895699916,668619,66863,0,0.0,True,,
2021-05-25-TeamB-789547e7-1325-4153-a98d-5ecd497f3668.parquet,TeamB-789547e7-1325-4153-a98d-5ecd497f3668,TeamB,2021-05-25 00:00:00,18.8200152,100.61666666666666,3.448713910200143,603599,60361,0,0.0,True,,
2021-05-25-TeamB-7ab47f4e-6eca-4793-880f-6a0dad3459c3.parquet,TeamB-7ab47f4e-6eca-4793-880f-6a0dad3459c3,TeamB,2021-05-25 00:00:00,25.6400208,108.45,6.19410806029993,650619,65063,0,0.0,True,,
2021-05-25-TeamB-9c845827-99f9-47f4-977d-2200a107a013.parquet,TeamB-9c845827-99f9-47f4-977d-2200a107a013,TeamB,2021-05-25 00:00:00,41.4,184.2283333333333,14.457622004000116,1105365,110537,1,9.046826373308244e-06,False,max_speed_over_32_kmh,
2021-05-25-TeamB-ab5ec6e5-b0f3-401e-8dc5-aa6c5070e255.parquet,TeamB-ab5ec6e5-b0f3-401e-8dc5-aa6c5070e255,TeamB,2021-05-25 00:00:00,23.7200184,72.53833333333338,2.9209668048998796,435150,43516,0,0.0,True,,
2021-05-25-TeamB-ab691983-3544-4a0e-8f70-db44d85cb907.parquet,TeamB-ab691983-3544-4a0e-8f70-db44d85cb907,TeamB,2021-05-25 00:00:00,27.4000212,110.05666666666669,6.279485628999919,660300,66031,0,0.0,True,,
2021-05-25-TeamB-afc13e53-2c77-48cb-8a78-743663bbb84f.parquet,TeamB-afc13e53-2c77-48cb-8a78-743663bbb84f,TeamB,2021-05-25 00:00:00,22.320018,94.13666666666668,5.077383818400066,564720,56473,0,0.0,True,,
2021-05-25-TeamB-afc13e53-2c77-48cb-8a78-743663bbb84f.parquet,TeamB-afc13e53-2c77-48cb-8a78-743663bbb84f,TeamB,2021-05-25 00:00:00,26.0300196,135.09166666666667,6.278848411399973,810550,81056,1,1.2337301832089322e-05,True,,
2021-05-25-TeamB-d9501f3a-aaa1-4311-8b8b-3a8d3f21480f.parquet,TeamB-d9501f3a-aaa1-4311-8b8b-3a8d3f21480f,TeamB,2021-05-25 00:00:00,25.740021600000002,108.33333333333333,5.7678527176999745,649934,64994,0,0.0,True,,
2021-05-25-TeamB-e4321aef-964a-4fdd-88bd-0bd548b0e93b.parquet,TeamB-e4321aef-964a-4fdd-88bd-0bd548b0e93b,TeamB,2021-05-25 00:00:00,26.98002,110.00166666666664,6.11457159770001,659925,65993,0,0.0,True,,
2021-05-26-TeamB-29c5271b-5c46-455e-91ea-da2abfa8ff3c.parquet,TeamB-29c5271b-5c46-455e-91ea-da2abfa8ff3c,TeamB,2021-05-26 00:00:00,26.5500216,118.5350000000001,6.705014849600144,711135,71114,0,0.0,True,,
2021-05-26-TeamB-2f23d7d5-2326-49ce-b9c8-5a6303f785c5.parquet,TeamB-2f23d7d5-2326-49ce-b9c8-5a6303f785c5,TeamB,2021-05-26 00:00:00,25.4900196,115.99000000000002,6.304690643700062,695650,69566,0,0.0,True,,
2021-05-26-TeamB-4405bb1f-56f7-48ba-bfa8-e795e4006952.parquet,TeamB-4405bb1f-56f7-48ba-bfa8-e795e4006952,TeamB,2021-05-26 00:00:00,25.5300192,108.15166666666677,6.381357373499965,648825,64883,0,0.0,True,,
2021-05-26-TeamB-48bfd4ea-e9e2-45b5-befc-3383cae87fdf.parquet,TeamB-48bfd4ea-e9e2-45b5-befc-3383cae87fdf,TeamB,2021-05-26 00:00:00,18.190015199999998,118.5033333333334,4.860281713799966,711010,71102,1,1.4064499796064753e-05,True,,
2021-05-26-TeamB-4b1e23d2-4204-4e16-9991-e0490649079b.parquet,TeamB-4b1e23d2-4204-4e16-9991-e0490649079b,TeamB,2021-05-26 00:00:00,32.1900264,112.35333333333328,7.238434728499822,674110,67412,1,1.483437421192387e-05,False,max_speed_over_32_kmh,
2021-05-26-TeamB-5eba590a-cecb-400f-a92e-08224c7e2e59.parquet,TeamB-5eba590a-cecb-400f-a92e-08224c7e2e59,TeamB,2021-05-26 00:00:00,31.5800244,117.99000000000002,6.465127436299802,707840,70785,0,0.0,True,,
2021-05-26-TeamB-70b74270-f655-43cc-a188-1ebc7a828b95.parquet,TeamB-70b74270-f655-43cc-a188-1ebc7a828b95,TeamB,2021-05-26 00:00:00,25.930022400000002,116.55500000000005,8.080073734600195,699255,69926,0,0.0,True,,
2021-05-26-TeamB-789547e7-1325-4153-a98d-5ecd497f3668.parquet,TeamB-789547e7-1325-4153-a98d-5ecd497f3668,TeamB,2021-05-26 00:00:00,18.300013200000002,118.35333333333328,4.605903174100026,710020,71003,0,0.0,True,,
2021-05-26-TeamB-7ab47f4e-6eca-4793-880f-6a0dad3459c3.parquet,TeamB-7ab47f4e-6eca-4793-880f-6a0dad3459c3,TeamB,2021-05-26 00:00:00,24.0900192,108.60333333333328,7.003585104700101,651540,65155,0,0.0,True,,
2021-05-26-TeamB-7d41e602-eece-328b-ff7b-118e820865d6.parquet,TeamB-7d41e602-eece-328b-ff7b-118e820865d6,TeamB,2021-05-26 00:00:00,26.310020400000003,78.025,2.606410441300122,468150,46816,0,0.0,True,,
2021-05-26-TeamB-ab5ec6e5-b0f3-401e-8dc5-aa6c5070e255.parquet,TeamB-ab5ec6e5-b0f3-401e-8dc5-aa6c5070e255,TeamB,2021-05-26 00:00:00,27.410022,122.65499999999993,6.605323668200011,735920,73593,1,1.3588433525383194e-05,True,,
2021-05-26-TeamB-ab691983-3544-4a0e-8f70-db44d85cb907.parquet,TeamB-ab691983-3544-4a0e-8f70-db44d85cb907,TeamB,2021-05-26 00:00:00,26.8500204,107.01666666666667,5.945452569199915,642049,64206,0,0.0,True,,
2021-05-26-TeamB-afc13e53-2c77-48cb-8a78-743663bbb84f.parquet,TeamB-afc13e53-2c77-48cb-8a78-743663bbb84f,TeamB,2021-05-26 00:00:00,25.9500204,97.50666666666669,5.341300426400105,584970,58498,0,0.0,True,,
2021-05-26-TeamB-d9501f3a-aaa1-4311-8b8b-3a8d3f21480f.parquet,TeamB-d9501f3a-aaa1-4311-8b8b-3a8d3f21480f,TeamB,2021-05-26 00:00:00,24.6100212,106.13833333333338,5.987612611000154,636680,63669,0,0.0,True,,
2021-05-26-TeamB-e4321aef-964a-4fdd-88bd-0bd548b0e93b.parquet,TeamB-e4321aef-964a-4fdd-88bd-0bd548b0e93b,TeamB,2021-05-26 00:00:00,26.950021200000002,107.85500000000005,6.745246275299984,647030,64704,0,0.0,True,,
2021-05-28-TeamB-29c5271b-5c46-455e-91ea-da2abfa8ff3c.parquet,TeamB-29c5271b-5c46-455e-91ea-da2abfa8ff3c,TeamB,2021-05-28 00:00:00,20.870017200000003,103.1066666666667,2.6426588146000105,618555,61856,0,0.0,True,,
2021-05-28-TeamB-2f23d7d5-2326-49ce-b9c8-5a6303f785c5.parquet,TeamB-2f23d7d5-2326-49ce-b9c8-5a6303f785c5,TeamB,2021-05-28 00:00:00,23.2800192,104.05666666666669,3.4279883232999726,624210,62422,0,0.0,True,,
2021-05-28-TeamB-4405bb1f-56f7-48ba-bfa8-e795e4006952.parquet,TeamB-4405bb1f-56f7-48ba-bfa8-e795e4006952,TeamB,2021-05-28 00:00:00,21.080016,95.05666666666669,3.1916314687000833,570250,57026,0,0.0,True,,
2021-05-28-TeamB-48bfd4ea-e9e2-45b5-befc-3383cae87fdf.parquet,TeamB-48bfd4ea-e9e2-45b5-befc-3383cae87fdf,TeamB,2021-05-28 00:00:00,17.9700156,96.84166666666667,2.734557502300077,580940,58095,0,0.0,True,,
2021-05-28-TeamB-4b1e23d2-4204-4e16-9991-e0490649079b.parquet,TeamB-4b1e23d2-4204-4e16-9991-e0490649079b,TeamB,2021-05-28 00:00:00,20.2000176,107.6566666666667,3.9554729262000548,645840,64585,0,0.0,True,,
2021-05-28-TeamB-5eba590a-cecb-400f-a92e-08224c7e2e59.parquet,TeamB-5eba590a-cecb-400f-a92e-08224c7e2e59,TeamB,2021-05-28 00:00:00,25.8000192,77.8783333333334,3.1370675318998336,467185,46719,0,0.0,True,,
2021-05-28-TeamB-70b74270-f655-43cc-a188-1ebc7a828b95.parquet,TeamB-70b74270-f655-43cc-a188-1ebc7a828b95,TeamB,2021-05-28 00:00:00,24.9400188,105.825,3.739312469000118,634869,63488,0,0.0,True,,
2021-05-28-TeamB-789547e7-1325-4153-a98d-5ecd497f3668.parquet,TeamB-789547e7-1325-4153-a98d-5ecd497f3668,TeamB,2021-05-28 00:00:00,17.460014400000002,91.98833333333326,2.7101452464000233,551920,55193,1,1.811856790839252e-05,True,,
2021-05-28-TeamB-7ab47f4e-6eca-4793-880f-6a0dad3459c3.parquet,TeamB-7ab47f4e-6eca-4793-880f-6a0dad3459c3,TeamB,2021-05-28 00:00:00,27.4300236,98.86666666666666,3.7499363669998913,593149,59316,0,0.0,True,,
2021-05-28-TeamB-7d41e602-eece-328b-ff7b-118e820865d6.parquet,TeamB-7d41e602-eece-328b-ff7b-118e820865d6,TeamB,2021-05-28 00:00:00,18.040014000000003,101.08833333333338,0.9435446539000093,606450,60646,0,0.0,True,,
2021-05-28-TeamB-9c845827-99f9-47f4-977d-2200a107a013.parquet,TeamB-9c845827-99f9-47f4-977d-2200a107a013,TeamB,2021-05-28 00:00:00,22.6400184,100.025,2.495543689099982,600140,60015,1,1.6662778684973507e-05,True,,
2021-05-28-TeamB-ab5ec6e5-b0f3-401e-8dc5-aa6c5070e255.parquet,TeamB-ab5ec6e5-b0f3-401e-8dc5-aa6c5070e255,TeamB,2021-05-28 00:00:00,24.520021200000002,106.99000000000002,3.307142680299611,641870,64188,0,0.0,True,,
2021-05-28-TeamB-ab691983-3544-4a0e-8f70-db44d85cb907.parquet,TeamB-ab691983-3544-4a0e-8f70-db44d85cb907,TeamB,2021-05-28 00:00:00,23.0300172,106.3566666666667,3.2650370899999883,638090,63810,0,0.0,True,,
2021-05-28-TeamB-afc13e53-2c77-48cb-8a78-743663bbb84f.parquet,TeamB-afc13e53-2c77-48cb-8a78-743663bbb84f,TeamB,2021-05-28 00:00:00,24.6300192,66.15333333333328,3.7073366044000005,396820,39683,0,0.0,True,,
2021-05-28-TeamB-afc13e53-2c77-48cb-8a78-743663bbb84f.parquet,TeamB-afc13e53-2c77-48cb-8a78-743663bbb84f,TeamB,2021-05-28 00:00:00,26.460021599999997,80.39666666666672,3.5637223254000823,482300,48231,0,0.0,True,,
2021-05-28-TeamB-d9501f3a-aaa1-4311-8b8b-3a8d3f21480f.parquet,TeamB-d9501f3a-aaa1-4311-8b8b-3a8d3f21480f,TeamB,2021-05-28 00:00:00,24.0000192,107.35333333333328,3.676610192300079,643980,64399,0,0.0,True,,
2021-05-28-TeamB-e4321aef-964a-4fdd-88bd-0bd548b0e93b.parquet,TeamB-e4321aef-964a-4fdd-88bd-0bd548b0e93b,TeamB,2021-05-28 00:00:00,21.7200168,104.88666666666661,3.3097901747999847,629240,62925,0,0.0,True,,
2021-05-29-TeamB-29c5271b-5c46-455e-91ea-da2abfa8ff3c.parquet,TeamB-29c5271b-5c46-455e-91ea-da2abfa8ff3c,TeamB,2021-05-29 00:00:00,28.7000244,170.07333333333335,11.472859244100091,1020360,102037,0,0.0,True,,
2021-05-29-TeamB-2f23d7d5-2326-49ce-b9c8-5a6303f785c5.parquet,TeamB-2f23d7d5-2326-49ce-b9c8-5a6303f785c5,TeamB,2021-05-29 00:00:00,29.410023600000002,126.50333333333329,9.990246661999803,758880,75889,0,0.0,True,,
2021-05-29-TeamB-4405bb1f-56f7-48ba-bfa8-e795e4006952.parquet,TeamB-4405bb1f-56f7-48ba-bfa8-e795e4006952,TeamB,2021-05-29 00:00:00,26.8100208,150.09000000000003,10.90977767680004,900450,90046,0,0.0,True,,
2021-05-29-TeamB-4b1e23d2-4204-4e16-9991-e0490649079b.parquet,TeamB-4b1e23d2-4204-4e16-9991-e0490649079b,TeamB,2021-05-29 00:00:00,25.700022,120.90500000000004,7.412831253199978,725340,72535,0,0.0,True,,
2021-05-29-TeamB-5eba590a-cecb-400f-a92e-08224c7e2e59.parquet,TeamB-5eba590a-cecb-400f-a92e-08224c7e2e59,TeamB,2021-05-29 00:00:00,26.0500212,72.83666666666662,4.462653868399979,436930,43694,0,0.0,True,,
2021-05-29-TeamB-70b74270-f655-43cc-a188-1ebc7a828b95.parquet,TeamB-70b74270-f655-43cc-a188-1ebc7a828b95,TeamB,2021-05-29 00:00:00,28.020024,145.73666666666662,11.054515574400135,874310,87432,0,0.0,True,,
2021-05-29-TeamB-789547e7-1325-4153-a98d-5ecd497f3668.parquet,TeamB-789547e7-1325-4153-a98d-5ecd497f3668,TeamB,2021-05-29 00:00:00,21.310016400000002,126.53666666666662,5.759835493400154,759120,75913,0,0.0,True,,
2021-05-29-TeamB-7ab47f4e-6eca-4793-880f-6a0dad3459c3.parquet,TeamB-7ab47f4e-6eca-4793-880f-6a0dad3459c3,TeamB,2021-05-29 00:00:00,25.5700188,144.4066666666667,3.764809979299951,866330,86634,0,0.0,True,,
2021-05-29-TeamB-7d41e602-eece-328b-ff7b-118e820865d6.parquet,TeamB-7d41e602-eece-328b-ff7b-118e820865d6,TeamB,2021-05-29 00:00:00,25.890019199999998,176.1566666666667,8.71124369339984,1056860,105687,0,0.0,True,,
2021-05-29-TeamB-9c845827-99f9-47f4-977d-2200a107a013.parquet,TeamB-9c845827-99f9-47f4-977d-2200a107a013,TeamB,2021-05-29 00:00:00,29.310022800000002,154.0716666666666,6.880877222700088,924435,92444,1,1.081747671538137e-05,True,,
2021-05-29-TeamB-ab5ec6e5-b0f3-401e-8dc5-aa6c5070e255.parquet,TeamB-ab5ec6e5-b0f3-401e-8dc5-aa6c5070e255,TeamB,2021-05-29 00:00:00,27.9000216,59.50666666666669,5.396982967000055,356960,35697,0,0.0,True,,
2021-05-29-TeamB-ab691983-3544-4a0e-8f70-db44d85cb907.parquet,TeamB-ab691983-3544-4a0e-8f70-db44d85cb907,TeamB,2021-05-29 00:00:00,26.5200228,144.87166666666673,10.505749581000062,869170,86918,0,0.0,True,,
2021-05-29-TeamB-afc13e53-2c77-48cb-8a78-743663bbb84f.parquet,TeamB-afc13e53-2c77-48cb-8a78-743663bbb84f,TeamB,2021-05-29 00:00:00,28.0300212,182.53833333333338,5.678812370500207,1095130,109514,0,0.0,True,,
2021-05-29-TeamB-afc13e53-2c77-48cb-8a78-743663bbb84f.parquet,TeamB-afc13e53-2c77-48cb-8a78-743663bbb84f,TeamB,2021-05-29 00:00:00,27.1200204,133.38833333333338,10.57526491339998,800220,80023,0,0.0,True,,
2021-05-29-TeamB-d9501f3a-aaa1-4311-8b8b-3a8d3f21480f.parquet,TeamB-d9501f3a-aaa1-4311-8b8b-3a8d3f21480f,TeamB,2021-05-29 00:00:00,28.4400216,147.22333333333336,6.098677141799981,882920,88293,0,0.0,True,,
2021-05-29-TeamB-e4321aef-964a-4fdd-88bd-0bd548b0e93b.parquet,TeamB-e4321aef-964a-4fdd-88bd-0bd548b0e93b,TeamB,2021-05-29 00:00:00,28.6600212,53.00833333333333,5.490871911600021,317975,31798,0,0.0,True,,
2021-05-31-TeamB-48bfd4ea-e9e2-45b5-befc-3383cae87fdf.parquet,TeamB-48bfd4ea-e9e2-45b5-befc-3383cae87fdf,TeamB,2021-05-31 00:00:00,17.8000128,82.34499999999996,2.6032882218998776,494080,49409,1,2.0239637305699483e-05,True,,
2021-05-31-TeamB-4b1e23d2-4204-4e16-9991-e0490649079b.parquet,TeamB-4b1e23d2-4204-4e16-9991-e0490649079b,TeamB,2021-05-31 00:00:00,23.0300172,79.83000000000006,4.035230209599971,478890,47890,0,0.0,True,,
2021-05-31-TeamB-789547e7-1325-4153-a98d-5ecd497f3668.parquet,TeamB-789547e7-1325-4153-a98d-5ecd497f3668,TeamB,2021-05-31 00:00:00,17.770014,73.61666666666666,2.645212424900069,441605,44161,0,0.0,True,,
2021-05-31-TeamB-7ab47f4e-6eca-4793-880f-6a0dad3459c3.parquet,TeamB-7ab47f4e-6eca-4793-880f-6a0dad3459c3,TeamB,2021-05-31 00:00:00,22.1800176,81.45666666666669,4.305632087500156,488680,48869,0,0.0,True,,
2021-05-31-TeamB-7d41e602-eece-328b-ff7b-118e820865d6.parquet,TeamB-7d41e602-eece-328b-ff7b-118e820865d6,TeamB,2021-05-31 00:00:00,21.6300168,83.78833333333338,3.579834842600072,502640,50265,0,0.0,True,,
2021-05-31-TeamB-9c845827-99f9-47f4-977d-2200a107a013.parquet,TeamB-9c845827-99f9-47f4-977d-2200a107a013,TeamB,2021-05-31 00:00:00,21.3800184,77.16833333333344,3.4680233605000783,463005,46301,1,2.1598272138228943e-05,True,,
2021-05-31-TeamB-ab5ec6e5-b0f3-401e-8dc5-aa6c5070e255.parquet,TeamB-ab5ec6e5-b0f3-401e-8dc5-aa6c5070e255,TeamB,2021-05-31 00:00:00,22.160016000000002,86.67166666666671,4.183709213899973,519950,51996,0,0.0,True,,
2021-05-31-TeamB-ab691983-3544-4a0e-8f70-db44d85cb907.parquet,TeamB-ab691983-3544-4a0e-8f70-db44d85cb907,TeamB,2021-05-31 00:00:00,18.470016,68.23833333333339,2.7756675219001816,409370,40938,0,0.0,True,,
2021-05-31-TeamB-afc13e53-2c77-48cb-8a78-743663bbb84f.parquet,TeamB-afc13e53-2c77-48cb-8a78-743663bbb84f,TeamB,2021-05-31 00:00:00,22.75002,89.40500000000004,3.8694822991000892,536330,53634,0,0.0,True,,
2021-05-31-TeamB-afc13e53-2c77-48cb-8a78-743663bbb84f.parquet,TeamB-afc13e53-2c77-48cb-8a78-743663bbb84f,TeamB,2021-05-31 00:00:00,16.590013199999998,82.67166666666671,2.0672372348000776,495895,49590,0,0.0,True,,
2021-05-31-TeamB-e4321aef-964a-4fdd-88bd-0bd548b0e93b.parquet,TeamB-e4321aef-964a-4fdd-88bd-0bd548b0e93b,TeamB,2021-05-31 00:00:00,22.650019200000003,82.02166666666672,3.3657207730999033,492030,49204,0,0.0,True,,
2021-06-01-TeamB-29c5271b-5c46-455e-91ea-da2abfa8ff3c.parquet,TeamB-29c5271b-5c46-455e-91ea-da2abfa8ff3c,TeamB,2021-06-01 00:00:00,22.5800172,102.13333333333334,3.976454883700025,612715,61272,0,0.0,True,,
2021-06-01-TeamB-2f23d7d5-2326-49ce-b9c8-5a6303f785c5.parquet,TeamB-2f23d7d5-2326-49ce-b9c8-5a6303f785c5,TeamB,2021-06-01 00:00:00,27.1700208,128.50500000000005,5.7459960268999275,770710,77072,0,0.0,True,,
2021-06-01-TeamB-4405bb1f-56f7-48ba-bfa8-e795e4006952.parquet,TeamB-4405bb1f-56f7-48ba-bfa8-e795e4006952,TeamB,2021-06-01 00:00:00,25.3700208,96.38666666666674,4.503692811499915,578310,57832,1,1.729176393283879e-05,True,,
2021-06-01-TeamB-48bfd4ea-e9e2-45b5-befc-3383cae87fdf.parquet,TeamB-48bfd4ea-e9e2-45b5-befc-3383cae87fdf,TeamB,2021-06-01 00:00:00,17.620012799999998,116.95333333333329,3.4376708330000003,701710,70172,1,1.4250901369511622e-05,True,,
2021-06-01-TeamB-4b1e23d2-4204-4e16-9991-e0490649079b.parquet,TeamB-4b1e23d2-4204-4e16-9991-e0490649079b,TeamB,2021-06-01 00:00:00,23.7700188,107.05000000000013,5.492348872199869,642220,64223,1,1.557098813490704e-05,True,,
2021-06-01-TeamB-5eba590a-cecb-400f-a92e-08224c7e2e59.parquet,TeamB-5eba590a-cecb-400f-a92e-08224c7e2e59,TeamB,2021-06-01 00:00:00,26.4000204,121.18666666666662,6.047539874399965,727020,72703,0,0.0,True,,
2021-06-01-TeamB-70b74270-f655-43cc-a188-1ebc7a828b95.parquet,TeamB-70b74270-f655-43cc-a188-1ebc7a828b95,TeamB,2021-06-01 00:00:00,28.710021599999997,99.09000000000002,5.113946623700111,594460,59447,0,0.0,True,,
2021-06-01-TeamB-789547e7-1325-4153-a98d-5ecd497f3668.parquet,TeamB-789547e7-1325-4153-a98d-5ecd497f3668,TeamB,2021-06-01 00:00:00,17.090013600000002,120.9850000000001,3.288000442000019,725820,72583,1,1.3777520597393293e-05,True,,
2021-06-01-TeamB-7ab47f4e-6eca-4793-880f-6a0dad3459c3.parquet,TeamB-7ab47f4e-6eca-4793-880f-6a0dad3459c3,TeamB,2021-06-01 00:00:00,26.2100196,117.73666666666662,6.08540879339979,706270,70628,0,0.0,True,,
2021-06-01-TeamB-7d41e602-eece-328b-ff7b-118e820865d6.parquet,TeamB-7d41e602-eece-328b-ff7b-118e820865d6,TeamB,2021-06-01 00:00:00,27.7400232,128.87000000000006,6.487534959400075,773210,77322,1,1.2933097088759846e-05,True,,
2021-06-01-TeamB-9c845827-99f9-47f4-977d-2200a107a013.parquet,TeamB-9c845827-99f9-47f4-977d-2200a107a013,TeamB,2021-06-01 00:00:00,26.0400204,114.95166666666677,5.204219751799945,689700,68971,1,1.4499057561258519e-05,True,,
2021-06-01-TeamB-ab5ec6e5-b0f3-401e-8dc5-aa6c5070e255.parquet,TeamB-ab5ec6e5-b0f3-401e-8dc5-aa6c5070e255,TeamB,2021-06-01 00:00:00,28.3300236,114.87666666666664,5.9105019889000205,689260,68927,1,1.4508313263499985e-05,True,,
2021-06-01-TeamB-ab691983-3544-4a0e-8f70-db44d85cb907.parquet,TeamB-ab691983-3544-4a0e-8f70-db44d85cb907,TeamB,2021-06-01 00:00:00,27.350020800000003,118.52333333333335,6.094871305500084,711090,71110,0,0.0,True,,
2021-06-01-TeamB-afc13e53-2c77-48cb-8a78-743663bbb84f.parquet,TeamB-afc13e53-2c77-48cb-8a78-743663bbb84f,TeamB,2021-06-01 00:00:00,28.200024,123.92833333333328,6.400605164900022,743540,74355,1,1.3449175565537832e-05,True,,
2021-06-01-TeamB-e4321aef-964a-4fdd-88bd-0bd548b0e93b.parquet,TeamB-e4321aef-964a-4fdd-88bd-0bd548b0e93b,TeamB,2021-06-01 00:00:00,26.270020799999998,113.75666666666669,5.976173434399947,682440,68245,0,0.0,True,,
2021-06-02-TeamB-2f23d7d5-2326-49ce-b9c8-5a6303f785c5.parquet,TeamB-2f23d7d5-2326-49ce-b9c8-5a6303f785c5,TeamB,2021-06-02 00:00:00,19.7800164,66.40499999999999,2.693515796400019,398340,39835,0,0.0,True,,
2021-06-02-TeamB-4405bb1f-56f7-48ba-bfa8-e795e4006952.parquet,TeamB-4405bb1f-56f7-48ba-bfa8-e795e4006952,TeamB,2021-06-02 00:00:00,26.010021599999998,27.88833333333332,1.050653075500014,167250,16726,0,0.0,True,,
2021-06-02-TeamB-48bfd4ea-e9e2-45b5-befc-3383cae87fdf.parquet,TeamB-48bfd4ea-e9e2-45b5-befc-3383cae87fdf,TeamB,2021-06-02 00:00:00,16.1100144,124.8466666666666,3.9903596165999877,748930,74894,6,8.01142963961919e-05,True,,
2021-06-02-TeamB-4b1e23d2-4204-4e16-9991-e0490649079b.parquet,TeamB-4b1e23d2-4204-4e16-9991-e0490649079b,TeamB,2021-06-02 00:00:00,23.570017200000002,42.31166666666668,1.1633898286000308,253860,25387,1,3.9391790750807535e-05,True,,
2021-06-02-TeamB-5eba590a-cecb-400f-a92e-08224c7e2e59.parquet,TeamB-5eba590a-cecb-400f-a92e-08224c7e2e59,TeamB,2021-06-02 00:00:00,21.2700168,63.503333333333345,2.7619430676999768,380930,38094,0,0.0,True,,
2021-06-02-TeamB-70b74270-f655-43cc-a188-1ebc7a828b95.parquet,TeamB-70b74270-f655-43cc-a188-1ebc7a828b95,TeamB,2021-06-02 00:00:00,19.570014,28.743333333333307,0.9419410425000099,172380,17239,0,0.0,True,,
2021-06-02-TeamB-789547e7-1325-4153-a98d-5ecd497f3668.parquet,TeamB-789547e7-1325-4153-a98d-5ecd497f3668,TeamB,2021-06-02 00:00:00,18.5300136,151.66500000000002,4.386657168900125,909995,91000,1,1.0989131748700536e-05,True,,
2021-06-02-TeamB-7ab47f4e-6eca-4793-880f-6a0dad3459c3.parquet,TeamB-7ab47f4e-6eca-4793-880f-6a0dad3459c3,TeamB,2021-06-02 00:00:00,22.730018400000002,40.55500000000005,1.223718213099984,243275,24328,0,0.0,True,,
2021-06-02-TeamB-7d41e602-eece-328b-ff7b-118e820865d6.parquet,TeamB-7d41e602-eece-328b-ff7b-118e820865d6,TeamB,2021-06-02 00:00:00,26.780022,158.9316666666667,9.254128560100002,953479,95349,1,1.0487896966900197e-05,True,,
2021-06-02-TeamB-9c845827-99f9-47f4-977d-2200a107a013.parquet,TeamB-9c845827-99f9-47f4-977d-2200a107a013,TeamB,2021-06-02 00:00:00,28.7200224,153.28333333333333,8.173226036499964,919640,91965,1,1.087382019050933e-05,True,,
2021-06-02-TeamB-ab5ec6e5-b0f3-401e-8dc5-aa6c5070e255.parquet,TeamB-ab5ec6e5-b0f3-401e-8dc5-aa6c5070e255,TeamB,2021-06-02 00:00:00,23.1500196,65.98833333333332,2.5994562701999304,395850,39586,0,0.0,True,,
2021-06-02-TeamB-afc13e53-2c77-48cb-8a78-743663bbb84f.parquet,TeamB-afc13e53-2c77-48cb-8a78-743663bbb84f,TeamB,2021-06-02 00:00:00,22.2000192,76.52333333333335,3.2030595334998972,458970,45898,0,0.0,True,,
2021-06-02-TeamB-e4321aef-964a-4fdd-88bd-0bd548b0e93b.parquet,TeamB-e4321aef-964a-4fdd-88bd-0bd548b0e93b,TeamB,2021-06-02 00:00:00,24.250021200000003,77.0233333333333,2.1076380964000254,462065,46207,0,0.0,True,,
2021-06-04-TeamB-2f23d7d5-2326-49ce-b9c8-5a6303f785c5.parquet,TeamB-2f23d7d5-2326-49ce-b9c8-5a6303f785c5,TeamB,2021-06-04 00:00:00,22.5100188,89.34166666666667,3.43414498849992,535745,53575,0,0.0,True,,
2021-06-04-TeamB-4405bb1f-56f7-48ba-bfa8-e795e4006952.parquet,TeamB-4405bb1f-56f7-48ba-bfa8-e795e4006952,TeamB,2021-06-04 00:00:00,24.4100196,16.35666666666669,0.6835002752999685,98050,9806,0,0.0,True,,
2021-06-04-TeamB-4b1e23d2-4204-4e16-9991-e0490649079b.parquet,TeamB-4b1e23d2-4204-4e16-9991-e0490649079b,TeamB,2021-06-04 00:00:00,21.900016800000003,109.63333333333334,4.188651440199973,657705,65771,0,0.0,True,,
2021-06-04-TeamB-789547e7-1325-4153-a98d-5ecd497f3668.parquet,TeamB-789547e7-1325-4153-a98d-5ecd497f3668,TeamB,2021-06-04 00:00:00,15.880014,94.90500000000004,2.7931539263999428,569330,56934,0,0.0,True,,
2021-06-04-TeamB-7d41e602-eece-328b-ff7b-118e820865d6.parquet,TeamB-7d41e602-eece-328b-ff7b-118e820865d6,TeamB,2021-06-04 00:00:00,23.100019200000002,111.58333333333333,3.1626039452998804,669409,66942,0,0.0,True,,
2021-06-04-TeamB-ab5ec6e5-b0f3-401e-8dc5-aa6c5070e255.parquet,TeamB-ab5ec6e5-b0f3-401e-8dc5-aa6c5070e255,TeamB,2021-06-04 00:00:00,26.6400216,95.40500000000004,3.5447909285000416,572350,57236,0,0.0,True,,
2021-06-04-TeamB-afc13e53-2c77-48cb-8a78-743663bbb84f.parquet,TeamB-afc13e53-2c77-48cb-8a78-743663bbb84f,TeamB,2021-06-04 00:00:00,24.790021199999998,104.48666666666662,3.500260887500017,626810,62682,0,0.0,True,,
2021-06-05-TeamB-29c5271b-5c46-455e-91ea-da2abfa8ff3c.parquet,TeamB-29c5271b-5c46-455e-91ea-da2abfa8ff3c,TeamB,2021-06-05 00:00:00,26.9700228,138.94666666666672,6.782689067500081,833600,83361,0,0.0,True,,
2021-06-05-TeamB-2f23d7d5-2326-49ce-b9c8-5a6303f785c5.parquet,TeamB-2f23d7d5-2326-49ce-b9c8-5a6303f785c5,TeamB,2021-06-05 00:00:00,29.0700216,145.35666666666668,10.154307063000061,871920,87193,0,0.0,True,,
2021-06-05-TeamB-4405bb1f-56f7-48ba-bfa8-e795e4006952.parquet,TeamB-4405bb1f-56f7-48ba-bfa8-e795e4006952,TeamB,2021-06-05 00:00:00,27.540021600000003,142.8683333333333,10.373717533099859,857200,85721,1,1.1665888940737283e-05,True,,
2021-06-05-TeamB-4b1e23d2-4204-4e16-9991-e0490649079b.parquet,TeamB-4b1e23d2-4204-4e16-9991-e0490649079b,TeamB,2021-06-05 00:00:00,23.500018800000003,74.5183333333333,3.436269990399982,447090,44710,1,2.2366861258359615e-05,True,,
2021-06-05-TeamB-5eba590a-cecb-400f-a92e-08224c7e2e59.parquet,TeamB-5eba590a-cecb-400f-a92e-08224c7e2e59,TeamB,2021-06-05 00:00:00,26.0300196,147.56833333333344,6.445126018400282,885410,88542,1,1.12942026857614e-05,True,,
2021-06-05-TeamB-70b74270-f655-43cc-a188-1ebc7a828b95.parquet,TeamB-70b74270-f655-43cc-a188-1ebc7a828b95,TeamB,2021-06-05 00:00:00,30.1200228,137.00500000000005,12.013121897099946,821920,82193,0,0.0,True,,
2021-06-05-TeamB-7ab47f4e-6eca-4793-880f-6a0dad3459c3.parquet,TeamB-7ab47f4e-6eca-4793-880f-6a0dad3459c3,TeamB,2021-06-05 00:00:00,24.9500196,129.51999999999995,3.956085408800086,777020,77703,0,0.0,True,,
2021-06-05-TeamB-7d41e602-eece-328b-ff7b-118e820865d6.parquet,TeamB-7d41e602-eece-328b-ff7b-118e820865d6,TeamB,2021-06-05 00:00:00,25.280020800000003,142.38666666666674,7.601427235299994,854320,85433,1,1.1705215844180166e-05,True,,
2021-06-05-TeamB-ab5ec6e5-b0f3-401e-8dc5-aa6c5070e255.parquet,TeamB-ab5ec6e5-b0f3-401e-8dc5-aa6c5070e255,TeamB,2021-06-05 00:00:00,26.9200224,140.48499999999999,8.781567354900089,842910,84292,1,1.1863662787248936e-05,True,,
2021-06-05-TeamB-ab691983-3544-4a0e-8f70-db44d85cb907.parquet,TeamB-ab691983-3544-4a0e-8f70-db44d85cb907,TeamB,2021-06-05 00:00:00,3.2700024,3.5216666666667154,0.0068955613000002275,21080,2109,0,0.0,True,,
2021-06-05-TeamB-afc13e53-2c77-48cb-8a78-743663bbb84f.parquet,TeamB-afc13e53-2c77-48cb-8a78-743663bbb84f,TeamB,2021-06-05 00:00:00,28.6800228,136.12166666666658,10.36737279589999,816720,81673,1,1.2244098344597904e-05,True,,
2021-06-05-TeamB-d9501f3a-aaa1-4311-8b8b-3a8d3f21480f.parquet,TeamB-d9501f3a-aaa1-4311-8b8b-3a8d3f21480f,TeamB,2021-06-05 00:00:00,28.3900212,144.38666666666663,9.876277964499982,866250,86626,0,0.0,True,,
2021-06-05-TeamB-e4321aef-964a-4fdd-88bd-0bd548b0e93b.parquet,TeamB-e4321aef-964a-4fdd-88bd-0bd548b0e93b,TeamB,2021-06-05 00:00:00,28.5200244,154.39333333333332,8.031229253199864,926200,92621,15,0.0001619520621895919,True,,
2021-06-07-TeamB-4b1e23d2-4204-4e16-9991-e0490649079b.parquet,TeamB-4b1e23d2-4204-4e16-9991-e0490649079b,TeamB,2021-06-07 00:00:00,20.6000172,107.44666666666659,5.303693454700073,644685,64469,1,1.55115716324378e-05,True,,
2021-06-07-TeamB-5eba590a-cecb-400f-a92e-08224c7e2e59.parquet,TeamB-5eba590a-cecb-400f-a92e-08224c7e2e59,TeamB,2021-06-07 00:00:00,21.780018,96.48833333333339,4.336999338799946,578760,57877,0,0.0,True,,
2021-06-07-TeamB-789547e7-1325-4153-a98d-5ecd497f3668.parquet,TeamB-789547e7-1325-4153-a98d-5ecd497f3668,TeamB,2021-06-07 00:00:00,16.900012800000002,97.58666666666662,3.8212555986999543,585420,58543,0,0.0,True,,
2021-06-07-TeamB-7ab47f4e-6eca-4793-880f-6a0dad3459c3.parquet,TeamB-7ab47f4e-6eca-4793-880f-6a0dad3459c3,TeamB,2021-06-07 00:00:00,21.620016,104.75999999999998,5.976698708699791,628490,62850,0,0.0,True,,
2021-06-07-TeamB-a7126274-c2d2-4f4e-9b67-35d376aefacc.parquet,TeamB-a7126274-c2d2-4f4e-9b67-35d376aefacc,TeamB,2021-06-07 00:00:00,19.830016800000003,85.4533333333334,3.9388217947996953,512665,51267,0,0.0,True,,
2021-06-07-TeamB-ab5ec6e5-b0f3-401e-8dc5-aa6c5070e255.parquet,TeamB-ab5ec6e5-b0f3-401e-8dc5-aa6c5070e255,TeamB,2021-06-07 00:00:00,20.810016,106.9,4.576885932799838,641319,64133,0,0.0,True,,
2021-06-07-TeamB-afc13e53-2c77-48cb-8a78-743663bbb84f.parquet,TeamB-afc13e53-2c77-48cb-8a78-743663bbb84f,TeamB,2021-06-07 00:00:00,20.000016,99.00666666666669,3.323031570999873,593960,59397,0,0.0,True,,
2021-06-08-TeamB-4b1e23d2-4204-4e16-9991-e0490649079b.parquet,TeamB-4b1e23d2-4204-4e16-9991-e0490649079b,TeamB,2021-06-08 00:00:00,23.7800196,83.98666666666662,2.9127684657001054,503920,50393,1,1.9844419749166535e-05,True,,
2021-06-08-TeamB-5eba590a-cecb-400f-a92e-08224c7e2e59.parquet,TeamB-5eba590a-cecb-400f-a92e-08224c7e2e59,TeamB,2021-06-08 00:00:00,26.6400216,82.70500000000006,4.759829939999978,496100,49611,0,0.0,True,,
2021-06-08-TeamB-7d41e602-eece-328b-ff7b-118e820865d6.parquet,TeamB-7d41e602-eece-328b-ff7b-118e820865d6,TeamB,2021-06-08 00:00:00,29.7200232,99.53666666666662,4.757720237799991,597140,59715,0,0.0,True,,
2021-06-08-TeamB-ab5ec6e5-b0f3-401e-8dc5-aa6c5070e255.parquet,TeamB-ab5ec6e5-b0f3-401e-8dc5-aa6c5070e255,TeamB,2021-06-08 00:00:00,30.1200228,92.50666666666669,4.75946300340009,554930,55494,0,0.0,True,,
2021-06-08-TeamB-e4321aef-964a-4fdd-88bd-0bd548b0e93b.parquet,TeamB-e4321aef-964a-4fdd-88bd-0bd548b0e93b,TeamB,2021-06-08 00:00:00,30.0200256,88.52166666666672,5.0967721707000075,531040,53105,0,0.0,True,,
2021-06-09-TeamB-48bfd4ea-e9e2-45b5-befc-3383cae87fdf.parquet,TeamB-48bfd4ea-e9e2-45b5-befc-3383cae87fdf,TeamB,2021-06-09 00:00:00,26.7500232,111.09000000000002,2.920629590099996,666540,66655,1,1.5002850541602905e-05,True,,
2021-06-09-TeamB-4b1e23d2-4204-4e16-9991-e0490649079b.parquet,TeamB-4b1e23d2-4204-4e16-9991-e0490649079b,TeamB,2021-06-09 00:00:00,23.2800192,123.48666666666662,5.761961319299905,740920,74093,1,1.3496733790422718e-05,True,,
2021-06-09-TeamB-5eba590a-cecb-400f-a92e-08224c7e2e59.parquet,TeamB-5eba590a-cecb-400f-a92e-08224c7e2e59,TeamB,2021-06-09 00:00:00,23.47002,82.95166666666677,2.8364142360997757,497640,49764,1,2.0095251492072423e-05,True,,
2021-06-09-TeamB-a7126274-c2d2-4f4e-9b67-35d376aefacc.parquet,TeamB-a7126274-c2d2-4f4e-9b67-35d376aefacc,TeamB,2021-06-09 00:00:00,23.0300172,91.00666666666669,2.8585150873000855,545950,54596,0,0.0,True,,
2021-06-09-TeamB-ab5ec6e5-b0f3-401e-8dc5-aa6c5070e255.parquet,TeamB-ab5ec6e5-b0f3-401e-8dc5-aa6c5070e255,TeamB,2021-06-09 00:00:00,25.9100208,104.40333333333328,3.6092581969999826,626320,62633,0,0.0,True,,
2021-06-09-TeamB-e4321aef-964a-4fdd-88bd-0bd548b0e93b.parquet,TeamB-e4321aef-964a-4fdd-88bd-0bd548b0e93b,TeamB,2021-06-09 00:00:00,25.4600208,126.17833333333341,3.6105015237000124,756975,75698,0,0.0,True,,
2021-06-10-TeamB-4b1e23d2-4204-4e16-9991-e0490649079b.parquet,TeamB-4b1e23d2-4204-4e16-9991-e0490649079b,TeamB,2021-06-10 00:00:00,25.8000192,138.6666666666668,11.182109565599927,832000,83201,1,1.201923076923077e-05,True,,
2021-06-10-TeamB-7ab47f4e-6eca-4793-880f-6a0dad3459c3.parquet,TeamB-7ab47f4e-6eca-4793-880f-6a0dad3459c3,TeamB,2021-06-10 00:00:00,24.9900192,181.4,12.777219181200024,1088189,108820,0,0.0,True,,
2021-06-12-TeamB-4b1e23d2-4204-4e16-9991-e0490649079b.parquet,TeamB-4b1e23d2-4204-4e16-9991-e0490649079b,TeamB,2021-06-12 00:00:00,21.7300176,101.31500000000003,4.278649563700132,607890,60790,1,1.6450344634720098e-05,True,,
2021-06-12-TeamB-7ab47f4e-6eca-4793-880f-6a0dad3459c3.parquet,TeamB-7ab47f4e-6eca-4793-880f-6a0dad3459c3,TeamB,2021-06-12 00:00:00,24.9700212,107.48666666666662,2.9716240728000956,644780,64479,0,0.0,True,,
2021-06-13-TeamB-7ab47f4e-6eca-4793-880f-6a0dad3459c3.parquet,TeamB-7ab47f4e-6eca-4793-880f-6a0dad3459c3,TeamB,2021-06-13 00:00:00,23.3900172,56.119999999999955,1.544902079999922,336630,33664,0,0.0,True,,
2021-06-14-TeamB-48bfd4ea-e9e2-45b5-befc-3383cae87fdf.parquet,TeamB-48bfd4ea-e9e2-45b5-befc-3383cae87fdf,TeamB,2021-06-14 00:00:00,19.300014,87.71333333333338,2.6530710503000465,526280,52629,1,1.9001292087861974e-05,True,,
2021-06-14-TeamB-4b1e23d2-4204-4e16-9991-e0490649079b.parquet,TeamB-4b1e23d2-4204-4e16-9991-e0490649079b,TeamB,2021-06-14 00:00:00,26.2200204,103.3350000000001,10.388681133500095,620000,62001,1,1.6129032258064517e-05,True,,
2021-06-14-TeamB-5eba590a-cecb-400f-a92e-08224c7e2e59.parquet,TeamB-5eba590a-cecb-400f-a92e-08224c7e2e59,TeamB,2021-06-14 00:00:00,24.020020799999998,86.77000000000001,4.234028699300027,520625,52063,1,1.9207867542545425e-05,True,,
2021-06-14-TeamB-789547e7-1325-4153-a98d-5ecd497f3668.parquet,TeamB-789547e7-1325-4153-a98d-5ecd497f3668,TeamB,2021-06-14 00:00:00,17.6300136,89.91666666666667,2.6122393433000712,539500,53951,1,1.8535681186283596e-05,True,,
2021-06-14-TeamB-7d41e602-eece-328b-ff7b-118e820865d6.parquet,TeamB-7d41e602-eece-328b-ff7b-118e820865d6,TeamB,2021-06-14 00:00:00,26.4500208,93.61999999999995,4.021036584399955,561720,56173,1,1.7802463860998362e-05,True,,
2021-06-14-TeamB-a7126274-c2d2-4f4e-9b67-35d376aefacc.parquet,TeamB-a7126274-c2d2-4f4e-9b67-35d376aefacc,TeamB,2021-06-14 00:00:00,22.950018,78.81499999999997,3.3799546716999602,472805,47281,0,0.0,True,,
2021-06-14-TeamB-ab5ec6e5-b0f3-401e-8dc5-aa6c5070e255.parquet,TeamB-ab5ec6e5-b0f3-401e-8dc5-aa6c5070e255,TeamB,2021-06-14 00:00:00,25.930022400000002,87.03666666666662,3.724425792699986,522210,52222,1,1.9149384347293235e-05,True,,
2021-06-14-TeamB-ab691983-3544-4a0e-8f70-db44d85cb907.parquet,TeamB-ab691983-3544-4a0e-8f70-db44d85cb907,TeamB,2021-06-14 00:00:00,21.800016,47.85666666666669,1.6454480008000967,287050,28706,0,0.0,True,,
2021-06-14-TeamB-afc13e53-2c77-48cb-8a78-743663bbb84f.parquet,TeamB-afc13e53-2c77-48cb-8a78-743663bbb84f,TeamB,2021-06-14 00:00:00,23.4300204,100.47333333333336,4.851815034899985,602760,60277,0,0.0,True,,
2021-06-14-TeamB-e4321aef-964a-4fdd-88bd-0bd548b0e93b.parquet,TeamB-e4321aef-964a-4fdd-88bd-0bd548b0e93b,TeamB,2021-06-14 00:00:00,22.6900188,80.53666666666662,3.8272375423000686,483220,48323,1,2.069450767766235e-05,True,,
2021-06-15-TeamB-48bfd4ea-e9e2-45b5-befc-3383cae87fdf.parquet,TeamB-48bfd4ea-e9e2-45b5-befc-3383cae87fdf,TeamB,2021-06-15 00:00:00,16.1600112,125.85,3.0132024442000884,755100,75511,1,1.3243279035889286e-05,True,,
2021-06-15-TeamB-5eba590a-cecb-400f-a92e-08224c7e2e59.parquet,TeamB-5eba590a-cecb-400f-a92e-08224c7e2e59,TeamB,2021-06-15 00:00:00,25.4600208,111.03833333333338,6.093896016199931,666090,66610,0,0.0,True,,
2021-06-15-TeamB-789547e7-1325-4153-a98d-5ecd497f3668.parquet,TeamB-789547e7-1325-4153-a98d-5ecd497f3668,TeamB,2021-06-15 00:00:00,15.5600136,120.45000000000012,2.9273320885998637,722700,72271,1,1.3837000138370001e-05,True,,
2021-06-15-TeamB-7d41e602-eece-328b-ff7b-118e820865d6.parquet,TeamB-7d41e602-eece-328b-ff7b-118e820865d6,TeamB,2021-06-15 00:00:00,28.360022400000002,124.01999999999995,6.14143467420001,744000,74401,0,0.0,True,,
2021-06-15-TeamB-ab5ec6e5-b0f3-401e-8dc5-aa6c5070e255.parquet,TeamB-ab5ec6e5-b0f3-401e-8dc5-aa6c5070e255,TeamB,2021-06-15 00:00:00,28.1200212,126.15500000000004,6.400672668699976,756800,75681,0,0.0,True,,
2021-06-15-TeamB-ab691983-3544-4a0e-8f70-db44d85cb907.parquet,TeamB-ab691983-3544-4a0e-8f70-db44d85cb907,TeamB,2021-06-15 00:00:00,27.350020800000003,118.49000000000002,5.294170662300096,710820,71083,0,0.0,True,,
2021-06-15-TeamB-afc13e53-2c77-48cb-8a78-743663bbb84f.parquet,TeamB-afc13e53-2c77-48cb-8a78-743663bbb84f,TeamB,2021-06-15 00:00:00,20.810016,87.53833333333333,4.542124498299964,525100,52511,0,0.0,True,,
2021-06-15-TeamB-e4321aef-964a-4fdd-88bd-0bd548b0e93b.parquet,TeamB-e4321aef-964a-4fdd-88bd-0bd548b0e93b,TeamB,2021-06-15 00:00:00,27.1100232,120.7816666666667,6.18045637200011,724685,72469,1,1.3799194127062979e-05,True,,
2021-06-16-TeamB-afc13e53-2c77-48cb-8a78-743663bbb84f.parquet,TeamB-afc13e53-2c77-48cb-8a78-743663bbb84f,TeamB,2021-06-16 00:00:00,25.2600192,114.82166666666672,6.314914816499975,688850,68886,0,0.0,True,,
2021-06-17-TeamB-48bfd4ea-e9e2-45b5-befc-3383cae87fdf.parquet,TeamB-48bfd4ea-e9e2-45b5-befc-3383cae87fdf,TeamB,2021-06-17 00:00:00,25.0200216,112.9066666666667,3.5972159717999235,677330,67734,0,0.0,True,,
2021-06-17-TeamB-5eba590a-cecb-400f-a92e-08224c7e2e59.parquet,TeamB-5eba590a-cecb-400f-a92e-08224c7e2e59,TeamB,2021-06-17 00:00:00,23.8400208,95.01999999999995,5.413296027200014,570010,57002,0,0.0,True,,
2021-06-17-TeamB-789547e7-1325-4153-a98d-5ecd497f3668.parquet,TeamB-789547e7-1325-4153-a98d-5ecd497f3668,TeamB,2021-06-17 00:00:00,21.170016,107.4716666666666,3.3416641081999097,644810,64482,1,1.5508444347947456e-05,True,,
2021-06-17-TeamB-7ab47f4e-6eca-4793-880f-6a0dad3459c3.parquet,TeamB-7ab47f4e-6eca-4793-880f-6a0dad3459c3,TeamB,2021-06-17 00:00:00,21.510018000000002,76.12333333333336,3.5438434095998628,456680,45669,0,0.0,True,,
2021-06-17-TeamB-7d41e602-eece-328b-ff7b-118e820865d6.parquet,TeamB-7d41e602-eece-328b-ff7b-118e820865d6,TeamB,2021-06-17 00:00:00,25.4900196,106.35500000000005,5.901035316200052,638050,63806,0,0.0,True,,
2021-06-17-TeamB-9c845827-99f9-47f4-977d-2200a107a013.parquet,TeamB-9c845827-99f9-47f4-977d-2200a107a013,TeamB,2021-06-17 00:00:00,22.2900192,93.12333333333336,4.40927939040004,558540,55855,0,0.0,True,,
2021-06-17-TeamB-ab5ec6e5-b0f3-401e-8dc5-aa6c5070e255.parquet,TeamB-ab5ec6e5-b0f3-401e-8dc5-aa6c5070e255,TeamB,2021-06-17 00:00:00,26.150022,108.60499999999993,5.773980489999949,651630,65164,1,1.5346132007427526e-05,True,,
2021-06-17-TeamB-e4321aef-964a-4fdd-88bd-0bd548b0e93b.parquet,TeamB-e4321aef-964a-4fdd-88bd-0bd548b0e93b,TeamB,2021-06-17 00:00:00,22.530016800000002,82.33166666666669,4.447233033000144,493989,49400,1,2.0243324763659185e-05,True,,
2021-06-18-TeamB-48bfd4ea-e9e2-45b5-befc-3383cae87fdf.parquet,TeamB-48bfd4ea-e9e2-45b5-befc-3383cae87fdf,TeamB,2021-06-18 00:00:00,24.9600204,67.93333333333334,1.7941683978999918,407605,40761,1,2.4533856722276743e-05,True,,
2021-06-18-TeamB-4b1e23d2-4204-4e16-9991-e0490649079b.parquet,TeamB-4b1e23d2-4204-4e16-9991-e0490649079b,TeamB,2021-06-18 00:00:00,20.970018,42.485000000000035,1.1485539899999968,254910,25492,1,3.922953199168334e-05,True,,
2021-06-18-TeamB-5eba590a-cecb-400f-a92e-08224c7e2e59.parquet,TeamB-5eba590a-cecb-400f-a92e-08224c7e2e59,TeamB,2021-06-18 00:00:00,21.6300168,64.49000000000002,2.4728911727000877,386840,38685,0,0.0,True,,
2021-06-18-TeamB-789547e7-1325-4153-a98d-5ecd497f3668.parquet,TeamB-789547e7-1325-4153-a98d-5ecd497f3668,TeamB,2021-06-18 00:00:00,24.9500196,62.50666666666669,1.9632385274000577,374940,37495,0,0.0,True,,
2021-06-18-TeamB-7ab47f4e-6eca-4793-880f-6a0dad3459c3.parquet,TeamB-7ab47f4e-6eca-4793-880f-6a0dad3459c3,TeamB,2021-06-18 00:00:00,22.080016800000003,44.33666666666668,1.0639053103999823,265980,26599,0,0.0,True,,
2021-06-18-TeamB-7d41e602-eece-328b-ff7b-118e820865d6.parquet,TeamB-7d41e602-eece-328b-ff7b-118e820865d6,TeamB,2021-06-18 00:00:00,21.9900168,66.18499999999997,2.326922999299979,397015,39702,0,0.0,True,,
2021-06-18-TeamB-9c845827-99f9-47f4-977d-2200a107a013.parquet,TeamB-9c845827-99f9-47f4-977d-2200a107a013,TeamB,2021-06-18 00:00:00,22.270017600000003,67.11499999999991,2.9435998773998033,402585,40259,0,0.0,True,,
2021-06-18-TeamB-ab5ec6e5-b0f3-401e-8dc5-aa6c5070e255.parquet,TeamB-ab5ec6e5-b0f3-401e-8dc5-aa6c5070e255,TeamB,2021-06-18 00:00:00,23.290020000000002,62.590000000000025,2.910076525299941,375430,37544,0,0.0,True,,
2021-06-18-TeamB-ab691983-3544-4a0e-8f70-db44d85cb907.parquet,TeamB-ab691983-3544-4a0e-8f70-db44d85cb907,TeamB,2021-06-18 00:00:00,23.92002,32.189999999999785,1.5325742960999982,193119,19313,42,0.0021748135874067936,True,,
2021-06-18-TeamB-afc13e53-2c77-48cb-8a78-743663bbb84f.parquet,TeamB-afc13e53-2c77-48cb-8a78-743663bbb84f,TeamB,2021-06-18 00:00:00,23.850018,87.06166666666662,3.62608154319991,522290,52230,0,0.0,True,,
2021-06-18-TeamB-e4321aef-964a-4fdd-88bd-0bd548b0e93b.parquet,TeamB-e4321aef-964a-4fdd-88bd-0bd548b0e93b,TeamB,2021-06-18 00:00:00,24.130018800000002,62.45,1.5985265776999815,374635,37464,0,0.0,True,,
2021-06-19-TeamB-afc13e53-2c77-48cb-8a78-743663bbb84f.parquet,TeamB-afc13e53-2c77-48cb-8a78-743663bbb84f,TeamB,2021-06-19 00:00:00,25.3700208,103.10500000000005,6.706690961699867,618530,61854,0,0.0,True,,
2021-06-20-TeamB-29c5271b-5c46-455e-91ea-da2abfa8ff3c.parquet,TeamB-29c5271b-5c46-455e-91ea-da2abfa8ff3c,TeamB,2021-06-20 00:00:00,27.980020800000002,120.31500000000003,6.081342128300006,721889,72190,1,1.385252600811758e-05,True,,
2021-06-20-TeamB-2f23d7d5-2326-49ce-b9c8-5a6303f785c5.parquet,TeamB-2f23d7d5-2326-49ce-b9c8-5a6303f785c5,TeamB,2021-06-20 00:00:00,26.580020400000002,124.33666666666662,6.144039961499878,745840,74585,0,0.0,True,,
2021-06-20-TeamB-4405bb1f-56f7-48ba-bfa8-e795e4006952.parquet,TeamB-4405bb1f-56f7-48ba-bfa8-e795e4006952,TeamB,2021-06-20 00:00:00,25.3000188,120.43666666666662,6.4542013184001,722530,72254,0,0.0,True,,
2021-06-20-TeamB-48bfd4ea-e9e2-45b5-befc-3383cae87fdf.parquet,TeamB-48bfd4ea-e9e2-45b5-befc-3383cae87fdf,TeamB,2021-06-20 00:00:00,18.860014800000002,122.61666666666679,4.327959890099953,735700,73571,1,1.3592496941688188e-05,True,,
2021-06-20-TeamB-4b1e23d2-4204-4e16-9991-e0490649079b.parquet,TeamB-4b1e23d2-4204-4e16-9991-e0490649079b,TeamB,2021-06-20 00:00:00,24.1800192,130.06999999999996,7.097802394999854,780310,78032,0,0.0,True,,
2021-06-20-TeamB-5eba590a-cecb-400f-a92e-08224c7e2e59.parquet,TeamB-5eba590a-cecb-400f-a92e-08224c7e2e59,TeamB,2021-06-20 00:00:00,23.950018800000002,117.12833333333329,6.784866294800193,702650,70266,0,0.0,True,,
2021-06-20-TeamB-6d568bee-175f-4dcb-9d3a-0f3e8f35de07.parquet,TeamB-6d568bee-175f-4dcb-9d3a-0f3e8f35de07,TeamB,2021-06-20 00:00:00,23.7300192,121.73833333333339,6.192117224100144,730340,73035,0,0.0,True,,
2021-06-20-TeamB-70b74270-f655-43cc-a188-1ebc7a828b95.parquet,TeamB-70b74270-f655-43cc-a188-1ebc7a828b95,TeamB,2021-06-20 00:00:00,27.2800224,104.44833333333335,6.4363349093999,626330,62634,0,0.0,True,,
2021-06-20-TeamB-789547e7-1325-4153-a98d-5ecd497f3668.parquet,TeamB-789547e7-1325-4153-a98d-5ecd497f3668,TeamB,2021-06-20 00:00:00,19.710014400000002,116.7216666666666,4.134350284000077,700310,70032,1,1.4279390555611086e-05,True,,
2021-06-20-TeamB-7ab47f4e-6eca-4793-880f-6a0dad3459c3.parquet,TeamB-7ab47f4e-6eca-4793-880f-6a0dad3459c3,TeamB,2021-06-20 00:00:00,20.6200152,87.35166666666665,3.101121682000028,524064,52407,0,0.0,True,,
2021-06-20-TeamB-7d41e602-eece-328b-ff7b-118e820865d6.parquet,TeamB-7d41e602-eece-328b-ff7b-118e820865d6,TeamB,2021-06-20 00:00:00,23.7700188,125.69000000000003,7.336492578300052,754060,75407,0,0.0,True,,
2021-06-20-TeamB-a7126274-c2d2-4f4e-9b67-35d376aefacc.parquet,TeamB-a7126274-c2d2-4f4e-9b67-35d376aefacc,TeamB,2021-06-20 00:00:00,27.8100216,125.33833333333327,6.888475558499839,751975,75198,0,0.0,True,,
2021-06-20-TeamB-ab5ec6e5-b0f3-401e-8dc5-aa6c5070e255.parquet,TeamB-ab5ec6e5-b0f3-401e-8dc5-aa6c5070e255,TeamB,2021-06-20 00:00:00,27.5800212,119.17666666666665,7.231869999299894,714985,71499,0,0.0,True,,
2021-06-20-TeamB-ab691983-3544-4a0e-8f70-db44d85cb907.parquet,TeamB-ab691983-3544-4a0e-8f70-db44d85cb907,TeamB,2021-06-20 00:00:00,20.6600148,78.00333333333353,4.2116878463999905,466909,46692,22,0.00047118288321089716,True,,
2021-06-20-TeamB-afc13e53-2c77-48cb-8a78-743663bbb84f.parquet,TeamB-afc13e53-2c77-48cb-8a78-743663bbb84f,TeamB,2021-06-20 00:00:00,28.110024000000003,129.02333333333337,6.897111122100022,774040,77405,0,0.0,True,,
2021-06-20-TeamB-d9501f3a-aaa1-4311-8b8b-3a8d3f21480f.parquet,TeamB-d9501f3a-aaa1-4311-8b8b-3a8d3f21480f,TeamB,2021-06-20 00:00:00,24.520021200000002,123.67666666666665,6.111794644199881,741805,74181,0,0.0,True,,
2021-06-20-TeamB-e4321aef-964a-4fdd-88bd-0bd548b0e93b.parquet,TeamB-e4321aef-964a-4fdd-88bd-0bd548b0e93b,TeamB,2021-06-20 00:00:00,26.690022000000003,109.0283333333334,7.140398256099926,654095,65410,0,0.0,True,,
2021-06-21-TeamB-29c5271b-5c46-455e-91ea-da2abfa8ff3c.parquet,TeamB-29c5271b-5c46-455e-91ea-da2abfa8ff3c,TeamB,2021-06-21 00:00:00,22.3400196,90.65833333333333,3.6522910099998938,543875,54388,0,0.0,True,,
2021-06-21-TeamB-2f23d7d5-2326-49ce-b9c8-5a6303f785c5.parquet,TeamB-2f23d7d5-2326-49ce-b9c8-5a6303f785c5,TeamB,2021-06-21 00:00:00,22.1800176,89.48833333333332,2.7008102308999655,536760,53677,0,0.0,True,,
2021-06-21-TeamB-4405bb1f-56f7-48ba-bfa8-e795e4006952.parquet,TeamB-4405bb1f-56f7-48ba-bfa8-e795e4006952,TeamB,2021-06-21 00:00:00,21.2100156,88.00499999999998,3.545180083500026,527940,52795,0,0.0,True,,
2021-06-21-TeamB-48bfd4ea-e9e2-45b5-befc-3383cae87fdf.parquet,TeamB-48bfd4ea-e9e2-45b5-befc-3383cae87fdf,TeamB,2021-06-21 00:00:00,18.020016000000002,97.10333333333334,2.5656601336001184,582610,58262,1,1.716414067729699e-05,True,,
2021-06-21-TeamB-4b1e23d2-4204-4e16-9991-e0490649079b.parquet,TeamB-4b1e23d2-4204-4e16-9991-e0490649079b,TeamB,2021-06-21 00:00:00,22.1000184,117.47000000000001,5.604688133399851,704720,70473,0,0.0,True,,
2021-06-21-TeamB-5eba590a-cecb-400f-a92e-08224c7e2e59.parquet,TeamB-5eba590a-cecb-400f-a92e-08224c7e2e59,TeamB,2021-06-21 00:00:00,23.2100172,111.20666666666669,4.946527334299898,667154,66716,0,0.0,True,,
2021-06-21-TeamB-6d568bee-175f-4dcb-9d3a-0f3e8f35de07.parquet,TeamB-6d568bee-175f-4dcb-9d3a-0f3e8f35de07,TeamB,2021-06-21 00:00:00,25.290021600000003,97.52666666666664,4.472440834199731,585075,58508,0,0.0,True,,
2021-06-21-TeamB-70b74270-f655-43cc-a188-1ebc7a828b95.parquet,TeamB-70b74270-f655-43cc-a188-1ebc7a828b95,TeamB,2021-06-21 00:00:00,27.840024,88.71666666666673,3.3547088191000967,532115,53212,0,0.0,True,,
2021-06-21-TeamB-789547e7-1325-4153-a98d-5ecd497f3668.parquet,TeamB-789547e7-1325-4153-a98d-5ecd497f3668,TeamB,2021-06-21 00:00:00,17.9900136,90.94000000000003,2.4369667041000667,545550,54556,0,0.0,True,,
2021-06-21-TeamB-7ab47f4e-6eca-4793-880f-6a0dad3459c3.parquet,TeamB-7ab47f4e-6eca-4793-880f-6a0dad3459c3,TeamB,2021-06-21 00:00:00,24.9900192,108.55333333333334,4.799395540899976,651240,65125,0,0.0,True,,
2021-06-21-TeamB-7d41e602-eece-328b-ff7b-118e820865d6.parquet,TeamB-7d41e602-eece-328b-ff7b-118e820865d6,TeamB,2021-06-21 00:00:00,21.870018,63.49000000000002,2.7070285757999146,380860,38087,0,0.0,True,,
2021-06-21-TeamB-9c845827-99f9-47f4-977d-2200a107a013.parquet,TeamB-9c845827-99f9-47f4-977d-2200a107a013,TeamB,2021-06-21 00:00:00,21.0700152,89.10499999999999,2.587481811200117,534540,53455,0,0.0,True,,
2021-06-21-TeamB-a7126274-c2d2-4f4e-9b67-35d376aefacc.parquet,TeamB-a7126274-c2d2-4f4e-9b67-35d376aefacc,TeamB,2021-06-21 00:00:00,21.5600184,71.09000000000002,3.2845109910001304,426450,42646,0,0.0,True,,
2021-06-21-TeamB-ab5ec6e5-b0f3-401e-8dc5-aa6c5070e255.parquet,TeamB-ab5ec6e5-b0f3-401e-8dc5-aa6c5070e255,TeamB,2021-06-21 00:00:00,27.6500232,95.0,3.5811601136000566,569909,56992,0,0.0,True,,
2021-06-21-TeamB-ab691983-3544-4a0e-8f70-db44d85cb907.parquet,TeamB-ab691983-3544-4a0e-8f70-db44d85cb907,TeamB,2021-06-21 00:00:00,23.680018800000003,18.891666666666666,0.9192749089999827,113309,11332,0,0.0,True,,
2021-06-21-TeamB-afc13e53-2c77-48cb-8a78-743663bbb84f.parquet,TeamB-afc13e53-2c77-48cb-8a78-743663bbb84f,TeamB,2021-06-21 00:00:00,23.38002,90.45333333333329,3.9104892756999194,542720,54273,1,1.842570754716981e-05,True,,
2021-06-21-TeamB-d9501f3a-aaa1-4311-8b8b-3a8d3f21480f.parquet,TeamB-d9501f3a-aaa1-4311-8b8b-3a8d3f21480f,TeamB,2021-06-21 00:00:00,20.940015600000002,97.32333333333335,3.283272386799817,583885,58389,0,0.0,True,,
2021-06-21-TeamB-e4321aef-964a-4fdd-88bd-0bd548b0e93b.parquet,TeamB-e4321aef-964a-4fdd-88bd-0bd548b0e93b,TeamB,2021-06-21 00:00:00,23.2500204,90.35499999999999,4.476270005100025,542060,54207,0,0.0,True,,
2021-06-22-TeamB-29c5271b-5c46-455e-91ea-da2abfa8ff3c.parquet,TeamB-29c5271b-5c46-455e-91ea-da2abfa8ff3c,TeamB,2021-06-22 00:00:00,26.0400204,131.53833333333338,7.066397079100195,789060,78907,0,0.0,True,,
2021-06-22-TeamB-2f23d7d5-2326-49ce-b9c8-5a6303f785c5.parquet,TeamB-2f23d7d5-2326-49ce-b9c8-5a6303f785c5,TeamB,2021-06-22 00:00:00,28.4800212,175.90166666666653,11.555774048399963,1055165,105517,1,9.477235679896888e-06,True,,
2021-06-22-TeamB-4405bb1f-56f7-48ba-bfa8-e795e4006952.parquet,TeamB-4405bb1f-56f7-48ba-bfa8-e795e4006952,TeamB,2021-06-22 00:00:00,28.710021599999997,122.78833333333326,10.374958628799785,736645,73665,0,0.0,True,,
2021-06-22-TeamB-48bfd4ea-e9e2-45b5-befc-3383cae87fdf.parquet,TeamB-48bfd4ea-e9e2-45b5-befc-3383cae87fdf,TeamB,2021-06-22 00:00:00,25.2600192,118.55666666666669,6.1977208353999576,711230,71124,0,0.0,True,,
2021-06-22-TeamB-4b1e23d2-4204-4e16-9991-e0490649079b.parquet,TeamB-4b1e23d2-4204-4e16-9991-e0490649079b,TeamB,2021-06-22 00:00:00,25.7600196,70.86333333333339,5.474996623199734,425070,42508,0,0.0,True,,
2021-06-22-TeamB-5eba590a-cecb-400f-a92e-08224c7e2e59.parquet,TeamB-5eba590a-cecb-400f-a92e-08224c7e2e59,TeamB,2021-06-22 00:00:00,25.160018400000002,175.01999999999995,8.665017262799894,1050010,105002,0,0.0,True,,
2021-06-22-TeamB-70b74270-f655-43cc-a188-1ebc7a828b95.parquet,TeamB-70b74270-f655-43cc-a188-1ebc7a828b95,TeamB,2021-06-22 00:00:00,28.670022,118.53833333333338,11.479695351200103,710990,71100,0,0.0,True,,
2021-06-22-TeamB-7ab47f4e-6eca-4793-880f-6a0dad3459c3.parquet,TeamB-7ab47f4e-6eca-4793-880f-6a0dad3459c3,TeamB,2021-06-22 00:00:00,24.9700212,136.84000000000003,2.693636060999855,820970,82098,0,0.0,True,,
2021-06-22-TeamB-7d41e602-eece-328b-ff7b-118e820865d6.parquet,TeamB-7d41e602-eece-328b-ff7b-118e820865d6,TeamB,2021-06-22 00:00:00,24.530018400000003,175.83833333333325,8.375901479300106,1055030,105504,1,9.478403457721582e-06,True,,
2021-06-22-TeamB-9c845827-99f9-47f4-977d-2200a107a013.parquet,TeamB-9c845827-99f9-47f4-977d-2200a107a013,TeamB,2021-06-22 00:00:00,23.56002,146.01500000000001,9.096010938000065,876005,87601,0,0.0,True,,
2021-06-22-TeamB-ab5ec6e5-b0f3-401e-8dc5-aa6c5070e255.parquet,TeamB-ab5ec6e5-b0f3-401e-8dc5-aa6c5070e255,TeamB,2021-06-22 00:00:00,28.3200228,173.46999999999994,9.33162501369995,1040730,104074,0,0.0,True,,
2021-06-22-TeamB-ab691983-3544-4a0e-8f70-db44d85cb907.parquet,TeamB-ab691983-3544-4a0e-8f70-db44d85cb907,TeamB,2021-06-22 00:00:00,27.9000216,161.31666666666678,11.555613761200371,967865,96787,0,0.0,True,,
2021-06-22-TeamB-afc13e53-2c77-48cb-8a78-743663bbb84f.parquet,TeamB-afc13e53-2c77-48cb-8a78-743663bbb84f,TeamB,2021-06-22 00:00:00,26.770021200000002,203.87166666666673,6.301422042700074,1223160,122317,0,0.0,False,duration_over_200_min,
2021-06-22-TeamB-afc13e53-2c77-48cb-8a78-743663bbb84f.parquet,TeamB-afc13e53-2c77-48cb-8a78-743663bbb84f,TeamB,2021-06-22 00:00:00,29.0900232,124.39833333333348,9.94074050269961,746390,74640,1,1.3397821514221788e-05,True,,
2021-06-22-TeamB-d9501f3a-aaa1-4311-8b8b-3a8d3f21480f.parquet,TeamB-d9501f3a-aaa1-4311-8b8b-3a8d3f21480f,TeamB,2021-06-22 00:00:00,26.89002,117.4,6.340922043599975,704345,70435,0,0.0,True,,
2021-06-22-TeamB-e4321aef-964a-4fdd-88bd-0bd548b0e93b.parquet,TeamB-e4321aef-964a-4fdd-88bd-0bd548b0e93b,TeamB,2021-06-22 00:00:00,28.760022000000003,58.4899999999999,5.852302771000153,350850,35086,0,0.0,True,,
2021-06-23-TeamB-29c5271b-5c46-455e-91ea-da2abfa8ff3c.parquet,TeamB-29c5271b-5c46-455e-91ea-da2abfa8ff3c,TeamB,2021-06-23 00:00:00,17.6100156,134.0683333333333,1.0220738820999804,804390,80440,1,1.2431780603935901e-05,True,,
2021-06-23-TeamB-48bfd4ea-e9e2-45b5-befc-3383cae87fdf.parquet,TeamB-48bfd4ea-e9e2-45b5-befc-3383cae87fdf,TeamB,2021-06-23 00:00:00,20.6200152,101.29833333333336,2.405127222300006,607749,60776,1,1.6454134101192924e-05,True,,
2021-06-23-TeamB-4b1e23d2-4204-4e16-9991-e0490649079b.parquet,TeamB-4b1e23d2-4204-4e16-9991-e0490649079b,TeamB,2021-06-23 00:00:00,19.7700156,99.48166666666681,4.520146441600034,596900,59691,1,1.6753224995811692e-05,True,,
2021-06-23-TeamB-5eba590a-cecb-400f-a92e-08224c7e2e59.parquet,TeamB-5eba590a-cecb-400f-a92e-08224c7e2e59,TeamB,2021-06-23 00:00:00,21.3600168,117.40500000000004,4.745842170200055,704330,70434,0,0.0,True,,
2021-06-23-TeamB-6d568bee-175f-4dcb-9d3a-0f3e8f35de07.parquet,TeamB-6d568bee-175f-4dcb-9d3a-0f3e8f35de07,TeamB,2021-06-23 00:00:00,20.8900152,87.2100000000001,4.381785202600082,520930,52094,15,0.0002879465571189987,True,,
2021-06-23-TeamB-70b74270-f655-43cc-a188-1ebc7a828b95.parquet,TeamB-70b74270-f655-43cc-a188-1ebc7a828b95,TeamB,2021-06-23 00:00:00,13.4600112,83.0,2.810871150000021,497875,49788,0,0.0,True,,
2021-06-23-TeamB-789547e7-1325-4153-a98d-5ecd497f3668.parquet,TeamB-789547e7-1325-4153-a98d-5ecd497f3668,TeamB,2021-06-23 00:00:00,21.0200184,87.87166666666671,2.525345665800007,527130,52714,0,0.0,True,,
2021-06-23-TeamB-7ab47f4e-6eca-4793-880f-6a0dad3459c3.parquet,TeamB-7ab47f4e-6eca-4793-880f-6a0dad3459c3,TeamB,2021-06-23 00:00:00,22.6400184,118.42166666666671,5.8087577491000815,710460,71047,0,0.0,True,,
2021-06-23-TeamB-7d41e602-eece-328b-ff7b-118e820865d6.parquet,TeamB-7d41e602-eece-328b-ff7b-118e820865d6,TeamB,2021-06-23 00:00:00,20.3700168,121.87166666666671,3.303927675200011,731145,73115,0,0.0,True,,
2021-06-23-TeamB-a7126274-c2d2-4f4e-9b67-35d376aefacc.parquet,TeamB-a7126274-c2d2-4f4e-9b67-35d376aefacc,TeamB,2021-06-23 00:00:00,16.1900136,117.99000000000002,2.5541465175000795,707880,70789,0,0.0,True,,
2021-06-23-TeamB-ab5ec6e5-b0f3-401e-8dc5-aa6c5070e255.parquet,TeamB-ab5ec6e5-b0f3-401e-8dc5-aa6c5070e255,TeamB,2021-06-23 00:00:00,18.3900132,54.403333333333286,1.1553273283999015,326330,32634,0,0.0,True,,
2021-06-23-TeamB-afc13e53-2c77-48cb-8a78-743663bbb84f.parquet,TeamB-afc13e53-2c77-48cb-8a78-743663bbb84f,TeamB,2021-06-23 00:00:00,19.900015200000002,71.82166666666672,3.0674363748999656,430850,43086,0,0.0,True,,
2021-06-23-TeamB-afc13e53-2c77-48cb-8a78-743663bbb84f.parquet,TeamB-afc13e53-2c77-48cb-8a78-743663bbb84f,TeamB,2021-06-23 00:00:00,18.760014,70.33166666666669,1.3066441177999328,421995,42200,1,2.3697244010521577e-05,True,,
2021-06-23-TeamB-d9501f3a-aaa1-4311-8b8b-3a8d3f21480f.parquet,TeamB-d9501f3a-aaa1-4311-8b8b-3a8d3f21480f,TeamB,2021-06-23 00:00:00,17.830015200000002,95.85,0.8067159307000598,575039,57505,0,0.0,True,,
2021-06-23-TeamB-e4321aef-964a-4fdd-88bd-0bd548b0e93b.parquet,TeamB-e4321aef-964a-4fdd-88bd-0bd548b0e93b,TeamB,2021-06-23 00:00:00,18.5400144,106.99000000000002,2.6336560158001534,641870,64188,0,0.0,True,,
2021-06-24-TeamB-afc13e53-2c77-48cb-8a78-743663bbb84f.parquet,TeamB-afc13e53-2c77-48cb-8a78-743663bbb84f,TeamB,2021-06-24 00:00:00,23.2400196,81.37166666666671,3.821830588800135,488160,48817,0,0.0,True,,
2021-06-25-TeamB-29c5271b-5c46-455e-91ea-da2abfa8ff3c.parquet,TeamB-29c5271b-5c46-455e-91ea-da2abfa8ff3c,TeamB,2021-06-25 00:00:00,25.5100212,102.02000000000007,3.8735789529999964,612120,61213,1,1.6336666013200025e-05,True,,
2021-06-25-TeamB-2f23d7d5-2326-49ce-b9c8-5a6303f785c5.parquet,TeamB-2f23d7d5-2326-49ce-b9c8-5a6303f785c5,TeamB,2021-06-25 00:00:00,19.300014,89.37333333333336,2.3626310897000193,536080,53609,0,0.0,True,,
2021-06-25-TeamB-4405bb1f-56f7-48ba-bfa8-e795e4006952.parquet,TeamB-4405bb1f-56f7-48ba-bfa8-e795e4006952,TeamB,2021-06-25 00:00:00,22.8700188,83.48833333333339,3.4583603053000953,500840,50085,0,0.0,True,,
2021-06-25-TeamB-48bfd4ea-e9e2-45b5-befc-3383cae87fdf.parquet,TeamB-48bfd4ea-e9e2-45b5-befc-3383cae87fdf,TeamB,2021-06-25 00:00:00,17.5400136,87.70000000000012,2.4208416776000163,526200,52621,1,1.9004180919802356e-05,True,,
2021-06-25-TeamB-4b1e23d2-4204-4e16-9991-e0490649079b.parquet,TeamB-4b1e23d2-4204-4e16-9991-e0490649079b,TeamB,2021-06-25 00:00:00,23.0100192,96.9850000000001,4.106498594000119,581900,58191,1,1.7185083347654237e-05,True,,
2021-06-25-TeamB-5eba590a-cecb-400f-a92e-08224c7e2e59.parquet,TeamB-5eba590a-cecb-400f-a92e-08224c7e2e59,TeamB,2021-06-25 00:00:00,22.320018,96.83333333333333,4.062550227099896,581000,58101,1,1.721170395869191e-05,True,,
2021-06-25-TeamB-6d568bee-175f-4dcb-9d3a-0f3e8f35de07.parquet,TeamB-6d568bee-175f-4dcb-9d3a-0f3e8f35de07,TeamB,2021-06-25 00:00:00,23.0900184,107.97666666666665,4.3160496025000405,647785,64779,0,0.0,True,,
2021-06-25-TeamB-70b74270-f655-43cc-a188-1ebc7a828b95.parquet,TeamB-70b74270-f655-43cc-a188-1ebc7a828b95,TeamB,2021-06-25 00:00:00,28.650024,84.56999999999995,3.507688111900197,507310,50732,1,1.971181328970452e-05,True,,
2021-06-25-TeamB-789547e7-1325-4153-a98d-5ecd497f3668.parquet,TeamB-789547e7-1325-4153-a98d-5ecd497f3668,TeamB,2021-06-25 00:00:00,21.8100168,85.03666666666673,2.625891847799911,510225,51023,1,1.9599388499078827e-05,True,,
2021-06-25-TeamB-7ab47f4e-6eca-4793-880f-6a0dad3459c3.parquet,TeamB-7ab47f4e-6eca-4793-880f-6a0dad3459c3,TeamB,2021-06-25 00:00:00,23.7700188,109.03666666666662,5.2472561878998345,654140,65415,0,0.0,True,,
2021-06-25-TeamB-7d41e602-eece-328b-ff7b-118e820865d6.parquet,TeamB-7d41e602-eece-328b-ff7b-118e820865d6,TeamB,2021-06-25 00:00:00,21.6700164,139.86666666666667,3.9432937432999733,839200,83921,1,1.1916110581506196e-05,True,,
2021-06-25-TeamB-9c845827-99f9-47f4-977d-2200a107a013.parquet,TeamB-9c845827-99f9-47f4-977d-2200a107a013,TeamB,2021-06-25 00:00:00,23.0300172,38.85500000000005,1.274558812599966,233040,23305,0,0.0,True,,
2021-06-25-TeamB-a7126274-c2d2-4f4e-9b67-35d376aefacc.parquet,TeamB-a7126274-c2d2-4f4e-9b67-35d376aefacc,TeamB,2021-06-25 00:00:00,21.1900176,81.70500000000006,2.3297055029999485,490110,49012,0,0.0,True,,
2021-06-25-TeamB-ab5ec6e5-b0f3-401e-8dc5-aa6c5070e255.parquet,TeamB-ab5ec6e5-b0f3-401e-8dc5-aa6c5070e255,TeamB,2021-06-25 00:00:00,26.9000208,94.95333333333329,3.241541230300154,569720,56973,1,1.7552481920943622e-05,True,,
2021-06-25-TeamB-ab691983-3544-4a0e-8f70-db44d85cb907.parquet,TeamB-ab691983-3544-4a0e-8f70-db44d85cb907,TeamB,2021-06-25 00:00:00,22.3600176,92.675,2.914284026100188,556025,55603,0,0.0,True,,
2021-06-25-TeamB-afc13e53-2c77-48cb-8a78-743663bbb84f.parquet,TeamB-afc13e53-2c77-48cb-8a78-743663bbb84f,TeamB,2021-06-25 00:00:00,25.6000212,61.98833333333338,2.6745243781999735,371810,37182,0,0.0,True,,
2021-06-25-TeamB-afc13e53-2c77-48cb-8a78-743663bbb84f.parquet,TeamB-afc13e53-2c77-48cb-8a78-743663bbb84f,TeamB,2021-06-25 00:00:00,25.240021199999997,93.65,4.135647793499909,561900,56191,1,1.779676098949991e-05,True,,
2021-06-25-TeamB-d9501f3a-aaa1-4311-8b8b-3a8d3f21480f.parquet,TeamB-d9501f3a-aaa1-4311-8b8b-3a8d3f21480f,TeamB,2021-06-25 00:00:00,24.700021200000002,81.83499999999998,3.266947925900142,490955,49096,0,0.0,True,,
2021-06-25-TeamB-e4321aef-964a-4fdd-88bd-0bd548b0e93b.parquet,TeamB-e4321aef-964a-4fdd-88bd-0bd548b0e93b,TeamB,2021-06-25 00:00:00,25.5900204,94.95833333333333,3.168593675100057,569655,56966,0,0.0,True,,
2021-06-26-TeamB-29c5271b-5c46-455e-91ea-da2abfa8ff3c.parquet,TeamB-29c5271b-5c46-455e-91ea-da2abfa8ff3c,TeamB,2021-06-26 00:00:00,29.950023600000005,135.16833333333332,10.310441639200148,810935,81094,0,0.0,True,,
2021-06-26-TeamB-2f23d7d5-2326-49ce-b9c8-5a6303f785c5.parquet,TeamB-2f23d7d5-2326-49ce-b9c8-5a6303f785c5,TeamB,2021-06-26 00:00:00,28.1900232,130.46166666666673,10.506880972000094,782535,78253,0,0.0,True,,
2021-06-26-TeamB-4405bb1f-56f7-48ba-bfa8-e795e4006952.parquet,TeamB-4405bb1f-56f7-48ba-bfa8-e795e4006952,TeamB,2021-06-26 00:00:00,25.160018400000002,62.005000000000045,5.138952196399922,371920,37193,0,0.0,True,,
2021-06-26-TeamB-48bfd4ea-e9e2-45b5-befc-3383cae87fdf.parquet,TeamB-48bfd4ea-e9e2-45b5-befc-3383cae87fdf,TeamB,2021-06-26 00:00:00,21.0900168,123.40500000000004,6.251906712800076,740320,74033,0,0.0,True,,
2021-06-26-TeamB-4b1e23d2-4204-4e16-9991-e0490649079b.parquet,TeamB-4b1e23d2-4204-4e16-9991-e0490649079b,TeamB,2021-06-26 00:00:00,25.4900196,114.00500000000005,7.9273486082999085,683920,68393,0,0.0,True,,
2021-06-26-TeamB-5eba590a-cecb-400f-a92e-08224c7e2e59.parquet,TeamB-5eba590a-cecb-400f-a92e-08224c7e2e59,TeamB,2021-06-26 00:00:00,25.5600216,174.12000000000006,9.241930493699886,1044625,104463,0,0.0,True,,
2021-06-26-TeamB-70b74270-f655-43cc-a188-1ebc7a828b95.parquet,TeamB-70b74270-f655-43cc-a188-1ebc7a828b95,TeamB,2021-06-26 00:00:00,28.180022400000002,52.47333333333336,4.974160945600008,314710,31472,0,0.0,True,,
2021-06-26-TeamB-7ab47f4e-6eca-4793-880f-6a0dad3459c3.parquet,TeamB-7ab47f4e-6eca-4793-880f-6a0dad3459c3,TeamB,2021-06-26 00:00:00,27.2600208,192.92333333333335,5.340689307599843,1157465,115747,0,0.0,True,,
2021-06-26-TeamB-7d41e602-eece-328b-ff7b-118e820865d6.parquet,TeamB-7d41e602-eece-328b-ff7b-118e820865d6,TeamB,2021-06-26 00:00:00,26.1600192,185.14000000000001,8.133366830899918,1110750,111076,0,0.0,True,,
2021-06-26-TeamB-9c845827-99f9-47f4-977d-2200a107a013.parquet,TeamB-9c845827-99f9-47f4-977d-2200a107a013,TeamB,2021-06-26 00:00:00,26.80002,135.14333333333332,10.074278387299977,810775,81078,1,1.2333954142358498e-05,True,,
2021-06-26-TeamB-a7126274-c2d2-4f4e-9b67-35d376aefacc.parquet,TeamB-a7126274-c2d2-4f4e-9b67-35d376aefacc,TeamB,2021-06-26 00:00:00,26.98002,154.44000000000003,4.165106703300044,926525,92653,0,0.0,True,,
2021-06-26-TeamB-ab5ec6e5-b0f3-401e-8dc5-aa6c5070e255.parquet,TeamB-ab5ec6e5-b0f3-401e-8dc5-aa6c5070e255,TeamB,2021-06-26 00:00:00,30.490023599999997,130.39000000000001,10.426518953900098,782230,78224,0,0.0,True,,
2021-06-26-TeamB-ab691983-3544-4a0e-8f70-db44d85cb907.parquet,TeamB-ab691983-3544-4a0e-8f70-db44d85cb907,TeamB,2021-06-26 00:00:00,24.9400188,53.18833333333338,4.836173342400083,319100,31911,0,0.0,True,,
2021-06-26-TeamB-afc13e53-2c77-48cb-8a78-743663bbb84f.parquet,TeamB-afc13e53-2c77-48cb-8a78-743663bbb84f,TeamB,2021-06-26 00:00:00,29.560024800000004,128.65166666666664,6.691327896900033,771865,77187,0,0.0,True,,
2021-06-26-TeamB-d9501f3a-aaa1-4311-8b8b-3a8d3f21480f.parquet,TeamB-d9501f3a-aaa1-4311-8b8b-3a8d3f21480f,TeamB,2021-06-26 00:00:00,28.6300224,68.53833333333338,5.420020467800089,411170,41118,0,0.0,True,,
2021-06-26-TeamB-e4321aef-964a-4fdd-88bd-0bd548b0e93b.parquet,TeamB-e4321aef-964a-4fdd-88bd-0bd548b0e93b,TeamB,2021-06-26 00:00:00,29.220022800000002,128.38833333333338,11.321691888900048,770260,77027,0,0.0,True,,
2021-06-27-TeamB-4405bb1f-56f7-48ba-bfa8-e795e4006952.parquet,TeamB-4405bb1f-56f7-48ba-bfa8-e795e4006952,TeamB,2021-06-27 00:00:00,23.3500176,71.38166666666669,3.2250725999999976,428279,42829,1,2.3349210796675074e-05,True,,
2021-06-27-TeamB-48bfd4ea-e9e2-45b5-befc-3383cae87fdf.parquet,TeamB-48bfd4ea-e9e2-45b5-befc-3383cae87fdf,TeamB,2021-06-27 00:00:00,22.8000168,96.47000000000001,2.8188425621997704,578690,57870,0,0.0,True,,
2021-06-27-TeamB-5eba590a-cecb-400f-a92e-08224c7e2e59.parquet,TeamB-5eba590a-cecb-400f-a92e-08224c7e2e59,TeamB,2021-06-27 00:00:00,23.7900204,92.42166666666665,4.770484123099909,554430,55444,0,0.0,True,,
2021-06-27-TeamB-6d568bee-175f-4dcb-9d3a-0f3e8f35de07.parquet,TeamB-6d568bee-175f-4dcb-9d3a-0f3e8f35de07,TeamB,2021-06-27 00:00:00,22.8200184,90.00499999999998,4.536468662399924,539940,53995,0,0.0,True,,
2021-06-27-TeamB-70b74270-f655-43cc-a188-1ebc7a828b95.parquet,TeamB-70b74270-f655-43cc-a188-1ebc7a828b95,TeamB,2021-06-27 00:00:00,24.55002,84.9066666666667,3.858759785099786,509320,50933,0,0.0,True,,
2021-06-27-TeamB-789547e7-1325-4153-a98d-5ecd497f3668.parquet,TeamB-789547e7-1325-4153-a98d-5ecd497f3668,TeamB,2021-06-27 00:00:00,20.360016,81.58833333333332,2.9857338070000177,489430,48944,0,0.0,True,,
2021-06-27-TeamB-7ab47f4e-6eca-4793-880f-6a0dad3459c3.parquet,TeamB-7ab47f4e-6eca-4793-880f-6a0dad3459c3,TeamB,2021-06-27 00:00:00,22.7900196,68.05499999999999,3.806615293600042,408280,40829,0,0.0,True,,
2021-06-27-TeamB-7d41e602-eece-328b-ff7b-118e820865d6.parquet,TeamB-7d41e602-eece-328b-ff7b-118e820865d6,TeamB,2021-06-27 00:00:00,18.670014000000002,89.39833333333335,0.6611196999999577,536300,53631,0,0.0,True,,
2021-06-27-TeamB-a7126274-c2d2-4f4e-9b67-35d376aefacc.parquet,TeamB-a7126274-c2d2-4f4e-9b67-35d376aefacc,TeamB,2021-06-27 00:00:00,16.1800128,20.059999999999977,0.7060855730999808,120255,12026,0,0.0,True,,
2021-06-27-TeamB-ab5ec6e5-b0f3-401e-8dc5-aa6c5070e255.parquet,TeamB-ab5ec6e5-b0f3-401e-8dc5-aa6c5070e255,TeamB,2021-06-27 00:00:00,15.760011599999999,61.053333333333285,2.33749132919999,366330,36634,1,2.729779160865886e-05,True,,
2021-06-27-TeamB-ab691983-3544-4a0e-8f70-db44d85cb907.parquet,TeamB-ab691983-3544-4a0e-8f70-db44d85cb907,TeamB,2021-06-27 00:00:00,24.4500192,98.97333333333336,3.4422213879001364,593800,59381,0,0.0,True,,
2021-06-27-TeamB-afc13e53-2c77-48cb-8a78-743663bbb84f.parquet,TeamB-afc13e53-2c77-48cb-8a78-743663bbb84f,TeamB,2021-06-27 00:00:00,14.010012,49.033333333333395,2.3622219037000813,294210,29422,1,3.398932735121172e-05,True,,
2021-06-27-TeamB-d9501f3a-aaa1-4311-8b8b-3a8d3f21480f.parquet,TeamB-d9501f3a-aaa1-4311-8b8b-3a8d3f21480f,TeamB,2021-06-27 00:00:00,23.8000176,99.00833333333334,3.9861176697999303,594004,59401,0,0.0,True,,
2021-06-28-TeamB-afc13e53-2c77-48cb-8a78-743663bbb84f.parquet,TeamB-afc13e53-2c77-48cb-8a78-743663bbb84f,TeamB,2021-06-28 00:00:00,19.2300156,81.54000000000002,3.5213070115999723,489170,48918,0,0.0,True,,
2021-06-29-TeamB-29c5271b-5c46-455e-91ea-da2abfa8ff3c.parquet,TeamB-29c5271b-5c46-455e-91ea-da2abfa8ff3c,TeamB,2021-06-29 00:00:00,24.900019200000003,78.75833333333334,2.563816519100003,472465,47247,0,0.0,True,,
2021-06-29-TeamB-2f23d7d5-2326-49ce-b9c8-5a6303f785c5.parquet,TeamB-2f23d7d5-2326-49ce-b9c8-5a6303f785c5,TeamB,2021-06-29 00:00:00,21.080016,102.97333333333336,2.730654711399987,617650,61766,0,0.0,True,,
2021-06-29-TeamB-4405bb1f-56f7-48ba-bfa8-e795e4006952.parquet,TeamB-4405bb1f-56f7-48ba-bfa8-e795e4006952,TeamB,2021-06-29 00:00:00,21.2800176,83.40500000000004,3.315581850500146,500330,50034,0,0.0,True,,
2021-06-29-TeamB-48bfd4ea-e9e2-45b5-befc-3383cae87fdf.parquet,TeamB-48bfd4ea-e9e2-45b5-befc-3383cae87fdf,TeamB,2021-06-29 00:00:00,18.8100144,101.43833333333338,2.6423107363000056,608440,60845,0,0.0,True,,
2021-06-29-TeamB-5eba590a-cecb-400f-a92e-08224c7e2e59.parquet,TeamB-5eba590a-cecb-400f-a92e-08224c7e2e59,TeamB,2021-06-29 00:00:00,22.270017600000003,99.50666666666669,4.028630200300039,596940,59695,0,0.0,True,,
2021-06-29-TeamB-6d568bee-175f-4dcb-9d3a-0f3e8f35de07.parquet,TeamB-6d568bee-175f-4dcb-9d3a-0f3e8f35de07,TeamB,2021-06-29 00:00:00,23.850018,109.52333333333335,4.685892941700069,657050,65706,0,0.0,True,,
2021-06-29-TeamB-70b74270-f655-43cc-a188-1ebc7a828b95.parquet,TeamB-70b74270-f655-43cc-a188-1ebc7a828b95,TeamB,2021-06-29 00:00:00,26.1900216,90.91500000000002,3.497212822700063,545260,54527,0,0.0,True,,
2021-06-29-TeamB-789547e7-1325-4153-a98d-5ecd497f3668.parquet,TeamB-789547e7-1325-4153-a98d-5ecd497f3668,TeamB,2021-06-29 00:00:00,17.9000136,92.01166666666661,3.2607198632999803,551660,55167,22,0.00039879636007685894,True,,
2021-06-29-TeamB-7ab47f4e-6eca-4793-880f-6a0dad3459c3.parquet,TeamB-7ab47f4e-6eca-4793-880f-6a0dad3459c3,TeamB,2021-06-29 00:00:00,25.3200204,105.85333333333328,5.20487949329995,635040,63505,0,0.0,True,,
2021-06-29-TeamB-7d41e602-eece-328b-ff7b-118e820865d6.parquet,TeamB-7d41e602-eece-328b-ff7b-118e820865d6,TeamB,2021-06-29 00:00:00,22.1200164,99.03666666666662,3.336408803400028,594130,59414,0,0.0,True,,
2021-06-29-TeamB-9c845827-99f9-47f4-977d-2200a107a013.parquet,TeamB-9c845827-99f9-47f4-977d-2200a107a013,TeamB,2021-06-29 00:00:00,19.5400152,97.00499999999992,2.314791319200215,582020,58203,1,1.7181540153259337e-05,True,,
2021-06-29-TeamB-a7126274-c2d2-4f4e-9b67-35d376aefacc.parquet,TeamB-a7126274-c2d2-4f4e-9b67-35d376aefacc,TeamB,2021-06-29 00:00:00,22.6900188,37.45,1.526753179799949,224635,22464,0,0.0,True,,
2021-06-29-TeamB-ab5ec6e5-b0f3-401e-8dc5-aa6c5070e255.parquet,TeamB-ab5ec6e5-b0f3-401e-8dc5-aa6c5070e255,TeamB,2021-06-29 00:00:00,26.7400224,92.9066666666667,3.248505691700003,557350,55736,0,0.0,True,,
2021-06-29-TeamB-ab691983-3544-4a0e-8f70-db44d85cb907.parquet,TeamB-ab691983-3544-4a0e-8f70-db44d85cb907,TeamB,2021-06-29 00:00:00,23.7000204,103.14000000000003,3.321544073600045,618790,61880,0,0.0,True,,
2021-06-29-TeamB-afc13e53-2c77-48cb-8a78-743663bbb84f.parquet,TeamB-afc13e53-2c77-48cb-8a78-743663bbb84f,TeamB,2021-06-29 00:00:00,25.050020399999998,89.97333333333336,4.141881131400041,539730,53974,0,0.0,True,,
2021-06-29-TeamB-afc13e53-2c77-48cb-8a78-743663bbb84f.parquet,TeamB-afc13e53-2c77-48cb-8a78-743663bbb84f,TeamB,2021-06-29 00:00:00,26.0500212,95.80166666666676,3.5368820313000624,574824,57483,1,1.739675028704638e-05,True,,
2021-06-29-TeamB-d9501f3a-aaa1-4311-8b8b-3a8d3f21480f.parquet,TeamB-d9501f3a-aaa1-4311-8b8b-3a8d3f21480f,TeamB,2021-06-29 00:00:00,24.0400188,103.7816666666667,3.2057873102000825,622645,62265,0,0.0,True,,
2021-06-29-TeamB-e4321aef-964a-4fdd-88bd-0bd548b0e93b.parquet,TeamB-e4321aef-964a-4fdd-88bd-0bd548b0e93b,TeamB,2021-06-29 00:00:00,26.1900216,58.48166666666657,1.3979847418000082,350825,35083,0,0.0,True,,
2021-06-30-TeamB-29c5271b-5c46-455e-91ea-da2abfa8ff3c.parquet,TeamB-29c5271b-5c46-455e-91ea-da2abfa8ff3c,TeamB,2021-06-30 00:00:00,27.720021600000003,112.40500000000004,7.25747417610001,674350,67436,0,0.0,True,,
2021-06-30-TeamB-2f23d7d5-2326-49ce-b9c8-5a6303f785c5.parquet,TeamB-2f23d7d5-2326-49ce-b9c8-5a6303f785c5,TeamB,2021-06-30 00:00:00,27.910022400000003,125.67166666666671,10.682828324999942,753925,75393,0,0.0,True,,
2021-06-30-TeamB-4405bb1f-56f7-48ba-bfa8-e795e4006952.parquet,TeamB-4405bb1f-56f7-48ba-bfa8-e795e4006952,TeamB,2021-06-30 00:00:00,27.7900236,120.9649999999999,10.760155337299802,725695,72570,0,0.0,True,,
2021-06-30-TeamB-48bfd4ea-e9e2-45b5-befc-3383cae87fdf.parquet,TeamB-48bfd4ea-e9e2-45b5-befc-3383cae87fdf,TeamB,2021-06-30 00:00:00,24.9500196,119.96500000000015,6.18346304309964,719770,71978,1,1.3893327035025077e-05,True,,
2021-06-30-TeamB-5eba590a-cecb-400f-a92e-08224c7e2e59.parquet,TeamB-5eba590a-cecb-400f-a92e-08224c7e2e59,TeamB,2021-06-30 00:00:00,25.4000196,180.38333333333333,8.71708258699994,1082115,108212,0,0.0,True,,
2021-06-30-TeamB-70b74270-f655-43cc-a188-1ebc7a828b95.parquet,TeamB-70b74270-f655-43cc-a188-1ebc7a828b95,TeamB,2021-06-30 00:00:00,31.970026800000003,139.91999999999996,9.129307359699933,839210,83922,0,0.0,True,,
2021-06-30-TeamB-7ab47f4e-6eca-4793-880f-6a0dad3459c3.parquet,TeamB-7ab47f4e-6eca-4793-880f-6a0dad3459c3,TeamB,2021-06-30 00:00:00,22.140018,153.40333333333328,2.3250663275000587,920370,92038,0,0.0,True,,
2021-06-30-TeamB-7d41e602-eece-328b-ff7b-118e820865d6.parquet,TeamB-7d41e602-eece-328b-ff7b-118e820865d6,TeamB,2021-06-30 00:00:00,26.9900208,154.00333333333327,11.199110136700053,923930,92394,0,0.0,True,,
2021-06-30-TeamB-9c845827-99f9-47f4-977d-2200a107a013.parquet,TeamB-9c845827-99f9-47f4-977d-2200a107a013,TeamB,2021-06-30 00:00:00,27.330022800000002,48.78333333333333,4.253302310799746,292615,29262,0,0.0,True,,
2021-06-30-TeamB-a7126274-c2d2-4f4e-9b67-35d376aefacc.parquet,TeamB-a7126274-c2d2-4f4e-9b67-35d376aefacc,TeamB,2021-06-30 00:00:00,27.230021999999998,155.6883333333334,5.979884268299736,934040,93405,0,0.0,True,,
2021-06-30-TeamB-ab5ec6e5-b0f3-401e-8dc5-aa6c5070e255.parquet,TeamB-ab5ec6e5-b0f3-401e-8dc5-aa6c5070e255,TeamB,2021-06-30 00:00:00,29.010023999999998,154.82166666666672,10.86192402559995,928840,92885,0,0.0,True,,
2021-06-30-TeamB-ab691983-3544-4a0e-8f70-db44d85cb907.parquet,TeamB-ab691983-3544-4a0e-8f70-db44d85cb907,TeamB,2021-06-30 00:00:00,27.4600224,141.48833333333337,10.983960238800101,848900,84891,0,0.0,True,,
2021-06-30-TeamB-afc13e53-2c77-48cb-8a78-743663bbb84f.parquet,TeamB-afc13e53-2c77-48cb-8a78-743663bbb84f,TeamB,2021-06-30 00:00:00,28.5900228,188.55500000000004,6.043140433299797,1131220,113123,0,0.0,True,,
2021-06-30-TeamB-afc13e53-2c77-48cb-8a78-743663bbb84f.parquet,TeamB-afc13e53-2c77-48cb-8a78-743663bbb84f,TeamB,2021-06-30 00:00:00,28.400022,125.05500000000005,9.318178613699827,750230,75024,0,0.0,True,,
2021-06-30-TeamB-d9501f3a-aaa1-4311-8b8b-3a8d3f21480f.parquet,TeamB-d9501f3a-aaa1-4311-8b8b-3a8d3f21480f,TeamB,2021-06-30 00:00:00,27.680021999999997,171.35500000000005,12.220029837200144,1028050,102806,0,0.0,True,,
2021-06-30-TeamB-e4321aef-964a-4fdd-88bd-0bd548b0e93b.parquet,TeamB-e4321aef-964a-4fdd-88bd-0bd548b0e93b,TeamB,2021-06-30 00:00:00,26.4700224,36.888333333333385,3.3512846417999764,221230,22124,0,0.0,True,,
2021-07-01-TeamB-4b1e23d2-4204-4e16-9991-e0490649079b.parquet,TeamB-4b1e23d2-4204-4e16-9991-e0490649079b,TeamB,2021-07-01 00:00:00,24.4300212,76.5033333333334,3.245398732499977,459020,45903,1,2.1785543113589823e-05,True,,
2021-07-01-TeamB-5eba590a-cecb-400f-a92e-08224c7e2e59.parquet,TeamB-5eba590a-cecb-400f-a92e-08224c7e2e59,TeamB,2021-07-01 00:00:00,25.6400208,71.59000000000002,3.589196787599918,429440,42945,0,0.0,True,,
2021-07-01-TeamB-6d568bee-175f-4dcb-9d3a-0f3e8f35de07.parquet,TeamB-6d568bee-175f-4dcb-9d3a-0f3e8f35de07,TeamB,2021-07-01 00:00:00,24.0400188,73.23833333333339,3.7655008156000487,439345,43935,0,0.0,True,,
2021-07-01-TeamB-70b74270-f655-43cc-a188-1ebc7a828b95.parquet,TeamB-70b74270-f655-43cc-a188-1ebc7a828b95,TeamB,2021-07-01 00:00:00,16.350012,54.75666666666669,2.612940169000018,328430,32844,0,0.0,True,,
2021-07-01-TeamB-789547e7-1325-4153-a98d-5ecd497f3668.parquet,TeamB-789547e7-1325-4153-a98d-5ecd497f3668,TeamB,2021-07-01 00:00:00,20.5700148,69.02333333333335,2.3105379879999326,414040,41405,0,0.0,True,,
2021-07-01-TeamB-7ab47f4e-6eca-4793-880f-6a0dad3459c3.parquet,TeamB-7ab47f4e-6eca-4793-880f-6a0dad3459c3,TeamB,2021-07-01 00:00:00,23.4400176,72.53666666666662,2.8985437303999815,435140,43515,0,0.0,True,,
2021-07-01-TeamB-9c845827-99f9-47f4-977d-2200a107a013.parquet,TeamB-9c845827-99f9-47f4-977d-2200a107a013,TeamB,2021-07-01 00:00:00,22.320018,73.88666666666661,2.2702829474998976,443230,44324,0,0.0,True,,
2021-07-01-TeamB-ab691983-3544-4a0e-8f70-db44d85cb907.parquet,TeamB-ab691983-3544-4a0e-8f70-db44d85cb907,TeamB,2021-07-01 00:00:00,12.3100092,64.35333333333328,2.6975949519000872,386090,38610,0,0.0,True,,
2021-07-01-TeamB-d9501f3a-aaa1-4311-8b8b-3a8d3f21480f.parquet,TeamB-d9501f3a-aaa1-4311-8b8b-3a8d3f21480f,TeamB,2021-07-01 00:00:00,12.910010399999999,46.773333333333355,2.2721140527000077,280570,28058,0,0.0,True,,
2021-07-02-TeamB-afc13e53-2c77-48cb-8a78-743663bbb84f.parquet,TeamB-afc13e53-2c77-48cb-8a78-743663bbb84f,TeamB,2021-07-02 00:00:00,24.4100196,90.42166666666671,3.655460177100055,542380,54239,0,0.0,True,,
2021-07-03-TeamB-48bfd4ea-e9e2-45b5-befc-3383cae87fdf.parquet,TeamB-48bfd4ea-e9e2-45b5-befc-3383cae87fdf,TeamB,2021-07-03 00:00:00,18.2500164,99.22000000000007,2.8005136567999225,595300,59531,1,1.6798252981689905e-05,True,,
2021-07-03-TeamB-4b1e23d2-4204-4e16-9991-e0490649079b.parquet,TeamB-4b1e23d2-4204-4e16-9991-e0490649079b,TeamB,2021-07-03 00:00:00,18.8000136,112.90333333333328,3.5501698217999156,677320,67733,0,0.0,True,,
2021-07-03-TeamB-4d54416a-8e5f-42c0-8dd0-12700569908f.parquet,TeamB-4d54416a-8e5f-42c0-8dd0-12700569908f,TeamB,2021-07-03 00:00:00,17.7900156,96.68666666666662,2.782018368799894,580045,58005,0,0.0,True,,
2021-07-03-TeamB-5eba590a-cecb-400f-a92e-08224c7e2e59.parquet,TeamB-5eba590a-cecb-400f-a92e-08224c7e2e59,TeamB,2021-07-03 00:00:00,22.4900172,95.02166666666672,3.827801148799977,570030,57004,0,0.0,True,,
2021-07-03-TeamB-6d568bee-175f-4dcb-9d3a-0f3e8f35de07.parquet,TeamB-6d568bee-175f-4dcb-9d3a-0f3e8f35de07,TeamB,2021-07-03 00:00:00,20.2300164,99.86333333333326,3.5396328693001577,599180,59919,1,1.6689475616676125e-05,True,,
2021-07-03-TeamB-70b74270-f655-43cc-a188-1ebc7a828b95.parquet,TeamB-70b74270-f655-43cc-a188-1ebc7a828b95,TeamB,2021-07-03 00:00:00,23.260017599999998,86.88833333333338,3.5996681947001825,521060,52107,0,0.0,True,,
2021-07-03-TeamB-789547e7-1325-4153-a98d-5ecd497f3668.parquet,TeamB-789547e7-1325-4153-a98d-5ecd497f3668,TeamB,2021-07-03 00:00:00,16.8800148,85.1566666666667,2.5965243230000854,510840,51085,0,0.0,True,,
2021-07-03-TeamB-7ab47f4e-6eca-4793-880f-6a0dad3459c3.parquet,TeamB-7ab47f4e-6eca-4793-880f-6a0dad3459c3,TeamB,2021-07-03 00:00:00,21.4800156,107.40500000000004,4.78525331350006,644350,64436,0,0.0,True,,
2021-07-03-TeamB-7d41e602-eece-328b-ff7b-118e820865d6.parquet,TeamB-7d41e602-eece-328b-ff7b-118e820865d6,TeamB,2021-07-03 00:00:00,22.420018799999998,102.90500000000004,2.7083702474999107,617340,61735,0,0.0,True,,
2021-07-03-TeamB-ab5ec6e5-b0f3-401e-8dc5-aa6c5070e255.parquet,TeamB-ab5ec6e5-b0f3-401e-8dc5-aa6c5070e255,TeamB,2021-07-03 00:00:00,26.240022,103.63833333333338,3.466242530699935,621740,62175,0,0.0,True,,
2021-07-03-TeamB-ab691983-3544-4a0e-8f70-db44d85cb907.parquet,TeamB-ab691983-3544-4a0e-8f70-db44d85cb907,TeamB,2021-07-03 00:00:00,24.6200184,100.53833333333338,3.6587312977000517,603190,60320,0,0.0,True,,
2021-07-03-TeamB-afc13e53-2c77-48cb-8a78-743663bbb84f.parquet,TeamB-afc13e53-2c77-48cb-8a78-743663bbb84f,TeamB,2021-07-03 00:00:00,22.1300172,57.879999999999924,2.990586862699968,347270,34728,1,2.8796037665217265e-05,True,,
2021-07-03-TeamB-d9501f3a-aaa1-4311-8b8b-3a8d3f21480f.parquet,TeamB-d9501f3a-aaa1-4311-8b8b-3a8d3f21480f,TeamB,2021-07-03 00:00:00,20.5500168,93.8433333333333,1.7274219592999462,563010,56302,0,0.0,True,,
2021-07-03-TeamB-e4321aef-964a-4fdd-88bd-0bd548b0e93b.parquet,TeamB-e4321aef-964a-4fdd-88bd-0bd548b0e93b,TeamB,2021-07-03 00:00:00,22.710016800000002,96.25500000000005,3.068902218999996,577460,57747,0,0.0,True,,
2021-07-04-TeamB-29c5271b-5c46-455e-91ea-da2abfa8ff3c.parquet,TeamB-29c5271b-5c46-455e-91ea-da2abfa8ff3c,TeamB,2021-07-04 00:00:00,26.62002,131.92666666666676,6.228158353499843,791495,79150,0,0.0,True,,
2021-07-04-TeamB-2f23d7d5-2326-49ce-b9c8-5a6303f785c5.parquet,TeamB-2f23d7d5-2326-49ce-b9c8-5a6303f785c5,TeamB,2021-07-04 00:00:00,28.490022,130.63499999999985,9.724065885799646,783735,78374,0,0.0,True,,
2021-07-04-TeamB-4405bb1f-56f7-48ba-bfa8-e795e4006952.parquet,TeamB-4405bb1f-56f7-48ba-bfa8-e795e4006952,TeamB,2021-07-04 00:00:00,24.8800212,129.85666666666668,9.562991318100027,778960,77897,0,0.0,True,,
2021-07-04-TeamB-48bfd4ea-e9e2-45b5-befc-3383cae87fdf.parquet,TeamB-48bfd4ea-e9e2-45b5-befc-3383cae87fdf,TeamB,2021-07-04 00:00:00,21.6100188,121.96500000000015,5.748789924899865,731780,73179,1,1.3665309245948236e-05,True,,
2021-07-04-TeamB-5eba590a-cecb-400f-a92e-08224c7e2e59.parquet,TeamB-5eba590a-cecb-400f-a92e-08224c7e2e59,TeamB,2021-07-04 00:00:00,25.1300196,184.22333333333336,5.432797166100271,1105260,110527,0,0.0,True,,
2021-07-04-TeamB-6d568bee-175f-4dcb-9d3a-0f3e8f35de07.parquet,TeamB-6d568bee-175f-4dcb-9d3a-0f3e8f35de07,TeamB,2021-07-04 00:00:00,25.63002,65.33166666666656,2.9795923989999338,391990,39200,1,2.551085486874665e-05,True,,
2021-07-04-TeamB-70b74270-f655-43cc-a188-1ebc7a828b95.parquet,TeamB-70b74270-f655-43cc-a188-1ebc7a828b95,TeamB,2021-07-04 00:00:00,26.35002,118.50333333333329,8.100044029599704,710910,71092,0,0.0,True,,
2021-07-04-TeamB-7ab47f4e-6eca-4793-880f-6a0dad3459c3.parquet,TeamB-7ab47f4e-6eca-4793-880f-6a0dad3459c3,TeamB,2021-07-04 00:00:00,17.3000124,153.14000000000001,1.3089860675001777,918760,91877,0,0.0,True,,
2021-07-04-TeamB-7d41e602-eece-328b-ff7b-118e820865d6.parquet,TeamB-7d41e602-eece-328b-ff7b-118e820865d6,TeamB,2021-07-04 00:00:00,26.9000208,171.13499999999996,6.3306581600998175,1026740,102675,1,9.739564057112803e-06,True,,
2021-07-04-TeamB-9c845827-99f9-47f4-977d-2200a107a013.parquet,TeamB-9c845827-99f9-47f4-977d-2200a107a013,TeamB,2021-07-04 00:00:00,26.420022,128.89000000000001,8.36403674440031,773250,77326,0,0.0,True,,
2021-07-04-TeamB-a7126274-c2d2-4f4e-9b67-35d376aefacc.parquet,TeamB-a7126274-c2d2-4f4e-9b67-35d376aefacc,TeamB,2021-07-04 00:00:00,25.160018400000002,132.9933333333333,3.6599804502999302,797820,79783,0,0.0,True,,
2021-07-04-TeamB-ab5ec6e5-b0f3-401e-8dc5-aa6c5070e255.parquet,TeamB-ab5ec6e5-b0f3-401e-8dc5-aa6c5070e255,TeamB,2021-07-04 00:00:00,28.940022000000003,121.97333333333336,9.935515775499626,731740,73175,0,0.0,True,,
2021-07-04-TeamB-ab691983-3544-4a0e-8f70-db44d85cb907.parquet,TeamB-ab691983-3544-4a0e-8f70-db44d85cb907,TeamB,2021-07-04 00:00:00,27.350020800000003,126.80500000000005,9.731223123299834,760790,76080,0,0.0,True,,
2021-07-04-TeamB-afc13e53-2c77-48cb-8a78-743663bbb84f.parquet,TeamB-afc13e53-2c77-48cb-8a78-743663bbb84f,TeamB,2021-07-04 00:00:00,20.0500164,164.50500000000005,2.682881903499945,986950,98696,0,0.0,True,,
2021-07-04-TeamB-afc13e53-2c77-48cb-8a78-743663bbb84f.parquet,TeamB-afc13e53-2c77-48cb-8a78-743663bbb84f,TeamB,2021-07-04 00:00:00,29.6200224,128.88833333333338,10.15834152759998,773150,77316,0,0.0,True,,
2021-07-04-TeamB-e4321aef-964a-4fdd-88bd-0bd548b0e93b.parquet,TeamB-e4321aef-964a-4fdd-88bd-0bd548b0e93b,TeamB,2021-07-04 00:00:00,28.8400248,132.89166666666668,10.359791116699729,797285,79729,0,0.0,True,,
2021-07-05-TeamB-afc13e53-2c77-48cb-8a78-743663bbb84f.parquet,TeamB-afc13e53-2c77-48cb-8a78-743663bbb84f,TeamB,2021-07-05 00:00:00,23.5200204,75.39000000000003,3.817236414200046,452220,45223,0,0.0,True,,
2021-07-06-TeamB-29c5271b-5c46-455e-91ea-da2abfa8ff3c.parquet,TeamB-29c5271b-5c46-455e-91ea-da2abfa8ff3c,TeamB,2021-07-06 00:00:00,18.560016,100.29000000000002,3.091854721099925,601615,60162,0,0.0,True,,
2021-07-06-TeamB-48bfd4ea-e9e2-45b5-befc-3383cae87fdf.parquet,TeamB-48bfd4ea-e9e2-45b5-befc-3383cae87fdf,TeamB,2021-07-06 00:00:00,16.440012000000003,108.58666666666662,2.6892524590000426,651510,65152,1,1.5348958573160812e-05,True,,
2021-07-06-TeamB-4b1e23d2-4204-4e16-9991-e0490649079b.parquet,TeamB-4b1e23d2-4204-4e16-9991-e0490649079b,TeamB,2021-07-06 00:00:00,20.870017200000003,126.4,5.4873891614998165,758230,75824,1,1.3188610316130989e-05,True,,
2021-07-06-TeamB-5eba590a-cecb-400f-a92e-08224c7e2e59.parquet,TeamB-5eba590a-cecb-400f-a92e-08224c7e2e59,TeamB,2021-07-06 00:00:00,21.6400176,101.90500000000004,4.536668656999962,611330,61134,0,0.0,True,,
2021-07-06-TeamB-6d568bee-175f-4dcb-9d3a-0f3e8f35de07.parquet,TeamB-6d568bee-175f-4dcb-9d3a-0f3e8f35de07,TeamB,2021-07-06 00:00:00,21.7600164,117.12000000000008,4.247575384299951,702645,70265,0,0.0,True,,
2021-07-06-TeamB-70b74270-f655-43cc-a188-1ebc7a828b95.parquet,TeamB-70b74270-f655-43cc-a188-1ebc7a828b95,TeamB,2021-07-06 00:00:00,20.2200156,96.37666666666676,3.1700017313001227,578145,57815,0,0.0,True,,
2021-07-06-TeamB-789547e7-1325-4153-a98d-5ecd497f3668.parquet,TeamB-789547e7-1325-4153-a98d-5ecd497f3668,TeamB,2021-07-06 00:00:00,17.590014,92.65500000000004,2.0690461345000233,555820,55583,0,0.0,True,,
2021-07-06-TeamB-7ab47f4e-6eca-4793-880f-6a0dad3459c3.parquet,TeamB-7ab47f4e-6eca-4793-880f-6a0dad3459c3,TeamB,2021-07-06 00:00:00,20.790018,96.22166666666672,4.729897990200039,577240,57725,0,0.0,True,,
2021-07-06-TeamB-7d41e602-eece-328b-ff7b-118e820865d6.parquet,TeamB-7d41e602-eece-328b-ff7b-118e820865d6,TeamB,2021-07-06 00:00:00,14.4500112,105.81833333333331,2.0243207955000297,634890,63490,1,1.5750759974168753e-05,True,,
2021-07-06-TeamB-d9501f3a-aaa1-4311-8b8b-3a8d3f21480f.parquet,TeamB-d9501f3a-aaa1-4311-8b8b-3a8d3f21480f,TeamB,2021-07-06 00:00:00,26.8100208,126.22166666666672,2.4783531094999707,757280,75729,0,0.0,True,,
2021-07-07-TeamB-29c5271b-5c46-455e-91ea-da2abfa8ff3c.parquet,TeamB-29c5271b-5c46-455e-91ea-da2abfa8ff3c,TeamB,2021-07-07 00:00:00,29.5900236,124.57000000000008,7.2160144254001715,747185,74719,0,0.0,True,,
2021-07-07-TeamB-2f23d7d5-2326-49ce-b9c8-5a6303f785c5.parquet,TeamB-2f23d7d5-2326-49ce-b9c8-5a6303f785c5,TeamB,2021-07-07 00:00:00,28.1500236,125.73833333333339,6.554780561999984,754340,75435,0,0.0,True,,
2021-07-07-TeamB-4405bb1f-56f7-48ba-bfa8-e795e4006952.parquet,TeamB-4405bb1f-56f7-48ba-bfa8-e795e4006952,TeamB,2021-07-07 00:00:00,27.1100232,117.90166666666664,6.785950743600187,707410,70742,1,1.4136073846849776e-05,True,,
2021-07-07-TeamB-48bfd4ea-e9e2-45b5-befc-3383cae87fdf.parquet,TeamB-48bfd4ea-e9e2-45b5-befc-3383cae87fdf,TeamB,2021-07-07 00:00:00,22.8500172,117.20499999999993,4.363017425000049,703210,70322,1,1.4220503121400435e-05,True,,
2021-07-07-TeamB-4b1e23d2-4204-4e16-9991-e0490649079b.parquet,TeamB-4b1e23d2-4204-4e16-9991-e0490649079b,TeamB,2021-07-07 00:00:00,25.5900204,125.9,7.388418731900162,755170,75518,1,1.3242051458611968e-05,True,,
2021-07-07-TeamB-4d54416a-8e5f-42c0-8dd0-12700569908f.parquet,TeamB-4d54416a-8e5f-42c0-8dd0-12700569908f,TeamB,2021-07-07 00:00:00,23.5300176,118.23000000000005,4.922387860400045,709255,70926,0,0.0,True,,
2021-07-07-TeamB-5a921187-19c7-8df4-8f4f-f31e78de5857.parquet,TeamB-5a921187-19c7-8df4-8f4f-f31e78de5857,TeamB,2021-07-07 00:00:00,29.9000232,123.97833333333328,6.478777443799965,743774,74378,0,0.0,True,,
2021-07-07-TeamB-5eba590a-cecb-400f-a92e-08224c7e2e59.parquet,TeamB-5eba590a-cecb-400f-a92e-08224c7e2e59,TeamB,2021-07-07 00:00:00,26.460021599999997,116.71500000000002,7.140460482799935,700160,70017,0,0.0,True,,
2021-07-07-TeamB-6d568bee-175f-4dcb-9d3a-0f3e8f35de07.parquet,TeamB-6d568bee-175f-4dcb-9d3a-0f3e8f35de07,TeamB,2021-07-07 00:00:00,28.070020799999998,128.61999999999995,7.06119596730019,771630,77164,0,0.0,True,,
2021-07-07-TeamB-70b74270-f655-43cc-a188-1ebc7a828b95.parquet,TeamB-70b74270-f655-43cc-a188-1ebc7a828b95,TeamB,2021-07-07 00:00:00,30.920025600000002,122.50166666666676,7.719167885700158,734765,73477,0,0.0,True,,
2021-07-07-TeamB-789547e7-1325-4153-a98d-5ecd497f3668.parquet,TeamB-789547e7-1325-4153-a98d-5ecd497f3668,TeamB,2021-07-07 00:00:00,26.0200224,119.85166666666676,4.8061799979000615,719110,71912,1,1.3906078346845406e-05,True,,
2021-07-07-TeamB-7ab47f4e-6eca-4793-880f-6a0dad3459c3.parquet,TeamB-7ab47f4e-6eca-4793-880f-6a0dad3459c3,TeamB,2021-07-07 00:00:00,27.870022799999997,135.23333333333332,6.727380973399948,811309,81132,0,0.0,True,,
2021-07-07-TeamB-7d41e602-eece-328b-ff7b-118e820865d6.parquet,TeamB-7d41e602-eece-328b-ff7b-118e820865d6,TeamB,2021-07-07 00:00:00,24.2600184,134.92333333333335,4.872683644899944,809450,80946,0,0.0,True,,
2021-07-07-TeamB-9c845827-99f9-47f4-977d-2200a107a013.parquet,TeamB-9c845827-99f9-47f4-977d-2200a107a013,TeamB,2021-07-07 00:00:00,26.9300232,134.44833333333324,6.626933404399928,806605,80661,0,0.0,True,,
2021-07-07-TeamB-a7126274-c2d2-4f4e-9b67-35d376aefacc.parquet,TeamB-a7126274-c2d2-4f4e-9b67-35d376aefacc,TeamB,2021-07-07 00:00:00,31.960026,106.67833333333341,4.786256639900071,640075,64008,1,1.5623291202524723e-05,True,,
2021-07-07-TeamB-ab691983-3544-4a0e-8f70-db44d85cb907.parquet,TeamB-ab691983-3544-4a0e-8f70-db44d85cb907,TeamB,2021-07-07 00:00:00,28.1200212,118.70999999999998,6.3893898907999995,712220,71223,0,0.0,True,,
2021-07-07-TeamB-afc13e53-2c77-48cb-8a78-743663bbb84f.parquet,TeamB-afc13e53-2c77-48cb-8a78-743663bbb84f,TeamB,2021-07-07 00:00:00,25.700022,90.86999999999995,4.732405771999989,545110,54512,0,0.0,True,,
2021-07-07-TeamB-afc13e53-2c77-48cb-8a78-743663bbb84f.parquet,TeamB-afc13e53-2c77-48cb-8a78-743663bbb84f,TeamB,2021-07-07 00:00:00,28.9700244,114.50499999999992,7.110366835099867,687040,68705,1,1.4555193292966931e-05,True,,
2021-07-07-TeamB-d9501f3a-aaa1-4311-8b8b-3a8d3f21480f.parquet,TeamB-d9501f3a-aaa1-4311-8b8b-3a8d3f21480f,TeamB,2021-07-07 00:00:00,28.9500228,122.12333333333336,6.205122788900146,732690,73270,0,0.0,True,,
2021-07-07-TeamB-e4321aef-964a-4fdd-88bd-0bd548b0e93b.parquet,TeamB-e4321aef-964a-4fdd-88bd-0bd548b0e93b,TeamB,2021-07-07 00:00:00,28.020024,120.55500000000005,6.361220143800047,723260,72327,0,0.0,True,,
2021-07-08-TeamB-afc13e53-2c77-48cb-8a78-743663bbb84f.parquet,TeamB-afc13e53-2c77-48cb-8a78-743663bbb84f,TeamB,2021-07-08 00:00:00,22.7000196,89.51999999999995,4.07333440240007,537020,53703,0,0.0,True,,
2021-07-09-TeamB-29c5271b-5c46-455e-91ea-da2abfa8ff3c.parquet,TeamB-29c5271b-5c46-455e-91ea-da2abfa8ff3c,TeamB,2021-07-09 00:00:00,25.360020000000002,88.55500000000005,3.618835974600226,531160,53117,0,0.0,True,,
2021-07-09-TeamB-2f23d7d5-2326-49ce-b9c8-5a6303f785c5.parquet,TeamB-2f23d7d5-2326-49ce-b9c8-5a6303f785c5,TeamB,2021-07-09 00:00:00,24.1700184,87.98666666666662,3.2392215167999794,527810,52782,0,0.0,True,,
2021-07-09-TeamB-4405bb1f-56f7-48ba-bfa8-e795e4006952.parquet,TeamB-4405bb1f-56f7-48ba-bfa8-e795e4006952,TeamB,2021-07-09 00:00:00,23.5300176,87.52166666666659,3.3853291281999147,525130,52514,1,1.9042903661950375e-05,True,,
2021-07-09-TeamB-48bfd4ea-e9e2-45b5-befc-3383cae87fdf.parquet,TeamB-48bfd4ea-e9e2-45b5-befc-3383cae87fdf,TeamB,2021-07-09 00:00:00,19.0200168,89.56999999999995,2.9018967947000083,537310,53732,0,0.0,True,,
2021-07-09-TeamB-4b1e23d2-4204-4e16-9991-e0490649079b.parquet,TeamB-4b1e23d2-4204-4e16-9991-e0490649079b,TeamB,2021-07-09 00:00:00,20.870017200000003,91.53833333333338,3.897292594400107,549040,54905,0,0.0,True,,
2021-07-09-TeamB-5a921187-19c7-8df4-8f4f-f31e78de5857.parquet,TeamB-5a921187-19c7-8df4-8f4f-f31e78de5857,TeamB,2021-07-09 00:00:00,23.1900192,90.88833333333338,3.7028563135999093,545240,54525,0,0.0,True,,
2021-07-09-TeamB-5eba590a-cecb-400f-a92e-08224c7e2e59.parquet,TeamB-5eba590a-cecb-400f-a92e-08224c7e2e59,TeamB,2021-07-09 00:00:00,24.28002,86.72666666666665,3.3429207492000574,520265,52027,0,0.0,True,,
2021-07-09-TeamB-6d568bee-175f-4dcb-9d3a-0f3e8f35de07.parquet,TeamB-6d568bee-175f-4dcb-9d3a-0f3e8f35de07,TeamB,2021-07-09 00:00:00,20.5300152,89.33666666666662,3.813728352500065,535930,53594,0,0.0,True,,
2021-07-09-TeamB-70b74270-f655-43cc-a188-1ebc7a828b95.parquet,TeamB-70b74270-f655-43cc-a188-1ebc7a828b95,TeamB,2021-07-09 00:00:00,22.1200164,82.48833333333339,3.238540388599829,494820,49483,0,0.0,True,,
2021-07-09-TeamB-789547e7-1325-4153-a98d-5ecd497f3668.parquet,TeamB-789547e7-1325-4153-a98d-5ecd497f3668,TeamB,2021-07-09 00:00:00,17.070012000000002,88.58666666666662,2.689793570500028,531520,53153,1,1.8813967489464178e-05,True,,
2021-07-09-TeamB-7ab47f4e-6eca-4793-880f-6a0dad3459c3.parquet,TeamB-7ab47f4e-6eca-4793-880f-6a0dad3459c3,TeamB,2021-07-09 00:00:00,22.2900192,95.48833333333339,3.8864578575000372,572810,57282,0,0.0,True,,
2021-07-09-TeamB-7d41e602-eece-328b-ff7b-118e820865d6.parquet,TeamB-7d41e602-eece-328b-ff7b-118e820865d6,TeamB,2021-07-09 00:00:00,22.2400188,89.35333333333341,1.9697179826000701,536110,53612,1,1.8652888399768705e-05,True,,
2021-07-09-TeamB-9c845827-99f9-47f4-977d-2200a107a013.parquet,TeamB-9c845827-99f9-47f4-977d-2200a107a013,TeamB,2021-07-09 00:00:00,20.9300184,83.18833333333338,2.791189215299946,499040,49905,0,0.0,True,,
2021-07-09-TeamB-a7126274-c2d2-4f4e-9b67-35d376aefacc.parquet,TeamB-a7126274-c2d2-4f4e-9b67-35d376aefacc,TeamB,2021-07-09 00:00:00,23.4100188,84.56999999999995,3.2643387472999845,507330,50734,0,0.0,True,,
2021-07-09-TeamB-ab691983-3544-4a0e-8f70-db44d85cb907.parquet,TeamB-ab691983-3544-4a0e-8f70-db44d85cb907,TeamB,2021-07-09 00:00:00,24.6000204,88.83833333333338,3.475434747400118,532990,53300,0,0.0,True,,
2021-07-09-TeamB-afc13e53-2c77-48cb-8a78-743663bbb84f.parquet,TeamB-afc13e53-2c77-48cb-8a78-743663bbb84f,TeamB,2021-07-09 00:00:00,24.8000184,58.15666666666669,2.860354259399943,348830,34884,0,0.0,True,,
2021-07-09-TeamB-afc13e53-2c77-48cb-8a78-743663bbb84f.parquet,TeamB-afc13e53-2c77-48cb-8a78-743663bbb84f,TeamB,2021-07-09 00:00:00,25.2200196,91.61999999999995,3.4770541958003403,549610,54962,0,0.0,True,,
2021-07-09-TeamB-d9501f3a-aaa1-4311-8b8b-3a8d3f21480f.parquet,TeamB-d9501f3a-aaa1-4311-8b8b-3a8d3f21480f,TeamB,2021-07-09 00:00:00,21.510018000000002,87.13833333333338,3.105315014999848,522770,52278,0,0.0,True,,
2021-07-09-TeamB-e4321aef-964a-4fdd-88bd-0bd548b0e93b.parquet,TeamB-e4321aef-964a-4fdd-88bd-0bd548b0e93b,TeamB,2021-07-09 00:00:00,24.140019600000002,92.97166666666672,3.326530473699947,557650,55766,0,0.0,True,,
2021-07-10-TeamB-29c5271b-5c46-455e-91ea-da2abfa8ff3c.parquet,TeamB-29c5271b-5c46-455e-91ea-da2abfa8ff3c,TeamB,2021-07-10 00:00:00,29.270023199999997,165.725,12.712717186000322,993905,99391,0,0.0,True,,
2021-07-10-TeamB-2f23d7d5-2326-49ce-b9c8-5a6303f785c5.parquet,TeamB-2f23d7d5-2326-49ce-b9c8-5a6303f785c5,TeamB,2021-07-10 00:00:00,31.3100244,124.18666666666674,10.284320791499976,745015,74502,0,0.0,True,,
2021-07-10-TeamB-48bfd4ea-e9e2-45b5-befc-3383cae87fdf.parquet,TeamB-48bfd4ea-e9e2-45b5-befc-3383cae87fdf,TeamB,2021-07-10 00:00:00,22.860018,120.53666666666662,6.175169160599915,723215,72322,1,1.3827242433041578e-05,True,,
2021-07-10-TeamB-4b1e23d2-4204-4e16-9991-e0490649079b.parquet,TeamB-4b1e23d2-4204-4e16-9991-e0490649079b,TeamB,2021-07-10 00:00:00,20.870017200000003,63.43000000000017,3.8889234123000804,380575,38058,1,2.6276374911317236e-05,True,,
2021-07-10-TeamB-5eba590a-cecb-400f-a92e-08224c7e2e59.parquet,TeamB-5eba590a-cecb-400f-a92e-08224c7e2e59,TeamB,2021-07-10 00:00:00,25.610022,160.24500000000006,9.517132935400152,961475,96148,1,1.040074053272593e-05,True,,
2021-07-10-TeamB-6d568bee-175f-4dcb-9d3a-0f3e8f35de07.parquet,TeamB-6d568bee-175f-4dcb-9d3a-0f3e8f35de07,TeamB,2021-07-10 00:00:00,23.5500192,134.83666666666673,9.889384623199733,809000,80901,1,1.2360939431396786e-05,True,,
2021-07-10-TeamB-70b74270-f655-43cc-a188-1ebc7a828b95.parquet,TeamB-70b74270-f655-43cc-a188-1ebc7a828b95,TeamB,2021-07-10 00:00:00,28.5300216,53.89666666666684,4.470069160099884,323385,32339,1,3.092337188447028e-05,True,,
2021-07-10-TeamB-7d41e602-eece-328b-ff7b-118e820865d6.parquet,TeamB-7d41e602-eece-328b-ff7b-118e820865d6,TeamB,2021-07-10 00:00:00,26.4700224,173.84499999999994,5.128843857400124,1043065,104307,1,9.587176193124077e-06,True,,
2021-07-10-TeamB-9c845827-99f9-47f4-977d-2200a107a013.parquet,TeamB-9c845827-99f9-47f4-977d-2200a107a013,TeamB,2021-07-10 00:00:00,24.900019200000003,92.67500000000013,7.295875591399853,556025,55603,1,1.7984964569619797e-05,True,,
2021-07-10-TeamB-ab691983-3544-4a0e-8f70-db44d85cb907.parquet,TeamB-ab691983-3544-4a0e-8f70-db44d85cb907,TeamB,2021-07-10 00:00:00,26.580020400000002,106.0783333333334,9.0714325842999,636265,63627,35,0.0005500895860182944,True,,
2021-07-10-TeamB-afc13e53-2c77-48cb-8a78-743663bbb84f.parquet,TeamB-afc13e53-2c77-48cb-8a78-743663bbb84f,TeamB,2021-07-10 00:00:00,28.2700224,165.7033333333333,6.0859329748998405,994110,99412,0,0.0,True,,
2021-07-10-TeamB-afc13e53-2c77-48cb-8a78-743663bbb84f.parquet,TeamB-afc13e53-2c77-48cb-8a78-743663bbb84f,TeamB,2021-07-10 00:00:00,29.2500252,92.05833333333345,8.083351241999942,552335,55234,1,1.8105118316948202e-05,True,,
2021-07-10-TeamB-d9501f3a-aaa1-4311-8b8b-3a8d3f21480f.parquet,TeamB-d9501f3a-aaa1-4311-8b8b-3a8d3f21480f,TeamB,2021-07-10 00:00:00,28.9300248,173.67333333333335,11.926967386299902,1041970,104198,0,0.0,True,,
2021-07-10-TeamB-e4321aef-964a-4fdd-88bd-0bd548b0e93b.parquet,TeamB-e4321aef-964a-4fdd-88bd-0bd548b0e93b,TeamB,2021-07-10 00:00:00,29.2900248,128.7133333333334,11.446141155900074,772275,77228,1,1.2948839136571407e-05,True,,
2021-07-11-TeamB-4b1e23d2-4204-4e16-9991-e0490649079b.parquet,TeamB-4b1e23d2-4204-4e16-9991-e0490649079b,TeamB,2021-07-11 00:00:00,23.760018000000002,92.87166666666666,4.364803790099833,557020,55703,0,0.0,True,,
2021-07-11-TeamB-4d54416a-8e5f-42c0-8dd0-12700569908f.parquet,TeamB-4d54416a-8e5f-42c0-8dd0-12700569908f,TeamB,2021-07-11 00:00:00,23.65002,61.086666666666616,3.961572643900251,366475,36648,0,0.0,True,,
2021-07-11-TeamB-5a921187-19c7-8df4-8f4f-f31e78de5857.parquet,TeamB-5a921187-19c7-8df4-8f4f-f31e78de5857,TeamB,2021-07-11 00:00:00,22.920019200000002,81.8050000000001,4.288785127199921,490835,49084,1,2.0373652792209116e-05,True,,
2021-07-11-TeamB-70b74270-f655-43cc-a188-1ebc7a828b95.parquet,TeamB-70b74270-f655-43cc-a188-1ebc7a828b95,TeamB,2021-07-11 00:00:00,25.27002,63.026666666666706,3.2803595926000653,378165,37817,1,2.6443833298074888e-05,True,,
2021-07-11-TeamB-789547e7-1325-4153-a98d-5ecd497f3668.parquet,TeamB-789547e7-1325-4153-a98d-5ecd497f3668,TeamB,2021-07-11 00:00:00,21.1100184,63.45000000000006,2.4307511295001505,380690,38070,1,2.6268092148467256e-05,True,,
2021-07-11-TeamB-7ab47f4e-6eca-4793-880f-6a0dad3459c3.parquet,TeamB-7ab47f4e-6eca-4793-880f-6a0dad3459c3,TeamB,2021-07-11 00:00:00,21.780018,67.87166666666666,3.511381446899966,407140,40715,0,0.0,True,,
2021-07-11-TeamB-7d41e602-eece-328b-ff7b-118e820865d6.parquet,TeamB-7d41e602-eece-328b-ff7b-118e820865d6,TeamB,2021-07-11 00:00:00,28.2300228,77.47833333333334,3.1025011114000645,464785,46479,0,0.0,True,,
2021-07-11-TeamB-a7126274-c2d2-4f4e-9b67-35d376aefacc.parquet,TeamB-a7126274-c2d2-4f4e-9b67-35d376aefacc,TeamB,2021-07-11 00:00:00,24.7400208,57.92166666666665,3.2521251148999664,347450,34746,0,0.0,True,,
2021-07-12-TeamB-afc13e53-2c77-48cb-8a78-743663bbb84f.parquet,TeamB-afc13e53-2c77-48cb-8a78-743663bbb84f,TeamB,2021-07-12 00:00:00,21.5700156,101.53666666666662,3.75872915250017,609110,60912,0,0.0,True,,
2021-07-13-TeamB-29c5271b-5c46-455e-91ea-da2abfa8ff3c.parquet,TeamB-29c5271b-5c46-455e-91ea-da2abfa8ff3c,TeamB,2021-07-13 00:00:00,26.570019600000002,111.75666666666669,4.325433209600112,670210,67022,0,0.0,True,,
2021-07-13-TeamB-2f23d7d5-2326-49ce-b9c8-5a6303f785c5.parquet,TeamB-2f23d7d5-2326-49ce-b9c8-5a6303f785c5,TeamB,2021-07-13 00:00:00,24.6000204,80.92166666666671,2.9230634764999524,485440,48545,0,0.0,True,,
2021-07-13-TeamB-4405bb1f-56f7-48ba-bfa8-e795e4006952.parquet,TeamB-4405bb1f-56f7-48ba-bfa8-e795e4006952,TeamB,2021-07-13 00:00:00,23.850018,77.42333333333336,3.2154242621000324,464440,46445,0,0.0,True,,
2021-07-13-TeamB-48bfd4ea-e9e2-45b5-befc-3383cae87fdf.parquet,TeamB-48bfd4ea-e9e2-45b5-befc-3383cae87fdf,TeamB,2021-07-13 00:00:00,18.680014800000002,83.90500000000004,2.6691721536000808,503320,50333,0,0.0,True,,
2021-07-13-TeamB-4b1e23d2-4204-4e16-9991-e0490649079b.parquet,TeamB-4b1e23d2-4204-4e16-9991-e0490649079b,TeamB,2021-07-13 00:00:00,21.5600184,94.61500000000015,3.660908510300103,567660,56767,1,1.7616178698516717e-05,True,,
2021-07-13-TeamB-4d54416a-8e5f-42c0-8dd0-12700569908f.parquet,TeamB-4d54416a-8e5f-42c0-8dd0-12700569908f,TeamB,2021-07-13 00:00:00,19.600016399999998,73.87333333333336,2.9637446171001565,443190,44320,0,0.0,True,,
2021-07-13-TeamB-5a921187-19c7-8df4-8f4f-f31e78de5857.parquet,TeamB-5a921187-19c7-8df4-8f4f-f31e78de5857,TeamB,2021-07-13 00:00:00,25.5600216,81.44000000000003,2.9722640635001425,488560,48857,0,0.0,True,,
2021-07-13-TeamB-5eba590a-cecb-400f-a92e-08224c7e2e59.parquet,TeamB-5eba590a-cecb-400f-a92e-08224c7e2e59,TeamB,2021-07-13 00:00:00,20.5900164,69.85500000000005,2.2351506884999375,419030,41904,0,0.0,True,,
2021-07-13-TeamB-6d568bee-175f-4dcb-9d3a-0f3e8f35de07.parquet,TeamB-6d568bee-175f-4dcb-9d3a-0f3e8f35de07,TeamB,2021-07-13 00:00:00,24.0500196,68.45666666666669,1.9677049318999829,410650,41066,0,0.0,True,,
2021-07-13-TeamB-70b74270-f655-43cc-a188-1ebc7a828b95.parquet,TeamB-70b74270-f655-43cc-a188-1ebc7a828b95,TeamB,2021-07-13 00:00:00,28.450022399999998,79.98833333333326,3.5902662405001804,479900,47991,1,2.0837674515524066e-05,True,,
2021-07-13-TeamB-789547e7-1325-4153-a98d-5ecd497f3668.parquet,TeamB-789547e7-1325-4153-a98d-5ecd497f3668,TeamB,2021-07-13 00:00:00,17.7100128,72.90166666666677,2.543201784699948,437410,43742,1,2.2861845865435177e-05,True,,
2021-07-13-TeamB-7ab47f4e-6eca-4793-880f-6a0dad3459c3.parquet,TeamB-7ab47f4e-6eca-4793-880f-6a0dad3459c3,TeamB,2021-07-13 00:00:00,23.1600168,76.87166666666671,3.0703133235002107,461140,46115,0,0.0,True,,
2021-07-13-TeamB-7d41e602-eece-328b-ff7b-118e820865d6.parquet,TeamB-7d41e602-eece-328b-ff7b-118e820865d6,TeamB,2021-07-13 00:00:00,22.3800192,78.47333333333336,3.0817072055001082,470750,47076,0,0.0,True,,
2021-07-13-TeamB-9c845827-99f9-47f4-977d-2200a107a013.parquet,TeamB-9c845827-99f9-47f4-977d-2200a107a013,TeamB,2021-07-13 00:00:00,21.510018000000002,79.44166666666666,2.899823731599984,476460,47647,0,0.0,True,,
2021-07-13-TeamB-a7126274-c2d2-4f4e-9b67-35d376aefacc.parquet,TeamB-a7126274-c2d2-4f4e-9b67-35d376aefacc,TeamB,2021-07-13 00:00:00,25.940019600000003,87.975,3.599558187400097,527765,52777,0,0.0,True,,
2021-07-13-TeamB-ab691983-3544-4a0e-8f70-db44d85cb907.parquet,TeamB-ab691983-3544-4a0e-8f70-db44d85cb907,TeamB,2021-07-13 00:00:00,21.6100188,86.73666666666662,3.431902220900082,520370,52038,0,0.0,True,,
2021-07-13-TeamB-afc13e53-2c77-48cb-8a78-743663bbb84f.parquet,TeamB-afc13e53-2c77-48cb-8a78-743663bbb84f,TeamB,2021-07-13 00:00:00,23.3400204,109.70333333333335,5.274383155500052,658110,65812,0,0.0,True,,
2021-07-13-TeamB-afc13e53-2c77-48cb-8a78-743663bbb84f.parquet,TeamB-afc13e53-2c77-48cb-8a78-743663bbb84f,TeamB,2021-07-13 00:00:00,29.6200224,90.8716666666666,4.2202028509999865,545240,54525,1,1.834054728193089e-05,True,,
2021-07-13-TeamB-e4321aef-964a-4fdd-88bd-0bd548b0e93b.parquet,TeamB-e4321aef-964a-4fdd-88bd-0bd548b0e93b,TeamB,2021-07-13 00:00:00,24.37002,71.67333333333336,3.6108618096999057,429965,42997,0,0.0,True,,
2021-07-14-TeamB-29c5271b-5c46-455e-91ea-da2abfa8ff3c.parquet,TeamB-29c5271b-5c46-455e-91ea-da2abfa8ff3c,TeamB,2021-07-14 00:00:00,8.7100056,142.0216666666667,0.32547443059998205,851990,85200,0,0.0,True,,
2021-07-14-TeamB-2f23d7d5-2326-49ce-b9c8-5a6303f785c5.parquet,TeamB-2f23d7d5-2326-49ce-b9c8-5a6303f785c5,TeamB,2021-07-14 00:00:00,17.8700148,136.7799999999998,0.2875060654000204,820220,82022,10,0.00012191999609856013,True,,
2021-07-14-TeamB-4405bb1f-56f7-48ba-bfa8-e795e4006952.parquet,TeamB-4405bb1f-56f7-48ba-bfa8-e795e4006952,TeamB,2021-07-14 00:00:00,6.7200048,129.00333333333342,0.30196968800000706,774000,77401,1,1.2919896640826873e-05,True,,
2021-07-14-TeamB-48bfd4ea-e9e2-45b5-befc-3383cae87fdf.parquet,TeamB-48bfd4ea-e9e2-45b5-befc-3383cae87fdf,TeamB,2021-07-14 00:00:00,8.1000072,129.9216666666667,0.2639649346999998,779420,77943,0,0.0,True,,
2021-07-14-TeamB-4b1e23d2-4204-4e16-9991-e0490649079b.parquet,TeamB-4b1e23d2-4204-4e16-9991-e0490649079b,TeamB,2021-07-14 00:00:00,8.820007200000001,49.071666666666715,0.17046958020006883,294300,29430,0,0.0,True,,
2021-07-14-TeamB-5eba590a-cecb-400f-a92e-08224c7e2e59.parquet,TeamB-5eba590a-cecb-400f-a92e-08224c7e2e59,TeamB,2021-07-14 00:00:00,8.4200076,140.35500000000005,0.14917845300001137,842010,84202,0,0.0,True,,
2021-07-14-TeamB-6d568bee-175f-4dcb-9d3a-0f3e8f35de07.parquet,TeamB-6d568bee-175f-4dcb-9d3a-0f3e8f35de07,TeamB,2021-07-14 00:00:00,10.040007600000001,132.98166666666683,0.3127191404999779,797760,79777,1,1.2535098275170477e-05,True,,
2021-07-14-TeamB-70b74270-f655-43cc-a188-1ebc7a828b95.parquet,TeamB-70b74270-f655-43cc-a188-1ebc7a828b95,TeamB,2021-07-14 00:00:00,6.6300048,148.45666666666668,0.332860268799977,890620,89063,0,0.0,True,,
2021-07-14-TeamB-7d41e602-eece-328b-ff7b-118e820865d6.parquet,TeamB-7d41e602-eece-328b-ff7b-118e820865d6,TeamB,2021-07-14 00:00:00,6.0400044,182.34000000000003,0.3795758609000442,1093940,109395,0,0.0,True,,
2021-07-14-TeamB-a7126274-c2d2-4f4e-9b67-35d376aefacc.parquet,TeamB-a7126274-c2d2-4f4e-9b67-35d376aefacc,TeamB,2021-07-14 00:00:00,0.0,145.45500000000004,0.0,872620,87263,0,0.0,True,,
2021-07-14-TeamB-ab691983-3544-4a0e-8f70-db44d85cb907.parquet,TeamB-ab691983-3544-4a0e-8f70-db44d85cb907,TeamB,2021-07-14 00:00:00,5.990004000000001,135.9216666666667,0.31924692360002904,815480,81549,0,0.0,True,,
2021-07-14-TeamB-afc13e53-2c77-48cb-8a78-743663bbb84f.parquet,TeamB-afc13e53-2c77-48cb-8a78-743663bbb84f,TeamB,2021-07-14 00:00:00,25.430021999999997,98.97166666666665,6.139329396900044,593720,59373,0,0.0,True,,
2021-07-14-TeamB-afc13e53-2c77-48cb-8a78-743663bbb84f.parquet,TeamB-afc13e53-2c77-48cb-8a78-743663bbb84f,TeamB,2021-07-14 00:00:00,11.5700076,138.8149999999999,0.340102499100027,832855,83285,1,1.200710820805917e-05,True,,
2021-07-14-TeamB-e4321aef-964a-4fdd-88bd-0bd548b0e93b.parquet,TeamB-e4321aef-964a-4fdd-88bd-0bd548b0e93b,TeamB,2021-07-14 00:00:00,7.060006800000001,140.87166666666673,0.33930583059998887,845150,84516,0,0.0,True,,
2021-07-16-TeamB-afc13e53-2c77-48cb-8a78-743663bbb84f.parquet,TeamB-afc13e53-2c77-48cb-8a78-743663bbb84f,TeamB,2021-07-16 00:00:00,23.2100172,90.40333333333328,2.9069106880999978,542310,54232,0,0.0,True,,
2021-07-17-TeamB-afc13e53-2c77-48cb-8a78-743663bbb84f.parquet,TeamB-afc13e53-2c77-48cb-8a78-743663bbb84f,TeamB,2021-07-17 00:00:00,27.990021600000002,190.48833333333337,8.66413476830022,1142780,114279,0,0.0,True,,
2021-07-28-TeamB-afc13e53-2c77-48cb-8a78-743663bbb84f.parquet,TeamB-afc13e53-2c77-48cb-8a78-743663bbb84f,TeamB,2021-07-28 00:00:00,22.320018,82.2,4.464780267100022,493119,49313,0,0.0,True,,
2021-07-29-TeamB-afc13e53-2c77-48cb-8a78-743663bbb84f.parquet,TeamB-afc13e53-2c77-48cb-8a78-743663bbb84f,TeamB,2021-07-29 00:00:00,24.570018,89.64000000000003,4.444343315300141,537760,53777,0,0.0,True,,
2021-07-30-TeamB-afc13e53-2c77-48cb-8a78-743663bbb84f.parquet,TeamB-afc13e53-2c77-48cb-8a78-743663bbb84f,TeamB,2021-07-30 00:00:00,27.2100204,163.53833333333338,10.758304497100015,981150,98116,0,0.0,True,,
2021-07-31-TeamB-29c5271b-5c46-455e-91ea-da2abfa8ff3c.parquet,TeamB-29c5271b-5c46-455e-91ea-da2abfa8ff3c,TeamB,2021-07-31 00:00:00,29.6200224,128.83000000000004,5.863578342999983,772890,77290,0,0.0,True,,
2021-07-31-TeamB-2f23d7d5-2326-49ce-b9c8-5a6303f785c5.parquet,TeamB-2f23d7d5-2326-49ce-b9c8-5a6303f785c5,TeamB,2021-07-31 00:00:00,23.3700192,117.49000000000002,5.684427649900032,704860,70487,0,0.0,True,,
2021-07-31-TeamB-4405bb1f-56f7-48ba-bfa8-e795e4006952.parquet,TeamB-4405bb1f-56f7-48ba-bfa8-e795e4006952,TeamB,2021-07-31 00:00:00,23.2100172,116.00666666666669,6.400230165200001,695920,69593,0,0.0,True,,
2021-07-31-TeamB-48bfd4ea-e9e2-45b5-befc-3383cae87fdf.parquet,TeamB-48bfd4ea-e9e2-45b5-befc-3383cae87fdf,TeamB,2021-07-31 00:00:00,17.9700156,122.5,4.082789137200165,734899,73491,0,0.0,True,,
2021-07-31-TeamB-4b1e23d2-4204-4e16-9991-e0490649079b.parquet,TeamB-4b1e23d2-4204-4e16-9991-e0490649079b,TeamB,2021-07-31 00:00:00,23.9600196,122.81833333333331,6.056957658600138,736840,73685,1,1.3571467347049563e-05,True,,
2021-07-31-TeamB-4d54416a-8e5f-42c0-8dd0-12700569908f.parquet,TeamB-4d54416a-8e5f-42c0-8dd0-12700569908f,TeamB,2021-07-31 00:00:00,24.9500196,126.91666666666667,6.370834862299911,761429,76144,0,0.0,True,,
2021-07-31-TeamB-5a921187-19c7-8df4-8f4f-f31e78de5857.parquet,TeamB-5a921187-19c7-8df4-8f4f-f31e78de5857,TeamB,2021-07-31 00:00:00,26.2200204,114.47166666666672,5.968968422299866,686690,68670,0,0.0,True,,
2021-07-31-TeamB-5eba590a-cecb-400f-a92e-08224c7e2e59.parquet,TeamB-5eba590a-cecb-400f-a92e-08224c7e2e59,TeamB,2021-07-31 00:00:00,22.720017600000002,122.00500000000005,6.170566927699862,731920,73193,0,0.0,True,,
2021-07-31-TeamB-6d568bee-175f-4dcb-9d3a-0f3e8f35de07.parquet,TeamB-6d568bee-175f-4dcb-9d3a-0f3e8f35de07,TeamB,2021-07-31 00:00:00,26.060022,129.98666666666662,6.114157152000002,779920,77993,1,1.2821827879782541e-05,True,,
2021-07-31-TeamB-70b74270-f655-43cc-a188-1ebc7a828b95.parquet,TeamB-70b74270-f655-43cc-a188-1ebc7a828b95,TeamB,2021-07-31 00:00:00,26.2100196,121.75500000000005,6.688489847100122,730180,73019,0,0.0,True,,
2021-07-31-TeamB-789547e7-1325-4153-a98d-5ecd497f3668.parquet,TeamB-789547e7-1325-4153-a98d-5ecd497f3668,TeamB,2021-07-31 00:00:00,27.330022800000002,121.86666666666666,6.3481442816001294,731079,73109,0,0.0,True,,
2021-07-31-TeamB-7ab47f4e-6eca-4793-880f-6a0dad3459c3.parquet,TeamB-7ab47f4e-6eca-4793-880f-6a0dad3459c3,TeamB,2021-07-31 00:00:00,24.020020799999998,123.3566666666667,6.445012428500031,740040,74005,0,0.0,True,,
2021-07-31-TeamB-7d41e602-eece-328b-ff7b-118e820865d6.parquet,TeamB-7d41e602-eece-328b-ff7b-118e820865d6,TeamB,2021-07-31 00:00:00,25.5300192,121.44333333333331,6.665513425800032,728570,72858,0,0.0,True,,
2021-07-31-TeamB-9c845827-99f9-47f4-977d-2200a107a013.parquet,TeamB-9c845827-99f9-47f4-977d-2200a107a013,TeamB,2021-07-31 00:00:00,25.610022,121.98666666666662,6.148518019300128,731790,73180,0,0.0,True,,
2021-07-31-TeamB-a7126274-c2d2-4f4e-9b67-35d376aefacc.parquet,TeamB-a7126274-c2d2-4f4e-9b67-35d376aefacc,TeamB,2021-07-31 00:00:00,27.6500232,122.52166666666672,5.495378049400026,735050,73506,0,0.0,True,,
2021-07-31-TeamB-ab691983-3544-4a0e-8f70-db44d85cb907.parquet,TeamB-ab691983-3544-4a0e-8f70-db44d85cb907,TeamB,2021-07-31 00:00:00,23.0500188,122.62333333333336,5.919329508900068,735700,73571,0,0.0,True,,
2021-07-31-TeamB-afc13e53-2c77-48cb-8a78-743663bbb84f.parquet,TeamB-afc13e53-2c77-48cb-8a78-743663bbb84f,TeamB,2021-07-31 00:00:00,28.2100212,119.02000000000007,7.2437227890000475,714120,71413,1,1.4003248753710862e-05,True,,
2021-07-31-TeamB-d9501f3a-aaa1-4311-8b8b-3a8d3f21480f.parquet,TeamB-d9501f3a-aaa1-4311-8b8b-3a8d3f21480f,TeamB,2021-07-31 00:00:00,27.4600224,120.97333333333336,5.805249400400117,725800,72581,0,0.0,True,,
2021-07-31-TeamB-e4321aef-964a-4fdd-88bd-0bd548b0e93b.parquet,TeamB-e4321aef-964a-4fdd-88bd-0bd548b0e93b,TeamB,2021-07-31 00:00:00,27.4500216,121.83833333333338,6.535806655299902,730930,73094,0,0.0,True,,
2021-08-01-TeamB-29c5271b-5c46-455e-91ea-da2abfa8ff3c.parquet,TeamB-29c5271b-5c46-455e-91ea-da2abfa8ff3c,TeamB,2021-08-01 00:00:00,24.4300212,110.00166666666676,4.215328677300073,659950,65996,1,1.5152663080536404e-05,True,,
2021-08-01-TeamB-2f23d7d5-2326-49ce-b9c8-5a6303f785c5.parquet,TeamB-2f23d7d5-2326-49ce-b9c8-5a6303f785c5,TeamB,2021-08-01 00:00:00,23.7500208,102.85333333333328,4.349524630000013,617000,61701,0,0.0,True,,
2021-08-01-TeamB-4405bb1f-56f7-48ba-bfa8-e795e4006952.parquet,TeamB-4405bb1f-56f7-48ba-bfa8-e795e4006952,TeamB,2021-08-01 00:00:00,21.9400164,94.46333333333327,4.458950541699915,566780,56679,1,1.764353011750591e-05,True,,
2021-08-01-TeamB-48bfd4ea-e9e2-45b5-befc-3383cae87fdf.parquet,TeamB-48bfd4ea-e9e2-45b5-befc-3383cae87fdf,TeamB,2021-08-01 00:00:00,22.230017999999998,116.03000000000004,4.4932733518999886,696180,69619,1,1.4364101238185527e-05,True,,
2021-08-01-TeamB-4b1e23d2-4204-4e16-9991-e0490649079b.parquet,TeamB-4b1e23d2-4204-4e16-9991-e0490649079b,TeamB,2021-08-01 00:00:00,22.0600188,114.03666666666662,5.769432172999883,684120,68413,1,1.4617318599076186e-05,True,,
2021-08-01-TeamB-4d54416a-8e5f-42c0-8dd0-12700569908f.parquet,TeamB-4d54416a-8e5f-42c0-8dd0-12700569908f,TeamB,2021-08-01 00:00:00,21.7600164,107.22166666666672,4.447606109199974,643260,64327,0,0.0,True,,
2021-08-01-TeamB-5a921187-19c7-8df4-8f4f-f31e78de5857.parquet,TeamB-5a921187-19c7-8df4-8f4f-f31e78de5857,TeamB,2021-08-01 00:00:00,25.1400204,99.82000000000008,4.7242671556999865,598920,59893,1,1.6696720764041943e-05,True,,
2021-08-01-TeamB-5eba590a-cecb-400f-a92e-08224c7e2e59.parquet,TeamB-5eba590a-cecb-400f-a92e-08224c7e2e59,TeamB,2021-08-01 00:00:00,20.6200152,95.01500000000014,4.566458124199922,570090,57010,1,1.7541090003332807e-05,True,,
2021-08-01-TeamB-6d568bee-175f-4dcb-9d3a-0f3e8f35de07.parquet,TeamB-6d568bee-175f-4dcb-9d3a-0f3e8f35de07,TeamB,2021-08-01 00:00:00,20.8400184,63.48499999999998,2.1698862009000286,380910,38092,1,2.6252920637420914e-05,True,,
2021-08-01-TeamB-70b74270-f655-43cc-a188-1ebc7a828b95.parquet,TeamB-70b74270-f655-43cc-a188-1ebc7a828b95,TeamB,2021-08-01 00:00:00,25.550020800000002,89.31833333333331,4.74911244199998,535890,53590,1,1.8660546007576182e-05,True,,
2021-08-01-TeamB-789547e7-1325-4153-a98d-5ecd497f3668.parquet,TeamB-789547e7-1325-4153-a98d-5ecd497f3668,TeamB,2021-08-01 00:00:00,23.570017200000002,99.44666666666659,4.2380864741001005,596680,59669,1,1.6759402024535766e-05,True,,
2021-08-01-TeamB-7ab47f4e-6eca-4793-880f-6a0dad3459c3.parquet,TeamB-7ab47f4e-6eca-4793-880f-6a0dad3459c3,TeamB,2021-08-01 00:00:00,23.1500196,114.02166666666672,5.871673359100015,684040,68405,0,0.0,True,,
2021-08-01-TeamB-7d41e602-eece-328b-ff7b-118e820865d6.parquet,TeamB-7d41e602-eece-328b-ff7b-118e820865d6,TeamB,2021-08-01 00:00:00,24.3800208,99.38666666666674,4.352410185199952,596310,59632,1,1.6769800942462813e-05,True,,
2021-08-01-TeamB-9c845827-99f9-47f4-977d-2200a107a013.parquet,TeamB-9c845827-99f9-47f4-977d-2200a107a013,TeamB,2021-08-01 00:00:00,26.0000208,107.53833333333326,3.963655699999851,645220,64523,1,1.549858962834382e-05,True,,
2021-08-01-TeamB-a7126274-c2d2-4f4e-9b67-35d376aefacc.parquet,TeamB-a7126274-c2d2-4f4e-9b67-35d376aefacc,TeamB,2021-08-01 00:00:00,28.070020799999998,108.33666666666662,3.7575908131000153,649910,64992,0,0.0,True,,
2021-08-01-TeamB-ab5ec6e5-b0f3-401e-8dc5-aa6c5070e255.parquet,TeamB-ab5ec6e5-b0f3-401e-8dc5-aa6c5070e255,TeamB,2021-08-01 00:00:00,19.5900156,90.85500000000005,2.2266779138000476,545030,54504,0,0.0,True,,
2021-08-01-TeamB-ab691983-3544-4a0e-8f70-db44d85cb907.parquet,TeamB-ab691983-3544-4a0e-8f70-db44d85cb907,TeamB,2021-08-01 00:00:00,23.290020000000002,107.85500000000005,4.293559589199962,647080,64709,0,0.0,True,,
2021-08-01-TeamB-afc13e53-2c77-48cb-8a78-743663bbb84f.parquet,TeamB-afc13e53-2c77-48cb-8a78-743663bbb84f,TeamB,2021-08-01 00:00:00,27.730022400000003,109.51666666666667,4.997842943700123,657030,65704,1,1.522000517480176e-05,True,,
2021-08-01-TeamB-d9501f3a-aaa1-4311-8b8b-3a8d3f21480f.parquet,TeamB-d9501f3a-aaa1-4311-8b8b-3a8d3f21480f,TeamB,2021-08-01 00:00:00,26.1000216,103.38833333333338,4.223735912699943,620260,62027,0,0.0,True,,
2021-08-01-TeamB-e4321aef-964a-4fdd-88bd-0bd548b0e93b.parquet,TeamB-e4321aef-964a-4fdd-88bd-0bd548b0e93b,TeamB,2021-08-01 00:00:00,24.8700204,103.55500000000005,4.878312547300025,621230,62124,0,0.0,True,,
2021-08-02-TeamB-29c5271b-5c46-455e-91ea-da2abfa8ff3c.parquet,TeamB-29c5271b-5c46-455e-91ea-da2abfa8ff3c,TeamB,2021-08-02 00:00:00,29.560024800000004,140.5216666666667,10.525692932500068,842910,84292,0,0.0,True,,
2021-08-02-TeamB-2f23d7d5-2326-49ce-b9c8-5a6303f785c5.parquet,TeamB-2f23d7d5-2326-49ce-b9c8-5a6303f785c5,TeamB,2021-08-02 00:00:00,29.030022000000002,134.34166666666667,9.854639611500184,805930,80594,0,0.0,True,,
2021-08-02-TeamB-4405bb1f-56f7-48ba-bfa8-e795e4006952.parquet,TeamB-4405bb1f-56f7-48ba-bfa8-e795e4006952,TeamB,2021-08-02 00:00:00,24.6300192,71.37999999999992,5.225856432500056,428280,42829,1,2.3349210796675074e-05,True,,
2021-08-02-TeamB-48bfd4ea-e9e2-45b5-befc-3383cae87fdf.parquet,TeamB-48bfd4ea-e9e2-45b5-befc-3383cae87fdf,TeamB,2021-08-02 00:00:00,28.6200216,56.96666666666679,3.0739544273000496,341780,34179,1,2.925858739540055e-05,True,,
2021-08-02-TeamB-4b1e23d2-4204-4e16-9991-e0490649079b.parquet,TeamB-4b1e23d2-4204-4e16-9991-e0490649079b,TeamB,2021-08-02 00:00:00,24.2700192,103.3350000000001,6.840523292599946,619950,61996,1,1.613033309137834e-05,True,,
2021-08-02-TeamB-4d54416a-8e5f-42c0-8dd0-12700569908f.parquet,TeamB-4d54416a-8e5f-42c0-8dd0-12700569908f,TeamB,2021-08-02 00:00:00,21.060018000000003,130.8533333333333,1.5865587877000769,785060,78507,0,0.0,True,,
2021-08-02-TeamB-5a921187-19c7-8df4-8f4f-f31e78de5857.parquet,TeamB-5a921187-19c7-8df4-8f4f-f31e78de5857,TeamB,2021-08-02 00:00:00,28.6800228,111.90500000000004,6.006185398800005,671220,67123,0,0.0,True,,
2021-08-02-TeamB-70b74270-f655-43cc-a188-1ebc7a828b95.parquet,TeamB-70b74270-f655-43cc-a188-1ebc7a828b95,TeamB,2021-08-02 00:00:00,30.1000248,60.94833333333336,5.993378155600128,365680,36569,1,2.734631371691096e-05,True,,
2021-08-02-TeamB-789547e7-1325-4153-a98d-5ecd497f3668.parquet,TeamB-789547e7-1325-4153-a98d-5ecd497f3668,TeamB,2021-08-02 00:00:00,23.7000204,111.39666666666659,6.338744001700004,668360,66837,1,1.4961996528816805e-05,True,,
2021-08-02-TeamB-7ab47f4e-6eca-4793-880f-6a0dad3459c3.parquet,TeamB-7ab47f4e-6eca-4793-880f-6a0dad3459c3,TeamB,2021-08-02 00:00:00,22.4000172,111.52166666666672,1.6471324388999853,669040,66905,0,0.0,True,,
2021-08-02-TeamB-7d41e602-eece-328b-ff7b-118e820865d6.parquet,TeamB-7d41e602-eece-328b-ff7b-118e820865d6,TeamB,2021-08-02 00:00:00,25.170019200000002,128.00333333333327,6.045531265800029,768020,76803,1,1.3020494257962033e-05,True,,
2021-08-02-TeamB-9c845827-99f9-47f4-977d-2200a107a013.parquet,TeamB-9c845827-99f9-47f4-977d-2200a107a013,TeamB,2021-08-02 00:00:00,25.8700212,80.21333333333338,5.427631596300039,481269,48128,1,2.0778357263074782e-05,True,,
2021-08-02-TeamB-ab691983-3544-4a0e-8f70-db44d85cb907.parquet,TeamB-ab691983-3544-4a0e-8f70-db44d85cb907,TeamB,2021-08-02 00:00:00,24.2900208,50.9,3.8375908624000474,305349,30536,0,0.0,True,,
2021-08-02-TeamB-afc13e53-2c77-48cb-8a78-743663bbb84f.parquet,TeamB-afc13e53-2c77-48cb-8a78-743663bbb84f,TeamB,2021-08-02 00:00:00,25.5700188,139.95499999999993,6.982745639199971,839720,83973,1,1.1908731481922546e-05,True,,
2021-08-02-TeamB-afc13e53-2c77-48cb-8a78-743663bbb84f.parquet,TeamB-afc13e53-2c77-48cb-8a78-743663bbb84f,TeamB,2021-08-02 00:00:00,28.8400248,82.08333333333333,5.72591045559994,492500,49251,1,2.030456852791878e-05,True,,
2021-08-02-TeamB-d9501f3a-aaa1-4311-8b8b-3a8d3f21480f.parquet,TeamB-d9501f3a-aaa1-4311-8b8b-3a8d3f21480f,TeamB,2021-08-02 00:00:00,24.700021200000002,149.12166666666673,5.537587798400018,894610,89462,0,0.0,True,,
2021-08-02-TeamB-e4321aef-964a-4fdd-88bd-0bd548b0e93b.parquet,TeamB-e4321aef-964a-4fdd-88bd-0bd548b0e93b,TeamB,2021-08-02 00:00:00,26.6700204,123.50166666666676,11.275444648899976,741010,74102,1,1.3495094533137205e-05,True,,
2021-08-03-TeamB-4405bb1f-56f7-48ba-bfa8-e795e4006952.parquet,TeamB-4405bb1f-56f7-48ba-bfa8-e795e4006952,TeamB,2021-08-03 00:00:00,24.4500192,74.13833333333338,3.2791432079000575,444725,44473,0,0.0,True,,
2021-08-03-TeamB-48bfd4ea-e9e2-45b5-befc-3383cae87fdf.parquet,TeamB-48bfd4ea-e9e2-45b5-befc-3383cae87fdf,TeamB,2021-08-03 00:00:00,19.4200164,78.5283333333334,2.2783429584002004,471170,47118,1,2.1223762124074112e-05,True,,
2021-08-03-TeamB-4b1e23d2-4204-4e16-9991-e0490649079b.parquet,TeamB-4b1e23d2-4204-4e16-9991-e0490649079b,TeamB,2021-08-03 00:00:00,24.8300208,94.85166666666676,4.296634580200096,569050,56906,1,1.7573148229505316e-05,True,,
2021-08-03-TeamB-5a921187-19c7-8df4-8f4f-f31e78de5857.parquet,TeamB-5a921187-19c7-8df4-8f4f-f31e78de5857,TeamB,2021-08-03 00:00:00,24.8700204,76.24166666666666,2.9176854122002664,457390,45740,0,0.0,True,,
2021-08-03-TeamB-5eba590a-cecb-400f-a92e-08224c7e2e59.parquet,TeamB-5eba590a-cecb-400f-a92e-08224c7e2e59,TeamB,2021-08-03 00:00:00,25.4600208,72.10166666666676,3.1240158574000345,432610,43262,1,2.3115508194447656e-05,True,,
2021-08-03-TeamB-6d568bee-175f-4dcb-9d3a-0f3e8f35de07.parquet,TeamB-6d568bee-175f-4dcb-9d3a-0f3e8f35de07,TeamB,2021-08-03 00:00:00,27.0600228,80.49000000000002,3.645598494199987,482850,48286,0,0.0,True,,
2021-08-03-TeamB-70b74270-f655-43cc-a188-1ebc7a828b95.parquet,TeamB-70b74270-f655-43cc-a188-1ebc7a828b95,TeamB,2021-08-03 00:00:00,25.6500216,77.35666666666681,3.155630045300105,464049,46406,1,2.1549402004094387e-05,True,,
2021-08-03-TeamB-789547e7-1325-4153-a98d-5ecd497f3668.parquet,TeamB-789547e7-1325-4153-a98d-5ecd497f3668,TeamB,2021-08-03 00:00:00,20.6200152,69.90166666666677,2.3025807580000555,419395,41940,1,2.3844154605498462e-05,True,,
2021-08-03-TeamB-7ab47f4e-6eca-4793-880f-6a0dad3459c3.parquet,TeamB-7ab47f4e-6eca-4793-880f-6a0dad3459c3,TeamB,2021-08-03 00:00:00,19.7800164,147.275,3.12011696399999,883575,88358,0,0.0,True,,
2021-08-03-TeamB-9c845827-99f9-47f4-977d-2200a107a013.parquet,TeamB-9c845827-99f9-47f4-977d-2200a107a013,TeamB,2021-08-03 00:00:00,22.5700164,79.76666666666667,2.967288231699998,478505,47851,0,0.0,True,,
2021-08-03-TeamB-a7126274-c2d2-4f4e-9b67-35d376aefacc.parquet,TeamB-a7126274-c2d2-4f4e-9b67-35d376aefacc,TeamB,2021-08-03 00:00:00,24.2300196,73.33666666666674,2.7885766945998993,440020,44003,1,2.272623971637653e-05,True,,
2021-08-03-TeamB-afc13e53-2c77-48cb-8a78-743663bbb84f.parquet,TeamB-afc13e53-2c77-48cb-8a78-743663bbb84f,TeamB,2021-08-03 00:00:00,24.4400184,100.53666666666662,5.871275848600057,603220,60323,1,1.6577699678392627e-05,True,,
2021-08-03-TeamB-afc13e53-2c77-48cb-8a78-743663bbb84f.parquet,TeamB-afc13e53-2c77-48cb-8a78-743663bbb84f,TeamB,2021-08-03 00:00:00,26.200022399999998,94.89666666666672,3.588232342699883,569385,56939,1,1.756296322315501e-05,True,,
2021-08-03-TeamB-d9501f3a-aaa1-4311-8b8b-3a8d3f21480f.parquet,TeamB-d9501f3a-aaa1-4311-8b8b-3a8d3f21480f,TeamB,2021-08-03 00:00:00,23.4800172,76.97666666666665,2.884185110400018,461805,46181,0,0.0,True,,
2021-08-04-TeamB-afc13e53-2c77-48cb-8a78-743663bbb84f.parquet,TeamB-afc13e53-2c77-48cb-8a78-743663bbb84f,TeamB,2021-08-04 00:00:00,26.770021200000002,127.63666666666668,7.316417006100006,765710,76572,0,0.0,True,,
2021-08-05-TeamB-29c5271b-5c46-455e-91ea-da2abfa8ff3c.parquet,TeamB-29c5271b-5c46-455e-91ea-da2abfa8ff3c,TeamB,2021-08-05 00:00:00,26.010021599999998,129.35,6.292695635500078,775859,77587,0,0.0,True,,
2021-08-05-TeamB-2f23d7d5-2326-49ce-b9c8-5a6303f785c5.parquet,TeamB-2f23d7d5-2326-49ce-b9c8-5a6303f785c5,TeamB,2021-08-05 00:00:00,26.120019600000003,128.50333333333327,6.5084002433997865,770930,77094,0,0.0,True,,
2021-08-05-TeamB-4405bb1f-56f7-48ba-bfa8-e795e4006952.parquet,TeamB-4405bb1f-56f7-48ba-bfa8-e795e4006952,TeamB,2021-08-05 00:00:00,23.490018000000003,114.63666666666661,6.17212887089982,687700,68771,0,0.0,True,,
2021-08-05-TeamB-48bfd4ea-e9e2-45b5-befc-3383cae87fdf.parquet,TeamB-48bfd4ea-e9e2-45b5-befc-3383cae87fdf,TeamB,2021-08-05 00:00:00,24.2900208,130.4,4.38660466310004,782289,78230,0,0.0,True,,
2021-08-05-TeamB-4b1e23d2-4204-4e16-9991-e0490649079b.parquet,TeamB-4b1e23d2-4204-4e16-9991-e0490649079b,TeamB,2021-08-05 00:00:00,23.3400204,160.30500000000004,7.4590321344999335,961705,96171,0,0.0,True,,
2021-08-05-TeamB-5a921187-19c7-8df4-8f4f-f31e78de5857.parquet,TeamB-5a921187-19c7-8df4-8f4f-f31e78de5857,TeamB,2021-08-05 00:00:00,28.1500236,115.44666666666672,6.0773501849,692590,69260,0,0.0,True,,
2021-08-05-TeamB-5eba590a-cecb-400f-a92e-08224c7e2e59.parquet,TeamB-5eba590a-cecb-400f-a92e-08224c7e2e59,TeamB,2021-08-05 00:00:00,24.670018799999998,139.4383333333334,7.550125535599718,836530,83654,0,0.0,True,,
2021-08-05-TeamB-6d568bee-175f-4dcb-9d3a-0f3e8f35de07.parquet,TeamB-6d568bee-175f-4dcb-9d3a-0f3e8f35de07,TeamB,2021-08-05 00:00:00,25.9100208,118.40500000000004,6.871991090999927,710340,71035,0,0.0,True,,
2021-08-05-TeamB-70b74270-f655-43cc-a188-1ebc7a828b95.parquet,TeamB-70b74270-f655-43cc-a188-1ebc7a828b95,TeamB,2021-08-05 00:00:00,25.5600216,128.36666666666667,7.46453546230001,770129,77014,0,0.0,True,,
2021-08-05-TeamB-789547e7-1325-4153-a98d-5ecd497f3668.parquet,TeamB-789547e7-1325-4153-a98d-5ecd497f3668,TeamB,2021-08-05 00:00:00,21.3700176,126.40333333333328,3.1083058476000422,758420,75843,1,1.3185306294665226e-05,True,,
2021-08-05-TeamB-7ab47f4e-6eca-4793-880f-6a0dad3459c3.parquet,TeamB-7ab47f4e-6eca-4793-880f-6a0dad3459c3,TeamB,2021-08-05 00:00:00,25.5700188,138.05500000000004,7.263464475300057,828260,82827,0,0.0,True,,
2021-08-05-TeamB-7d41e602-eece-328b-ff7b-118e820865d6.parquet,TeamB-7d41e602-eece-328b-ff7b-118e820865d6,TeamB,2021-08-05 00:00:00,24.4500192,145.45499999999993,6.343080944599991,872710,87272,1,1.1458560117335655e-05,True,,
2021-08-05-TeamB-9c845827-99f9-47f4-977d-2200a107a013.parquet,TeamB-9c845827-99f9-47f4-977d-2200a107a013,TeamB,2021-08-05 00:00:00,24.1800192,143.20500000000004,6.150669962900063,859130,85914,0,0.0,True,,
2021-08-05-TeamB-a7126274-c2d2-4f4e-9b67-35d376aefacc.parquet,TeamB-a7126274-c2d2-4f4e-9b67-35d376aefacc,TeamB,2021-08-05 00:00:00,23.92002,117.33666666666662,4.468979161399899,703930,70394,0,0.0,True,,
2021-08-05-TeamB-ab5ec6e5-b0f3-401e-8dc5-aa6c5070e255.parquet,TeamB-ab5ec6e5-b0f3-401e-8dc5-aa6c5070e255,TeamB,2021-08-05 00:00:00,28.650024,104.62333333333336,6.851617463600079,627675,62768,0,0.0,True,,
2021-08-05-TeamB-ab691983-3544-4a0e-8f70-db44d85cb907.parquet,TeamB-ab691983-3544-4a0e-8f70-db44d85cb907,TeamB,2021-08-05 00:00:00,23.4800172,124.88499999999998,6.488619961300052,749274,74928,0,0.0,True,,
2021-08-05-TeamB-afc13e53-2c77-48cb-8a78-743663bbb84f.parquet,TeamB-afc13e53-2c77-48cb-8a78-743663bbb84f,TeamB,2021-08-05 00:00:00,25.470021600000003,117.77833333333328,7.039367901000054,706645,70665,1,1.4151477414242048e-05,True,,
2021-08-05-TeamB-d9501f3a-aaa1-4311-8b8b-3a8d3f21480f.parquet,TeamB-d9501f3a-aaa1-4311-8b8b-3a8d3f21480f,TeamB,2021-08-05 00:00:00,25.2200196,129.07166666666672,6.684106228500004,774380,77439,0,0.0,True,,
2021-08-05-TeamB-e4321aef-964a-4fdd-88bd-0bd548b0e93b.parquet,TeamB-e4321aef-964a-4fdd-88bd-0bd548b0e93b,TeamB,2021-08-05 00:00:00,27.490021199999997,114.73999999999991,5.951209807500026,688375,68838,0,0.0,True,,
2021-08-06-TeamB-29c5271b-5c46-455e-91ea-da2abfa8ff3c.parquet,TeamB-29c5271b-5c46-455e-91ea-da2abfa8ff3c,TeamB,2021-08-06 00:00:00,20.7400176,99.29333333333331,3.7265691253999487,595545,59555,0,0.0,True,,
2021-08-06-TeamB-2f23d7d5-2326-49ce-b9c8-5a6303f785c5.parquet,TeamB-2f23d7d5-2326-49ce-b9c8-5a6303f785c5,TeamB,2021-08-06 00:00:00,21.1000176,100.52166666666672,3.267296805799947,603050,60306,0,0.0,True,,
2021-08-06-TeamB-4405bb1f-56f7-48ba-bfa8-e795e4006952.parquet,TeamB-4405bb1f-56f7-48ba-bfa8-e795e4006952,TeamB,2021-08-06 00:00:00,21.240018000000003,94.43499999999997,3.633743219699843,566610,56662,1,1.76488237059e-05,True,,
2021-08-06-TeamB-48bfd4ea-e9e2-45b5-befc-3383cae87fdf.parquet,TeamB-48bfd4ea-e9e2-45b5-befc-3383cae87fdf,TeamB,2021-08-06 00:00:00,21.6800172,101.47166666666672,2.781187810399943,608720,60873,0,0.0,True,,
2021-08-06-TeamB-4b1e23d2-4204-4e16-9991-e0490649079b.parquet,TeamB-4b1e23d2-4204-4e16-9991-e0490649079b,TeamB,2021-08-06 00:00:00,22.8500172,119.4966666666666,5.412618809200006,716975,71698,1,1.3947584975661464e-05,True,,
2021-08-06-TeamB-4d54416a-8e5f-42c0-8dd0-12700569908f.parquet,TeamB-4d54416a-8e5f-42c0-8dd0-12700569908f,TeamB,2021-08-06 00:00:00,27.0600228,92.34000000000002,4.074771621200166,553990,55400,0,0.0,True,,
2021-08-06-TeamB-5a921187-19c7-8df4-8f4f-f31e78de5857.parquet,TeamB-5a921187-19c7-8df4-8f4f-f31e78de5857,TeamB,2021-08-06 00:00:00,21.620016,101.87166666666671,4.1329180551998315,611130,61114,0,0.0,True,,
2021-08-06-TeamB-5eba590a-cecb-400f-a92e-08224c7e2e59.parquet,TeamB-5eba590a-cecb-400f-a92e-08224c7e2e59,TeamB,2021-08-06 00:00:00,20.430018,97.30999999999997,4.228205355200021,583849,58386,1,1.712768690588336e-05,True,,
2021-08-06-TeamB-6d568bee-175f-4dcb-9d3a-0f3e8f35de07.parquet,TeamB-6d568bee-175f-4dcb-9d3a-0f3e8f35de07,TeamB,2021-08-06 00:00:00,23.310018000000003,98.88500000000009,3.8703798065999933,593310,59332,1,1.6854595405437293e-05,True,,
2021-08-06-TeamB-70b74270-f655-43cc-a188-1ebc7a828b95.parquet,TeamB-70b74270-f655-43cc-a188-1ebc7a828b95,TeamB,2021-08-06 00:00:00,24.9600204,80.84833333333336,3.836021429799976,485095,48510,1,2.0614731286977675e-05,True,,
2021-08-06-TeamB-789547e7-1325-4153-a98d-5ecd497f3668.parquet,TeamB-789547e7-1325-4153-a98d-5ecd497f3668,TeamB,2021-08-06 00:00:00,17.8200144,89.12333333333336,2.655277426300019,534620,53463,0,0.0,True,,
2021-08-06-TeamB-7ab47f4e-6eca-4793-880f-6a0dad3459c3.parquet,TeamB-7ab47f4e-6eca-4793-880f-6a0dad3459c3,TeamB,2021-08-06 00:00:00,20.5600176,108.42166666666671,4.9384398280999395,650445,65045,0,0.0,True,,
2021-08-06-TeamB-7d41e602-eece-328b-ff7b-118e820865d6.parquet,TeamB-7d41e602-eece-328b-ff7b-118e820865d6,TeamB,2021-08-06 00:00:00,17.6000148,88.12333333333336,2.7432122297999495,528640,52865,0,0.0,True,,
2021-08-06-TeamB-9c845827-99f9-47f4-977d-2200a107a013.parquet,TeamB-9c845827-99f9-47f4-977d-2200a107a013,TeamB,2021-08-06 00:00:00,22.5500184,94.05166666666665,3.2416517918002974,564300,56431,1,1.77210703526493e-05,True,,
2021-08-06-TeamB-a7126274-c2d2-4f4e-9b67-35d376aefacc.parquet,TeamB-a7126274-c2d2-4f4e-9b67-35d376aefacc,TeamB,2021-08-06 00:00:00,25.160018400000002,90.30666666666669,3.2664943075998734,541764,54177,0,0.0,True,,
2021-08-06-TeamB-ab5ec6e5-b0f3-401e-8dc5-aa6c5070e255.parquet,TeamB-ab5ec6e5-b0f3-401e-8dc5-aa6c5070e255,TeamB,2021-08-06 00:00:00,22.7600172,98.91833333333331,2.715865249000013,593505,59351,1,1.6849199663016007e-05,True,,
2021-08-06-TeamB-ab691983-3544-4a0e-8f70-db44d85cb907.parquet,TeamB-ab691983-3544-4a0e-8f70-db44d85cb907,TeamB,2021-08-06 00:00:00,21.960018,100.85,3.7053546601999154,605055,60506,0,0.0,True,,
2021-08-06-TeamB-afc13e53-2c77-48cb-8a78-743663bbb84f.parquet,TeamB-afc13e53-2c77-48cb-8a78-743663bbb84f,TeamB,2021-08-06 00:00:00,23.120017200000003,61.98833333333338,2.919114305300037,371820,37183,0,0.0,True,,
2021-08-06-TeamB-afc13e53-2c77-48cb-8a78-743663bbb84f.parquet,TeamB-afc13e53-2c77-48cb-8a78-743663bbb84f,TeamB,2021-08-06 00:00:00,24.1600176,93.83333333333346,3.7816500067998824,563005,56301,1,1.7761989342806394e-05,True,,
2021-08-06-TeamB-d9501f3a-aaa1-4311-8b8b-3a8d3f21480f.parquet,TeamB-d9501f3a-aaa1-4311-8b8b-3a8d3f21480f,TeamB,2021-08-06 00:00:00,25.3000188,145.28333333333333,4.618320398599902,871625,87163,0,0.0,True,,
2021-08-06-TeamB-e4321aef-964a-4fdd-88bd-0bd548b0e93b.parquet,TeamB-e4321aef-964a-4fdd-88bd-0bd548b0e93b,TeamB,2021-08-06 00:00:00,27.7900236,93.75666666666669,2.924285977500062,562450,56246,0,0.0,True,,
2021-08-07-TeamB-29c5271b-5c46-455e-91ea-da2abfa8ff3c.parquet,TeamB-29c5271b-5c46-455e-91ea-da2abfa8ff3c,TeamB,2021-08-07 00:00:00,28.9800216,145.80500000000004,10.818522595400104,874620,87463,0,0.0,True,,
2021-08-07-TeamB-2f23d7d5-2326-49ce-b9c8-5a6303f785c5.parquet,TeamB-2f23d7d5-2326-49ce-b9c8-5a6303f785c5,TeamB,2021-08-07 00:00:00,28.1500236,132.90500000000006,10.347504998800144,797350,79736,0,0.0,True,,
2021-08-07-TeamB-4405bb1f-56f7-48ba-bfa8-e795e4006952.parquet,TeamB-4405bb1f-56f7-48ba-bfa8-e795e4006952,TeamB,2021-08-07 00:00:00,27.860022,127.86500000000015,10.33024165529993,767180,76719,1,1.3034750645220157e-05,True,,
2021-08-07-TeamB-48bfd4ea-e9e2-45b5-befc-3383cae87fdf.parquet,TeamB-48bfd4ea-e9e2-45b5-befc-3383cae87fdf,TeamB,2021-08-07 00:00:00,25.050020399999998,119.97333333333336,6.08964185879998,719730,71974,0,0.0,True,,
2021-08-07-TeamB-5a921187-19c7-8df4-8f4f-f31e78de5857.parquet,TeamB-5a921187-19c7-8df4-8f4f-f31e78de5857,TeamB,2021-08-07 00:00:00,29.950023600000005,176.97166666666672,12.344405233600018,1061740,106175,0,0.0,True,,
2021-08-07-TeamB-5eba590a-cecb-400f-a92e-08224c7e2e59.parquet,TeamB-5eba590a-cecb-400f-a92e-08224c7e2e59,TeamB,2021-08-07 00:00:00,26.320021200000003,191.44166666666666,8.43129958330004,1148555,114856,0,0.0,True,,
2021-08-07-TeamB-6d568bee-175f-4dcb-9d3a-0f3e8f35de07.parquet,TeamB-6d568bee-175f-4dcb-9d3a-0f3e8f35de07,TeamB,2021-08-07 00:00:00,27.9600228,97.31833333333331,6.6492973110001605,583805,58381,0,0.0,True,,
2021-08-07-TeamB-7d41e602-eece-328b-ff7b-118e820865d6.parquet,TeamB-7d41e602-eece-328b-ff7b-118e820865d6,TeamB,2021-08-07 00:00:00,27.07002,187.86666666666667,7.12511297409976,1127099,112711,0,0.0,True,,
2021-08-07-TeamB-9c845827-99f9-47f4-977d-2200a107a013.parquet,TeamB-9c845827-99f9-47f4-977d-2200a107a013,TeamB,2021-08-07 00:00:00,24.10002,144.90500000000006,8.710319225900154,869330,86934,0,0.0,True,,
2021-08-07-TeamB-a7126274-c2d2-4f4e-9b67-35d376aefacc.parquet,TeamB-a7126274-c2d2-4f4e-9b67-35d376aefacc,TeamB,2021-08-07 00:00:00,24.9600204,140.68333333333334,2.035585533800023,844024,84403,0,0.0,True,,
2021-08-07-TeamB-ab691983-3544-4a0e-8f70-db44d85cb907.parquet,TeamB-ab691983-3544-4a0e-8f70-db44d85cb907,TeamB,2021-08-07 00:00:00,27.410022,121.83833333333338,10.149056790199875,730990,73100,0,0.0,True,,
2021-08-07-TeamB-afc13e53-2c77-48cb-8a78-743663bbb84f.parquet,TeamB-afc13e53-2c77-48cb-8a78-743663bbb84f,TeamB,2021-08-07 00:00:00,25.6400208,147.53666666666675,5.473709134700085,885145,88515,0,0.0,True,,
2021-08-07-TeamB-afc13e53-2c77-48cb-8a78-743663bbb84f.parquet,TeamB-afc13e53-2c77-48cb-8a78-743663bbb84f,TeamB,2021-08-07 00:00:00,27.800020800000002,85.68166666666669,6.32790232430004,514095,51410,1,1.9451846952868174e-05,True,,
2021-08-07-TeamB-d9501f3a-aaa1-4311-8b8b-3a8d3f21480f.parquet,TeamB-d9501f3a-aaa1-4311-8b8b-3a8d3f21480f,TeamB,2021-08-07 00:00:00,28.7700228,116.38666666666661,4.8748164317999745,698270,69828,0,0.0,True,,
2021-08-07-TeamB-e4321aef-964a-4fdd-88bd-0bd548b0e93b.parquet,TeamB-e4321aef-964a-4fdd-88bd-0bd548b0e93b,TeamB,2021-08-07 00:00:00,27.230021999999998,88.87166666666671,6.387837371900047,533160,53317,0,0.0,True,,
2021-08-08-TeamB-48bfd4ea-e9e2-45b5-befc-3383cae87fdf.parquet,TeamB-48bfd4ea-e9e2-45b5-befc-3383cae87fdf,TeamB,2021-08-08 00:00:00,22.8200184,96.01666666666667,3.0117729995999682,576090,57610,1,1.7358398861289034e-05,True,,
2021-08-08-TeamB-4b1e23d2-4204-4e16-9991-e0490649079b.parquet,TeamB-4b1e23d2-4204-4e16-9991-e0490649079b,TeamB,2021-08-08 00:00:00,24.710018400000003,103.05333333333328,4.4974883555999305,618260,61827,1,1.6174424999191277e-05,True,,
2021-08-08-TeamB-5eba590a-cecb-400f-a92e-08224c7e2e59.parquet,TeamB-5eba590a-cecb-400f-a92e-08224c7e2e59,TeamB,2021-08-08 00:00:00,24.720019200000003,96.98166666666663,4.502728360200063,581890,58190,1,1.718537867981921e-05,True,,
2021-08-08-TeamB-70b74270-f655-43cc-a188-1ebc7a828b95.parquet,TeamB-70b74270-f655-43cc-a188-1ebc7a828b95,TeamB,2021-08-08 00:00:00,23.7200184,90.62333333333336,4.261617890799945,543510,54352,0,0.0,True,,
2021-08-08-TeamB-789547e7-1325-4153-a98d-5ecd497f3668.parquet,TeamB-789547e7-1325-4153-a98d-5ecd497f3668,TeamB,2021-08-08 00:00:00,23.8200192,139.7783333333334,3.7157591114997848,838655,83866,1,1.192392535622727e-05,True,,
2021-08-08-TeamB-7d41e602-eece-328b-ff7b-118e820865d6.parquet,TeamB-7d41e602-eece-328b-ff7b-118e820865d6,TeamB,2021-08-08 00:00:00,17.1300132,162.62166666666664,1.857953718299996,975620,97563,0,0.0,True,,
2021-08-08-TeamB-ab5ec6e5-b0f3-401e-8dc5-aa6c5070e255.parquet,TeamB-ab5ec6e5-b0f3-401e-8dc5-aa6c5070e255,TeamB,2021-08-08 00:00:00,23.670018,116.14000000000003,4.250383710499949,696675,69668,0,0.0,True,,
2021-08-09-TeamB-afc13e53-2c77-48cb-8a78-743663bbb84f.parquet,TeamB-afc13e53-2c77-48cb-8a78-743663bbb84f,TeamB,2021-08-09 00:00:00,19.820016,86.83666666666662,2.2020373411000316,520910,52092,0,0.0,True,,
2021-08-10-TeamB-29c5271b-5c46-455e-91ea-da2abfa8ff3c.parquet,TeamB-29c5271b-5c46-455e-91ea-da2abfa8ff3c,TeamB,2021-08-10 00:00:00,26.060022,60.126666666666644,2.6596540871998595,360605,36061,0,0.0,True,,
2021-08-10-TeamB-2f23d7d5-2326-49ce-b9c8-5a6303f785c5.parquet,TeamB-2f23d7d5-2326-49ce-b9c8-5a6303f785c5,TeamB,2021-08-10 00:00:00,24.8500188,111.4066666666667,3.8127933649001835,668355,66836,0,0.0,True,,
2021-08-10-TeamB-4405bb1f-56f7-48ba-bfa8-e795e4006952.parquet,TeamB-4405bb1f-56f7-48ba-bfa8-e795e4006952,TeamB,2021-08-10 00:00:00,24.330020400000002,82.35833333333345,2.9671923998000294,494155,49416,1,2.0236770211474247e-05,True,,
2021-08-10-TeamB-48bfd4ea-e9e2-45b5-befc-3383cae87fdf.parquet,TeamB-48bfd4ea-e9e2-45b5-befc-3383cae87fdf,TeamB,2021-08-10 00:00:00,19.5600168,115.32999999999993,3.7770413903000577,691970,69198,1,1.4451493561859618e-05,True,,
2021-08-10-TeamB-4b1e23d2-4204-4e16-9991-e0490649079b.parquet,TeamB-4b1e23d2-4204-4e16-9991-e0490649079b,TeamB,2021-08-10 00:00:00,24.1800192,145.83666666666673,5.874611420500076,874880,87489,1,1.1430138990490125e-05,True,,
2021-08-10-TeamB-5a921187-19c7-8df4-8f4f-f31e78de5857.parquet,TeamB-5a921187-19c7-8df4-8f4f-f31e78de5857,TeamB,2021-08-10 00:00:00,25.0600212,111.70500000000006,5.229378659799991,670150,67015,0,0.0,True,,
2021-08-10-TeamB-5eba590a-cecb-400f-a92e-08224c7e2e59.parquet,TeamB-5eba590a-cecb-400f-a92e-08224c7e2e59,TeamB,2021-08-10 00:00:00,22.6200168,103.65833333333333,3.2768740407000103,621855,62186,0,0.0,True,,
2021-08-10-TeamB-6d568bee-175f-4dcb-9d3a-0f3e8f35de07.parquet,TeamB-6d568bee-175f-4dcb-9d3a-0f3e8f35de07,TeamB,2021-08-10 00:00:00,25.4000196,111.88833333333338,5.435839945199819,671240,67125,0,0.0,True,,
2021-08-10-TeamB-70b74270-f655-43cc-a188-1ebc7a828b95.parquet,TeamB-70b74270-f655-43cc-a188-1ebc7a828b95,TeamB,2021-08-10 00:00:00,27.320022,104.20333333333329,4.841664452100022,625220,62523,1,1.5994369981766418e-05,True,,
2021-08-10-TeamB-789547e7-1325-4153-a98d-5ecd497f3668.parquet,TeamB-789547e7-1325-4153-a98d-5ecd497f3668,TeamB,2021-08-10 00:00:00,21.1600152,103.34500000000007,2.967169346699941,620070,62008,1,1.612721144386924e-05,True,,
2021-08-10-TeamB-7ab47f4e-6eca-4793-880f-6a0dad3459c3.parquet,TeamB-7ab47f4e-6eca-4793-880f-6a0dad3459c3,TeamB,2021-08-10 00:00:00,23.1500196,114.47166666666672,4.169290309299922,686760,68677,0,0.0,True,,
2021-08-10-TeamB-9c845827-99f9-47f4-977d-2200a107a013.parquet,TeamB-9c845827-99f9-47f4-977d-2200a107a013,TeamB,2021-08-10 00:00:00,24.1600176,107.02166666666672,3.9966157227000862,642040,64205,0,0.0,True,,
2021-08-10-TeamB-a7126274-c2d2-4f4e-9b67-35d376aefacc.parquet,TeamB-a7126274-c2d2-4f4e-9b67-35d376aefacc,TeamB,2021-08-10 00:00:00,25.1900208,104.20333333333329,3.4651436367000317,625145,62515,0,0.0,True,,
2021-08-10-TeamB-ab5ec6e5-b0f3-401e-8dc5-aa6c5070e255.parquet,TeamB-ab5ec6e5-b0f3-401e-8dc5-aa6c5070e255,TeamB,2021-08-10 00:00:00,25.730020800000002,97.85500000000005,4.14011362239996,587000,58701,0,0.0,True,,
2021-08-10-TeamB-ab691983-3544-4a0e-8f70-db44d85cb907.parquet,TeamB-ab691983-3544-4a0e-8f70-db44d85cb907,TeamB,2021-08-10 00:00:00,24.5800188,117.26166666666674,4.272145122500033,703525,70353,0,0.0,True,,
2021-08-10-TeamB-afc13e53-2c77-48cb-8a78-743663bbb84f.parquet,TeamB-afc13e53-2c77-48cb-8a78-743663bbb84f,TeamB,2021-08-10 00:00:00,23.940018000000002,88.97166666666665,4.64352097389989,533680,53369,0,0.0,True,,
2021-08-10-TeamB-afc13e53-2c77-48cb-8a78-743663bbb84f.parquet,TeamB-afc13e53-2c77-48cb-8a78-743663bbb84f,TeamB,2021-08-10 00:00:00,25.350019200000002,120.08833333333327,6.33522511120008,720540,72055,1,1.3878480028867238e-05,True,,
2021-08-10-TeamB-d9501f3a-aaa1-4311-8b8b-3a8d3f21480f.parquet,TeamB-d9501f3a-aaa1-4311-8b8b-3a8d3f21480f,TeamB,2021-08-10 00:00:00,26.2900224,120.94499999999995,3.9294476125001094,725620,72563,0,0.0,True,,
2021-08-10-TeamB-e4321aef-964a-4fdd-88bd-0bd548b0e93b.parquet,TeamB-e4321aef-964a-4fdd-88bd-0bd548b0e93b,TeamB,2021-08-10 00:00:00,25.2100188,116.98833333333339,5.883938632200032,701860,70187,0,0.0,True,,
2021-08-11-TeamB-29c5271b-5c46-455e-91ea-da2abfa8ff3c.parquet,TeamB-29c5271b-5c46-455e-91ea-da2abfa8ff3c,TeamB,2021-08-11 00:00:00,29.0900232,99.46999999999996,6.428882124099706,596650,59666,0,0.0,True,,
2021-08-11-TeamB-2f23d7d5-2326-49ce-b9c8-5a6303f785c5.parquet,TeamB-2f23d7d5-2326-49ce-b9c8-5a6303f785c5,TeamB,2021-08-11 00:00:00,24.300018,58.138333333333385,5.011030701400024,348750,34876,0,0.0,True,,
2021-08-11-TeamB-4b1e23d2-4204-4e16-9991-e0490649079b.parquet,TeamB-4b1e23d2-4204-4e16-9991-e0490649079b,TeamB,2021-08-11 00:00:00,23.3700192,159.5883333333334,13.205218415300017,956970,95698,0,0.0,True,,
2021-08-11-TeamB-4d54416a-8e5f-42c0-8dd0-12700569908f.parquet,TeamB-4d54416a-8e5f-42c0-8dd0-12700569908f,TeamB,2021-08-11 00:00:00,26.2800216,123.99000000000002,11.68783329670003,743890,74390,0,0.0,True,,
2021-08-11-TeamB-5eba590a-cecb-400f-a92e-08224c7e2e59.parquet,TeamB-5eba590a-cecb-400f-a92e-08224c7e2e59,TeamB,2021-08-11 00:00:00,23.9600196,161.3383333333334,12.16413700699997,967930,96794,0,0.0,True,,
2021-08-11-TeamB-6d568bee-175f-4dcb-9d3a-0f3e8f35de07.parquet,TeamB-6d568bee-175f-4dcb-9d3a-0f3e8f35de07,TeamB,2021-08-11 00:00:00,25.6000212,110.85833333333333,2.3507682939000882,665140,66515,1,1.503442884204829e-05,True,,
2021-08-11-TeamB-70b74270-f655-43cc-a188-1ebc7a828b95.parquet,TeamB-70b74270-f655-43cc-a188-1ebc7a828b95,TeamB,2021-08-11 00:00:00,28.640023199999998,151.37000000000006,12.504087007900043,908040,90805,1,1.1012730716708515e-05,True,,
2021-08-11-TeamB-789547e7-1325-4153-a98d-5ecd497f3668.parquet,TeamB-789547e7-1325-4153-a98d-5ecd497f3668,TeamB,2021-08-11 00:00:00,20.6000172,122.10999999999997,5.628477883799924,732649,73266,1,1.3649082099228828e-05,True,,
2021-08-11-TeamB-9c845827-99f9-47f4-977d-2200a107a013.parquet,TeamB-9c845827-99f9-47f4-977d-2200a107a013,TeamB,2021-08-11 00:00:00,25.5300192,18.773333333333238,1.914835431200038,112629,11264,1,8.878629139660837e-05,True,,
2021-08-11-TeamB-a7126274-c2d2-4f4e-9b67-35d376aefacc.parquet,TeamB-a7126274-c2d2-4f4e-9b67-35d376aefacc,TeamB,2021-08-11 00:00:00,28.3900212,117.35,5.924525879299962,704019,70403,0,0.0,True,,
2021-08-11-TeamB-ab691983-3544-4a0e-8f70-db44d85cb907.parquet,TeamB-ab691983-3544-4a0e-8f70-db44d85cb907,TeamB,2021-08-11 00:00:00,25.2300204,71.62333333333336,5.527614181799829,429700,42971,0,0.0,True,,
2021-08-11-TeamB-afc13e53-2c77-48cb-8a78-743663bbb84f.parquet,TeamB-afc13e53-2c77-48cb-8a78-743663bbb84f,TeamB,2021-08-11 00:00:00,26.2100196,165.4,13.149224215299899,992279,99229,0,0.0,True,,
2021-08-11-TeamB-afc13e53-2c77-48cb-8a78-743663bbb84f.parquet,TeamB-afc13e53-2c77-48cb-8a78-743663bbb84f,TeamB,2021-08-11 00:00:00,27.6300216,11.396666666666714,1.316958835099927,68390,6840,1,0.00014622020763269483,True,,
2021-08-11-TeamB-d9501f3a-aaa1-4311-8b8b-3a8d3f21480f.parquet,TeamB-d9501f3a-aaa1-4311-8b8b-3a8d3f21480f,TeamB,2021-08-11 00:00:00,27.1200204,122.06333333333338,10.121225931299946,732330,73234,0,0.0,True,,
2021-08-13-TeamB-29c5271b-5c46-455e-91ea-da2abfa8ff3c.parquet,TeamB-29c5271b-5c46-455e-91ea-da2abfa8ff3c,TeamB,2021-08-13 00:00:00,18.3600144,88.5,2.583365142099947,530915,53092,0,0.0,True,,
2021-08-13-TeamB-2f23d7d5-2326-49ce-b9c8-5a6303f785c5.parquet,TeamB-2f23d7d5-2326-49ce-b9c8-5a6303f785c5,TeamB,2021-08-13 00:00:00,23.6600172,92.31500000000003,3.165414515599896,553815,55382,0,0.0,True,,
2021-08-13-TeamB-4405bb1f-56f7-48ba-bfa8-e795e4006952.parquet,TeamB-4405bb1f-56f7-48ba-bfa8-e795e4006952,TeamB,2021-08-13 00:00:00,21.3600168,83.51666666666667,3.511953394399955,501100,50111,1,1.9956096587507483e-05,True,,
2021-08-13-TeamB-48bfd4ea-e9e2-45b5-befc-3383cae87fdf.parquet,TeamB-48bfd4ea-e9e2-45b5-befc-3383cae87fdf,TeamB,2021-08-13 00:00:00,18.7900164,93.30666666666669,3.098859178099953,559730,55974,0,0.0,True,,
2021-08-13-TeamB-4b1e23d2-4204-4e16-9991-e0490649079b.parquet,TeamB-4b1e23d2-4204-4e16-9991-e0490649079b,TeamB,2021-08-13 00:00:00,19.1700144,75.6066666666667,2.740402767199912,453510,45352,0,0.0,True,,
2021-08-13-TeamB-4d54416a-8e5f-42c0-8dd0-12700569908f.parquet,TeamB-4d54416a-8e5f-42c0-8dd0-12700569908f,TeamB,2021-08-13 00:00:00,41.4,361.49,15.30782849410008,2168850,216886,0,0.0,False,max_speed_over_32_kmh;duration_over_200_min,
2021-08-13-TeamB-5a921187-19c7-8df4-8f4f-f31e78de5857.parquet,TeamB-5a921187-19c7-8df4-8f4f-f31e78de5857,TeamB,2021-08-13 00:00:00,22.2500196,92.13833333333326,3.7690049880999825,552820,55282,1,1.8089397803947107e-05,True,,
2021-08-13-TeamB-5eba590a-cecb-400f-a92e-08224c7e2e59.parquet,TeamB-5eba590a-cecb-400f-a92e-08224c7e2e59,TeamB,2021-08-13 00:00:00,20.520018,89.8566666666667,4.0987713673001345,539040,53905,0,0.0,True,,
2021-08-13-TeamB-6d568bee-175f-4dcb-9d3a-0f3e8f35de07.parquet,TeamB-6d568bee-175f-4dcb-9d3a-0f3e8f35de07,TeamB,2021-08-13 00:00:00,22.3300188,86.55666666666669,3.3050340624000816,519260,51927,0,0.0,True,,
2021-08-13-TeamB-70b74270-f655-43cc-a188-1ebc7a828b95.parquet,TeamB-70b74270-f655-43cc-a188-1ebc7a828b95,TeamB,2021-08-13 00:00:00,24.6000204,91.90333333333328,3.669190185200072,551380,55139,1,1.813631252493743e-05,True,,
2021-08-13-TeamB-789547e7-1325-4153-a98d-5ecd497f3668.parquet,TeamB-789547e7-1325-4153-a98d-5ecd497f3668,TeamB,2021-08-13 00:00:00,18.2100132,88.29833333333323,2.8878537236999837,529795,52980,1,1.8875403461748993e-05,True,,
2021-08-13-TeamB-7ab47f4e-6eca-4793-880f-6a0dad3459c3.parquet,TeamB-7ab47f4e-6eca-4793-880f-6a0dad3459c3,TeamB,2021-08-13 00:00:00,22.860018,94.87166666666671,4.0273202095000835,569160,56917,0,0.0,True,,
2021-08-13-TeamB-9c845827-99f9-47f4-977d-2200a107a013.parquet,TeamB-9c845827-99f9-47f4-977d-2200a107a013,TeamB,2021-08-13 00:00:00,24.0900192,83.64166666666667,2.6534682539000114,501739,50175,0,0.0,True,,
2021-08-13-TeamB-a7126274-c2d2-4f4e-9b67-35d376aefacc.parquet,TeamB-a7126274-c2d2-4f4e-9b67-35d376aefacc,TeamB,2021-08-13 00:00:00,21.5400168,64.22000000000007,2.6127609973001067,385235,38524,0,0.0,True,,
2021-08-13-TeamB-ab691983-3544-4a0e-8f70-db44d85cb907.parquet,TeamB-ab691983-3544-4a0e-8f70-db44d85cb907,TeamB,2021-08-13 00:00:00,20.2400172,88.90500000000004,3.6359837799000987,533390,53340,0,0.0,True,,
2021-08-13-TeamB-afc13e53-2c77-48cb-8a78-743663bbb84f.parquet,TeamB-afc13e53-2c77-48cb-8a78-743663bbb84f,TeamB,2021-08-13 00:00:00,23.0300172,64.63833333333338,2.7540516661000582,387720,38773,0,0.0,True,,
2021-08-13-TeamB-afc13e53-2c77-48cb-8a78-743663bbb84f.parquet,TeamB-afc13e53-2c77-48cb-8a78-743663bbb84f,TeamB,2021-08-13 00:00:00,24.9700212,88.18666666666674,3.240647626499809,529135,52914,1,1.8898947328633796e-05,True,,
2021-08-13-TeamB-d9501f3a-aaa1-4311-8b8b-3a8d3f21480f.parquet,TeamB-d9501f3a-aaa1-4311-8b8b-3a8d3f21480f,TeamB,2021-08-13 00:00:00,24.28002,90.38166666666669,3.6982827055000564,542225,54223,0,0.0,True,,
2021-08-13-TeamB-e4321aef-964a-4fdd-88bd-0bd548b0e93b.parquet,TeamB-e4321aef-964a-4fdd-88bd-0bd548b0e93b,TeamB,2021-08-13 00:00:00,24.710018400000003,105.87333333333336,3.061170808399957,635145,63515,0,0.0,True,,
2021-08-14-TeamB-29c5271b-5c46-455e-91ea-da2abfa8ff3c.parquet,TeamB-29c5271b-5c46-455e-91ea-da2abfa8ff3c,TeamB,2021-08-14 00:00:00,29.9400228,133.5533333333334,10.27417078159985,800910,80092,19,0.00023723015070357468,True,,
2021-08-14-TeamB-2f23d7d5-2326-49ce-b9c8-5a6303f785c5.parquet,TeamB-2f23d7d5-2326-49ce-b9c8-5a6303f785c5,TeamB,2021-08-14 00:00:00,27.610023599999998,126.04999999999988,10.044591991599944,756300,75631,1,1.3222266296443211e-05,True,,
2021-08-14-TeamB-4405bb1f-56f7-48ba-bfa8-e795e4006952.parquet,TeamB-4405bb1f-56f7-48ba-bfa8-e795e4006952,TeamB,2021-08-14 00:00:00,24.900019200000003,132.01666666666668,10.42192479369986,792100,79211,1,1.2624668602449186e-05,True,,
2021-08-14-TeamB-48bfd4ea-e9e2-45b5-befc-3383cae87fdf.parquet,TeamB-48bfd4ea-e9e2-45b5-befc-3383cae87fdf,TeamB,2021-08-14 00:00:00,25.5600216,126.0316666666667,6.225566142800006,756190,75620,1,1.3224189687776882e-05,True,,
2021-08-14-TeamB-4b1e23d2-4204-4e16-9991-e0490649079b.parquet,TeamB-4b1e23d2-4204-4e16-9991-e0490649079b,TeamB,2021-08-14 00:00:00,23.120017200000003,53.0,4.729231293699986,317930,31794,1,3.1453464599125595e-05,True,,
2021-08-14-TeamB-5a921187-19c7-8df4-8f4f-f31e78de5857.parquet,TeamB-5a921187-19c7-8df4-8f4f-f31e78de5857,TeamB,2021-08-14 00:00:00,27.6600204,94.03666666666673,7.664487849000162,564220,56423,1,1.7723582999539188e-05,True,,
2021-08-14-TeamB-5eba590a-cecb-400f-a92e-08224c7e2e59.parquet,TeamB-5eba590a-cecb-400f-a92e-08224c7e2e59,TeamB,2021-08-14 00:00:00,26.780022,136.83499999999998,6.435511033900252,821000,82101,1,1.218026796589525e-05,True,,
2021-08-14-TeamB-6d568bee-175f-4dcb-9d3a-0f3e8f35de07.parquet,TeamB-6d568bee-175f-4dcb-9d3a-0f3e8f35de07,TeamB,2021-08-14 00:00:00,26.2500228,142.98666666666662,7.600316118000048,857920,85793,1,1.1656098470719881e-05,True,,
2021-08-14-TeamB-70b74270-f655-43cc-a188-1ebc7a828b95.parquet,TeamB-70b74270-f655-43cc-a188-1ebc7a828b95,TeamB,2021-08-14 00:00:00,29.4500232,87.64833333333335,6.471503261999973,525770,52578,1,1.901972345322099e-05,True,,
2021-08-14-TeamB-789547e7-1325-4153-a98d-5ecd497f3668.parquet,TeamB-789547e7-1325-4153-a98d-5ecd497f3668,TeamB,2021-08-14 00:00:00,24.330020400000002,134.87833333333327,6.2883992409000005,809240,80925,1,1.2357273491176907e-05,True,,
2021-08-14-TeamB-ab691983-3544-4a0e-8f70-db44d85cb907.parquet,TeamB-ab691983-3544-4a0e-8f70-db44d85cb907,TeamB,2021-08-14 00:00:00,26.1600192,140.07166666666672,9.781910929700054,840380,84039,0,0.0,True,,
2021-08-14-TeamB-afc13e53-2c77-48cb-8a78-743663bbb84f.parquet,TeamB-afc13e53-2c77-48cb-8a78-743663bbb84f,TeamB,2021-08-14 00:00:00,24.2300196,189.59499999999994,6.089038521100057,1137464,113747,0,0.0,True,,
2021-08-14-TeamB-afc13e53-2c77-48cb-8a78-743663bbb84f.parquet,TeamB-afc13e53-2c77-48cb-8a78-743663bbb84f,TeamB,2021-08-14 00:00:00,27.4600224,125.41333333333326,8.19179381900017,752470,75248,1,1.3289566361449625e-05,True,,
2021-08-14-TeamB-d9501f3a-aaa1-4311-8b8b-3a8d3f21480f.parquet,TeamB-d9501f3a-aaa1-4311-8b8b-3a8d3f21480f,TeamB,2021-08-14 00:00:00,27.8800236,54.888333333333385,3.363934103399963,329270,32928,0,0.0,True,,
2021-08-14-TeamB-e4321aef-964a-4fdd-88bd-0bd548b0e93b.parquet,TeamB-e4321aef-964a-4fdd-88bd-0bd548b0e93b,TeamB,2021-08-14 00:00:00,28.6900236,140.05499999999992,11.420306980400005,840330,84034,1,1.1900086870634156e-05,True,,
2021-08-15-TeamB-5eba590a-cecb-400f-a92e-08224c7e2e59.parquet,TeamB-5eba590a-cecb-400f-a92e-08224c7e2e59,TeamB,2021-08-15 00:00:00,22.920019200000002,90.0,4.005280178299817,540000,54001,1,1.8518518518518518e-05,True,,
2021-08-15-TeamB-7ab47f4e-6eca-4793-880f-6a0dad3459c3.parquet,TeamB-7ab47f4e-6eca-4793-880f-6a0dad3459c3,TeamB,2021-08-15 00:00:00,25.430021999999997,158.13333333333333,12.471789489700132,948735,94874,0,0.0,True,,
2021-08-16-TeamB-afc13e53-2c77-48cb-8a78-743663bbb84f.parquet,TeamB-afc13e53-2c77-48cb-8a78-743663bbb84f,TeamB,2021-08-16 00:00:00,21.440016,83.55500000000005,3.9553587513000887,501220,50123,0,0.0,True,,
2021-08-17-TeamB-29c5271b-5c46-455e-91ea-da2abfa8ff3c.parquet,TeamB-29c5271b-5c46-455e-91ea-da2abfa8ff3c,TeamB,2021-08-17 00:00:00,41.4,132.9,23.89967749810006,797299,79731,0,0.0,False,max_speed_over_32_kmh;distance_over_16_km,
2021-08-17-TeamB-2f23d7d5-2326-49ce-b9c8-5a6303f785c5.parquet,TeamB-2f23d7d5-2326-49ce-b9c8-5a6303f785c5,TeamB,2021-08-17 00:00:00,24.9200208,73.72333333333336,3.471651143700142,442240,44225,0,0.0,True,,
2021-08-17-TeamB-4405bb1f-56f7-48ba-bfa8-e795e4006952.parquet,TeamB-4405bb1f-56f7-48ba-bfa8-e795e4006952,TeamB,2021-08-17 00:00:00,19.830016800000003,75.97166666666672,3.3678052190999703,455720,45573,0,0.0,True,,
2021-08-17-TeamB-48bfd4ea-e9e2-45b5-befc-3383cae87fdf.parquet,TeamB-48bfd4ea-e9e2-45b5-befc-3383cae87fdf,TeamB,2021-08-17 00:00:00,17.080012800000002,61.67999999999993,2.6021604331000816,370070,37008,1,2.7021914772880808e-05,True,,
2021-08-17-TeamB-4b1e23d2-4204-4e16-9991-e0490649079b.parquet,TeamB-4b1e23d2-4204-4e16-9991-e0490649079b,TeamB,2021-08-17 00:00:00,23.1600168,76.55500000000005,3.9606990272999734,459200,45921,0,0.0,True,,
2021-08-17-TeamB-4d54416a-8e5f-42c0-8dd0-12700569908f.parquet,TeamB-4d54416a-8e5f-42c0-8dd0-12700569908f,TeamB,2021-08-17 00:00:00,4.820004,1.8383333333333818,0.008983062699992325,10980,1099,0,0.0,True,,
2021-08-17-TeamB-5a921187-19c7-8df4-8f4f-f31e78de5857.parquet,TeamB-5a921187-19c7-8df4-8f4f-f31e78de5857,TeamB,2021-08-17 00:00:00,25.2000216,61.14000000000002,3.4496594521001103,366740,36675,0,0.0,True,,
2021-08-17-TeamB-5eba590a-cecb-400f-a92e-08224c7e2e59.parquet,TeamB-5eba590a-cecb-400f-a92e-08224c7e2e59,TeamB,2021-08-17 00:00:00,24.980018400000002,74.47166666666672,4.246959815900027,446730,44674,0,0.0,True,,
2021-08-17-TeamB-6d568bee-175f-4dcb-9d3a-0f3e8f35de07.parquet,TeamB-6d568bee-175f-4dcb-9d3a-0f3e8f35de07,TeamB,2021-08-17 00:00:00,25.3100196,74.99000000000002,3.747840246999915,449820,44983,0,0.0,True,,
2021-08-17-TeamB-70b74270-f655-43cc-a188-1ebc7a828b95.parquet,TeamB-70b74270-f655-43cc-a188-1ebc7a828b95,TeamB,2021-08-17 00:00:00,27.800020800000002,60.763333333333385,3.6737343518997823,364470,36448,0,0.0,True,,
2021-08-17-TeamB-789547e7-1325-4153-a98d-5ecd497f3668.parquet,TeamB-789547e7-1325-4153-a98d-5ecd497f3668,TeamB,2021-08-17 00:00:00,17.9700156,67.12333333333336,3.28153098840002,402620,40263,0,0.0,True,,
2021-08-17-TeamB-7d41e602-eece-328b-ff7b-118e820865d6.parquet,TeamB-7d41e602-eece-328b-ff7b-118e820865d6,TeamB,2021-08-17 00:00:00,26.200022399999998,73.83666666666662,2.5272803684000227,442920,44293,0,0.0,True,,
2021-08-17-TeamB-a7126274-c2d2-4f4e-9b67-35d376aefacc.parquet,TeamB-a7126274-c2d2-4f4e-9b67-35d376aefacc,TeamB,2021-08-17 00:00:00,27.4500216,61.70500000000005,3.2879415400001153,370140,37015,0,0.0,True,,
2021-08-17-TeamB-ab5ec6e5-b0f3-401e-8dc5-aa6c5070e255.parquet,TeamB-ab5ec6e5-b0f3-401e-8dc5-aa6c5070e255,TeamB,2021-08-17 00:00:00,25.740021600000002,69.05666666666669,3.512663390399794,414220,41423,0,0.0,True,,
2021-08-17-TeamB-ab691983-3544-4a0e-8f70-db44d85cb907.parquet,TeamB-ab691983-3544-4a0e-8f70-db44d85cb907,TeamB,2021-08-17 00:00:00,24.030018,74.38666666666661,3.872580074099908,446270,44628,0,0.0,True,,
2021-08-17-TeamB-afc13e53-2c77-48cb-8a78-743663bbb84f.parquet,TeamB-afc13e53-2c77-48cb-8a78-743663bbb84f,TeamB,2021-08-17 00:00:00,25.0800192,75.85333333333328,3.4396719389000827,455010,45502,0,0.0,True,,
2021-08-17-TeamB-afc13e53-2c77-48cb-8a78-743663bbb84f.parquet,TeamB-afc13e53-2c77-48cb-8a78-743663bbb84f,TeamB,2021-08-17 00:00:00,26.840023199999997,74.96999999999996,4.075820224900167,449650,44966,0,0.0,True,,
2021-08-17-TeamB-d9501f3a-aaa1-4311-8b8b-3a8d3f21480f.parquet,TeamB-d9501f3a-aaa1-4311-8b8b-3a8d3f21480f,TeamB,2021-08-17 00:00:00,24.6500208,66.33833333333338,3.6696076838998204,397940,39795,0,0.0,True,,
2021-08-17-TeamB-e4321aef-964a-4fdd-88bd-0bd548b0e93b.parquet,TeamB-e4321aef-964a-4fdd-88bd-0bd548b0e93b,TeamB,2021-08-17 00:00:00,24.390018,76.62166666666671,2.0718044505999242,459660,45967,0,0.0,True,,
2021-08-18-TeamB-2f23d7d5-2326-49ce-b9c8-5a6303f785c5.parquet,TeamB-2f23d7d5-2326-49ce-b9c8-5a6303f785c5,TeamB,2021-08-18 00:00:00,30.680024399999997,140.38666666666674,9.340657248799719,842310,84232,1,1.1872113592382853e-05,True,,
2021-08-18-TeamB-4405bb1f-56f7-48ba-bfa8-e795e4006952.parquet,TeamB-4405bb1f-56f7-48ba-bfa8-e795e4006952,TeamB,2021-08-18 00:00:00,24.4900188,111.45333333333329,8.160735466800176,668720,66873,1,1.4953941859074052e-05,True,,
2021-08-18-TeamB-48bfd4ea-e9e2-45b5-befc-3383cae87fdf.parquet,TeamB-48bfd4ea-e9e2-45b5-befc-3383cae87fdf,TeamB,2021-08-18 00:00:00,26.4900204,154.08166666666668,5.8309230314999825,924489,92450,1,1.081677465413363e-05,True,,
2021-08-18-TeamB-4b1e23d2-4204-4e16-9991-e0490649079b.parquet,TeamB-4b1e23d2-4204-4e16-9991-e0490649079b,TeamB,2021-08-18 00:00:00,22.9700196,58.85333333333328,4.8603391889001175,352970,35298,0,0.0,True,,
2021-08-18-TeamB-5a921187-19c7-8df4-8f4f-f31e78de5857.parquet,TeamB-5a921187-19c7-8df4-8f4f-f31e78de5857,TeamB,2021-08-18 00:00:00,28.060023599999997,111.84000000000002,7.175239396999928,670930,67094,0,0.0,True,,
2021-08-18-TeamB-5eba590a-cecb-400f-a92e-08224c7e2e59.parquet,TeamB-5eba590a-cecb-400f-a92e-08224c7e2e59,TeamB,2021-08-18 00:00:00,25.350019200000002,142.35,9.599423842600087,854090,85410,1,1.170836797058858e-05,True,,
2021-08-18-TeamB-6d568bee-175f-4dcb-9d3a-0f3e8f35de07.parquet,TeamB-6d568bee-175f-4dcb-9d3a-0f3e8f35de07,TeamB,2021-08-18 00:00:00,25.7600196,144.05500000000004,5.931377285300048,864240,86425,0,0.0,True,,
2021-08-18-TeamB-70b74270-f655-43cc-a188-1ebc7a828b95.parquet,TeamB-70b74270-f655-43cc-a188-1ebc7a828b95,TeamB,2021-08-18 00:00:00,29.700025200000002,128.33666666666662,8.60329915989997,769820,76983,0,0.0,True,,
2021-08-18-TeamB-789547e7-1325-4153-a98d-5ecd497f3668.parquet,TeamB-789547e7-1325-4153-a98d-5ecd497f3668,TeamB,2021-08-18 00:00:00,20.000016,146.70999999999998,5.998731521900059,880230,88024,1,1.1360667098372017e-05,True,,
2021-08-18-TeamB-7ab47f4e-6eca-4793-880f-6a0dad3459c3.parquet,TeamB-7ab47f4e-6eca-4793-880f-6a0dad3459c3,TeamB,2021-08-18 00:00:00,24.1600176,8.490000000000025,0.4898498355999782,50840,5085,0,0.0,True,,
2021-08-18-TeamB-ab691983-3544-4a0e-8f70-db44d85cb907.parquet,TeamB-ab691983-3544-4a0e-8f70-db44d85cb907,TeamB,2021-08-18 00:00:00,23.2500204,137.86999999999995,9.191896302099915,827160,82717,0,0.0,True,,
2021-08-18-TeamB-afc13e53-2c77-48cb-8a78-743663bbb84f.parquet,TeamB-afc13e53-2c77-48cb-8a78-743663bbb84f,TeamB,2021-08-18 00:00:00,18.680014800000002,166.51999999999995,3.0792322179999596,999010,99902,0,0.0,True,,
2021-08-18-TeamB-afc13e53-2c77-48cb-8a78-743663bbb84f.parquet,TeamB-afc13e53-2c77-48cb-8a78-743663bbb84f,TeamB,2021-08-18 00:00:00,27.8800236,142.2866666666666,9.735425630700101,853660,85367,1,1.1714265632687487e-05,True,,
2021-08-18-TeamB-d9501f3a-aaa1-4311-8b8b-3a8d3f21480f.parquet,TeamB-d9501f3a-aaa1-4311-8b8b-3a8d3f21480f,TeamB,2021-08-18 00:00:00,28.670022,144.5066666666667,3.358689099199928,866960,86697,0,0.0,True,,
2021-08-19-TeamB-48bfd4ea-e9e2-45b5-befc-3383cae87fdf.parquet,TeamB-48bfd4ea-e9e2-45b5-befc-3383cae87fdf,TeamB,2021-08-19 00:00:00,18.4100148,83.04166666666667,3.202036199900041,498250,49826,1,2.0070245860511792e-05,True,,
2021-08-19-TeamB-4b1e23d2-4204-4e16-9991-e0490649079b.parquet,TeamB-4b1e23d2-4204-4e16-9991-e0490649079b,TeamB,2021-08-19 00:00:00,21.4500168,77.29499999999983,4.366570743999988,463455,46346,22,0.00047470061495306936,True,,
2021-08-19-TeamB-4d54416a-8e5f-42c0-8dd0-12700569908f.parquet,TeamB-4d54416a-8e5f-42c0-8dd0-12700569908f,TeamB,2021-08-19 00:00:00,41.4,144.28499999999997,16.631912399799948,865665,86567,0,0.0,False,max_speed_over_32_kmh;distance_over_16_km,
2021-08-19-TeamB-6d568bee-175f-4dcb-9d3a-0f3e8f35de07.parquet,TeamB-6d568bee-175f-4dcb-9d3a-0f3e8f35de07,TeamB,2021-08-19 00:00:00,22.4400168,84.53833333333338,4.368879357999984,507140,50715,0,0.0,True,,
2021-08-19-TeamB-789547e7-1325-4153-a98d-5ecd497f3668.parquet,TeamB-789547e7-1325-4153-a98d-5ecd497f3668,TeamB,2021-08-19 00:00:00,17.9000136,83.01833333333343,3.048028860899859,498110,49812,1,2.00758868523017e-05,True,,
2021-08-19-TeamB-7ab47f4e-6eca-4793-880f-6a0dad3459c3.parquet,TeamB-7ab47f4e-6eca-4793-880f-6a0dad3459c3,TeamB,2021-08-19 00:00:00,23.3700192,85.54833333333336,5.18781307110021,513190,51320,0,0.0,True,,
2021-08-19-TeamB-a7126274-c2d2-4f4e-9b67-35d376aefacc.parquet,TeamB-a7126274-c2d2-4f4e-9b67-35d376aefacc,TeamB,2021-08-19 00:00:00,25.170019200000002,81.52333333333335,3.3226274079000784,488980,48899,0,0.0,True,,
2021-08-19-TeamB-ab5ec6e5-b0f3-401e-8dc5-aa6c5070e255.parquet,TeamB-ab5ec6e5-b0f3-401e-8dc5-aa6c5070e255,TeamB,2021-08-19 00:00:00,27.5700204,85.83833333333338,4.888250055899918,514810,51482,0,0.0,True,,
2021-08-19-TeamB-d9501f3a-aaa1-4311-8b8b-3a8d3f21480f.parquet,TeamB-d9501f3a-aaa1-4311-8b8b-3a8d3f21480f,TeamB,2021-08-19 00:00:00,21.0400164,85.42333333333336,3.29027488369994,512460,51247,0,0.0,True,,
2021-08-20-TeamB-29c5271b-5c46-455e-91ea-da2abfa8ff3c.parquet,TeamB-29c5271b-5c46-455e-91ea-da2abfa8ff3c,TeamB,2021-08-20 00:00:00,23.8200192,69.37333333333336,2.3566116253999962,416140,41615,0,0.0,True,,
2021-08-20-TeamB-2f23d7d5-2326-49ce-b9c8-5a6303f785c5.parquet,TeamB-2f23d7d5-2326-49ce-b9c8-5a6303f785c5,TeamB,2021-08-20 00:00:00,24.7400208,75.88833333333338,2.3797905405000828,455240,45525,0,0.0,True,,
2021-08-20-TeamB-4405bb1f-56f7-48ba-bfa8-e795e4006952.parquet,TeamB-4405bb1f-56f7-48ba-bfa8-e795e4006952,TeamB,2021-08-20 00:00:00,20.610018,74.87666666666676,3.0398213482999163,449240,44925,1,2.2259816579111388e-05,True,,
2021-08-20-TeamB-48bfd4ea-e9e2-45b5-befc-3383cae87fdf.parquet,TeamB-48bfd4ea-e9e2-45b5-befc-3383cae87fdf,TeamB,2021-08-20 00:00:00,18.120013200000002,74.02333333333335,2.7114380214000176,444020,44403,0,0.0,True,,
2021-08-20-TeamB-4b1e23d2-4204-4e16-9991-e0490649079b.parquet,TeamB-4b1e23d2-4204-4e16-9991-e0490649079b,TeamB,2021-08-20 00:00:00,21.1600152,75.12333333333336,3.063569419999985,450540,45055,0,0.0,True,,
2021-08-20-TeamB-4d54416a-8e5f-42c0-8dd0-12700569908f.parquet,TeamB-4d54416a-8e5f-42c0-8dd0-12700569908f,TeamB,2021-08-20 00:00:00,19.8100152,73.96500000000002,3.2240323295000954,443720,44373,0,0.0,True,,
2021-08-20-TeamB-5a921187-19c7-8df4-8f4f-f31e78de5857.parquet,TeamB-5a921187-19c7-8df4-8f4f-f31e78de5857,TeamB,2021-08-20 00:00:00,25.920021600000002,74.57333333333335,3.2606395777000023,447350,44736,0,0.0,True,,
2021-08-20-TeamB-5eba590a-cecb-400f-a92e-08224c7e2e59.parquet,TeamB-5eba590a-cecb-400f-a92e-08224c7e2e59,TeamB,2021-08-20 00:00:00,18.5900148,75.45666666666669,2.9806654637000456,452640,45265,0,0.0,True,,
2021-08-20-TeamB-6d568bee-175f-4dcb-9d3a-0f3e8f35de07.parquet,TeamB-6d568bee-175f-4dcb-9d3a-0f3e8f35de07,TeamB,2021-08-20 00:00:00,25.7700204,74.9533333333334,3.3407971321999175,449720,44973,1,2.2236057991639243e-05,True,,
2021-08-20-TeamB-70b74270-f655-43cc-a188-1ebc7a828b95.parquet,TeamB-70b74270-f655-43cc-a188-1ebc7a828b95,TeamB,2021-08-20 00:00:00,28.400022,73.88833333333338,3.6201032026999944,443200,44321,0,0.0,True,,
2021-08-20-TeamB-789547e7-1325-4153-a98d-5ecd497f3668.parquet,TeamB-789547e7-1325-4153-a98d-5ecd497f3668,TeamB,2021-08-20 00:00:00,16.820013600000003,73.88333333333345,2.8011842119001313,443300,44331,1,2.2558087074216106e-05,True,,
2021-08-20-TeamB-7ab47f4e-6eca-4793-880f-6a0dad3459c3.parquet,TeamB-7ab47f4e-6eca-4793-880f-6a0dad3459c3,TeamB,2021-08-20 00:00:00,16.7600124,75.85500000000005,1.1225859102000795,455040,45505,0,0.0,True,,
2021-08-20-TeamB-7d41e602-eece-328b-ff7b-118e820865d6.parquet,TeamB-7d41e602-eece-328b-ff7b-118e820865d6,TeamB,2021-08-20 00:00:00,27.8200224,75.40500000000004,5.2855875873000535,452330,45234,0,0.0,True,,
2021-08-20-TeamB-9c845827-99f9-47f4-977d-2200a107a013.parquet,TeamB-9c845827-99f9-47f4-977d-2200a107a013,TeamB,2021-08-20 00:00:00,22.280018400000003,72.05666666666669,2.8562464789000215,432240,43225,0,0.0,True,,
2021-08-20-TeamB-a7126274-c2d2-4f4e-9b67-35d376aefacc.parquet,TeamB-a7126274-c2d2-4f4e-9b67-35d376aefacc,TeamB,2021-08-20 00:00:00,41.4,109.04000000000002,14.14828240499995,654150,65416,0,0.0,False,max_speed_over_32_kmh,
2021-08-20-TeamB-ab5ec6e5-b0f3-401e-8dc5-aa6c5070e255.parquet,TeamB-ab5ec6e5-b0f3-401e-8dc5-aa6c5070e255,TeamB,2021-08-20 00:00:00,25.1500212,93.40500000000004,3.124451689100023,560300,56031,0,0.0,True,,
2021-08-20-TeamB-ab691983-3544-4a0e-8f70-db44d85cb907.parquet,TeamB-ab691983-3544-4a0e-8f70-db44d85cb907,TeamB,2021-08-20 00:00:00,22.720017600000002,74.05333333333328,3.2490342946000488,444270,44428,0,0.0,True,,
2021-08-20-TeamB-afc13e53-2c77-48cb-8a78-743663bbb84f.parquet,TeamB-afc13e53-2c77-48cb-8a78-743663bbb84f,TeamB,2021-08-20 00:00:00,22.5500184,66.49000000000002,4.419502173100114,398860,39887,0,0.0,True,,
2021-08-20-TeamB-afc13e53-2c77-48cb-8a78-743663bbb84f.parquet,TeamB-afc13e53-2c77-48cb-8a78-743663bbb84f,TeamB,2021-08-20 00:00:00,25.1200188,70.88000000000005,3.8656686860999887,425295,42530,1,2.35133673493381e-05,True,,
2021-08-20-TeamB-d9501f3a-aaa1-4311-8b8b-3a8d3f21480f.parquet,TeamB-d9501f3a-aaa1-4311-8b8b-3a8d3f21480f,TeamB,2021-08-20 00:00:00,23.20002,71.90333333333328,2.7271260990000354,431350,43136,0,0.0,True,,
2021-08-21-TeamB-29c5271b-5c46-455e-91ea-da2abfa8ff3c.parquet,TeamB-29c5271b-5c46-455e-91ea-da2abfa8ff3c,TeamB,2021-08-21 00:00:00,28.3300236,171.42833333333328,10.29478218949988,1028320,102833,0,0.0,True,,
2021-08-21-TeamB-2f23d7d5-2326-49ce-b9c8-5a6303f785c5.parquet,TeamB-2f23d7d5-2326-49ce-b9c8-5a6303f785c5,TeamB,2021-08-21 00:00:00,27.150022800000002,173.69166666666666,9.37736950000023,1042060,104207,0,0.0,True,,
2021-08-21-TeamB-4405bb1f-56f7-48ba-bfa8-e795e4006952.parquet,TeamB-4405bb1f-56f7-48ba-bfa8-e795e4006952,TeamB,2021-08-21 00:00:00,26.390019600000002,170.00499999999994,9.809479572999958,1020030,102004,1,9.80363322647373e-06,True,,
2021-08-21-TeamB-48bfd4ea-e9e2-45b5-befc-3383cae87fdf.parquet,TeamB-48bfd4ea-e9e2-45b5-befc-3383cae87fdf,TeamB,2021-08-21 00:00:00,27.0100224,173.2966666666666,6.678487342000173,1039779,103979,1,9.61741906941853e-06,True,,
2021-08-21-TeamB-5a921187-19c7-8df4-8f4f-f31e78de5857.parquet,TeamB-5a921187-19c7-8df4-8f4f-f31e78de5857,TeamB,2021-08-21 00:00:00,27.350020800000003,171.59833333333336,10.595016875499892,1029460,102947,0,0.0,True,,
2021-08-21-TeamB-5eba590a-cecb-400f-a92e-08224c7e2e59.parquet,TeamB-5eba590a-cecb-400f-a92e-08224c7e2e59,TeamB,2021-08-21 00:00:00,25.920021600000002,176.5533333333334,8.916358303099933,1059320,105933,1,9.4400181248348e-06,True,,
2021-08-21-TeamB-6d568bee-175f-4dcb-9d3a-0f3e8f35de07.parquet,TeamB-6d568bee-175f-4dcb-9d3a-0f3e8f35de07,TeamB,2021-08-21 00:00:00,26.0500212,173.09000000000003,4.683004063099856,1038450,103846,0,0.0,True,,
2021-08-21-TeamB-70b74270-f655-43cc-a188-1ebc7a828b95.parquet,TeamB-70b74270-f655-43cc-a188-1ebc7a828b95,TeamB,2021-08-21 00:00:00,28.490022,171.35666666666668,11.306364944399851,1027980,102798,0,0.0,True,,
2021-08-21-TeamB-9c845827-99f9-47f4-977d-2200a107a013.parquet,TeamB-9c845827-99f9-47f4-977d-2200a107a013,TeamB,2021-08-21 00:00:00,26.7200208,104.23666666666662,4.932488985800068,625410,62542,1,1.5989510880862153e-05,True,,
2021-08-21-TeamB-ab691983-3544-4a0e-8f70-db44d85cb907.parquet,TeamB-ab691983-3544-4a0e-8f70-db44d85cb907,TeamB,2021-08-21 00:00:00,26.080019999999998,176.53833333333338,9.678216698300103,1059180,105919,0,0.0,True,,
2021-08-21-TeamB-afc13e53-2c77-48cb-8a78-743663bbb84f.parquet,TeamB-afc13e53-2c77-48cb-8a78-743663bbb84f,TeamB,2021-08-21 00:00:00,26.6700204,208.53666666666675,6.075950183000226,1251170,125118,1,7.992519002213928e-06,False,duration_over_200_min,
2021-08-21-TeamB-afc13e53-2c77-48cb-8a78-743663bbb84f.parquet,TeamB-afc13e53-2c77-48cb-8a78-743663bbb84f,TeamB,2021-08-21 00:00:00,29.9800224,167.90499999999992,9.296176943399892,1007440,100745,1,9.926149448106091e-06,True,,
2021-08-21-TeamB-d9501f3a-aaa1-4311-8b8b-3a8d3f21480f.parquet,TeamB-d9501f3a-aaa1-4311-8b8b-3a8d3f21480f,TeamB,2021-08-21 00:00:00,29.100024,67.6,4.732431586400062,405539,40555,0,0.0,True,,
2021-08-22-TeamB-afc13e53-2c77-48cb-8a78-743663bbb84f.parquet,TeamB-afc13e53-2c77-48cb-8a78-743663bbb84f,TeamB,2021-08-22 00:00:00,26.4900204,117.54499999999994,7.874350241799895,705190,70520,0,0.0,True,,
2021-08-23-TeamB-29c5271b-5c46-455e-91ea-da2abfa8ff3c.parquet,TeamB-29c5271b-5c46-455e-91ea-da2abfa8ff3c,TeamB,2021-08-23 00:00:00,20.1700152,88.68166666666657,2.5320551072998905,531975,53198,0,0.0,True,,
2021-08-23-TeamB-2f23d7d5-2326-49ce-b9c8-5a6303f785c5.parquet,TeamB-2f23d7d5-2326-49ce-b9c8-5a6303f785c5,TeamB,2021-08-23 00:00:00,17.590014,86.16833333333344,2.905713185799924,516720,51673,16,0.0003096454559529339,True,,
2021-08-23-TeamB-4405bb1f-56f7-48ba-bfa8-e795e4006952.parquet,TeamB-4405bb1f-56f7-48ba-bfa8-e795e4006952,TeamB,2021-08-23 00:00:00,20.360016,86.32000000000008,3.2688598683000554,517920,51793,1,1.930800123571208e-05,True,,
2021-08-23-TeamB-48bfd4ea-e9e2-45b5-befc-3383cae87fdf.parquet,TeamB-48bfd4ea-e9e2-45b5-befc-3383cae87fdf,TeamB,2021-08-23 00:00:00,16.7400144,86.22999999999993,2.6980491272000204,517370,51738,1,1.932852697295939e-05,True,,
2021-08-23-TeamB-4b1e23d2-4204-4e16-9991-e0490649079b.parquet,TeamB-4b1e23d2-4204-4e16-9991-e0490649079b,TeamB,2021-08-23 00:00:00,23.65002,150.37999999999994,10.120144832200001,902150,90216,1,1.1084631158898187e-05,True,,
2021-08-23-TeamB-4d54416a-8e5f-42c0-8dd0-12700569908f.parquet,TeamB-4d54416a-8e5f-42c0-8dd0-12700569908f,TeamB,2021-08-23 00:00:00,25.8300216,66.30999999999997,4.996727084199932,397810,39782,0,0.0,True,,
2021-08-23-TeamB-5a921187-19c7-8df4-8f4f-f31e78de5857.parquet,TeamB-5a921187-19c7-8df4-8f4f-f31e78de5857,TeamB,2021-08-23 00:00:00,22.2100164,95.325,3.955757072599991,571860,57187,0,0.0,True,,
2021-08-23-TeamB-5eba590a-cecb-400f-a92e-08224c7e2e59.parquet,TeamB-5eba590a-cecb-400f-a92e-08224c7e2e59,TeamB,2021-08-23 00:00:00,19.6200144,94.1433333333333,3.0067318788000237,564760,56477,0,0.0,True,,
2021-08-23-TeamB-6d568bee-175f-4dcb-9d3a-0f3e8f35de07.parquet,TeamB-6d568bee-175f-4dcb-9d3a-0f3e8f35de07,TeamB,2021-08-23 00:00:00,25.8700212,98.17333333333336,3.139289490999956,588950,58896,0,0.0,True,,
2021-08-23-TeamB-70b74270-f655-43cc-a188-1ebc7a828b95.parquet,TeamB-70b74270-f655-43cc-a188-1ebc7a828b95,TeamB,2021-08-23 00:00:00,28.400022,87.47333333333336,3.5542598148000106,524610,52462,0,0.0,True,,
2021-08-23-TeamB-789547e7-1325-4153-a98d-5ecd497f3668.parquet,TeamB-789547e7-1325-4153-a98d-5ecd497f3668,TeamB,2021-08-23 00:00:00,17.5300128,79.00166666666676,2.653534368800014,474000,47401,1,2.109704641350211e-05,True,,
2021-08-23-TeamB-7ab47f4e-6eca-4793-880f-6a0dad3459c3.parquet,TeamB-7ab47f4e-6eca-4793-880f-6a0dad3459c3,TeamB,2021-08-23 00:00:00,24.4300212,98.97333333333336,3.7372371901000188,593770,59378,0,0.0,True,,
2021-08-23-TeamB-a7126274-c2d2-4f4e-9b67-35d376aefacc.parquet,TeamB-a7126274-c2d2-4f4e-9b67-35d376aefacc,TeamB,2021-08-23 00:00:00,23.65002,78.80999999999997,2.8202069997999453,472775,47278,0,0.0,True,,
2021-08-23-TeamB-ab5ec6e5-b0f3-401e-8dc5-aa6c5070e255.parquet,TeamB-ab5ec6e5-b0f3-401e-8dc5-aa6c5070e255,TeamB,2021-08-23 00:00:00,24.8900184,84.33333333333333,3.835554215500022,505960,50597,1,1.9764408253616886e-05,True,,
2021-08-23-TeamB-ab691983-3544-4a0e-8f70-db44d85cb907.parquet,TeamB-ab691983-3544-4a0e-8f70-db44d85cb907,TeamB,2021-08-23 00:00:00,21.0200184,89.88666666666661,3.4027016357999935,539280,53929,0,0.0,True,,
2021-08-23-TeamB-afc13e53-2c77-48cb-8a78-743663bbb84f.parquet,TeamB-afc13e53-2c77-48cb-8a78-743663bbb84f,TeamB,2021-08-23 00:00:00,15.4800108,80.05666666666669,2.2647032288999336,480220,48023,0,0.0,True,,
2021-08-23-TeamB-afc13e53-2c77-48cb-8a78-743663bbb84f.parquet,TeamB-afc13e53-2c77-48cb-8a78-743663bbb84f,TeamB,2021-08-23 00:00:00,24.9400188,105.79833333333336,4.160925869099908,634805,63481,1,1.575299306868305e-05,True,,
2021-08-23-TeamB-d9501f3a-aaa1-4311-8b8b-3a8d3f21480f.parquet,TeamB-d9501f3a-aaa1-4311-8b8b-3a8d3f21480f,TeamB,2021-08-23 00:00:00,24.4500192,135.80500000000004,3.6559596237000265,814750,81476,0,0.0,True,,
2021-08-23-TeamB-e4321aef-964a-4fdd-88bd-0bd548b0e93b.parquet,TeamB-e4321aef-964a-4fdd-88bd-0bd548b0e93b,TeamB,2021-08-23 00:00:00,24.0400188,65.0933333333333,2.7406149903999943,390485,39049,0,0.0,True,,
2021-08-24-TeamB-29c5271b-5c46-455e-91ea-da2abfa8ff3c.parquet,TeamB-29c5271b-5c46-455e-91ea-da2abfa8ff3c,TeamB,2021-08-24 00:00:00,29.4200244,142.13333333333333,11.141631470299911,852650,85266,1,1.1728141675951446e-05,True,,
2021-08-24-TeamB-2f23d7d5-2326-49ce-b9c8-5a6303f785c5.parquet,TeamB-2f23d7d5-2326-49ce-b9c8-5a6303f785c5,TeamB,2021-08-24 00:00:00,29.0400228,92.08166666666669,7.826047975099893,552479,55249,1,1.810020272227049e-05,True,,
2021-08-24-TeamB-4405bb1f-56f7-48ba-bfa8-e795e4006952.parquet,TeamB-4405bb1f-56f7-48ba-bfa8-e795e4006952,TeamB,2021-08-24 00:00:00,26.6700204,49.53833333333326,5.03887266460006,297230,29724,1,3.3643979409884604e-05,True,,
2021-08-24-TeamB-48bfd4ea-e9e2-45b5-befc-3383cae87fdf.parquet,TeamB-48bfd4ea-e9e2-45b5-befc-3383cae87fdf,TeamB,2021-08-24 00:00:00,26.950021200000002,131.4533333333333,9.542906576800045,788620,78863,1,1.2680378382490934e-05,True,,
2021-08-24-TeamB-4b1e23d2-4204-4e16-9991-e0490649079b.parquet,TeamB-4b1e23d2-4204-4e16-9991-e0490649079b,TeamB,2021-08-24 00:00:00,10.220007599999999,51.446666666666594,0.6360530152999937,308680,30869,1,3.23960088117144e-05,True,,
2021-08-24-TeamB-5a921187-19c7-8df4-8f4f-f31e78de5857.parquet,TeamB-5a921187-19c7-8df4-8f4f-f31e78de5857,TeamB,2021-08-24 00:00:00,27.990021600000002,53.538333333333384,5.400387408700068,321140,32115,0,0.0,True,,
2021-08-24-TeamB-5eba590a-cecb-400f-a92e-08224c7e2e59.parquet,TeamB-5eba590a-cecb-400f-a92e-08224c7e2e59,TeamB,2021-08-24 00:00:00,25.4100204,131.0466666666666,9.989237217400097,786259,78627,1,1.2718439193142218e-05,True,,
2021-08-24-TeamB-6d568bee-175f-4dcb-9d3a-0f3e8f35de07.parquet,TeamB-6d568bee-175f-4dcb-9d3a-0f3e8f35de07,TeamB,2021-08-24 00:00:00,27.530020800000003,138.75166666666664,8.050137594199853,832510,83252,1,1.201186772531261e-05,True,,
2021-08-24-TeamB-70b74270-f655-43cc-a188-1ebc7a828b95.parquet,TeamB-70b74270-f655-43cc-a188-1ebc7a828b95,TeamB,2021-08-24 00:00:00,28.1900232,85.9,6.1599771857999555,515350,51536,1,1.9404288347724847e-05,True,,
2021-08-24-TeamB-789547e7-1325-4153-a98d-5ecd497f3668.parquet,TeamB-789547e7-1325-4153-a98d-5ecd497f3668,TeamB,2021-08-24 00:00:00,22.8000168,126.46999999999996,5.460250246300186,758820,75883,1,1.3178355868321868e-05,True,,
2021-08-24-TeamB-a7126274-c2d2-4f4e-9b67-35d376aefacc.parquet,TeamB-a7126274-c2d2-4f4e-9b67-35d376aefacc,TeamB,2021-08-24 00:00:00,27.5600232,133.94000000000003,7.888971356500182,803640,80365,1,1.2443382609128466e-05,True,,
2021-08-24-TeamB-ab5ec6e5-b0f3-401e-8dc5-aa6c5070e255.parquet,TeamB-ab5ec6e5-b0f3-401e-8dc5-aa6c5070e255,TeamB,2021-08-24 00:00:00,29.0900232,58.035000000000096,5.334756240499943,348120,34813,1,2.872572676088705e-05,True,,
2021-08-24-TeamB-ab691983-3544-4a0e-8f70-db44d85cb907.parquet,TeamB-ab691983-3544-4a0e-8f70-db44d85cb907,TeamB,2021-08-24 00:00:00,21.530016,64.45,5.511723335000024,386649,38666,0,0.0,True,,
2021-08-24-TeamB-afc13e53-2c77-48cb-8a78-743663bbb84f.parquet,TeamB-afc13e53-2c77-48cb-8a78-743663bbb84f,TeamB,2021-08-24 00:00:00,25.7800212,70.87166666666666,4.129910282600033,425110,42512,0,0.0,True,,
2021-08-24-TeamB-afc13e53-2c77-48cb-8a78-743663bbb84f.parquet,TeamB-afc13e53-2c77-48cb-8a78-743663bbb84f,TeamB,2021-08-24 00:00:00,28.8700236,118.3566666666667,10.446421486400135,710130,71013,1,1.4082126964456711e-05,True,,
2021-08-24-TeamB-d9501f3a-aaa1-4311-8b8b-3a8d3f21480f.parquet,TeamB-d9501f3a-aaa1-4311-8b8b-3a8d3f21480f,TeamB,2021-08-24 00:00:00,28.7800236,133.85500000000005,10.756485882599936,803050,80306,0,0.0,True,,
2021-08-25-TeamB-afc13e53-2c77-48cb-8a78-743663bbb84f.parquet,TeamB-afc13e53-2c77-48cb-8a78-743663bbb84f,TeamB,2021-08-25 00:00:00,26.270020799999998,145.3066666666667,11.47168256980012,871735,87174,0,0.0,True,,
2021-08-26-TeamB-2f23d7d5-2326-49ce-b9c8-5a6303f785c5.parquet,TeamB-2f23d7d5-2326-49ce-b9c8-5a6303f785c5,TeamB,2021-08-26 00:00:00,25.2600192,80.38000000000005,2.8430345238999832,482190,48220,0,0.0,True,,
2021-08-26-TeamB-48bfd4ea-e9e2-45b5-befc-3383cae87fdf.parquet,TeamB-48bfd4ea-e9e2-45b5-befc-3383cae87fdf,TeamB,2021-08-26 00:00:00,21.660015599999998,108.84666666666672,3.17720229869995,652960,65297,0,0.0,True,,
2021-08-26-TeamB-4d54416a-8e5f-42c0-8dd0-12700569908f.parquet,TeamB-4d54416a-8e5f-42c0-8dd0-12700569908f,TeamB,2021-08-26 00:00:00,24.7800204,103.07333333333335,4.725791040599984,618380,61839,0,0.0,True,,
2021-08-26-TeamB-5a921187-19c7-8df4-8f4f-f31e78de5857.parquet,TeamB-5a921187-19c7-8df4-8f4f-f31e78de5857,TeamB,2021-08-26 00:00:00,24.3400212,109.72333333333336,3.3165693461999637,658245,65825,0,0.0,True,,
2021-08-26-TeamB-5eba590a-cecb-400f-a92e-08224c7e2e59.parquet,TeamB-5eba590a-cecb-400f-a92e-08224c7e2e59,TeamB,2021-08-26 00:00:00,26.0000208,75.64000000000003,3.7565227576999494,453740,45375,0,0.0,True,,
2021-08-26-TeamB-70b74270-f655-43cc-a188-1ebc7a828b95.parquet,TeamB-70b74270-f655-43cc-a188-1ebc7a828b95,TeamB,2021-08-26 00:00:00,27.0000216,111.03499999999998,5.517988343300021,666180,66619,1,1.5010957999339518e-05,True,,
2021-08-26-TeamB-7ab47f4e-6eca-4793-880f-6a0dad3459c3.parquet,TeamB-7ab47f4e-6eca-4793-880f-6a0dad3459c3,TeamB,2021-08-26 00:00:00,26.2500228,109.9,4.319522372999998,659299,65931,0,0.0,True,,
2021-08-26-TeamB-ab691983-3544-4a0e-8f70-db44d85cb907.parquet,TeamB-ab691983-3544-4a0e-8f70-db44d85cb907,TeamB,2021-08-26 00:00:00,25.2000216,58.336666666666616,2.8406003478999318,349960,34997,0,0.0,True,,
2021-08-26-TeamB-afc13e53-2c77-48cb-8a78-743663bbb84f.parquet,TeamB-afc13e53-2c77-48cb-8a78-743663bbb84f,TeamB,2021-08-26 00:00:00,21.330018,76.88833333333338,3.0361832775000677,461250,46126,0,0.0,True,,
2021-08-26-TeamB-afc13e53-2c77-48cb-8a78-743663bbb84f.parquet,TeamB-afc13e53-2c77-48cb-8a78-743663bbb84f,TeamB,2021-08-26 00:00:00,26.0400204,86.45166666666677,3.7457205232000197,518700,51871,1,1.92789666473877e-05,True,,
2021-08-26-TeamB-d9501f3a-aaa1-4311-8b8b-3a8d3f21480f.parquet,TeamB-d9501f3a-aaa1-4311-8b8b-3a8d3f21480f,TeamB,2021-08-26 00:00:00,25.1300196,74.53833333333338,2.9958738050999756,447180,44719,0,0.0,True,,
2021-08-27-TeamB-29c5271b-5c46-455e-91ea-da2abfa8ff3c.parquet,TeamB-29c5271b-5c46-455e-91ea-da2abfa8ff3c,TeamB,2021-08-27 00:00:00,22.0200192,85.16500000000002,1.973899652099899,510870,51088,0,0.0,True,,
2021-08-27-TeamB-2f23d7d5-2326-49ce-b9c8-5a6303f785c5.parquet,TeamB-2f23d7d5-2326-49ce-b9c8-5a6303f785c5,TeamB,2021-08-27 00:00:00,19.9800144,90.15500000000004,2.672792160099948,540840,54085,0,0.0,True,,
2021-08-27-TeamB-4405bb1f-56f7-48ba-bfa8-e795e4006952.parquet,TeamB-4405bb1f-56f7-48ba-bfa8-e795e4006952,TeamB,2021-08-27 00:00:00,21.150018,96.36500000000015,3.2997040629000147,578190,57820,1,1.7295352738719106e-05,True,,
2021-08-27-TeamB-48bfd4ea-e9e2-45b5-befc-3383cae87fdf.parquet,TeamB-48bfd4ea-e9e2-45b5-befc-3383cae87fdf,TeamB,2021-08-27 00:00:00,16.4900124,97.36999999999995,3.07278665729999,584100,58411,0,0.0,True,,
2021-08-27-TeamB-4b1e23d2-4204-4e16-9991-e0490649079b.parquet,TeamB-4b1e23d2-4204-4e16-9991-e0490649079b,TeamB,2021-08-27 00:00:00,21.0300156,119.53666666666662,4.8941745059001205,717140,71715,1,1.3944278662464791e-05,True,,
2021-08-27-TeamB-5a921187-19c7-8df4-8f4f-f31e78de5857.parquet,TeamB-5a921187-19c7-8df4-8f4f-f31e78de5857,TeamB,2021-08-27 00:00:00,21.710016000000003,97.42166666666671,3.4678200316000343,584440,58445,0,0.0,True,,
2021-08-27-TeamB-5eba590a-cecb-400f-a92e-08224c7e2e59.parquet,TeamB-5eba590a-cecb-400f-a92e-08224c7e2e59,TeamB,2021-08-27 00:00:00,21.050017200000003,129.88666666666663,4.175363376799883,779220,77923,0,0.0,True,,
2021-08-27-TeamB-6d568bee-175f-4dcb-9d3a-0f3e8f35de07.parquet,TeamB-6d568bee-175f-4dcb-9d3a-0f3e8f35de07,TeamB,2021-08-27 00:00:00,21.850016399999998,110.81500000000003,4.470172505500218,664800,66481,0,0.0,True,,
2021-08-27-TeamB-70b74270-f655-43cc-a188-1ebc7a828b95.parquet,TeamB-70b74270-f655-43cc-a188-1ebc7a828b95,TeamB,2021-08-27 00:00:00,25.540020000000002,100.55666666666669,3.8887070335000704,603220,60323,0,0.0,True,,
2021-08-27-TeamB-789547e7-1325-4153-a98d-5ecd497f3668.parquet,TeamB-789547e7-1325-4153-a98d-5ecd497f3668,TeamB,2021-08-27 00:00:00,23.3500176,104.53499999999998,3.1796739656000406,627210,62722,1,1.594362334784203e-05,True,,
2021-08-27-TeamB-7ab47f4e-6eca-4793-880f-6a0dad3459c3.parquet,TeamB-7ab47f4e-6eca-4793-880f-6a0dad3459c3,TeamB,2021-08-27 00:00:00,22.1100192,127.60500000000005,4.47982944729996,765545,76555,0,0.0,True,,
2021-08-27-TeamB-9c845827-99f9-47f4-977d-2200a107a013.parquet,TeamB-9c845827-99f9-47f4-977d-2200a107a013,TeamB,2021-08-27 00:00:00,20.860016400000003,107.31333333333338,4.330909048699931,643840,64385,0,0.0,True,,
2021-08-27-TeamB-a7126274-c2d2-4f4e-9b67-35d376aefacc.parquet,TeamB-a7126274-c2d2-4f4e-9b67-35d376aefacc,TeamB,2021-08-27 00:00:00,22.2100164,78.22833333333328,2.5204873190000128,469284,46929,0,0.0,True,,
2021-08-27-TeamB-ab5ec6e5-b0f3-401e-8dc5-aa6c5070e255.parquet,TeamB-ab5ec6e5-b0f3-401e-8dc5-aa6c5070e255,TeamB,2021-08-27 00:00:00,24.720019200000003,99.12333333333336,4.016582685099825,594620,59463,0,0.0,True,,
2021-08-27-TeamB-ab691983-3544-4a0e-8f70-db44d85cb907.parquet,TeamB-ab691983-3544-4a0e-8f70-db44d85cb907,TeamB,2021-08-27 00:00:00,21.4800156,92.61500000000002,3.4397461248999983,555630,55564,0,0.0,True,,
2021-08-27-TeamB-afc13e53-2c77-48cb-8a78-743663bbb84f.parquet,TeamB-afc13e53-2c77-48cb-8a78-743663bbb84f,TeamB,2021-08-27 00:00:00,22.5800172,85.55333333333328,3.368250774600172,513190,51320,0,0.0,True,,
2021-08-27-TeamB-afc13e53-2c77-48cb-8a78-743663bbb84f.parquet,TeamB-afc13e53-2c77-48cb-8a78-743663bbb84f,TeamB,2021-08-27 00:00:00,25.6800204,94.29333333333331,3.494815880999887,565765,56577,1,1.767533936651584e-05,True,,
2021-08-27-TeamB-d9501f3a-aaa1-4311-8b8b-3a8d3f21480f.parquet,TeamB-d9501f3a-aaa1-4311-8b8b-3a8d3f21480f,TeamB,2021-08-27 00:00:00,23.220018,91.37166666666671,2.992614641599898,548170,54818,0,0.0,True,,
2021-08-27-TeamB-e4321aef-964a-4fdd-88bd-0bd548b0e93b.parquet,TeamB-e4321aef-964a-4fdd-88bd-0bd548b0e93b,TeamB,2021-08-27 00:00:00,26.0200224,93.95833333333333,3.405377195600062,563640,56365,0,0.0,True,,
2021-08-28-TeamB-29c5271b-5c46-455e-91ea-da2abfa8ff3c.parquet,TeamB-29c5271b-5c46-455e-91ea-da2abfa8ff3c,TeamB,2021-08-28 00:00:00,28.7000244,135.36666666666667,11.029827215899932,811939,81195,0,0.0,True,,
2021-08-28-TeamB-2f23d7d5-2326-49ce-b9c8-5a6303f785c5.parquet,TeamB-2f23d7d5-2326-49ce-b9c8-5a6303f785c5,TeamB,2021-08-28 00:00:00,27.340023600000002,122.2033333333334,9.68848670299994,733220,73323,1,1.3638471400125475e-05,True,,
2021-08-28-TeamB-4405bb1f-56f7-48ba-bfa8-e795e4006952.parquet,TeamB-4405bb1f-56f7-48ba-bfa8-e795e4006952,TeamB,2021-08-28 00:00:00,28.990022400000004,134.34666666666672,9.985093316500002,806080,80609,1,1.240571655418817e-05,True,,
2021-08-28-TeamB-48bfd4ea-e9e2-45b5-befc-3383cae87fdf.parquet,TeamB-48bfd4ea-e9e2-45b5-befc-3383cae87fdf,TeamB,2021-08-28 00:00:00,20.880018,117.16666666666667,5.407229381400098,702980,70299,1,1.4225155765455632e-05,True,,
2021-08-28-TeamB-4b1e23d2-4204-4e16-9991-e0490649079b.parquet,TeamB-4b1e23d2-4204-4e16-9991-e0490649079b,TeamB,2021-08-28 00:00:00,22.280018400000003,49.00999999999998,2.967167944499985,293979,29399,1,3.4015919450302745e-05,True,,
2021-08-28-TeamB-5a921187-19c7-8df4-8f4f-f31e78de5857.parquet,TeamB-5a921187-19c7-8df4-8f4f-f31e78de5857,TeamB,2021-08-28 00:00:00,26.7900228,174.40333333333328,12.966699050100202,1046420,104643,1,9.556392270789932e-06,True,,
2021-08-28-TeamB-5eba590a-cecb-400f-a92e-08224c7e2e59.parquet,TeamB-5eba590a-cecb-400f-a92e-08224c7e2e59,TeamB,2021-08-28 00:00:00,41.4,191.51333333333338,7.100624744499899,1149039,114905,1,8.702917217851423e-06,False,max_speed_over_32_kmh,
2021-08-28-TeamB-6d568bee-175f-4dcb-9d3a-0f3e8f35de07.parquet,TeamB-6d568bee-175f-4dcb-9d3a-0f3e8f35de07,TeamB,2021-08-28 00:00:00,23.570017200000002,135.0366666666666,5.37369822170021,810100,81011,0,0.0,True,,
2021-08-28-TeamB-70b74270-f655-43cc-a188-1ebc7a828b95.parquet,TeamB-70b74270-f655-43cc-a188-1ebc7a828b95,TeamB,2021-08-28 00:00:00,29.210022,175.01999999999995,10.363712786399912,1050050,105006,1,9.523356030665206e-06,True,,
2021-08-28-TeamB-9c845827-99f9-47f4-977d-2200a107a013.parquet,TeamB-9c845827-99f9-47f4-977d-2200a107a013,TeamB,2021-08-28 00:00:00,19.6800156,45.40666666666669,2.4315466840000552,272400,27241,0,0.0,True,,
2021-08-28-TeamB-a7126274-c2d2-4f4e-9b67-35d376aefacc.parquet,TeamB-a7126274-c2d2-4f4e-9b67-35d376aefacc,TeamB,2021-08-28 00:00:00,28.830024,174.99833333333325,3.8047936282000636,1049985,104999,1,9.523990933160631e-06,True,,
2021-08-28-TeamB-ab5ec6e5-b0f3-401e-8dc5-aa6c5070e255.parquet,TeamB-ab5ec6e5-b0f3-401e-8dc5-aa6c5070e255,TeamB,2021-08-28 00:00:00,28.6100244,118.31666666666679,6.965522833000042,709770,70978,1,1.4089071107541879e-05,True,,
2021-08-28-TeamB-ab691983-3544-4a0e-8f70-db44d85cb907.parquet,TeamB-ab691983-3544-4a0e-8f70-db44d85cb907,TeamB,2021-08-28 00:00:00,25.540020000000002,132.1566666666667,9.717119777999997,792880,79289,0,0.0,True,,
2021-08-28-TeamB-afc13e53-2c77-48cb-8a78-743663bbb84f.parquet,TeamB-afc13e53-2c77-48cb-8a78-743663bbb84f,TeamB,2021-08-28 00:00:00,25.2000216,173.51166666666663,7.517232451200057,1040950,104096,0,0.0,True,,
2021-08-28-TeamB-afc13e53-2c77-48cb-8a78-743663bbb84f.parquet,TeamB-afc13e53-2c77-48cb-8a78-743663bbb84f,TeamB,2021-08-28 00:00:00,29.630023200000004,122.19500000000019,9.1411040133998,732870,73288,36,0.0004912194522903107,True,,
2021-08-28-TeamB-d9501f3a-aaa1-4311-8b8b-3a8d3f21480f.parquet,TeamB-d9501f3a-aaa1-4311-8b8b-3a8d3f21480f,TeamB,2021-08-28 00:00:00,26.9000208,122.75666666666669,9.318066948300242,736475,73648,0,0.0,True,,
2021-08-28-TeamB-e4321aef-964a-4fdd-88bd-0bd548b0e93b.parquet,TeamB-e4321aef-964a-4fdd-88bd-0bd548b0e93b,TeamB,2021-08-28 00:00:00,27.7400232,59.38666666666674,4.685954326000009,356215,35622,0,0.0,True,,
2021-08-29-TeamB-7ab47f4e-6eca-4793-880f-6a0dad3459c3.parquet,TeamB-7ab47f4e-6eca-4793-880f-6a0dad3459c3,TeamB,2021-08-29 00:00:00,26.010021599999998,136.54333333333332,9.434868992300103,819185,81919,0,0.0,True,,
2021-08-30-TeamB-08e35b7b-d2ad-411f-a0de-4e663f14c3c3.parquet,TeamB-08e35b7b-d2ad-411f-a0de-4e663f14c3c3,TeamB,2021-08-30 00:00:00,20.080015200000002,42.39000000000002,1.6572088405000907,254300,25431,0,0.0,True,,
2021-08-30-TeamB-29c5271b-5c46-455e-91ea-da2abfa8ff3c.parquet,TeamB-29c5271b-5c46-455e-91ea-da2abfa8ff3c,TeamB,2021-08-30 00:00:00,22.3900164,86.88833333333338,3.5363603557000554,521180,52119,0,0.0,True,,
2021-08-30-TeamB-2f23d7d5-2326-49ce-b9c8-5a6303f785c5.parquet,TeamB-2f23d7d5-2326-49ce-b9c8-5a6303f785c5,TeamB,2021-08-30 00:00:00,20.1600144,83.71666666666667,3.253852348699975,502209,50222,0,0.0,True,,
2021-08-30-TeamB-4405bb1f-56f7-48ba-bfa8-e795e4006952.parquet,TeamB-4405bb1f-56f7-48ba-bfa8-e795e4006952,TeamB,2021-08-30 00:00:00,22.3100172,82.99166666666666,3.8963820292999536,497860,49787,1,2.0085967942795162e-05,True,,
2021-08-30-TeamB-48bfd4ea-e9e2-45b5-befc-3383cae87fdf.parquet,TeamB-48bfd4ea-e9e2-45b5-befc-3383cae87fdf,TeamB,2021-08-30 00:00:00,22.3400196,96.9066666666667,4.052027163400238,581330,58134,0,0.0,True,,
2021-08-30-TeamB-4b1e23d2-4204-4e16-9991-e0490649079b.parquet,TeamB-4b1e23d2-4204-4e16-9991-e0490649079b,TeamB,2021-08-30 00:00:00,20.9800152,123.35166666666665,4.685618228400031,740000,74001,1,1.3513513513513513e-05,True,,
2021-08-30-TeamB-5a921187-19c7-8df4-8f4f-f31e78de5857.parquet,TeamB-5a921187-19c7-8df4-8f4f-f31e78de5857,TeamB,2021-08-30 00:00:00,24.2400204,85.35333333333341,3.918139270199891,512120,51213,1,1.9526673435913458e-05,True,,
2021-08-30-TeamB-5eba590a-cecb-400f-a92e-08224c7e2e59.parquet,TeamB-5eba590a-cecb-400f-a92e-08224c7e2e59,TeamB,2021-08-30 00:00:00,22.680018,102.80500000000005,5.1531208290001125,616815,61682,1,1.6212447917511065e-05,True,,
2021-08-30-TeamB-6d568bee-175f-4dcb-9d3a-0f3e8f35de07.parquet,TeamB-6d568bee-175f-4dcb-9d3a-0f3e8f35de07,TeamB,2021-08-30 00:00:00,21.4700184,97.35999999999997,4.837825295500025,584074,58408,0,0.0,True,,
2021-08-30-TeamB-70b74270-f655-43cc-a188-1ebc7a828b95.parquet,TeamB-70b74270-f655-43cc-a188-1ebc7a828b95,TeamB,2021-08-30 00:00:00,24.0900192,80.57999999999993,4.106368317199993,483460,48347,1,2.0684234476482024e-05,True,,
2021-08-30-TeamB-789547e7-1325-4153-a98d-5ecd497f3668.parquet,TeamB-789547e7-1325-4153-a98d-5ecd497f3668,TeamB,2021-08-30 00:00:00,21.9100176,84.84000000000002,3.676650469899893,509039,50905,1,1.9644821625019645e-05,True,,
2021-08-30-TeamB-7ab47f4e-6eca-4793-880f-6a0dad3459c3.parquet,TeamB-7ab47f4e-6eca-4793-880f-6a0dad3459c3,TeamB,2021-08-30 00:00:00,19.4300172,49.97333333333336,1.7795536626000286,299760,29977,0,0.0,True,,
2021-08-30-TeamB-9c845827-99f9-47f4-977d-2200a107a013.parquet,TeamB-9c845827-99f9-47f4-977d-2200a107a013,TeamB,2021-08-30 00:00:00,22.270017600000003,87.47166666666672,4.35464351829987,524780,52479,0,0.0,True,,
2021-08-30-TeamB-a7126274-c2d2-4f4e-9b67-35d376aefacc.parquet,TeamB-a7126274-c2d2-4f4e-9b67-35d376aefacc,TeamB,2021-08-30 00:00:00,23.830019999999998,84.85500000000005,3.785487504899991,509050,50906,0,0.0,True,,
2021-08-30-TeamB-ab5ec6e5-b0f3-401e-8dc5-aa6c5070e255.parquet,TeamB-ab5ec6e5-b0f3-401e-8dc5-aa6c5070e255,TeamB,2021-08-30 00:00:00,25.890019199999998,93.12166666666671,4.057471331499987,558584,55859,0,0.0,True,,
2021-08-30-TeamB-ab691983-3544-4a0e-8f70-db44d85cb907.parquet,TeamB-ab691983-3544-4a0e-8f70-db44d85cb907,TeamB,2021-08-30 00:00:00,22.5500184,78.37333333333336,3.5724742759999644,470190,47020,0,0.0,True,,
2021-08-30-TeamB-afc13e53-2c77-48cb-8a78-743663bbb84f.parquet,TeamB-afc13e53-2c77-48cb-8a78-743663bbb84f,TeamB,2021-08-30 00:00:00,22.1000184,107.65500000000004,4.33624016539982,645810,64582,0,0.0,True,,
2021-08-30-TeamB-afc13e53-2c77-48cb-8a78-743663bbb84f.parquet,TeamB-afc13e53-2c77-48cb-8a78-743663bbb84f,TeamB,2021-08-30 00:00:00,24.900019200000003,81.56666666666666,3.7268024581001526,489410,48942,1,2.043276598353119e-05,True,,
2021-08-30-TeamB-d9501f3a-aaa1-4311-8b8b-3a8d3f21480f.parquet,TeamB-d9501f3a-aaa1-4311-8b8b-3a8d3f21480f,TeamB,2021-08-30 00:00:00,25.470021600000003,87.38833333333338,3.8389003251998712,524250,52426,0,0.0,True,,
2021-08-30-TeamB-e4321aef-964a-4fdd-88bd-0bd548b0e93b.parquet,TeamB-e4321aef-964a-4fdd-88bd-0bd548b0e93b,TeamB,2021-08-30 00:00:00,22.050018,95.67333333333336,3.841917828899891,573900,57391,0,0.0,True,,
2021-08-31-TeamB-08e35b7b-d2ad-411f-a0de-4e663f14c3c3.parquet,TeamB-08e35b7b-d2ad-411f-a0de-4e663f14c3c3,TeamB,2021-08-31 00:00:00,21.1100184,91.58333333333333,3.0591085846999975,549459,54947,0,0.0,True,,
2021-08-31-TeamB-29c5271b-5c46-455e-91ea-da2abfa8ff3c.parquet,TeamB-29c5271b-5c46-455e-91ea-da2abfa8ff3c,TeamB,2021-08-31 00:00:00,27.4300236,88.92333333333336,3.270365134900083,533430,53344,0,0.0,True,,
2021-08-31-TeamB-2f23d7d5-2326-49ce-b9c8-5a6303f785c5.parquet,TeamB-2f23d7d5-2326-49ce-b9c8-5a6303f785c5,TeamB,2021-08-31 00:00:00,20.540016,94.72166666666672,2.541241785899936,568240,56825,0,0.0,True,,
2021-08-31-TeamB-4405bb1f-56f7-48ba-bfa8-e795e4006952.parquet,TeamB-4405bb1f-56f7-48ba-bfa8-e795e4006952,TeamB,2021-08-31 00:00:00,20.4200172,105.90166666666677,3.1038247339997196,635410,63542,1,1.5737870036669237e-05,True,,
2021-08-31-TeamB-48bfd4ea-e9e2-45b5-befc-3383cae87fdf.parquet,TeamB-48bfd4ea-e9e2-45b5-befc-3383cae87fdf,TeamB,2021-08-31 00:00:00,16.3800144,91.66999999999994,2.1729248124999256,549900,54991,0,0.0,True,,
2021-08-31-TeamB-4b1e23d2-4204-4e16-9991-e0490649079b.parquet,TeamB-4b1e23d2-4204-4e16-9991-e0490649079b,TeamB,2021-08-31 00:00:00,18.400014,137.38666666666674,6.193811962199903,824150,82416,1,1.2133713523023722e-05,True,,
2021-08-31-TeamB-4d54416a-8e5f-42c0-8dd0-12700569908f.parquet,TeamB-4d54416a-8e5f-42c0-8dd0-12700569908f,TeamB,2021-08-31 00:00:00,23.02002,117.375,5.626151210799755,704190,70420,0,0.0,True,,
2021-08-31-TeamB-5a921187-19c7-8df4-8f4f-f31e78de5857.parquet,TeamB-5a921187-19c7-8df4-8f4f-f31e78de5857,TeamB,2021-08-31 00:00:00,24.64002,113.72833333333328,4.4999566992999975,682310,68232,0,0.0,True,,
2021-08-31-TeamB-5eba590a-cecb-400f-a92e-08224c7e2e59.parquet,TeamB-5eba590a-cecb-400f-a92e-08224c7e2e59,TeamB,2021-08-31 00:00:00,23.4100188,159.3033333333334,4.136834736900019,955820,95583,1,1.0462220920256953e-05,True,,
2021-08-31-TeamB-6d568bee-175f-4dcb-9d3a-0f3e8f35de07.parquet,TeamB-6d568bee-175f-4dcb-9d3a-0f3e8f35de07,TeamB,2021-08-31 00:00:00,20.1700152,106.75,3.589540391999992,640409,64042,0,0.0,True,,
2021-08-31-TeamB-70b74270-f655-43cc-a188-1ebc7a828b95.parquet,TeamB-70b74270-f655-43cc-a188-1ebc7a828b95,TeamB,2021-08-31 00:00:00,22.3600176,86.13333333333334,3.734488573799941,516669,51668,0,0.0,True,,
2021-08-31-TeamB-789547e7-1325-4153-a98d-5ecd497f3668.parquet,TeamB-789547e7-1325-4153-a98d-5ecd497f3668,TeamB,2021-08-31 00:00:00,16.130012400000002,82.50333333333329,2.406132787799989,495010,49502,1,2.0201612088644674e-05,True,,
2021-08-31-TeamB-9c845827-99f9-47f4-977d-2200a107a013.parquet,TeamB-9c845827-99f9-47f4-977d-2200a107a013,TeamB,2021-08-31 00:00:00,15.630011999999999,85.1066666666667,1.9099318165001975,510585,51059,0,0.0,True,,
2021-08-31-TeamB-a7126274-c2d2-4f4e-9b67-35d376aefacc.parquet,TeamB-a7126274-c2d2-4f4e-9b67-35d376aefacc,TeamB,2021-08-31 00:00:00,21.5200188,94.20500000000006,2.743089437900064,565155,56516,0,0.0,True,,
2021-08-31-TeamB-ab5ec6e5-b0f3-401e-8dc5-aa6c5070e255.parquet,TeamB-ab5ec6e5-b0f3-401e-8dc5-aa6c5070e255,TeamB,2021-08-31 00:00:00,24.7800204,97.86500000000015,4.0529041011000535,587120,58713,1,1.7032293227960212e-05,True,,
2021-08-31-TeamB-ab691983-3544-4a0e-8f70-db44d85cb907.parquet,TeamB-ab691983-3544-4a0e-8f70-db44d85cb907,TeamB,2021-08-31 00:00:00,23.7900204,72.61833333333331,2.678688557000031,435655,43566,0,0.0,True,,
2021-08-31-TeamB-afc13e53-2c77-48cb-8a78-743663bbb84f.parquet,TeamB-afc13e53-2c77-48cb-8a78-743663bbb84f,TeamB,2021-08-31 00:00:00,23.6300184,92.82000000000001,5.273626204499958,556920,55693,1,1.7955900308841486e-05,True,,
2021-08-31-TeamB-afc13e53-2c77-48cb-8a78-743663bbb84f.parquet,TeamB-afc13e53-2c77-48cb-8a78-743663bbb84f,TeamB,2021-08-31 00:00:00,21.430018800000003,98.40166666666677,3.629410709699824,590410,59042,1,1.6937382496908926e-05,True,,
2021-08-31-TeamB-d9501f3a-aaa1-4311-8b8b-3a8d3f21480f.parquet,TeamB-d9501f3a-aaa1-4311-8b8b-3a8d3f21480f,TeamB,2021-08-31 00:00:00,25.8300216,151.0283333333334,3.651345998199955,906095,90610,0,0.0,True,,
2021-08-31-TeamB-e4321aef-964a-4fdd-88bd-0bd548b0e93b.parquet,TeamB-e4321aef-964a-4fdd-88bd-0bd548b0e93b,TeamB,2021-08-31 00:00:00,21.620016,104.62666666666664,3.3317368674000134,627674,62768,0,0.0,True,,
2021-09-01-TeamB-08e35b7b-d2ad-411f-a0de-4e663f14c3c3.parquet,TeamB-08e35b7b-d2ad-411f-a0de-4e663f14c3c3,TeamB,2021-09-01 00:00:00,25.1400204,123.33166666666669,5.237714221599763,739935,73994,0,0.0,True,,
2021-09-01-TeamB-29c5271b-5c46-455e-91ea-da2abfa8ff3c.parquet,TeamB-29c5271b-5c46-455e-91ea-da2abfa8ff3c,TeamB,2021-09-01 00:00:00,29.510024400000002,133.98833333333337,10.59739575349984,803650,80366,0,0.0,True,,
2021-09-01-TeamB-2f23d7d5-2326-49ce-b9c8-5a6303f785c5.parquet,TeamB-2f23d7d5-2326-49ce-b9c8-5a6303f785c5,TeamB,2021-09-01 00:00:00,31.450024799999998,134.925,10.099266746499998,809550,80956,1,1.2352541535420913e-05,True,,
2021-09-01-TeamB-4405bb1f-56f7-48ba-bfa8-e795e4006952.parquet,TeamB-4405bb1f-56f7-48ba-bfa8-e795e4006952,TeamB,2021-09-01 00:00:00,26.26002,140.0,10.295687742599942,839990,84000,1,1.1904903629805117e-05,True,,
2021-09-01-TeamB-4b1e23d2-4204-4e16-9991-e0490649079b.parquet,TeamB-4b1e23d2-4204-4e16-9991-e0490649079b,TeamB,2021-09-01 00:00:00,26.110022400000002,47.81333333333338,4.343214608499965,286880,28689,1,3.4857780256553265e-05,True,,
2021-09-01-TeamB-5a921187-19c7-8df4-8f4f-f31e78de5857.parquet,TeamB-5a921187-19c7-8df4-8f4f-f31e78de5857,TeamB,2021-09-01 00:00:00,29.0900232,140.00333333333342,7.64857560680019,840010,84002,1,1.1904620183093059e-05,True,,
2021-09-01-TeamB-5eba590a-cecb-400f-a92e-08224c7e2e59.parquet,TeamB-5eba590a-cecb-400f-a92e-08224c7e2e59,TeamB,2021-09-01 00:00:00,22.75002,172.8,3.9438981813000136,1036795,103680,1,9.645154756508068e-06,True,,
2021-09-01-TeamB-6d568bee-175f-4dcb-9d3a-0f3e8f35de07.parquet,TeamB-6d568bee-175f-4dcb-9d3a-0f3e8f35de07,TeamB,2021-09-01 00:00:00,21.510018000000002,133.19166666666666,2.970609340300113,799035,79904,0,0.0,True,,
2021-09-01-TeamB-70b74270-f655-43cc-a188-1ebc7a828b95.parquet,TeamB-70b74270-f655-43cc-a188-1ebc7a828b95,TeamB,2021-09-01 00:00:00,31.040024400000004,97.53333333333346,6.7632684991998975,585190,58520,1,1.7088466993626003e-05,True,,
2021-09-01-TeamB-789547e7-1325-4153-a98d-5ecd497f3668.parquet,TeamB-789547e7-1325-4153-a98d-5ecd497f3668,TeamB,2021-09-01 00:00:00,27.4800204,116.96500000000015,5.683899601900157,701770,70178,1,1.4249682944554484e-05,True,,
2021-09-01-TeamB-9c845827-99f9-47f4-977d-2200a107a013.parquet,TeamB-9c845827-99f9-47f4-977d-2200a107a013,TeamB,2021-09-01 00:00:00,26.7400224,129.38499999999985,6.729855982999905,776255,77626,0,0.0,True,,
2021-09-01-TeamB-a7126274-c2d2-4f4e-9b67-35d376aefacc.parquet,TeamB-a7126274-c2d2-4f4e-9b67-35d376aefacc,TeamB,2021-09-01 00:00:00,29.440022400000004,39.33833333333338,4.095760796599841,235910,23592,0,0.0,True,,
2021-09-01-TeamB-ab5ec6e5-b0f3-401e-8dc5-aa6c5070e255.parquet,TeamB-ab5ec6e5-b0f3-401e-8dc5-aa6c5070e255,TeamB,2021-09-01 00:00:00,27.840024,47.41666666666642,3.7556138567998185,284470,28448,1,3.515309171441628e-05,True,,
2021-09-01-TeamB-ab691983-3544-4a0e-8f70-db44d85cb907.parquet,TeamB-ab691983-3544-4a0e-8f70-db44d85cb907,TeamB,2021-09-01 00:00:00,29.7100224,123.91999999999994,10.021157794000036,743465,74347,0,0.0,True,,
2021-09-01-TeamB-afc13e53-2c77-48cb-8a78-743663bbb84f.parquet,TeamB-afc13e53-2c77-48cb-8a78-743663bbb84f,TeamB,2021-09-01 00:00:00,28.220022,99.95500000000006,6.513880537999939,599680,59969,1,1.667556029882604e-05,True,,
2021-09-01-TeamB-afc13e53-2c77-48cb-8a78-743663bbb84f.parquet,TeamB-afc13e53-2c77-48cb-8a78-743663bbb84f,TeamB,2021-09-01 00:00:00,31.0000248,52.6,4.668589039699909,315585,31559,1,3.168768616515622e-05,True,,
2021-09-01-TeamB-e4321aef-964a-4fdd-88bd-0bd548b0e93b.parquet,TeamB-e4321aef-964a-4fdd-88bd-0bd548b0e93b,TeamB,2021-09-01 00:00:00,28.800021600000004,134.90166666666664,8.429112618100014,809305,80931,0,0.0,True,,
2021-09-03-TeamB-08e35b7b-d2ad-411f-a0de-4e663f14c3c3.parquet,TeamB-08e35b7b-d2ad-411f-a0de-4e663f14c3c3,TeamB,2021-09-03 00:00:00,23.2400196,86.41999999999994,3.240558181100061,518480,51849,0,0.0,True,,
2021-09-03-TeamB-29c5271b-5c46-455e-91ea-da2abfa8ff3c.parquet,TeamB-29c5271b-5c46-455e-91ea-da2abfa8ff3c,TeamB,2021-09-03 00:00:00,24.7400208,83.86999999999995,3.451256127900117,503040,50305,0,0.0,True,,
2021-09-03-TeamB-2f23d7d5-2326-49ce-b9c8-5a6303f785c5.parquet,TeamB-2f23d7d5-2326-49ce-b9c8-5a6303f785c5,TeamB,2021-09-03 00:00:00,18.300013200000002,89.45666666666669,2.8757670477000166,536650,53666,0,0.0,True,,
2021-09-03-TeamB-4405bb1f-56f7-48ba-bfa8-e795e4006952.parquet,TeamB-4405bb1f-56f7-48ba-bfa8-e795e4006952,TeamB,2021-09-03 00:00:00,18.760014,94.97833333333341,3.2480212355999503,569869,56988,1,1.7547861793040518e-05,True,,
2021-09-03-TeamB-48bfd4ea-e9e2-45b5-befc-3383cae87fdf.parquet,TeamB-48bfd4ea-e9e2-45b5-befc-3383cae87fdf,TeamB,2021-09-03 00:00:00,17.320014,85.3350000000001,2.7384819382000467,512010,51202,1,1.9530868537723873e-05,True,,
2021-09-03-TeamB-4b1e23d2-4204-4e16-9991-e0490649079b.parquet,TeamB-4b1e23d2-4204-4e16-9991-e0490649079b,TeamB,2021-09-03 00:00:00,23.2100172,72.75499999999992,3.0174791111000374,436520,43653,1,2.2908457802620728e-05,True,,
2021-09-03-TeamB-4d54416a-8e5f-42c0-8dd0-12700569908f.parquet,TeamB-4d54416a-8e5f-42c0-8dd0-12700569908f,TeamB,2021-09-03 00:00:00,22.4500176,93.79000000000002,3.3224343562998264,562680,56269,0,0.0,True,,
2021-09-03-TeamB-5a921187-19c7-8df4-8f4f-f31e78de5857.parquet,TeamB-5a921187-19c7-8df4-8f4f-f31e78de5857,TeamB,2021-09-03 00:00:00,25.4900196,82.38833333333338,2.764449458100004,494230,49424,0,0.0,True,,
2021-09-03-TeamB-5eba590a-cecb-400f-a92e-08224c7e2e59.parquet,TeamB-5eba590a-cecb-400f-a92e-08224c7e2e59,TeamB,2021-09-03 00:00:00,20.880018,92.46999999999996,3.176966458300127,554710,55472,0,0.0,True,,
2021-09-03-TeamB-6d568bee-175f-4dcb-9d3a-0f3e8f35de07.parquet,TeamB-6d568bee-175f-4dcb-9d3a-0f3e8f35de07,TeamB,2021-09-03 00:00:00,22.730018400000002,99.90500000000004,2.983113516199966,599330,59934,0,0.0,True,,
2021-09-03-TeamB-70b74270-f655-43cc-a188-1ebc7a828b95.parquet,TeamB-70b74270-f655-43cc-a188-1ebc7a828b95,TeamB,2021-09-03 00:00:00,23.7500208,89.49000000000002,2.98173713259991,536730,53674,0,0.0,True,,
2021-09-03-TeamB-789547e7-1325-4153-a98d-5ecd497f3668.parquet,TeamB-789547e7-1325-4153-a98d-5ecd497f3668,TeamB,2021-09-03 00:00:00,17.2200132,71.54333333333331,2.485467289599938,429250,42926,1,2.3296447291788e-05,True,,
2021-09-03-TeamB-9c845827-99f9-47f4-977d-2200a107a013.parquet,TeamB-9c845827-99f9-47f4-977d-2200a107a013,TeamB,2021-09-03 00:00:00,12.0900096,72.44666666666672,0.7226241953999938,434640,43465,0,0.0,True,,
2021-09-03-TeamB-ab5ec6e5-b0f3-401e-8dc5-aa6c5070e255.parquet,TeamB-ab5ec6e5-b0f3-401e-8dc5-aa6c5070e255,TeamB,2021-09-03 00:00:00,26.880022800000003,85.39000000000003,3.6376507135000575,512220,51223,0,0.0,True,,
2021-09-03-TeamB-ab691983-3544-4a0e-8f70-db44d85cb907.parquet,TeamB-ab691983-3544-4a0e-8f70-db44d85cb907,TeamB,2021-09-03 00:00:00,22.4000172,88.92166666666671,3.8353764380999364,533470,53348,0,0.0,True,,
2021-09-03-TeamB-afc13e53-2c77-48cb-8a78-743663bbb84f.parquet,TeamB-afc13e53-2c77-48cb-8a78-743663bbb84f,TeamB,2021-09-03 00:00:00,25.090020000000003,82.01999999999995,3.4781100340999385,492120,49213,1,2.0320247094204664e-05,True,,
2021-09-03-TeamB-afc13e53-2c77-48cb-8a78-743663bbb84f.parquet,TeamB-afc13e53-2c77-48cb-8a78-743663bbb84f,TeamB,2021-09-03 00:00:00,24.120018,79.81666666666666,3.5673653901000533,478890,47890,1,2.0881622084403517e-05,True,,
2021-09-03-TeamB-d9501f3a-aaa1-4311-8b8b-3a8d3f21480f.parquet,TeamB-d9501f3a-aaa1-4311-8b8b-3a8d3f21480f,TeamB,2021-09-03 00:00:00,25.520022,86.90500000000004,2.9464396028999764,521340,52135,0,0.0,True,,
2021-09-03-TeamB-e4321aef-964a-4fdd-88bd-0bd548b0e93b.parquet,TeamB-e4321aef-964a-4fdd-88bd-0bd548b0e93b,TeamB,2021-09-03 00:00:00,24.300018,97.41999999999994,2.977702955700022,584450,58446,0,0.0,True,,
2021-09-04-TeamB-08e35b7b-d2ad-411f-a0de-4e663f14c3c3.parquet,TeamB-08e35b7b-d2ad-411f-a0de-4e663f14c3c3,TeamB,2021-09-04 00:00:00,24.4200204,147.72166666666672,7.761752643999928,886280,88629,0,0.0,True,,
2021-09-04-TeamB-29c5271b-5c46-455e-91ea-da2abfa8ff3c.parquet,TeamB-29c5271b-5c46-455e-91ea-da2abfa8ff3c,TeamB,2021-09-04 00:00:00,30.4800228,124.91666666666667,8.275985274300048,749239,74925,0,0.0,True,,
2021-09-04-TeamB-2f23d7d5-2326-49ce-b9c8-5a6303f785c5.parquet,TeamB-2f23d7d5-2326-49ce-b9c8-5a6303f785c5,TeamB,2021-09-04 00:00:00,28.0100232,133.75,10.315269415000053,802450,80246,1,1.2461835628388062e-05,True,,
2021-09-04-TeamB-4405bb1f-56f7-48ba-bfa8-e795e4006952.parquet,TeamB-4405bb1f-56f7-48ba-bfa8-e795e4006952,TeamB,2021-09-04 00:00:00,25.8000192,132.82666666666665,10.497061791899958,796959,79697,1,1.2547681188516362e-05,True,,
2021-09-04-TeamB-4b1e23d2-4204-4e16-9991-e0490649079b.parquet,TeamB-4b1e23d2-4204-4e16-9991-e0490649079b,TeamB,2021-09-04 00:00:00,23.2800192,133.22666666666663,10.756067282399977,799259,79927,1,1.2511573205214824e-05,True,,
2021-09-04-TeamB-5a921187-19c7-8df4-8f4f-f31e78de5857.parquet,TeamB-5a921187-19c7-8df4-8f4f-f31e78de5857,TeamB,2021-09-04 00:00:00,27.1700208,140.40333333333328,5.285027590600027,842310,84232,0,0.0,True,,
2021-09-04-TeamB-5eba590a-cecb-400f-a92e-08224c7e2e59.parquet,TeamB-5eba590a-cecb-400f-a92e-08224c7e2e59,TeamB,2021-09-04 00:00:00,25.6900212,139.48000000000005,8.253617503599905,836880,83689,1,1.1949144441258006e-05,True,,
2021-09-04-TeamB-6d568bee-175f-4dcb-9d3a-0f3e8f35de07.parquet,TeamB-6d568bee-175f-4dcb-9d3a-0f3e8f35de07,TeamB,2021-09-04 00:00:00,19.250017200000002,79.87333333333336,2.1063739242000095,479120,47913,0,0.0,True,,
2021-09-04-TeamB-70b74270-f655-43cc-a188-1ebc7a828b95.parquet,TeamB-70b74270-f655-43cc-a188-1ebc7a828b95,TeamB,2021-09-04 00:00:00,31.3200252,128.81500000000003,9.103406211799932,772830,77284,1,1.2939456284046944e-05,True,,
2021-09-04-TeamB-789547e7-1325-4153-a98d-5ecd497f3668.parquet,TeamB-789547e7-1325-4153-a98d-5ecd497f3668,TeamB,2021-09-04 00:00:00,25.9100208,133.84333333333342,6.104688274600059,803060,80307,1,1.2452369685951236e-05,True,,
2021-09-04-TeamB-9c845827-99f9-47f4-977d-2200a107a013.parquet,TeamB-9c845827-99f9-47f4-977d-2200a107a013,TeamB,2021-09-04 00:00:00,26.80002,152.59000000000003,9.677581964299913,915480,91549,0,0.0,True,,
2021-09-04-TeamB-ab5ec6e5-b0f3-401e-8dc5-aa6c5070e255.parquet,TeamB-ab5ec6e5-b0f3-401e-8dc5-aa6c5070e255,TeamB,2021-09-04 00:00:00,27.9400212,121.02833333333328,7.875810791899959,726119,72613,1,1.377182834793147e-05,True,,
2021-09-04-TeamB-ab691983-3544-4a0e-8f70-db44d85cb907.parquet,TeamB-ab691983-3544-4a0e-8f70-db44d85cb907,TeamB,2021-09-04 00:00:00,26.200022399999998,128.66666666666666,10.015271398999904,771949,77196,0,0.0,True,,
2021-09-04-TeamB-afc13e53-2c77-48cb-8a78-743663bbb84f.parquet,TeamB-afc13e53-2c77-48cb-8a78-743663bbb84f,TeamB,2021-09-04 00:00:00,25.5300192,181.49000000000004,5.460469695300101,1088820,108883,0,0.0,True,,
2021-09-04-TeamB-d9501f3a-aaa1-4311-8b8b-3a8d3f21480f.parquet,TeamB-d9501f3a-aaa1-4311-8b8b-3a8d3f21480f,TeamB,2021-09-04 00:00:00,28.1200212,151.48333333333332,3.0548541259000475,908819,90883,0,0.0,True,,
2021-09-04-TeamB-e4321aef-964a-4fdd-88bd-0bd548b0e93b.parquet,TeamB-e4321aef-964a-4fdd-88bd-0bd548b0e93b,TeamB,2021-09-04 00:00:00,26.35002,56.873333333333356,4.8287861089998625,341130,34114,0,0.0,True,,
2021-09-06-TeamB-afc13e53-2c77-48cb-8a78-743663bbb84f.parquet,TeamB-afc13e53-2c77-48cb-8a78-743663bbb84f,TeamB,2021-09-06 00:00:00,24.7500216,120.46833333333343,4.8311980662001845,722810,72282,1,1.383489437058148e-05,True,,
2021-09-07-TeamB-08e35b7b-d2ad-411f-a0de-4e663f14c3c3.parquet,TeamB-08e35b7b-d2ad-411f-a0de-4e663f14c3c3,TeamB,2021-09-07 00:00:00,21.7300176,63.638333333333385,3.051389686200017,381780,38179,0,0.0,True,,
2021-09-07-TeamB-29c5271b-5c46-455e-91ea-da2abfa8ff3c.parquet,TeamB-29c5271b-5c46-455e-91ea-da2abfa8ff3c,TeamB,2021-09-07 00:00:00,20.1200148,64.07333333333335,2.502473412200029,384330,38434,0,0.0,True,,
2021-09-07-TeamB-2f23d7d5-2326-49ce-b9c8-5a6303f785c5.parquet,TeamB-2f23d7d5-2326-49ce-b9c8-5a6303f785c5,TeamB,2021-09-07 00:00:00,21.9300192,69.15333333333328,2.8477909143000613,414830,41484,0,0.0,True,,
2021-09-07-TeamB-4405bb1f-56f7-48ba-bfa8-e795e4006952.parquet,TeamB-4405bb1f-56f7-48ba-bfa8-e795e4006952,TeamB,2021-09-07 00:00:00,21.080016,69.01500000000014,3.1322328135000306,414080,41409,1,2.4149922720247295e-05,True,,
2021-09-07-TeamB-48bfd4ea-e9e2-45b5-befc-3383cae87fdf.parquet,TeamB-48bfd4ea-e9e2-45b5-befc-3383cae87fdf,TeamB,2021-09-07 00:00:00,16.0100136,68.65833333333333,2.3384424423000483,411930,41194,1,2.4275969218071032e-05,True,,
2021-09-07-TeamB-4b1e23d2-4204-4e16-9991-e0490649079b.parquet,TeamB-4b1e23d2-4204-4e16-9991-e0490649079b,TeamB,2021-09-07 00:00:00,21.490016400000002,58.60333333333328,2.9337762559000065,351520,35153,1,2.8447883477469277e-05,True,,
2021-09-07-TeamB-4d54416a-8e5f-42c0-8dd0-12700569908f.parquet,TeamB-4d54416a-8e5f-42c0-8dd0-12700569908f,TeamB,2021-09-07 00:00:00,41.4,103.65500000000004,9.847165348399878,621850,62186,0,0.0,False,max_speed_over_32_kmh,
2021-09-07-TeamB-5a921187-19c7-8df4-8f4f-f31e78de5857.parquet,TeamB-5a921187-19c7-8df4-8f4f-f31e78de5857,TeamB,2021-09-07 00:00:00,23.310018000000003,68.50666666666669,2.917221256999988,410940,41095,0,0.0,True,,
2021-09-07-TeamB-5eba590a-cecb-400f-a92e-08224c7e2e59.parquet,TeamB-5eba590a-cecb-400f-a92e-08224c7e2e59,TeamB,2021-09-07 00:00:00,19.1300148,65.93333333333334,2.7897564150999568,395600,39561,1,2.5278058645096057e-05,True,,
2021-09-07-TeamB-6d568bee-175f-4dcb-9d3a-0f3e8f35de07.parquet,TeamB-6d568bee-175f-4dcb-9d3a-0f3e8f35de07,TeamB,2021-09-07 00:00:00,25.790022,70.37166666666671,2.9652979523000442,422130,42214,0,0.0,True,,
2021-09-07-TeamB-70b74270-f655-43cc-a188-1ebc7a828b95.parquet,TeamB-70b74270-f655-43cc-a188-1ebc7a828b95,TeamB,2021-09-07 00:00:00,24.720019200000003,63.97166666666659,3.059491083900007,383740,38375,1,2.6059310991817377e-05,True,,
2021-09-07-TeamB-789547e7-1325-4153-a98d-5ecd497f3668.parquet,TeamB-789547e7-1325-4153-a98d-5ecd497f3668,TeamB,2021-09-07 00:00:00,15.300010800000003,64.04166666666679,2.284687679799927,384180,38419,1,2.6029465354781613e-05,True,,
2021-09-07-TeamB-7d41e602-eece-328b-ff7b-118e820865d6.parquet,TeamB-7d41e602-eece-328b-ff7b-118e820865d6,TeamB,2021-09-07 00:00:00,18.430016400000003,67.81666666666666,2.244251817000034,406809,40682,0,0.0,True,,
2021-09-07-TeamB-9c845827-99f9-47f4-977d-2200a107a013.parquet,TeamB-9c845827-99f9-47f4-977d-2200a107a013,TeamB,2021-09-07 00:00:00,18.8200152,58.64499999999995,1.8157445259000085,351830,35184,0,0.0,True,,
2021-09-07-TeamB-ab5ec6e5-b0f3-401e-8dc5-aa6c5070e255.parquet,TeamB-ab5ec6e5-b0f3-401e-8dc5-aa6c5070e255,TeamB,2021-09-07 00:00:00,22.860018,68.33166666666669,3.350334093299928,409889,40990,1,2.439678938251726e-05,True,,
2021-09-07-TeamB-ab691983-3544-4a0e-8f70-db44d85cb907.parquet,TeamB-ab691983-3544-4a0e-8f70-db44d85cb907,TeamB,2021-09-07 00:00:00,20.2200156,64.48666666666662,2.5425806728000118,386860,38687,0,0.0,True,,
2021-09-07-TeamB-afc13e53-2c77-48cb-8a78-743663bbb84f.parquet,TeamB-afc13e53-2c77-48cb-8a78-743663bbb84f,TeamB,2021-09-07 00:00:00,23.3400204,108.94666666666666,5.897859208200033,653679,65369,1,1.5298005140129728e-05,True,,
2021-09-07-TeamB-afc13e53-2c77-48cb-8a78-743663bbb84f.parquet,TeamB-afc13e53-2c77-48cb-8a78-743663bbb84f,TeamB,2021-09-07 00:00:00,20.9300184,67.51166666666674,3.3010293412998593,405080,40509,1,2.468648168263059e-05,True,,
2021-09-07-TeamB-e4321aef-964a-4fdd-88bd-0bd548b0e93b.parquet,TeamB-e4321aef-964a-4fdd-88bd-0bd548b0e93b,TeamB,2021-09-07 00:00:00,21.310016400000002,74.6,2.5190120359000403,447519,44753,0,0.0,True,,
2021-09-08-TeamB-08e35b7b-d2ad-411f-a0de-4e663f14c3c3.parquet,TeamB-08e35b7b-d2ad-411f-a0de-4e663f14c3c3,TeamB,2021-09-08 00:00:00,24.9300216,123.96333333333338,10.808609822300276,743735,74374,0,0.0,True,,
2021-09-08-TeamB-29c5271b-5c46-455e-91ea-da2abfa8ff3c.parquet,TeamB-29c5271b-5c46-455e-91ea-da2abfa8ff3c,TeamB,2021-09-08 00:00:00,29.180023200000004,128.5066666666667,8.864638528699881,770830,77084,0,0.0,True,,
2021-09-08-TeamB-2f23d7d5-2326-49ce-b9c8-5a6303f785c5.parquet,TeamB-2f23d7d5-2326-49ce-b9c8-5a6303f785c5,TeamB,2021-09-08 00:00:00,29.700025200000002,137.55,9.804890409600251,825179,82519,0,0.0,True,,
2021-09-08-TeamB-4b1e23d2-4204-4e16-9991-e0490649079b.parquet,TeamB-4b1e23d2-4204-4e16-9991-e0490649079b,TeamB,2021-09-08 00:00:00,24.570018,56.733333333333455,5.519496946299862,340275,34028,1,2.9388426837511388e-05,True,,
2021-09-08-TeamB-5a921187-19c7-8df4-8f4f-f31e78de5857.parquet,TeamB-5a921187-19c7-8df4-8f4f-f31e78de5857,TeamB,2021-09-08 00:00:00,28.370023200000002,137.53666666666675,9.99481306029994,825200,82521,1,1.211827435773146e-05,True,,
2021-09-08-TeamB-5eba590a-cecb-400f-a92e-08224c7e2e59.parquet,TeamB-5eba590a-cecb-400f-a92e-08224c7e2e59,TeamB,2021-09-08 00:00:00,25.250022,131.73166666666668,10.022255861500048,790389,79040,1,1.26519819329698e-05,True,,
2021-09-08-TeamB-70b74270-f655-43cc-a188-1ebc7a828b95.parquet,TeamB-70b74270-f655-43cc-a188-1ebc7a828b95,TeamB,2021-09-08 00:00:00,28.850022,88.36666666666679,6.948455036800108,530200,53021,1,1.886080724254998e-05,True,,
2021-09-08-TeamB-789547e7-1325-4153-a98d-5ecd497f3668.parquet,TeamB-789547e7-1325-4153-a98d-5ecd497f3668,TeamB,2021-09-08 00:00:00,25.5800196,131.5316666666668,5.600844523200138,789170,78918,1,1.267154098609932e-05,True,,
2021-09-08-TeamB-9c845827-99f9-47f4-977d-2200a107a013.parquet,TeamB-9c845827-99f9-47f4-977d-2200a107a013,TeamB,2021-09-08 00:00:00,27.330022800000002,49.38333333333333,3.385661616999892,296249,29626,0,0.0,True,,
2021-09-08-TeamB-ab5ec6e5-b0f3-401e-8dc5-aa6c5070e255.parquet,TeamB-ab5ec6e5-b0f3-401e-8dc5-aa6c5070e255,TeamB,2021-09-08 00:00:00,28.760022000000003,53.90166666666676,3.8952187026001375,323370,32338,1,3.092432816897053e-05,True,,
2021-09-08-TeamB-ab691983-3544-4a0e-8f70-db44d85cb907.parquet,TeamB-ab691983-3544-4a0e-8f70-db44d85cb907,TeamB,2021-09-08 00:00:00,25.18002,138.48833333333337,10.278197718399879,830880,83089,0,0.0,True,,
2021-09-08-TeamB-afc13e53-2c77-48cb-8a78-743663bbb84f.parquet,TeamB-afc13e53-2c77-48cb-8a78-743663bbb84f,TeamB,2021-09-08 00:00:00,26.2200204,103.83499999999998,7.182580521199834,623010,62302,1,1.6051106723808606e-05,True,,
2021-09-08-TeamB-d9501f3a-aaa1-4311-8b8b-3a8d3f21480f.parquet,TeamB-d9501f3a-aaa1-4311-8b8b-3a8d3f21480f,TeamB,2021-09-08 00:00:00,30.3200244,51.90500000000005,3.878114245899922,311370,31138,0,0.0,True,,
2021-09-08-TeamB-e4321aef-964a-4fdd-88bd-0bd548b0e93b.parquet,TeamB-e4321aef-964a-4fdd-88bd-0bd548b0e93b,TeamB,2021-09-08 00:00:00,27.7000236,132.47166666666672,9.241369937199913,794720,79473,0,0.0,True,,
2021-09-09-TeamB-7ab47f4e-6eca-4793-880f-6a0dad3459c3.parquet,TeamB-7ab47f4e-6eca-4793-880f-6a0dad3459c3,TeamB,2021-09-09 00:00:00,27.2900232,163.95500000000004,8.368622592800028,983625,98363,0,0.0,True,,
2021-09-09-TeamB-afc13e53-2c77-48cb-8a78-743663bbb84f.parquet,TeamB-afc13e53-2c77-48cb-8a78-743663bbb84f,TeamB,2021-09-09 00:00:00,27.3700224,95.0350000000001,5.6725706836001395,570210,57022,1,1.7537398502306168e-05,True,,
2021-09-10-TeamB-08e35b7b-d2ad-411f-a0de-4e663f14c3c3.parquet,TeamB-08e35b7b-d2ad-411f-a0de-4e663f14c3c3,TeamB,2021-09-10 00:00:00,19.260014400000003,66.38333333333334,1.8948337619999258,398249,39826,0,0.0,True,,
2021-09-10-TeamB-29c5271b-5c46-455e-91ea-da2abfa8ff3c.parquet,TeamB-29c5271b-5c46-455e-91ea-da2abfa8ff3c,TeamB,2021-09-10 00:00:00,18.310014000000002,68.55666666666669,1.6556421684999805,411210,41122,0,0.0,True,,
2021-09-10-TeamB-2f23d7d5-2326-49ce-b9c8-5a6303f785c5.parquet,TeamB-2f23d7d5-2326-49ce-b9c8-5a6303f785c5,TeamB,2021-09-10 00:00:00,19.5400152,59.190000000000026,2.164946472400037,355050,35506,0,0.0,True,,
2021-09-10-TeamB-4405bb1f-56f7-48ba-bfa8-e795e4006952.parquet,TeamB-4405bb1f-56f7-48ba-bfa8-e795e4006952,TeamB,2021-09-10 00:00:00,17.460014400000002,72.6433333333333,2.641777697600127,435850,43586,1,2.2943673282092463e-05,True,,
2021-09-10-TeamB-48bfd4ea-e9e2-45b5-befc-3383cae87fdf.parquet,TeamB-48bfd4ea-e9e2-45b5-befc-3383cae87fdf,TeamB,2021-09-10 00:00:00,17.9100144,72.01166666666661,2.371111095599921,432050,43206,1,2.314546927438954e-05,True,,
2021-09-10-TeamB-4d54416a-8e5f-42c0-8dd0-12700569908f.parquet,TeamB-4d54416a-8e5f-42c0-8dd0-12700569908f,TeamB,2021-09-10 00:00:00,20.6400168,71.83666666666662,2.9053192777000345,430940,43095,0,0.0,True,,
2021-09-10-TeamB-5a921187-19c7-8df4-8f4f-f31e78de5857.parquet,TeamB-5a921187-19c7-8df4-8f4f-f31e78de5857,TeamB,2021-09-10 00:00:00,19.9400148,74.05999999999997,3.1818789696999215,444260,44427,0,0.0,True,,
2021-09-10-TeamB-5eba590a-cecb-400f-a92e-08224c7e2e59.parquet,TeamB-5eba590a-cecb-400f-a92e-08224c7e2e59,TeamB,2021-09-10 00:00:00,18.310014000000002,65.7,2.240675143799854,394099,39411,0,0.0,True,,
2021-09-10-TeamB-6d568bee-175f-4dcb-9d3a-0f3e8f35de07.parquet,TeamB-6d568bee-175f-4dcb-9d3a-0f3e8f35de07,TeamB,2021-09-10 00:00:00,18.8100144,68.2033333333334,2.760038624200148,409220,40923,1,2.443673329749279e-05,True,,
2021-09-10-TeamB-70b74270-f655-43cc-a188-1ebc7a828b95.parquet,TeamB-70b74270-f655-43cc-a188-1ebc7a828b95,TeamB,2021-09-10 00:00:00,14.780012400000002,64.4683333333333,2.1339556064000225,386800,38681,1,2.5853154084798345e-05,True,,
2021-09-10-TeamB-789547e7-1325-4153-a98d-5ecd497f3668.parquet,TeamB-789547e7-1325-4153-a98d-5ecd497f3668,TeamB,2021-09-10 00:00:00,16.430014800000002,66.47666666666676,2.2227601382999747,398850,39886,1,2.5072082236429736e-05,True,,
2021-09-10-TeamB-7ab47f4e-6eca-4793-880f-6a0dad3459c3.parquet,TeamB-7ab47f4e-6eca-4793-880f-6a0dad3459c3,TeamB,2021-09-10 00:00:00,13.800009600000001,61.653333333333286,1.7769317131000233,369830,36984,0,0.0,True,,
2021-09-10-TeamB-9c845827-99f9-47f4-977d-2200a107a013.parquet,TeamB-9c845827-99f9-47f4-977d-2200a107a013,TeamB,2021-09-10 00:00:00,14.1400116,47.486666666666615,0.5969815906999926,284860,28487,0,0.0,True,,
2021-09-10-TeamB-ab5ec6e5-b0f3-401e-8dc5-aa6c5070e255.parquet,TeamB-ab5ec6e5-b0f3-401e-8dc5-aa6c5070e255,TeamB,2021-09-10 00:00:00,21.780018,79.96333333333327,3.032717174200153,479655,47966,0,0.0,True,,
2021-09-10-TeamB-ab691983-3544-4a0e-8f70-db44d85cb907.parquet,TeamB-ab691983-3544-4a0e-8f70-db44d85cb907,TeamB,2021-09-10 00:00:00,21.490016400000002,73.44333333333331,3.4679011315999753,440590,44060,0,0.0,True,,
2021-09-10-TeamB-afc13e53-2c77-48cb-8a78-743663bbb84f.parquet,TeamB-afc13e53-2c77-48cb-8a78-743663bbb84f,TeamB,2021-09-10 00:00:00,18.480013200000002,71.7350000000001,2.4212225112000287,430414,43042,1,2.323366092795242e-05,True,,
2021-09-11-TeamB-08e35b7b-d2ad-411f-a0de-4e663f14c3c3.parquet,TeamB-08e35b7b-d2ad-411f-a0de-4e663f14c3c3,TeamB,2021-09-11 00:00:00,24.720019200000003,140.47166666666672,10.61405244309985,842790,84280,0,0.0,True,,
2021-09-11-TeamB-29c5271b-5c46-455e-91ea-da2abfa8ff3c.parquet,TeamB-29c5271b-5c46-455e-91ea-da2abfa8ff3c,TeamB,2021-09-11 00:00:00,24.8300208,138.55,4.933501479499946,831195,83120,0,0.0,True,,
2021-09-11-TeamB-2f23d7d5-2326-49ce-b9c8-5a6303f785c5.parquet,TeamB-2f23d7d5-2326-49ce-b9c8-5a6303f785c5,TeamB,2021-09-11 00:00:00,27.410022,122.42166666666671,9.702264200099963,734440,73445,0,0.0,True,,
2021-09-11-TeamB-4405bb1f-56f7-48ba-bfa8-e795e4006952.parquet,TeamB-4405bb1f-56f7-48ba-bfa8-e795e4006952,TeamB,2021-09-11 00:00:00,25.6500216,134.6183333333333,9.59865996510001,807690,80770,1,1.238098775520311e-05,True,,
2021-09-11-TeamB-48bfd4ea-e9e2-45b5-befc-3383cae87fdf.parquet,TeamB-48bfd4ea-e9e2-45b5-befc-3383cae87fdf,TeamB,2021-09-11 00:00:00,20.6200152,124.7066666666668,6.298627309099844,748210,74822,1,1.3365231686291281e-05,True,,
2021-09-11-TeamB-4d54416a-8e5f-42c0-8dd0-12700569908f.parquet,TeamB-4d54416a-8e5f-42c0-8dd0-12700569908f,TeamB,2021-09-11 00:00:00,25.9800192,23.866666666666667,2.651441851500009,143149,14316,0,0.0,True,,
2021-09-11-TeamB-5a921187-19c7-8df4-8f4f-f31e78de5857.parquet,TeamB-5a921187-19c7-8df4-8f4f-f31e78de5857,TeamB,2021-09-11 00:00:00,26.5200228,118.88333333333334,5.033279611400116,713170,71318,1,1.4021902211253979e-05,True,,
2021-09-11-TeamB-5eba590a-cecb-400f-a92e-08224c7e2e59.parquet,TeamB-5eba590a-cecb-400f-a92e-08224c7e2e59,TeamB,2021-09-11 00:00:00,24.6200184,147.33333333333334,5.7597557539997855,883980,88399,1,1.131247313287631e-05,True,,
2021-09-11-TeamB-6d568bee-175f-4dcb-9d3a-0f3e8f35de07.parquet,TeamB-6d568bee-175f-4dcb-9d3a-0f3e8f35de07,TeamB,2021-09-11 00:00:00,26.4500208,165.47333333333336,8.832140734300047,992760,99277,0,0.0,True,,
2021-09-11-TeamB-70b74270-f655-43cc-a188-1ebc7a828b95.parquet,TeamB-70b74270-f655-43cc-a188-1ebc7a828b95,TeamB,2021-09-11 00:00:00,25.540020000000002,104.97000000000007,5.80721134330003,629750,62976,1,1.5879317189360858e-05,True,,
2021-09-11-TeamB-9c845827-99f9-47f4-977d-2200a107a013.parquet,TeamB-9c845827-99f9-47f4-977d-2200a107a013,TeamB,2021-09-11 00:00:00,25.4200212,143.59833333333336,7.465922965199892,861540,86155,0,0.0,True,,
2021-09-11-TeamB-ab5ec6e5-b0f3-401e-8dc5-aa6c5070e255.parquet,TeamB-ab5ec6e5-b0f3-401e-8dc5-aa6c5070e255,TeamB,2021-09-11 00:00:00,28.570021200000003,135.84500000000008,10.142610114000137,814940,81495,1,1.2270842025179768e-05,True,,
2021-09-11-TeamB-ab691983-3544-4a0e-8f70-db44d85cb907.parquet,TeamB-ab691983-3544-4a0e-8f70-db44d85cb907,TeamB,2021-09-11 00:00:00,24.46002,152.46999999999994,9.391255910999863,914770,91478,0,0.0,True,,
2021-09-11-TeamB-afc13e53-2c77-48cb-8a78-743663bbb84f.parquet,TeamB-afc13e53-2c77-48cb-8a78-743663bbb84f,TeamB,2021-09-11 00:00:00,25.6700196,69.8350000000001,3.1123747357998757,419010,41902,1,2.3865778859693085e-05,True,,
2021-09-11-TeamB-afc13e53-2c77-48cb-8a78-743663bbb84f.parquet,TeamB-afc13e53-2c77-48cb-8a78-743663bbb84f,TeamB,2021-09-11 00:00:00,28.9000224,136.49666666666658,8.513001309800144,818989,81900,1,1.2210161296230724e-05,True,,
2021-09-11-TeamB-e4321aef-964a-4fdd-88bd-0bd548b0e93b.parquet,TeamB-e4321aef-964a-4fdd-88bd-0bd548b0e93b,TeamB,2021-09-11 00:00:00,28.130022,133.0066666666667,11.218727364300133,797950,79796,0,0.0,True,,
2021-09-12-TeamB-afc13e53-2c77-48cb-8a78-743663bbb84f.parquet,TeamB-afc13e53-2c77-48cb-8a78-743663bbb84f,TeamB,2021-09-12 00:00:00,27.770022,199.96666666666667,8.27299946500023,1199760,119977,1,8.335000333400014e-06,True,,
2021-09-16-TeamB-48bfd4ea-e9e2-45b5-befc-3383cae87fdf.parquet,TeamB-48bfd4ea-e9e2-45b5-befc-3383cae87fdf,TeamB,2021-09-16 00:00:00,4.8400056000000005,1.7733333333334789,0.017174181399999384,10630,1064,1,0.0009407337723424271,True,,
2021-09-16-TeamB-4d54416a-8e5f-42c0-8dd0-12700569908f.parquet,TeamB-4d54416a-8e5f-42c0-8dd0-12700569908f,TeamB,2021-09-16 00:00:00,21.620016,98.03666666666662,4.41110023060019,588160,58817,0,0.0,True,,
2021-09-16-TeamB-789547e7-1325-4153-a98d-5ecd497f3668.parquet,TeamB-789547e7-1325-4153-a98d-5ecd497f3668,TeamB,2021-09-16 00:00:00,17.3300148,99.84833333333349,3.0169641126000735,599075,59908,1,1.66925401038276e-05,True,,
2021-09-16-TeamB-7ab47f4e-6eca-4793-880f-6a0dad3459c3.parquet,TeamB-7ab47f4e-6eca-4793-880f-6a0dad3459c3,TeamB,2021-09-16 00:00:00,23.100019200000002,117.425,5.477572762700046,704480,70449,0,0.0,True,,
2021-09-16-TeamB-ab5ec6e5-b0f3-401e-8dc5-aa6c5070e255.parquet,TeamB-ab5ec6e5-b0f3-401e-8dc5-aa6c5070e255,TeamB,2021-09-16 00:00:00,28.4100228,112.11333333333326,5.2953784450001,672475,67248,1,1.4870551846179012e-05,True,,
2021-09-16-TeamB-afc13e53-2c77-48cb-8a78-743663bbb84f.parquet,TeamB-afc13e53-2c77-48cb-8a78-743663bbb84f,TeamB,2021-09-16 00:00:00,23.880020400000003,111.94000000000003,5.057454368500074,671639,67165,1,1.488892859269847e-05,True,,
2021-09-16-TeamB-e4321aef-964a-4fdd-88bd-0bd548b0e93b.parquet,TeamB-e4321aef-964a-4fdd-88bd-0bd548b0e93b,TeamB,2021-09-16 00:00:00,27.2600208,114.89666666666659,5.297927621700014,689305,68931,0,0.0,True,,
2021-09-17-TeamB-48bfd4ea-e9e2-45b5-befc-3383cae87fdf.parquet,TeamB-48bfd4ea-e9e2-45b5-befc-3383cae87fdf,TeamB,2021-09-17 00:00:00,21.6700164,82.69666666666659,3.1267405767998984,496170,49618,1,2.0154382570489953e-05,True,,
2021-09-17-TeamB-4d54416a-8e5f-42c0-8dd0-12700569908f.parquet,TeamB-4d54416a-8e5f-42c0-8dd0-12700569908f,TeamB,2021-09-17 00:00:00,24.4300212,80.80333333333341,4.095034413000078,484745,48475,0,0.0,True,,
2021-09-17-TeamB-6d568bee-175f-4dcb-9d3a-0f3e8f35de07.parquet,TeamB-6d568bee-175f-4dcb-9d3a-0f3e8f35de07,TeamB,2021-09-17 00:00:00,26.5500216,86.70333333333329,3.860968947299945,520140,52015,0,0.0,True,,
2021-09-17-TeamB-789547e7-1325-4153-a98d-5ecd497f3668.parquet,TeamB-789547e7-1325-4153-a98d-5ecd497f3668,TeamB,2021-09-17 00:00:00,22.320018,81.90333333333328,2.6559590964000557,491415,49142,1,2.034960623511935e-05,True,,
2021-09-17-TeamB-7ab47f4e-6eca-4793-880f-6a0dad3459c3.parquet,TeamB-7ab47f4e-6eca-4793-880f-6a0dad3459c3,TeamB,2021-09-17 00:00:00,24.0700176,92.73333333333333,4.309083476199936,556305,55631,0,0.0,True,,
2021-09-17-TeamB-ab5ec6e5-b0f3-401e-8dc5-aa6c5070e255.parquet,TeamB-ab5ec6e5-b0f3-401e-8dc5-aa6c5070e255,TeamB,2021-09-17 00:00:00,27.340023600000002,84.9100000000001,4.126993604399972,509235,50924,1,1.9637491899534592e-05,True,,
2021-09-21-TeamB-48bfd4ea-e9e2-45b5-befc-3383cae87fdf.parquet,TeamB-48bfd4ea-e9e2-45b5-befc-3383cae87fdf,TeamB,2021-09-21 00:00:00,20.5300152,126.17999999999992,4.457039165399997,757050,75706,1,1.3209167162010435e-05,True,,
2021-09-21-TeamB-4d54416a-8e5f-42c0-8dd0-12700569908f.parquet,TeamB-4d54416a-8e5f-42c0-8dd0-12700569908f,TeamB,2021-09-21 00:00:00,22.080016800000003,122.53833333333338,6.162130248899903,735150,73516,0,0.0,True,,
2021-09-21-TeamB-5a921187-19c7-8df4-8f4f-f31e78de5857.parquet,TeamB-5a921187-19c7-8df4-8f4f-f31e78de5857,TeamB,2021-09-21 00:00:00,23.5900188,128.22333333333336,6.225321688200174,769160,76917,0,0.0,True,,
2021-09-21-TeamB-5eba590a-cecb-400f-a92e-08224c7e2e59.parquet,TeamB-5eba590a-cecb-400f-a92e-08224c7e2e59,TeamB,2021-09-21 00:00:00,23.5300176,120.31500000000003,6.084934911299874,721889,72190,1,1.385252600811758e-05,True,,
2021-09-21-TeamB-6d568bee-175f-4dcb-9d3a-0f3e8f35de07.parquet,TeamB-6d568bee-175f-4dcb-9d3a-0f3e8f35de07,TeamB,2021-09-21 00:00:00,25.63002,125.97166666666672,5.890058642900059,755720,75573,0,0.0,True,,
2021-09-21-TeamB-789547e7-1325-4153-a98d-5ecd497f3668.parquet,TeamB-789547e7-1325-4153-a98d-5ecd497f3668,TeamB,2021-09-21 00:00:00,20.2200156,125.52666666666677,4.324877936299938,753170,75318,1,1.3277214971387601e-05,True,,
2021-09-21-TeamB-9c845827-99f9-47f4-977d-2200a107a013.parquet,TeamB-9c845827-99f9-47f4-977d-2200a107a013,TeamB,2021-09-21 00:00:00,22.500018,93.03833333333338,3.572373721600038,558190,55820,0,0.0,True,,
2021-09-21-TeamB-a7126274-c2d2-4f4e-9b67-35d376aefacc.parquet,TeamB-a7126274-c2d2-4f4e-9b67-35d376aefacc,TeamB,2021-09-21 00:00:00,25.5600216,89.28666666666673,3.414243315100015,535565,53557,0,0.0,True,,
2021-09-21-TeamB-ab5ec6e5-b0f3-401e-8dc5-aa6c5070e255.parquet,TeamB-ab5ec6e5-b0f3-401e-8dc5-aa6c5070e255,TeamB,2021-09-21 00:00:00,27.8200224,119.99833333333348,5.915440890800223,719840,71985,1,1.3891975994665481e-05,True,,
2021-09-21-TeamB-afc13e53-2c77-48cb-8a78-743663bbb84f.parquet,TeamB-afc13e53-2c77-48cb-8a78-743663bbb84f,TeamB,2021-09-21 00:00:00,25.0100208,122.93000000000005,6.117813834999916,737585,73759,1,1.355785135171778e-05,True,,
2021-09-21-TeamB-e4321aef-964a-4fdd-88bd-0bd548b0e93b.parquet,TeamB-e4321aef-964a-4fdd-88bd-0bd548b0e93b,TeamB,2021-09-21 00:00:00,24.28002,119.59000000000002,5.540027530399977,717430,71744,0,0.0,True,,
2021-09-22-TeamB-48bfd4ea-e9e2-45b5-befc-3383cae87fdf.parquet,TeamB-48bfd4ea-e9e2-45b5-befc-3383cae87fdf,TeamB,2021-09-22 00:00:00,18.830016,128.68000000000004,2.650964096600039,772080,77209,1,1.2952025696818983e-05,True,,
2021-09-22-TeamB-4d54416a-8e5f-42c0-8dd0-12700569908f.parquet,TeamB-4d54416a-8e5f-42c0-8dd0-12700569908f,TeamB,2021-09-22 00:00:00,26.420022,125.13833333333332,5.4075707553999965,750780,75079,0,0.0,True,,
2021-09-22-TeamB-5a921187-19c7-8df4-8f4f-f31e78de5857.parquet,TeamB-5a921187-19c7-8df4-8f4f-f31e78de5857,TeamB,2021-09-22 00:00:00,25.050020399999998,141.15,5.999885395000158,846895,84690,1,1.1807908937406275e-05,True,,
2021-09-22-TeamB-5eba590a-cecb-400f-a92e-08224c7e2e59.parquet,TeamB-5eba590a-cecb-400f-a92e-08224c7e2e59,TeamB,2021-09-22 00:00:00,24.2700192,125.11999999999995,3.906921498099879,750720,75073,1,1.3320545609548167e-05,True,,
2021-09-22-TeamB-6d568bee-175f-4dcb-9d3a-0f3e8f35de07.parquet,TeamB-6d568bee-175f-4dcb-9d3a-0f3e8f35de07,TeamB,2021-09-22 00:00:00,28.4800212,128.88833333333332,4.956655664399873,773250,77326,0,0.0,True,,
2021-09-22-TeamB-789547e7-1325-4153-a98d-5ecd497f3668.parquet,TeamB-789547e7-1325-4153-a98d-5ecd497f3668,TeamB,2021-09-22 00:00:00,18.7700148,127.75333333333329,2.8156378407999045,766525,76653,1,1.3045974012419767e-05,True,,
2021-09-22-TeamB-9c845827-99f9-47f4-977d-2200a107a013.parquet,TeamB-9c845827-99f9-47f4-977d-2200a107a013,TeamB,2021-09-22 00:00:00,26.0300196,102.91333333333338,3.564930107599976,617430,61744,0,0.0,True,,
2021-09-22-TeamB-a7126274-c2d2-4f4e-9b67-35d376aefacc.parquet,TeamB-a7126274-c2d2-4f4e-9b67-35d376aefacc,TeamB,2021-09-22 00:00:00,25.8000192,122.71500000000002,3.438830850799836,736195,73620,0,0.0,True,,
2021-09-22-TeamB-ab5ec6e5-b0f3-401e-8dc5-aa6c5070e255.parquet,TeamB-ab5ec6e5-b0f3-401e-8dc5-aa6c5070e255,TeamB,2021-09-22 00:00:00,28.0900224,132.48666666666674,5.2759848104999225,794715,79472,0,0.0,True,,
2021-09-22-TeamB-afc13e53-2c77-48cb-8a78-743663bbb84f.parquet,TeamB-afc13e53-2c77-48cb-8a78-743663bbb84f,TeamB,2021-09-22 00:00:00,30.1900248,134.38000000000005,6.534115542599959,806260,80627,1,1.240294694019299e-05,True,,
2021-09-22-TeamB-e4321aef-964a-4fdd-88bd-0bd548b0e93b.parquet,TeamB-e4321aef-964a-4fdd-88bd-0bd548b0e93b,TeamB,2021-09-22 00:00:00,28.5000228,128.67833333333334,6.292982303600115,772015,77202,0,0.0,True,,
2021-09-22-TeamB-f67673c0-d467-4832-9519-55133a2647e5.parquet,TeamB-f67673c0-d467-4832-9519-55133a2647e5,TeamB,2021-09-22 00:00:00,19.070013600000003,127.8566666666667,2.8372698001999166,767100,76711,0,0.0,True,,
2021-09-24-TeamB-08e35b7b-d2ad-411f-a0de-4e663f14c3c3.parquet,TeamB-08e35b7b-d2ad-411f-a0de-4e663f14c3c3,TeamB,2021-09-24 00:00:00,23.2100172,140.68000000000004,7.24560418029999,844025,84403,0,0.0,True,,
2021-09-24-TeamB-29c5271b-5c46-455e-91ea-da2abfa8ff3c.parquet,TeamB-29c5271b-5c46-455e-91ea-da2abfa8ff3c,TeamB,2021-09-24 00:00:00,28.850022,101.32166666666672,6.148987456700128,607745,60775,0,0.0,True,,
2021-09-24-TeamB-2f23d7d5-2326-49ce-b9c8-5a6303f785c5.parquet,TeamB-2f23d7d5-2326-49ce-b9c8-5a6303f785c5,TeamB,2021-09-24 00:00:00,26.700022800000003,104.63333333333345,6.014904856499944,627805,62781,1,1.592863969417012e-05,True,,
2021-09-24-TeamB-4405bb1f-56f7-48ba-bfa8-e795e4006952.parquet,TeamB-4405bb1f-56f7-48ba-bfa8-e795e4006952,TeamB,2021-09-24 00:00:00,22.75002,100.88166666666669,6.165892468600205,605180,60519,0,0.0,True,,
2021-09-24-TeamB-48bfd4ea-e9e2-45b5-befc-3383cae87fdf.parquet,TeamB-48bfd4ea-e9e2-45b5-befc-3383cae87fdf,TeamB,2021-09-24 00:00:00,20.6600148,108.90166666666677,4.40649079200002,653410,65342,1,1.5304326533110912e-05,True,,
2021-09-24-TeamB-4b1e23d2-4204-4e16-9991-e0490649079b.parquet,TeamB-4b1e23d2-4204-4e16-9991-e0490649079b,TeamB,2021-09-24 00:00:00,22.3600176,126.33666666666662,6.277546729999868,757910,75792,0,0.0,True,,
2021-09-24-TeamB-4d54416a-8e5f-42c0-8dd0-12700569908f.parquet,TeamB-4d54416a-8e5f-42c0-8dd0-12700569908f,TeamB,2021-09-24 00:00:00,26.89002,103.1,6.618513947000074,618539,61855,0,0.0,True,,
2021-09-24-TeamB-5a921187-19c7-8df4-8f4f-f31e78de5857.parquet,TeamB-5a921187-19c7-8df4-8f4f-f31e78de5857,TeamB,2021-09-24 00:00:00,28.2300228,108.97666666666665,7.008569542200013,653755,65376,0,0.0,True,,
2021-09-24-TeamB-5eba590a-cecb-400f-a92e-08224c7e2e59.parquet,TeamB-5eba590a-cecb-400f-a92e-08224c7e2e59,TeamB,2021-09-24 00:00:00,26.060022,101.52000000000007,5.719747669999724,609120,60913,1,1.641712634620436e-05,True,,
2021-09-24-TeamB-6d568bee-175f-4dcb-9d3a-0f3e8f35de07.parquet,TeamB-6d568bee-175f-4dcb-9d3a-0f3e8f35de07,TeamB,2021-09-24 00:00:00,25.940019600000003,103.52166666666672,6.303725082400169,621040,62105,0,0.0,True,,
2021-09-24-TeamB-70b74270-f655-43cc-a188-1ebc7a828b95.parquet,TeamB-70b74270-f655-43cc-a188-1ebc7a828b95,TeamB,2021-09-24 00:00:00,26.310020400000003,112.03666666666673,6.848369125200104,672040,67205,1,1.488006666269865e-05,True,,
2021-09-24-TeamB-789547e7-1325-4153-a98d-5ecd497f3668.parquet,TeamB-789547e7-1325-4153-a98d-5ecd497f3668,TeamB,2021-09-24 00:00:00,22.9600188,97.91999999999994,3.309200176000056,587400,58741,0,0.0,True,,
2021-09-24-TeamB-9c845827-99f9-47f4-977d-2200a107a013.parquet,TeamB-9c845827-99f9-47f4-977d-2200a107a013,TeamB,2021-09-24 00:00:00,21.6300168,102.18833333333338,5.94332673839995,613080,61309,0,0.0,True,,
2021-09-24-TeamB-ab5ec6e5-b0f3-401e-8dc5-aa6c5070e255.parquet,TeamB-ab5ec6e5-b0f3-401e-8dc5-aa6c5070e255,TeamB,2021-09-24 00:00:00,28.0500228,107.83499999999998,6.4884974544999325,646910,64692,1,1.5458100817733532e-05,True,,
2021-09-24-TeamB-ab691983-3544-4a0e-8f70-db44d85cb907.parquet,TeamB-ab691983-3544-4a0e-8f70-db44d85cb907,TeamB,2021-09-24 00:00:00,26.390019600000002,103.54000000000002,5.990464279399973,621190,62120,0,0.0,True,,
2021-09-24-TeamB-afc13e53-2c77-48cb-8a78-743663bbb84f.parquet,TeamB-afc13e53-2c77-48cb-8a78-743663bbb84f,TeamB,2021-09-24 00:00:00,23.5900188,67.91999999999994,4.011710454999897,407420,40743,0,0.0,True,,
2021-09-24-TeamB-afc13e53-2c77-48cb-8a78-743663bbb84f.parquet,TeamB-afc13e53-2c77-48cb-8a78-743663bbb84f,TeamB,2021-09-24 00:00:00,27.7900236,116.50333333333329,7.27454197530003,698900,69890,0,0.0,True,,
2021-09-24-TeamB-f67673c0-d467-4832-9519-55133a2647e5.parquet,TeamB-f67673c0-d467-4832-9519-55133a2647e5,TeamB,2021-09-24 00:00:00,20.5900164,109.97166666666672,3.1278753140000592,659780,65979,0,0.0,True,,
2021-09-25-TeamB-08e35b7b-d2ad-411f-a0de-4e663f14c3c3.parquet,TeamB-08e35b7b-d2ad-411f-a0de-4e663f14c3c3,TeamB,2021-09-25 00:00:00,22.050018,90.47166666666672,3.0712324884999886,542790,54280,0,0.0,True,,
2021-09-25-TeamB-29c5271b-5c46-455e-91ea-da2abfa8ff3c.parquet,TeamB-29c5271b-5c46-455e-91ea-da2abfa8ff3c,TeamB,2021-09-25 00:00:00,21.330018,106.38833333333338,3.602603182500015,638180,63819,0,0.0,True,,
2021-09-25-TeamB-2f23d7d5-2326-49ce-b9c8-5a6303f785c5.parquet,TeamB-2f23d7d5-2326-49ce-b9c8-5a6303f785c5,TeamB,2021-09-25 00:00:00,19.6900164,102.35500000000005,2.836214237100141,614040,61405,0,0.0,True,,
2021-09-25-TeamB-4405bb1f-56f7-48ba-bfa8-e795e4006952.parquet,TeamB-4405bb1f-56f7-48ba-bfa8-e795e4006952,TeamB,2021-09-25 00:00:00,21.430018800000003,105.4850000000001,3.3970382962001464,632910,63292,1,1.580003476007647e-05,True,,
2021-09-25-TeamB-48bfd4ea-e9e2-45b5-befc-3383cae87fdf.parquet,TeamB-48bfd4ea-e9e2-45b5-befc-3383cae87fdf,TeamB,2021-09-25 00:00:00,18.7000164,96.89666666666659,2.4623478346999637,581370,58138,1,1.720074995269794e-05,True,,
2021-09-25-TeamB-4b1e23d2-4204-4e16-9991-e0490649079b.parquet,TeamB-4b1e23d2-4204-4e16-9991-e0490649079b,TeamB,2021-09-25 00:00:00,21.5600184,108.27166666666672,4.2084778461998456,649520,64953,0,0.0,True,,
2021-09-25-TeamB-4d54416a-8e5f-42c0-8dd0-12700569908f.parquet,TeamB-4d54416a-8e5f-42c0-8dd0-12700569908f,TeamB,2021-09-25 00:00:00,23.0000184,102.80500000000005,2.8366081291000027,616750,61676,0,0.0,True,,
2021-09-25-TeamB-5a921187-19c7-8df4-8f4f-f31e78de5857.parquet,TeamB-5a921187-19c7-8df4-8f4f-f31e78de5857,TeamB,2021-09-25 00:00:00,21.9700188,105.24833333333336,2.984860469199897,631404,63141,0,0.0,True,,
2021-09-25-TeamB-5eba590a-cecb-400f-a92e-08224c7e2e59.parquet,TeamB-5eba590a-cecb-400f-a92e-08224c7e2e59,TeamB,2021-09-25 00:00:00,20.3900148,94.41999999999994,3.0922461099,566410,56642,0,0.0,True,,
2021-09-25-TeamB-6d568bee-175f-4dcb-9d3a-0f3e8f35de07.parquet,TeamB-6d568bee-175f-4dcb-9d3a-0f3e8f35de07,TeamB,2021-09-25 00:00:00,22.9400172,86.36666666666666,3.07496636959994,518119,51813,0,0.0,True,,
2021-09-25-TeamB-70b74270-f655-43cc-a188-1ebc7a828b95.parquet,TeamB-70b74270-f655-43cc-a188-1ebc7a828b95,TeamB,2021-09-25 00:00:00,26.8200216,102.47166666666672,3.3658557777000286,614480,61449,0,0.0,True,,
2021-09-25-TeamB-789547e7-1325-4153-a98d-5ecd497f3668.parquet,TeamB-789547e7-1325-4153-a98d-5ecd497f3668,TeamB,2021-09-25 00:00:00,15.250014,91.7183333333333,2.0190019131000496,550310,55032,1,1.8171576020788284e-05,True,,
2021-09-25-TeamB-7ab47f4e-6eca-4793-880f-6a0dad3459c3.parquet,TeamB-7ab47f4e-6eca-4793-880f-6a0dad3459c3,TeamB,2021-09-25 00:00:00,24.480017999999998,121.89499999999995,3.822487809400098,731270,73128,0,0.0,True,,
2021-09-25-TeamB-9c845827-99f9-47f4-977d-2200a107a013.parquet,TeamB-9c845827-99f9-47f4-977d-2200a107a013,TeamB,2021-09-25 00:00:00,21.4500168,86.83833333333338,3.0078996516000327,520980,52099,0,0.0,True,,
2021-09-25-TeamB-ab5ec6e5-b0f3-401e-8dc5-aa6c5070e255.parquet,TeamB-ab5ec6e5-b0f3-401e-8dc5-aa6c5070e255,TeamB,2021-09-25 00:00:00,27.1200204,93.0466666666666,3.7119168885999665,558110,55812,1,1.7917614807116876e-05,True,,
2021-09-25-TeamB-ab691983-3544-4a0e-8f70-db44d85cb907.parquet,TeamB-ab691983-3544-4a0e-8f70-db44d85cb907,TeamB,2021-09-25 00:00:00,21.4600176,97.40500000000004,3.098803336500078,584380,58439,0,0.0,True,,
2021-09-25-TeamB-afc13e53-2c77-48cb-8a78-743663bbb84f.parquet,TeamB-afc13e53-2c77-48cb-8a78-743663bbb84f,TeamB,2021-09-25 00:00:00,24.980018400000002,171.00500000000005,6.338891228300121,1025940,102595,0,0.0,True,,
2021-09-25-TeamB-afc13e53-2c77-48cb-8a78-743663bbb84f.parquet,TeamB-afc13e53-2c77-48cb-8a78-743663bbb84f,TeamB,2021-09-25 00:00:00,22.6700172,87.98000000000005,3.2155753730999317,527889,52790,1,1.8943340468658242e-05,True,,
2021-09-25-TeamB-e4321aef-964a-4fdd-88bd-0bd548b0e93b.parquet,TeamB-e4321aef-964a-4fdd-88bd-0bd548b0e93b,TeamB,2021-09-25 00:00:00,24.130018800000002,98.85500000000005,4.177160873900074,593010,59302,0,0.0,True,,
2021-09-25-TeamB-f67673c0-d467-4832-9519-55133a2647e5.parquet,TeamB-f67673c0-d467-4832-9519-55133a2647e5,TeamB,2021-09-25 00:00:00,18.680014800000002,85.53833333333338,2.5729751349999574,513180,51319,0,0.0,True,,
2021-09-26-TeamB-08e35b7b-d2ad-411f-a0de-4e663f14c3c3.parquet,TeamB-08e35b7b-d2ad-411f-a0de-4e663f14c3c3,TeamB,2021-09-26 00:00:00,24.0000192,139.86666666666667,4.692032125100049,839149,83916,0,0.0,True,,
2021-09-26-TeamB-29c5271b-5c46-455e-91ea-da2abfa8ff3c.parquet,TeamB-29c5271b-5c46-455e-91ea-da2abfa8ff3c,TeamB,2021-09-26 00:00:00,28.170021600000002,136.36999999999995,10.75752756020017,817940,81795,0,0.0,True,,
2021-09-26-TeamB-2f23d7d5-2326-49ce-b9c8-5a6303f785c5.parquet,TeamB-2f23d7d5-2326-49ce-b9c8-5a6303f785c5,TeamB,2021-09-26 00:00:00,26.330022,128.5566666666667,10.463165643599979,771240,77125,0,0.0,True,,
2021-09-26-TeamB-4405bb1f-56f7-48ba-bfa8-e795e4006952.parquet,TeamB-4405bb1f-56f7-48ba-bfa8-e795e4006952,TeamB,2021-09-26 00:00:00,26.8100208,130.31666666666666,10.769109513100096,781810,78182,1,1.2790831531957893e-05,True,,
2021-09-26-TeamB-48bfd4ea-e9e2-45b5-befc-3383cae87fdf.parquet,TeamB-48bfd4ea-e9e2-45b5-befc-3383cae87fdf,TeamB,2021-09-26 00:00:00,25.3900188,124.34833333333349,5.579160899000138,746080,74609,1,1.34033883765816e-05,True,,
2021-09-26-TeamB-4b1e23d2-4204-4e16-9991-e0490649079b.parquet,TeamB-4b1e23d2-4204-4e16-9991-e0490649079b,TeamB,2021-09-26 00:00:00,23.5400184,128.79166666666666,4.595353987100012,772460,77247,24,0.0003106956994536934,True,,
2021-09-26-TeamB-5a921187-19c7-8df4-8f4f-f31e78de5857.parquet,TeamB-5a921187-19c7-8df4-8f4f-f31e78de5857,TeamB,2021-09-26 00:00:00,28.1600208,180.83666666666662,5.537192241000061,1084880,108489,0,0.0,True,,
2021-09-26-TeamB-5eba590a-cecb-400f-a92e-08224c7e2e59.parquet,TeamB-5eba590a-cecb-400f-a92e-08224c7e2e59,TeamB,2021-09-26 00:00:00,24.55002,182.3383333333334,5.816738580599942,1093920,109393,0,0.0,True,,
2021-09-26-TeamB-6d568bee-175f-4dcb-9d3a-0f3e8f35de07.parquet,TeamB-6d568bee-175f-4dcb-9d3a-0f3e8f35de07,TeamB,2021-09-26 00:00:00,28.130022,139.45666666666668,6.439795478899955,836650,83666,0,0.0,True,,
2021-09-26-TeamB-70b74270-f655-43cc-a188-1ebc7a828b95.parquet,TeamB-70b74270-f655-43cc-a188-1ebc7a828b95,TeamB,2021-09-26 00:00:00,27.8500212,176.40499999999992,11.626411314899975,1058310,105832,1,9.449027222647429e-06,True,,
2021-09-26-TeamB-9c845827-99f9-47f4-977d-2200a107a013.parquet,TeamB-9c845827-99f9-47f4-977d-2200a107a013,TeamB,2021-09-26 00:00:00,27.2600208,130.1866666666666,6.877963600799891,781050,78106,0,0.0,True,,
2021-09-26-TeamB-a7126274-c2d2-4f4e-9b67-35d376aefacc.parquet,TeamB-a7126274-c2d2-4f4e-9b67-35d376aefacc,TeamB,2021-09-26 00:00:00,12.7300104,61.145000000000074,0.3410069461000186,366850,36686,1,2.725909772386534e-05,True,,
2021-09-26-TeamB-ab5ec6e5-b0f3-401e-8dc5-aa6c5070e255.parquet,TeamB-ab5ec6e5-b0f3-401e-8dc5-aa6c5070e255,TeamB,2021-09-26 00:00:00,30.0300228,126.74333333333342,10.100212871299727,760195,76020,0,0.0,True,,
2021-09-26-TeamB-ab691983-3544-4a0e-8f70-db44d85cb907.parquet,TeamB-ab691983-3544-4a0e-8f70-db44d85cb907,TeamB,2021-09-26 00:00:00,24.8500188,124.11833333333342,9.868060449000081,744665,74467,0,0.0,True,,
2021-09-26-TeamB-afc13e53-2c77-48cb-8a78-743663bbb84f.parquet,TeamB-afc13e53-2c77-48cb-8a78-743663bbb84f,TeamB,2021-09-26 00:00:00,27.860022,128.65166666666664,6.690533729799885,771890,77190,1,1.2955213825804196e-05,True,,
2021-09-26-TeamB-e4321aef-964a-4fdd-88bd-0bd548b0e93b.parquet,TeamB-e4321aef-964a-4fdd-88bd-0bd548b0e93b,TeamB,2021-09-26 00:00:00,21.9700188,75.00500000000005,2.8850956632000733,449920,44993,0,0.0,True,,
2021-09-27-TeamB-4b1e23d2-4204-4e16-9991-e0490649079b.parquet,TeamB-4b1e23d2-4204-4e16-9991-e0490649079b,TeamB,2021-09-27 00:00:00,26.4000204,65.76499999999996,2.9573515550999727,394580,39459,1,2.5343403112169904e-05,True,,
2021-09-27-TeamB-4d54416a-8e5f-42c0-8dd0-12700569908f.parquet,TeamB-4d54416a-8e5f-42c0-8dd0-12700569908f,TeamB,2021-09-27 00:00:00,23.310018000000003,165.32333333333335,12.590648770900135,991860,99187,0,0.0,True,,
2021-09-27-TeamB-7ab47f4e-6eca-4793-880f-6a0dad3459c3.parquet,TeamB-7ab47f4e-6eca-4793-880f-6a0dad3459c3,TeamB,2021-09-27 00:00:00,23.7700188,164.48666666666674,13.707463261699992,986920,98693,1,1.0132533538686012e-05,True,,
2021-09-27-TeamB-afc13e53-2c77-48cb-8a78-743663bbb84f.parquet,TeamB-afc13e53-2c77-48cb-8a78-743663bbb84f,TeamB,2021-09-27 00:00:00,22.730018400000002,85.58166666666656,3.898774264199957,513495,51350,1,1.947457594110888e-05,True,,
2021-09-27-TeamB-f67673c0-d467-4832-9519-55133a2647e5.parquet,TeamB-f67673c0-d467-4832-9519-55133a2647e5,TeamB,2021-09-27 00:00:00,20.670015600000003,159.38333333333333,7.860037204100172,956249,95626,0,0.0,True,,
2021-09-28-TeamB-08e35b7b-d2ad-411f-a0de-4e663f14c3c3.parquet,TeamB-08e35b7b-d2ad-411f-a0de-4e663f14c3c3,TeamB,2021-09-28 00:00:00,21.2900184,116.02166666666672,4.279080961299928,696090,69610,0,0.0,True,,
2021-09-28-TeamB-29c5271b-5c46-455e-91ea-da2abfa8ff3c.parquet,TeamB-29c5271b-5c46-455e-91ea-da2abfa8ff3c,TeamB,2021-09-28 00:00:00,20.5900164,80.80833333333334,3.2583684687999805,484795,48480,1,2.062748819076301e-05,True,,
2021-09-28-TeamB-2f23d7d5-2326-49ce-b9c8-5a6303f785c5.parquet,TeamB-2f23d7d5-2326-49ce-b9c8-5a6303f785c5,TeamB,2021-09-28 00:00:00,18.400014,59.523333333333355,2.312622149900091,357050,35706,0,0.0,True,,
2021-09-28-TeamB-4405bb1f-56f7-48ba-bfa8-e795e4006952.parquet,TeamB-4405bb1f-56f7-48ba-bfa8-e795e4006952,TeamB,2021-09-28 00:00:00,20.630015999999998,70.33333333333333,2.4250705617999855,422004,42201,1,2.3696682464454976e-05,True,,
2021-09-28-TeamB-48bfd4ea-e9e2-45b5-befc-3383cae87fdf.parquet,TeamB-48bfd4ea-e9e2-45b5-befc-3383cae87fdf,TeamB,2021-09-28 00:00:00,18.290016,117.25500000000005,3.0560124797000263,703410,70342,0,0.0,True,,
2021-09-28-TeamB-4b1e23d2-4204-4e16-9991-e0490649079b.parquet,TeamB-4b1e23d2-4204-4e16-9991-e0490649079b,TeamB,2021-09-28 00:00:00,20.3200164,134.0,5.6291487094999955,803990,80400,1,1.2437965646338885e-05,True,,
2021-09-28-TeamB-5a921187-19c7-8df4-8f4f-f31e78de5857.parquet,TeamB-5a921187-19c7-8df4-8f4f-f31e78de5857,TeamB,2021-09-28 00:00:00,23.6200176,125.3283333333334,5.726780180499804,751875,75188,0,0.0,True,,
2021-09-28-TeamB-5eba590a-cecb-400f-a92e-08224c7e2e59.parquet,TeamB-5eba590a-cecb-400f-a92e-08224c7e2e59,TeamB,2021-09-28 00:00:00,21.7900188,114.33499999999998,5.223240599299941,686000,68601,1,1.457725947521866e-05,True,,
2021-09-28-TeamB-6d568bee-175f-4dcb-9d3a-0f3e8f35de07.parquet,TeamB-6d568bee-175f-4dcb-9d3a-0f3e8f35de07,TeamB,2021-09-28 00:00:00,21.440016,118.05333333333328,5.561440041299871,708230,70824,0,0.0,True,,
2021-09-28-TeamB-789547e7-1325-4153-a98d-5ecd497f3668.parquet,TeamB-789547e7-1325-4153-a98d-5ecd497f3668,TeamB,2021-09-28 00:00:00,14.9400108,119.51500000000014,2.7690452991999446,717060,71707,1,1.3945834379270912e-05,True,,
2021-09-28-TeamB-7ab47f4e-6eca-4793-880f-6a0dad3459c3.parquet,TeamB-7ab47f4e-6eca-4793-880f-6a0dad3459c3,TeamB,2021-09-28 00:00:00,16.050013200000002,128.31666666666666,1.5164815070999644,769745,76975,0,0.0,True,,
2021-09-28-TeamB-9c845827-99f9-47f4-977d-2200a107a013.parquet,TeamB-9c845827-99f9-47f4-977d-2200a107a013,TeamB,2021-09-28 00:00:00,13.6800108,100.10999999999997,0.27920217009996495,600625,60063,0,0.0,True,,
2021-09-28-TeamB-ab5ec6e5-b0f3-401e-8dc5-aa6c5070e255.parquet,TeamB-ab5ec6e5-b0f3-401e-8dc5-aa6c5070e255,TeamB,2021-09-28 00:00:00,22.8500172,84.11833333333331,3.393492187899955,504620,50463,1,1.9816891918671476e-05,True,,
2021-09-28-TeamB-ab691983-3544-4a0e-8f70-db44d85cb907.parquet,TeamB-ab691983-3544-4a0e-8f70-db44d85cb907,TeamB,2021-09-28 00:00:00,22.1300172,80.72333333333336,3.478450866200004,484290,48430,0,0.0,True,,
2021-09-28-TeamB-afc13e53-2c77-48cb-8a78-743663bbb84f.parquet,TeamB-afc13e53-2c77-48cb-8a78-743663bbb84f,TeamB,2021-09-28 00:00:00,25.540020000000002,117.4,7.251620585999943,704400,70441,1,1.4196479273140261e-05,True,,
2021-09-28-TeamB-afc13e53-2c77-48cb-8a78-743663bbb84f.parquet,TeamB-afc13e53-2c77-48cb-8a78-743663bbb84f,TeamB,2021-09-28 00:00:00,23.4400176,125.54000000000002,5.652174842300044,753120,75313,0,0.0,True,,
2021-09-28-TeamB-e4321aef-964a-4fdd-88bd-0bd548b0e93b.parquet,TeamB-e4321aef-964a-4fdd-88bd-0bd548b0e93b,TeamB,2021-09-28 00:00:00,24.3600192,125.66166666666662,5.963704258199916,753890,75390,0,0.0,True,,
2021-09-28-TeamB-f67673c0-d467-4832-9519-55133a2647e5.parquet,TeamB-f67673c0-d467-4832-9519-55133a2647e5,TeamB,2021-09-28 00:00:00,20.1200148,117.91166666666673,3.1991311949999837,707415,70742,0,0.0,True,,
2021-09-29-TeamB-08e35b7b-d2ad-411f-a0de-4e663f14c3c3.parquet,TeamB-08e35b7b-d2ad-411f-a0de-4e663f14c3c3,TeamB,2021-09-29 00:00:00,26.5200228,124.79666666666671,6.975322574200076,748730,74874,0,0.0,True,,
2021-09-29-TeamB-29c5271b-5c46-455e-91ea-da2abfa8ff3c.parquet,TeamB-29c5271b-5c46-455e-91ea-da2abfa8ff3c,TeamB,2021-09-29 00:00:00,27.8900208,128.0066666666667,6.916576695600303,767770,76778,0,0.0,True,,
2021-09-29-TeamB-2f23d7d5-2326-49ce-b9c8-5a6303f785c5.parquet,TeamB-2f23d7d5-2326-49ce-b9c8-5a6303f785c5,TeamB,2021-09-29 00:00:00,26.6100228,133.10666666666668,6.969455067100253,798460,79847,0,0.0,True,,
2021-09-29-TeamB-4405bb1f-56f7-48ba-bfa8-e795e4006952.parquet,TeamB-4405bb1f-56f7-48ba-bfa8-e795e4006952,TeamB,2021-09-29 00:00:00,24.6900204,124.55666666666669,6.92340114249985,747220,74723,0,0.0,True,,
2021-09-29-TeamB-48bfd4ea-e9e2-45b5-befc-3383cae87fdf.parquet,TeamB-48bfd4ea-e9e2-45b5-befc-3383cae87fdf,TeamB,2021-09-29 00:00:00,18.6200136,137.00500000000005,3.3618860544999185,821910,82192,0,0.0,True,,
2021-09-29-TeamB-4b1e23d2-4204-4e16-9991-e0490649079b.parquet,TeamB-4b1e23d2-4204-4e16-9991-e0490649079b,TeamB,2021-09-29 00:00:00,26.2100196,131.40500000000006,7.404954580199926,788320,78833,0,0.0,True,,
2021-09-29-TeamB-4d54416a-8e5f-42c0-8dd0-12700569908f.parquet,TeamB-4d54416a-8e5f-42c0-8dd0-12700569908f,TeamB,2021-09-29 00:00:00,26.760020400000002,125.6566666666667,7.696017043999918,753880,75389,0,0.0,True,,
2021-09-29-TeamB-5a921187-19c7-8df4-8f4f-f31e78de5857.parquet,TeamB-5a921187-19c7-8df4-8f4f-f31e78de5857,TeamB,2021-09-29 00:00:00,25.360020000000002,137.43666666666675,7.52271164190019,824625,82463,1,1.212679779777352e-05,True,,
2021-09-29-TeamB-5eba590a-cecb-400f-a92e-08224c7e2e59.parquet,TeamB-5eba590a-cecb-400f-a92e-08224c7e2e59,TeamB,2021-09-29 00:00:00,23.850018,128.6966666666666,5.578032283499887,772160,77217,1,1.2950683796104434e-05,True,,
2021-09-29-TeamB-6d568bee-175f-4dcb-9d3a-0f3e8f35de07.parquet,TeamB-6d568bee-175f-4dcb-9d3a-0f3e8f35de07,TeamB,2021-09-29 00:00:00,25.2200196,133.99000000000004,6.884350831900133,803830,80384,0,0.0,True,,
2021-09-29-TeamB-789547e7-1325-4153-a98d-5ecd497f3668.parquet,TeamB-789547e7-1325-4153-a98d-5ecd497f3668,TeamB,2021-09-29 00:00:00,19.9500156,121.03666666666673,4.034300214099984,726190,72620,1,1.3770500833115301e-05,True,,
2021-09-29-TeamB-9c845827-99f9-47f4-977d-2200a107a013.parquet,TeamB-9c845827-99f9-47f4-977d-2200a107a013,TeamB,2021-09-29 00:00:00,27.4500216,113.52166666666672,6.0684929485999985,681080,68109,0,0.0,True,,
2021-09-29-TeamB-a7126274-c2d2-4f4e-9b67-35d376aefacc.parquet,TeamB-a7126274-c2d2-4f4e-9b67-35d376aefacc,TeamB,2021-09-29 00:00:00,26.150022,88.89000000000003,4.067527460399882,533205,53321,0,0.0,True,,
2021-09-29-TeamB-ab5ec6e5-b0f3-401e-8dc5-aa6c5070e255.parquet,TeamB-ab5ec6e5-b0f3-401e-8dc5-aa6c5070e255,TeamB,2021-09-29 00:00:00,28.3400244,134.0350000000001,7.524984391899905,804045,80405,0,0.0,True,,
2021-09-29-TeamB-ab691983-3544-4a0e-8f70-db44d85cb907.parquet,TeamB-ab691983-3544-4a0e-8f70-db44d85cb907,TeamB,2021-09-29 00:00:00,22.5800172,125.36999999999995,7.063831811600038,752180,75219,0,0.0,True,,
2021-09-29-TeamB-afc13e53-2c77-48cb-8a78-743663bbb84f.parquet,TeamB-afc13e53-2c77-48cb-8a78-743663bbb84f,TeamB,2021-09-29 00:00:00,27.520023600000002,109.03666666666668,6.655220927699871,654220,65423,1,1.5285378007398122e-05,True,,
2021-09-29-TeamB-afc13e53-2c77-48cb-8a78-743663bbb84f.parquet,TeamB-afc13e53-2c77-48cb-8a78-743663bbb84f,TeamB,2021-09-29 00:00:00,26.62002,126.55666666666669,7.084335168400006,759190,75920,0,0.0,True,,
2021-09-29-TeamB-d9501f3a-aaa1-4311-8b8b-3a8d3f21480f.parquet,TeamB-d9501f3a-aaa1-4311-8b8b-3a8d3f21480f,TeamB,2021-09-29 00:00:00,28.260021599999998,105.8566666666667,7.1710182903002275,635020,63503,0,0.0,True,,
2021-09-29-TeamB-e4321aef-964a-4fdd-88bd-0bd548b0e93b.parquet,TeamB-e4321aef-964a-4fdd-88bd-0bd548b0e93b,TeamB,2021-09-29 00:00:00,26.0000208,131.1716666666667,6.828654673699857,786950,78696,0,0.0,True,,
2021-09-29-TeamB-f67673c0-d467-4832-9519-55133a2647e5.parquet,TeamB-f67673c0-d467-4832-9519-55133a2647e5,TeamB,2021-09-29 00:00:00,17.840016000000002,130.0066666666667,4.520738947500107,779990,78000,0,0.0,True,,
2021-09-30-TeamB-7ab47f4e-6eca-4793-880f-6a0dad3459c3.parquet,TeamB-7ab47f4e-6eca-4793-880f-6a0dad3459c3,TeamB,2021-09-30 00:00:00,41.4,206.9216666666667,27.628164360199918,1241430,124144,0,0.0,False,max_speed_over_32_kmh;duration_over_200_min;distance_over_16_km,
2021-10-01-TeamB-08e35b7b-d2ad-411f-a0de-4e663f14c3c3.parquet,TeamB-08e35b7b-d2ad-411f-a0de-4e663f14c3c3,TeamB,2021-10-01 00:00:00,18.3400164,93.01999999999995,2.081683097200081,558080,55809,0,0.0,True,,
2021-10-01-TeamB-29c5271b-5c46-455e-91ea-da2abfa8ff3c.parquet,TeamB-29c5271b-5c46-455e-91ea-da2abfa8ff3c,TeamB,2021-10-01 00:00:00,22.680018,94.98833333333326,3.99984712700008,569825,56983,0,0.0,True,,
2021-10-01-TeamB-2f23d7d5-2326-49ce-b9c8-5a6303f785c5.parquet,TeamB-2f23d7d5-2326-49ce-b9c8-5a6303f785c5,TeamB,2021-10-01 00:00:00,20.360016,100.95500000000006,3.0475916316999356,605640,60565,0,0.0,True,,
2021-10-01-TeamB-4405bb1f-56f7-48ba-bfa8-e795e4006952.parquet,TeamB-4405bb1f-56f7-48ba-bfa8-e795e4006952,TeamB,2021-10-01 00:00:00,19.8700164,103.45333333333329,3.8274644856999687,620720,62073,1,1.6110323495295787e-05,True,,
2021-10-01-TeamB-4b1e23d2-4204-4e16-9991-e0490649079b.parquet,TeamB-4b1e23d2-4204-4e16-9991-e0490649079b,TeamB,2021-10-01 00:00:00,22.0100184,100.80666666666669,5.071815197300007,604730,60474,0,0.0,True,,
2021-10-01-TeamB-4d54416a-8e5f-42c0-8dd0-12700569908f.parquet,TeamB-4d54416a-8e5f-42c0-8dd0-12700569908f,TeamB,2021-10-01 00:00:00,25.27002,93.19000000000003,4.085895518399925,559085,55909,0,0.0,True,,
2021-10-01-TeamB-5a921187-19c7-8df4-8f4f-f31e78de5857.parquet,TeamB-5a921187-19c7-8df4-8f4f-f31e78de5857,TeamB,2021-10-01 00:00:00,21.1600152,100.97166666666672,3.37856384480002,605690,60570,0,0.0,True,,
2021-10-01-TeamB-5eba590a-cecb-400f-a92e-08224c7e2e59.parquet,TeamB-5eba590a-cecb-400f-a92e-08224c7e2e59,TeamB,2021-10-01 00:00:00,23.5400184,94.2533333333334,4.308010144200034,565375,56538,0,0.0,True,,
2021-10-01-TeamB-6d568bee-175f-4dcb-9d3a-0f3e8f35de07.parquet,TeamB-6d568bee-175f-4dcb-9d3a-0f3e8f35de07,TeamB,2021-10-01 00:00:00,21.1000176,106.38833333333338,3.9470195871000118,638240,63825,0,0.0,True,,
2021-10-01-TeamB-789547e7-1325-4153-a98d-5ecd497f3668.parquet,TeamB-789547e7-1325-4153-a98d-5ecd497f3668,TeamB,2021-10-01 00:00:00,19.1600136,109.825,3.0021446521000663,658940,65895,1,1.5175888548274502e-05,True,,
2021-10-01-TeamB-7ab47f4e-6eca-4793-880f-6a0dad3459c3.parquet,TeamB-7ab47f4e-6eca-4793-880f-6a0dad3459c3,TeamB,2021-10-01 00:00:00,20.1700152,134.15500000000006,4.291143757999906,804840,80485,0,0.0,True,,
2021-10-01-TeamB-9c845827-99f9-47f4-977d-2200a107a013.parquet,TeamB-9c845827-99f9-47f4-977d-2200a107a013,TeamB,2021-10-01 00:00:00,22.6400184,69.56833333333331,1.910037656600057,417365,41737,0,0.0,True,,
2021-10-01-TeamB-a7126274-c2d2-4f4e-9b67-35d376aefacc.parquet,TeamB-a7126274-c2d2-4f4e-9b67-35d376aefacc,TeamB,2021-10-01 00:00:00,24.710018400000003,87.94166666666666,2.2320629251999917,527535,52754,0,0.0,True,,
2021-10-01-TeamB-ab5ec6e5-b0f3-401e-8dc5-aa6c5070e255.parquet,TeamB-ab5ec6e5-b0f3-401e-8dc5-aa6c5070e255,TeamB,2021-10-01 00:00:00,25.18002,89.50499999999992,3.632131548300135,536880,53689,1,1.8626136194307853e-05,True,,
2021-10-01-TeamB-ab691983-3544-4a0e-8f70-db44d85cb907.parquet,TeamB-ab691983-3544-4a0e-8f70-db44d85cb907,TeamB,2021-10-01 00:00:00,21.200018399999998,91.94333333333331,3.7004802094000135,551610,55162,0,0.0,True,,
2021-10-01-TeamB-afc13e53-2c77-48cb-8a78-743663bbb84f.parquet,TeamB-afc13e53-2c77-48cb-8a78-743663bbb84f,TeamB,2021-10-01 00:00:00,22.9900176,69.01833333333343,3.3126962778001285,414120,41413,1,2.4147590070510965e-05,True,,
2021-10-01-TeamB-afc13e53-2c77-48cb-8a78-743663bbb84f.parquet,TeamB-afc13e53-2c77-48cb-8a78-743663bbb84f,TeamB,2021-10-01 00:00:00,25.4800188,93.16333333333338,3.8818656488999093,558860,55887,0,0.0,True,,
2021-10-01-TeamB-d9501f3a-aaa1-4311-8b8b-3a8d3f21480f.parquet,TeamB-d9501f3a-aaa1-4311-8b8b-3a8d3f21480f,TeamB,2021-10-01 00:00:00,25.3800216,90.02333333333335,3.8480225535000363,540080,54009,0,0.0,True,,
2021-10-01-TeamB-e4321aef-964a-4fdd-88bd-0bd548b0e93b.parquet,TeamB-e4321aef-964a-4fdd-88bd-0bd548b0e93b,TeamB,2021-10-01 00:00:00,19.1300148,93.46333333333327,2.842055641799919,560695,56070,0,0.0,True,,
2021-10-02-TeamB-08e35b7b-d2ad-411f-a0de-4e663f14c3c3.parquet,TeamB-08e35b7b-d2ad-411f-a0de-4e663f14c3c3,TeamB,2021-10-02 00:00:00,24.2700192,142.4216666666667,6.275025893899852,854470,85448,0,0.0,True,,
2021-10-02-TeamB-29c5271b-5c46-455e-91ea-da2abfa8ff3c.parquet,TeamB-29c5271b-5c46-455e-91ea-da2abfa8ff3c,TeamB,2021-10-02 00:00:00,30.530023200000002,130.85500000000005,10.385904195600034,784850,78486,0,0.0,True,,
2021-10-02-TeamB-2f23d7d5-2326-49ce-b9c8-5a6303f785c5.parquet,TeamB-2f23d7d5-2326-49ce-b9c8-5a6303f785c5,TeamB,2021-10-02 00:00:00,25.9100208,124.95499999999993,10.227682964400021,749710,74972,1,1.3338490883141481e-05,True,,
2021-10-02-TeamB-4405bb1f-56f7-48ba-bfa8-e795e4006952.parquet,TeamB-4405bb1f-56f7-48ba-bfa8-e795e4006952,TeamB,2021-10-02 00:00:00,30.040023599999998,123.89833333333348,9.95590469030006,743350,74336,1,1.3452613170108293e-05,True,,
2021-10-02-TeamB-5a921187-19c7-8df4-8f4f-f31e78de5857.parquet,TeamB-5a921187-19c7-8df4-8f4f-f31e78de5857,TeamB,2021-10-02 00:00:00,27.9000216,136.78333333333345,9.345574181100012,820695,82070,1,1.2184868829887045e-05,True,,
2021-10-02-TeamB-5eba590a-cecb-400f-a92e-08224c7e2e59.parquet,TeamB-5eba590a-cecb-400f-a92e-08224c7e2e59,TeamB,2021-10-02 00:00:00,24.2400204,180.225,4.628644019399883,1081349,108136,1,9.247699634715864e-06,True,,
2021-10-02-TeamB-6d568bee-175f-4dcb-9d3a-0f3e8f35de07.parquet,TeamB-6d568bee-175f-4dcb-9d3a-0f3e8f35de07,TeamB,2021-10-02 00:00:00,23.1400188,143.8383333333334,5.860793891800027,862920,86293,0,0.0,True,,
2021-10-02-TeamB-70b74270-f655-43cc-a188-1ebc7a828b95.parquet,TeamB-70b74270-f655-43cc-a188-1ebc7a828b95,TeamB,2021-10-02 00:00:00,27.3700224,99.16500000000002,2.7971058685998664,594830,59484,0,0.0,True,,
2021-10-02-TeamB-789547e7-1325-4153-a98d-5ecd497f3668.parquet,TeamB-789547e7-1325-4153-a98d-5ecd497f3668,TeamB,2021-10-02 00:00:00,25.9500204,135.03833333333327,5.6098178688000955,810229,81024,1,1.2342174444293596e-05,True,,
2021-10-02-TeamB-9c845827-99f9-47f4-977d-2200a107a013.parquet,TeamB-9c845827-99f9-47f4-977d-2200a107a013,TeamB,2021-10-02 00:00:00,23.950018800000002,82.60166666666665,3.6946615979999926,495554,49556,0,0.0,True,,
2021-10-02-TeamB-a7126274-c2d2-4f4e-9b67-35d376aefacc.parquet,TeamB-a7126274-c2d2-4f4e-9b67-35d376aefacc,TeamB,2021-10-02 00:00:00,28.020024,125.90500000000004,10.650793014499833,755160,75517,0,0.0,True,,
2021-10-02-TeamB-ab5ec6e5-b0f3-401e-8dc5-aa6c5070e255.parquet,TeamB-ab5ec6e5-b0f3-401e-8dc5-aa6c5070e255,TeamB,2021-10-02 00:00:00,27.4800204,117.03333333333346,10.064414764000059,702060,70207,1,1.4243796826482068e-05,True,,
2021-10-02-TeamB-ab691983-3544-4a0e-8f70-db44d85cb907.parquet,TeamB-ab691983-3544-4a0e-8f70-db44d85cb907,TeamB,2021-10-02 00:00:00,25.5300192,89.97166666666672,7.3999406857999315,539770,53978,0,0.0,True,,
2021-10-02-TeamB-afc13e53-2c77-48cb-8a78-743663bbb84f.parquet,TeamB-afc13e53-2c77-48cb-8a78-743663bbb84f,TeamB,2021-10-02 00:00:00,24.6800196,160.47166666666672,7.781428231299968,962740,96275,0,0.0,True,,
2021-10-02-TeamB-afc13e53-2c77-48cb-8a78-743663bbb84f.parquet,TeamB-afc13e53-2c77-48cb-8a78-743663bbb84f,TeamB,2021-10-02 00:00:00,26.26002,147.70166666666677,5.297715106900035,886210,88622,1,1.1284007176628565e-05,True,,
2021-10-02-TeamB-e4321aef-964a-4fdd-88bd-0bd548b0e93b.parquet,TeamB-e4321aef-964a-4fdd-88bd-0bd548b0e93b,TeamB,2021-10-02 00:00:00,26.1000216,128.84833333333336,10.64799912499987,772975,77298,0,0.0,True,,
2021-10-04-TeamB-afc13e53-2c77-48cb-8a78-743663bbb84f.parquet,TeamB-afc13e53-2c77-48cb-8a78-743663bbb84f,TeamB,2021-10-04 00:00:00,20.6600148,88.38500000000009,3.9503437518999807,530270,53028,1,1.8858317460916138e-05,True,,
2021-10-05-TeamB-08e35b7b-d2ad-411f-a0de-4e663f14c3c3.parquet,TeamB-08e35b7b-d2ad-411f-a0de-4e663f14c3c3,TeamB,2021-10-05 00:00:00,21.6100188,109.22666666666665,4.503919739700049,655325,65533,0,0.0,True,,
2021-10-05-TeamB-29c5271b-5c46-455e-91ea-da2abfa8ff3c.parquet,TeamB-29c5271b-5c46-455e-91ea-da2abfa8ff3c,TeamB,2021-10-05 00:00:00,28.960023600000003,112.86666666666666,7.318481457500151,676969,67698,0,0.0,True,,
2021-10-05-TeamB-2f23d7d5-2326-49ce-b9c8-5a6303f785c5.parquet,TeamB-2f23d7d5-2326-49ce-b9c8-5a6303f785c5,TeamB,2021-10-05 00:00:00,28.0900224,113.86999999999995,6.878650003300065,683120,68313,0,0.0,True,,
2021-10-05-TeamB-4405bb1f-56f7-48ba-bfa8-e795e4006952.parquet,TeamB-4405bb1f-56f7-48ba-bfa8-e795e4006952,TeamB,2021-10-05 00:00:00,27.540021600000003,108.97333333333336,7.062336520599969,653720,65373,0,0.0,True,,
2021-10-05-TeamB-4b1e23d2-4204-4e16-9991-e0490649079b.parquet,TeamB-4b1e23d2-4204-4e16-9991-e0490649079b,TeamB,2021-10-05 00:00:00,26.4100212,126.48333333333345,7.158818281899905,758880,75889,1,1.3177313936327219e-05,True,,
2021-10-05-TeamB-4d54416a-8e5f-42c0-8dd0-12700569908f.parquet,TeamB-4d54416a-8e5f-42c0-8dd0-12700569908f,TeamB,2021-10-05 00:00:00,28.9300248,114.27000000000007,7.3336420310000525,685545,68555,0,0.0,True,,
2021-10-05-TeamB-5eba590a-cecb-400f-a92e-08224c7e2e59.parquet,TeamB-5eba590a-cecb-400f-a92e-08224c7e2e59,TeamB,2021-10-05 00:00:00,26.35002,111.51500000000014,7.180836335300188,669080,66909,1,1.4945895856997668e-05,True,,
2021-10-05-TeamB-6d568bee-175f-4dcb-9d3a-0f3e8f35de07.parquet,TeamB-6d568bee-175f-4dcb-9d3a-0f3e8f35de07,TeamB,2021-10-05 00:00:00,27.4000212,115.90833333333333,6.95988088980005,695375,69538,0,0.0,True,,
2021-10-05-TeamB-70b74270-f655-43cc-a188-1ebc7a828b95.parquet,TeamB-70b74270-f655-43cc-a188-1ebc7a828b95,TeamB,2021-10-05 00:00:00,27.5600232,118.99000000000002,8.113423484800004,713860,71387,0,0.0,True,,
2021-10-05-TeamB-789547e7-1325-4153-a98d-5ecd497f3668.parquet,TeamB-789547e7-1325-4153-a98d-5ecd497f3668,TeamB,2021-10-05 00:00:00,17.3800152,109.4600000000001,3.9069409450000414,656760,65677,1,1.5226262257141117e-05,True,,
2021-10-05-TeamB-7ab47f4e-6eca-4793-880f-6a0dad3459c3.parquet,TeamB-7ab47f4e-6eca-4793-880f-6a0dad3459c3,TeamB,2021-10-05 00:00:00,27.920023200000003,110.37333333333336,5.336599022099844,662150,66216,0,0.0,True,,
2021-10-05-TeamB-7d41e602-eece-328b-ff7b-118e820865d6.parquet,TeamB-7d41e602-eece-328b-ff7b-118e820865d6,TeamB,2021-10-05 00:00:00,25.8300216,67.80333333333341,3.8694289568000815,406735,40674,0,0.0,True,,
2021-10-05-TeamB-9c845827-99f9-47f4-977d-2200a107a013.parquet,TeamB-9c845827-99f9-47f4-977d-2200a107a013,TeamB,2021-10-05 00:00:00,27.720021600000003,97.34166666666667,5.01966127129995,583995,58400,0,0.0,True,,
2021-10-05-TeamB-a7126274-c2d2-4f4e-9b67-35d376aefacc.parquet,TeamB-a7126274-c2d2-4f4e-9b67-35d376aefacc,TeamB,2021-10-05 00:00:00,25.2200196,100.1,5.012824047699998,600444,60045,0,0.0,True,,
2021-10-05-TeamB-ab5ec6e5-b0f3-401e-8dc5-aa6c5070e255.parquet,TeamB-ab5ec6e5-b0f3-401e-8dc5-aa6c5070e255,TeamB,2021-10-05 00:00:00,27.6300216,121.46666666666678,7.591046390499961,728630,72864,1,1.3724386863016895e-05,True,,
2021-10-05-TeamB-ab691983-3544-4a0e-8f70-db44d85cb907.parquet,TeamB-ab691983-3544-4a0e-8f70-db44d85cb907,TeamB,2021-10-05 00:00:00,27.2800224,113.85500000000005,6.586722262000158,683080,68309,0,0.0,True,,
2021-10-05-TeamB-afc13e53-2c77-48cb-8a78-743663bbb84f.parquet,TeamB-afc13e53-2c77-48cb-8a78-743663bbb84f,TeamB,2021-10-05 00:00:00,24.7400208,113.32166666666672,6.5285622116999855,679930,67994,1,1.4707396349624226e-05,True,,
2021-10-05-TeamB-afc13e53-2c77-48cb-8a78-743663bbb84f.parquet,TeamB-afc13e53-2c77-48cb-8a78-743663bbb84f,TeamB,2021-10-05 00:00:00,28.710021599999997,124.00666666666669,7.856415789300215,743920,74393,0,0.0,True,,
2021-10-05-TeamB-d9501f3a-aaa1-4311-8b8b-3a8d3f21480f.parquet,TeamB-d9501f3a-aaa1-4311-8b8b-3a8d3f21480f,TeamB,2021-10-05 00:00:00,24.8000184,61.751666666666644,2.0158807926000177,370455,37046,0,0.0,True,,
2021-10-05-TeamB-e4321aef-964a-4fdd-88bd-0bd548b0e93b.parquet,TeamB-e4321aef-964a-4fdd-88bd-0bd548b0e93b,TeamB,2021-10-05 00:00:00,27.6400224,115.40333333333328,6.961604779599997,692340,69235,0,0.0,True,,
2021-10-05-TeamB-f67673c0-d467-4832-9519-55133a2647e5.parquet,TeamB-f67673c0-d467-4832-9519-55133a2647e5,TeamB,2021-10-05 00:00:00,19.9900152,116.52166666666672,4.815062225200016,699080,69909,0,0.0,True,,
2021-10-06-TeamB-08e35b7b-d2ad-411f-a0de-4e663f14c3c3.parquet,TeamB-08e35b7b-d2ad-411f-a0de-4e663f14c3c3,TeamB,2021-10-06 00:00:00,22.040017199999998,108.99000000000002,4.549264784400036,653880,65389,0,0.0,True,,
2021-10-06-TeamB-29c5271b-5c46-455e-91ea-da2abfa8ff3c.parquet,TeamB-29c5271b-5c46-455e-91ea-da2abfa8ff3c,TeamB,2021-10-06 00:00:00,25.8300216,114.69000000000003,4.803161678299942,687960,68797,0,0.0,True,,
2021-10-06-TeamB-2f23d7d5-2326-49ce-b9c8-5a6303f785c5.parquet,TeamB-2f23d7d5-2326-49ce-b9c8-5a6303f785c5,TeamB,2021-10-06 00:00:00,24.8500188,113.38666666666661,6.518801920600013,680220,68023,0,0.0,True,,
2021-10-06-TeamB-4405bb1f-56f7-48ba-bfa8-e795e4006952.parquet,TeamB-4405bb1f-56f7-48ba-bfa8-e795e4006952,TeamB,2021-10-06 00:00:00,22.7900196,116.41833333333344,6.529613327500128,698510,69852,1,1.4316187312994803e-05,True,,
2021-10-06-TeamB-4b1e23d2-4204-4e16-9991-e0490649079b.parquet,TeamB-4b1e23d2-4204-4e16-9991-e0490649079b,TeamB,2021-10-06 00:00:00,23.6300184,135.70666666666668,6.54752694970012,814040,81405,0,0.0,True,,
2021-10-06-TeamB-4d54416a-8e5f-42c0-8dd0-12700569908f.parquet,TeamB-4d54416a-8e5f-42c0-8dd0-12700569908f,TeamB,2021-10-06 00:00:00,23.8600188,73.05666666666669,4.545296994899987,438280,43829,0,0.0,True,,
2021-10-06-TeamB-5eba590a-cecb-400f-a92e-08224c7e2e59.parquet,TeamB-5eba590a-cecb-400f-a92e-08224c7e2e59,TeamB,2021-10-06 00:00:00,22.1100192,115.74833333333348,5.5420230948999105,694480,69449,1,1.4399262757746803e-05,True,,
2021-10-06-TeamB-6d568bee-175f-4dcb-9d3a-0f3e8f35de07.parquet,TeamB-6d568bee-175f-4dcb-9d3a-0f3e8f35de07,TeamB,2021-10-06 00:00:00,24.6100212,120.77833333333328,6.610059488400164,724550,72456,0,0.0,True,,
2021-10-06-TeamB-70b74270-f655-43cc-a188-1ebc7a828b95.parquet,TeamB-70b74270-f655-43cc-a188-1ebc7a828b95,TeamB,2021-10-06 00:00:00,25.0200216,122.52833333333328,7.361620939500178,735120,73511,0,0.0,True,,
2021-10-06-TeamB-789547e7-1325-4153-a98d-5ecd497f3668.parquet,TeamB-789547e7-1325-4153-a98d-5ecd497f3668,TeamB,2021-10-06 00:00:00,18.2600136,111.46166666666662,4.253012329700134,668770,66878,1,1.4952823840782332e-05,True,,
2021-10-06-TeamB-7ab47f4e-6eca-4793-880f-6a0dad3459c3.parquet,TeamB-7ab47f4e-6eca-4793-880f-6a0dad3459c3,TeamB,2021-10-06 00:00:00,17.6300136,114.87166666666671,3.0039504815999742,689130,68914,0,0.0,True,,
2021-10-06-TeamB-7d41e602-eece-328b-ff7b-118e820865d6.parquet,TeamB-7d41e602-eece-328b-ff7b-118e820865d6,TeamB,2021-10-06 00:00:00,26.570019600000002,124.90500000000004,5.94112174200012,749320,74933,0,0.0,True,,
2021-10-06-TeamB-9c845827-99f9-47f4-977d-2200a107a013.parquet,TeamB-9c845827-99f9-47f4-977d-2200a107a013,TeamB,2021-10-06 00:00:00,23.4100188,104.125,4.782631643599963,624660,62466,0,0.0,True,,
2021-10-06-TeamB-a7126274-c2d2-4f4e-9b67-35d376aefacc.parquet,TeamB-a7126274-c2d2-4f4e-9b67-35d376aefacc,TeamB,2021-10-06 00:00:00,23.47002,91.34499999999996,4.377504924900044,547794,54780,0,0.0,True,,
2021-10-06-TeamB-ab5ec6e5-b0f3-401e-8dc5-aa6c5070e255.parquet,TeamB-ab5ec6e5-b0f3-401e-8dc5-aa6c5070e255,TeamB,2021-10-06 00:00:00,28.960023600000003,119.52333333333335,6.8282699479999645,716880,71689,0,0.0,True,,
2021-10-06-TeamB-ab691983-3544-4a0e-8f70-db44d85cb907.parquet,TeamB-ab691983-3544-4a0e-8f70-db44d85cb907,TeamB,2021-10-06 00:00:00,22.0600188,108.68666666666662,6.136617166300098,652070,65208,0,0.0,True,,
2021-10-06-TeamB-afc13e53-2c77-48cb-8a78-743663bbb84f.parquet,TeamB-afc13e53-2c77-48cb-8a78-743663bbb84f,TeamB,2021-10-06 00:00:00,25.2300204,109.33833333333332,7.888045795299982,655930,65594,0,0.0,True,,
2021-10-06-TeamB-afc13e53-2c77-48cb-8a78-743663bbb84f.parquet,TeamB-afc13e53-2c77-48cb-8a78-743663bbb84f,TeamB,2021-10-06 00:00:00,27.840024,74.23333333333345,4.071566615300061,445270,44528,7,0.00015720798616569723,True,,
2021-10-06-TeamB-d9501f3a-aaa1-4311-8b8b-3a8d3f21480f.parquet,TeamB-d9501f3a-aaa1-4311-8b8b-3a8d3f21480f,TeamB,2021-10-06 00:00:00,21.780018,99.83166666666669,4.862271703499909,598905,59891,0,0.0,True,,
2021-10-06-TeamB-e4321aef-964a-4fdd-88bd-0bd548b0e93b.parquet,TeamB-e4321aef-964a-4fdd-88bd-0bd548b0e93b,TeamB,2021-10-06 00:00:00,24.55002,119.04000000000002,6.682350398799821,714150,71416,0,0.0,True,,
2021-10-06-TeamB-f67673c0-d467-4832-9519-55133a2647e5.parquet,TeamB-f67673c0-d467-4832-9519-55133a2647e5,TeamB,2021-10-06 00:00:00,20.6900172,113.52333333333335,4.731324667699908,681090,68110,0,0.0,True,,
2021-10-08-TeamB-08e35b7b-d2ad-411f-a0de-4e663f14c3c3.parquet,TeamB-08e35b7b-d2ad-411f-a0de-4e663f14c3c3,TeamB,2021-10-08 00:00:00,17.450013600000002,87.66666666666667,2.0900294694000117,525949,52596,0,0.0,True,,
2021-10-08-TeamB-29c5271b-5c46-455e-91ea-da2abfa8ff3c.parquet,TeamB-29c5271b-5c46-455e-91ea-da2abfa8ff3c,TeamB,2021-10-08 00:00:00,23.120017200000003,108.72333333333336,2.5781593025000378,652210,65222,0,0.0,True,,
2021-10-08-TeamB-2f23d7d5-2326-49ce-b9c8-5a6303f785c5.parquet,TeamB-2f23d7d5-2326-49ce-b9c8-5a6303f785c5,TeamB,2021-10-08 00:00:00,20.490015600000003,91.03666666666662,2.5451237291999123,546120,54613,0,0.0,True,,
2021-10-08-TeamB-4405bb1f-56f7-48ba-bfa8-e795e4006952.parquet,TeamB-4405bb1f-56f7-48ba-bfa8-e795e4006952,TeamB,2021-10-08 00:00:00,22.840020000000003,86.56833333333343,3.0187141054998614,519370,51938,1,1.9254096308989737e-05,True,,
2021-10-08-TeamB-4b1e23d2-4204-4e16-9991-e0490649079b.parquet,TeamB-4b1e23d2-4204-4e16-9991-e0490649079b,TeamB,2021-10-08 00:00:00,22.2600168,115.83833333333338,4.758286903299901,694920,69493,0,0.0,True,,
2021-10-08-TeamB-4d54416a-8e5f-42c0-8dd0-12700569908f.parquet,TeamB-4d54416a-8e5f-42c0-8dd0-12700569908f,TeamB,2021-10-08 00:00:00,26.130020400000003,102.83333333333333,4.653118482700009,616939,61695,0,0.0,True,,
2021-10-08-TeamB-5eba590a-cecb-400f-a92e-08224c7e2e59.parquet,TeamB-5eba590a-cecb-400f-a92e-08224c7e2e59,TeamB,2021-10-08 00:00:00,40.6700316,102.90500000000004,3.404777195899879,617340,61735,0,0.0,False,max_speed_over_32_kmh,
2021-10-08-TeamB-6d568bee-175f-4dcb-9d3a-0f3e8f35de07.parquet,TeamB-6d568bee-175f-4dcb-9d3a-0f3e8f35de07,TeamB,2021-10-08 00:00:00,23.400018,106.22666666666665,4.086081351899933,637280,63729,0,0.0,True,,
2021-10-08-TeamB-70b74270-f655-43cc-a188-1ebc7a828b95.parquet,TeamB-70b74270-f655-43cc-a188-1ebc7a828b95,TeamB,2021-10-08 00:00:00,24.8300208,90.00500000000005,3.292631266499875,539970,53998,0,0.0,True,,
2021-10-08-TeamB-789547e7-1325-4153-a98d-5ecd497f3668.parquet,TeamB-789547e7-1325-4153-a98d-5ecd497f3668,TeamB,2021-10-08 00:00:00,18.1800144,86.06833333333331,2.7825522521001638,516390,51640,1,1.9365208466469142e-05,True,,
2021-10-08-TeamB-7ab47f4e-6eca-4793-880f-6a0dad3459c3.parquet,TeamB-7ab47f4e-6eca-4793-880f-6a0dad3459c3,TeamB,2021-10-08 00:00:00,23.65002,144.37166666666673,5.879723376800002,866160,86617,0,0.0,True,,
2021-10-08-TeamB-7d41e602-eece-328b-ff7b-118e820865d6.parquet,TeamB-7d41e602-eece-328b-ff7b-118e820865d6,TeamB,2021-10-08 00:00:00,26.3700216,85.44333333333331,3.235838451100061,512575,51258,0,0.0,True,,
2021-10-08-TeamB-9c845827-99f9-47f4-977d-2200a107a013.parquet,TeamB-9c845827-99f9-47f4-977d-2200a107a013,TeamB,2021-10-08 00:00:00,23.92002,82.6566666666667,1.7330277929000248,495885,49589,0,0.0,True,,
2021-10-08-TeamB-a7126274-c2d2-4f4e-9b67-35d376aefacc.parquet,TeamB-a7126274-c2d2-4f4e-9b67-35d376aefacc,TeamB,2021-10-08 00:00:00,21.050017200000003,56.88666666666674,1.2385993400999886,341195,34120,0,0.0,True,,
2021-10-08-TeamB-ab5ec6e5-b0f3-401e-8dc5-aa6c5070e255.parquet,TeamB-ab5ec6e5-b0f3-401e-8dc5-aa6c5070e255,TeamB,2021-10-08 00:00:00,26.760020400000002,95.79166666666667,3.3015123977000127,574670,57468,1,1.7401291175805243e-05,True,,
2021-10-08-TeamB-ab691983-3544-4a0e-8f70-db44d85cb907.parquet,TeamB-ab691983-3544-4a0e-8f70-db44d85cb907,TeamB,2021-10-08 00:00:00,24.6800196,88.9,2.504560080800103,533339,53335,0,0.0,True,,
2021-10-08-TeamB-afc13e53-2c77-48cb-8a78-743663bbb84f.parquet,TeamB-afc13e53-2c77-48cb-8a78-743663bbb84f,TeamB,2021-10-08 00:00:00,25.0400196,84.4850000000001,4.05568048660011,506910,50692,1,1.9727367777317474e-05,True,,
2021-10-08-TeamB-afc13e53-2c77-48cb-8a78-743663bbb84f.parquet,TeamB-afc13e53-2c77-48cb-8a78-743663bbb84f,TeamB,2021-10-08 00:00:00,24.19002,96.65,4.213533963300258,579785,57979,0,0.0,True,,
2021-10-08-TeamB-e4321aef-964a-4fdd-88bd-0bd548b0e93b.parquet,TeamB-e4321aef-964a-4fdd-88bd-0bd548b0e93b,TeamB,2021-10-08 00:00:00,26.62002,87.325,2.9807546378999286,523870,52387,0,0.0,True,,
2021-10-08-TeamB-f67673c0-d467-4832-9519-55133a2647e5.parquet,TeamB-f67673c0-d467-4832-9519-55133a2647e5,TeamB,2021-10-08 00:00:00,18.0300132,103.13833333333338,3.6368401641999797,618760,61877,0,0.0,True,,
2021-10-09-TeamB-08e35b7b-d2ad-411f-a0de-4e663f14c3c3.parquet,TeamB-08e35b7b-d2ad-411f-a0de-4e663f14c3c3,TeamB,2021-10-09 00:00:00,22.4800164,145.00500000000005,6.858302749600185,869970,86998,0,0.0,True,,
2021-10-09-TeamB-2f23d7d5-2326-49ce-b9c8-5a6303f785c5.parquet,TeamB-2f23d7d5-2326-49ce-b9c8-5a6303f785c5,TeamB,2021-10-09 00:00:00,29.200024799999998,141.6000000000001,11.102908384399733,849600,84961,1,1.1770244821092279e-05,True,,
2021-10-09-TeamB-4405bb1f-56f7-48ba-bfa8-e795e4006952.parquet,TeamB-4405bb1f-56f7-48ba-bfa8-e795e4006952,TeamB,2021-10-09 00:00:00,27.330022800000002,141.95,10.476352332200062,851680,85169,1,1.1741499154612061e-05,True,,
2021-10-09-TeamB-4d54416a-8e5f-42c0-8dd0-12700569908f.parquet,TeamB-4d54416a-8e5f-42c0-8dd0-12700569908f,TeamB,2021-10-09 00:00:00,23.8200192,13.888333333333382,1.7530814097000371,83250,8326,0,0.0,True,,
2021-10-09-TeamB-5eba590a-cecb-400f-a92e-08224c7e2e59.parquet,TeamB-5eba590a-cecb-400f-a92e-08224c7e2e59,TeamB,2021-10-09 00:00:00,24.700021200000002,155.46666666666667,4.961394566499985,932790,93280,1,1.0720526592266212e-05,True,,
2021-10-09-TeamB-70b74270-f655-43cc-a188-1ebc7a828b95.parquet,TeamB-70b74270-f655-43cc-a188-1ebc7a828b95,TeamB,2021-10-09 00:00:00,28.6000236,135.22333333333336,12.239395973399931,811164,81117,0,0.0,True,,
2021-10-09-TeamB-789547e7-1325-4153-a98d-5ecd497f3668.parquet,TeamB-789547e7-1325-4153-a98d-5ecd497f3668,TeamB,2021-10-09 00:00:00,20.5700148,124.51000000000009,5.969913714900051,747060,74707,1,1.338580569164458e-05,True,,
2021-10-09-TeamB-7d41e602-eece-328b-ff7b-118e820865d6.parquet,TeamB-7d41e602-eece-328b-ff7b-118e820865d6,TeamB,2021-10-09 00:00:00,30.010024800000004,145.34833333333347,3.882400071699991,872090,87210,1,1.1466706417915581e-05,True,,
2021-10-09-TeamB-9c845827-99f9-47f4-977d-2200a107a013.parquet,TeamB-9c845827-99f9-47f4-977d-2200a107a013,TeamB,2021-10-09 00:00:00,41.4,194.36999999999995,15.600134433000129,1166050,116606,0,0.0,False,max_speed_over_32_kmh,
2021-10-09-TeamB-a7126274-c2d2-4f4e-9b67-35d376aefacc.parquet,TeamB-a7126274-c2d2-4f4e-9b67-35d376aefacc,TeamB,2021-10-09 00:00:00,27.6700212,129.00333333333342,8.50779852210005,773950,77396,1,1.2920731313392337e-05,True,,
2021-10-09-TeamB-ab5ec6e5-b0f3-401e-8dc5-aa6c5070e255.parquet,TeamB-ab5ec6e5-b0f3-401e-8dc5-aa6c5070e255,TeamB,2021-10-09 00:00:00,26.8300224,60.88333333333333,5.0438915578,365150,36516,1,2.738600575106121e-05,True,,
2021-10-09-TeamB-ab691983-3544-4a0e-8f70-db44d85cb907.parquet,TeamB-ab691983-3544-4a0e-8f70-db44d85cb907,TeamB,2021-10-09 00:00:00,28.0900224,130.33166666666668,10.508310981699946,781903,78191,0,0.0,True,,
2021-10-09-TeamB-afc13e53-2c77-48cb-8a78-743663bbb84f.parquet,TeamB-afc13e53-2c77-48cb-8a78-743663bbb84f,TeamB,2021-10-09 00:00:00,27.150022800000002,130.34833333333336,10.653609697800418,782090,78210,1,1.2786252221611324e-05,True,,
2021-10-09-TeamB-afc13e53-2c77-48cb-8a78-743663bbb84f.parquet,TeamB-afc13e53-2c77-48cb-8a78-743663bbb84f,TeamB,2021-10-09 00:00:00,41.4,121.19333333333343,11.20182758939994,727170,72718,1,1.3751942461872739e-05,False,max_speed_over_32_kmh,
2021-10-09-TeamB-e4321aef-964a-4fdd-88bd-0bd548b0e93b.parquet,TeamB-e4321aef-964a-4fdd-88bd-0bd548b0e93b,TeamB,2021-10-09 00:00:00,27.4400208,136.625,11.403349732899951,819640,81965,0,0.0,True,,
2021-10-10-TeamB-5eba590a-cecb-400f-a92e-08224c7e2e59.parquet,TeamB-5eba590a-cecb-400f-a92e-08224c7e2e59,TeamB,2021-10-10 00:00:00,21.3900156,94.08166666666669,4.0916252529000285,564485,56449,1,1.7715419501133787e-05,True,,
2021-10-10-TeamB-7d41e602-eece-328b-ff7b-118e820865d6.parquet,TeamB-7d41e602-eece-328b-ff7b-118e820865d6,TeamB,2021-10-10 00:00:00,21.960018,97.95333333333329,4.911456742799988,587715,58772,1,1.7015194568749894e-05,True,,
2021-10-10-TeamB-afc13e53-2c77-48cb-8a78-743663bbb84f.parquet,TeamB-afc13e53-2c77-48cb-8a78-743663bbb84f,TeamB,2021-10-10 00:00:00,27.7000236,92.85833333333339,4.687934065500091,557155,55716,1,1.7948487839899487e-05,True,,
2021-10-10-TeamB-f67673c0-d467-4832-9519-55133a2647e5.parquet,TeamB-f67673c0-d467-4832-9519-55133a2647e5,TeamB,2021-10-10 00:00:00,24.8300208,89.87166666666666,4.249910376600238,539170,53918,0,0.0,True,,
2021-10-11-TeamB-afc13e53-2c77-48cb-8a78-743663bbb84f.parquet,TeamB-afc13e53-2c77-48cb-8a78-743663bbb84f,TeamB,2021-10-11 00:00:00,19.3400172,69.46666666666667,2.5718204144000354,416800,41681,1,2.399232245681382e-05,True,,
2021-10-12-TeamB-29c5271b-5c46-455e-91ea-da2abfa8ff3c.parquet,TeamB-29c5271b-5c46-455e-91ea-da2abfa8ff3c,TeamB,2021-10-12 00:00:00,28.760022000000003,121.40500000000004,6.778501030899986,728230,72824,0,0.0,True,,
2021-10-12-TeamB-2f23d7d5-2326-49ce-b9c8-5a6303f785c5.parquet,TeamB-2f23d7d5-2326-49ce-b9c8-5a6303f785c5,TeamB,2021-10-12 00:00:00,27.5100228,114.68333333333334,6.385199887799997,687999,68801,0,0.0,True,,
2021-10-12-TeamB-4b1e23d2-4204-4e16-9991-e0490649079b.parquet,TeamB-4b1e23d2-4204-4e16-9991-e0490649079b,TeamB,2021-10-12 00:00:00,26.3800224,134.05333333333328,6.744500715599966,804210,80422,0,0.0,True,,
2021-10-12-TeamB-5eba590a-cecb-400f-a92e-08224c7e2e59.parquet,TeamB-5eba590a-cecb-400f-a92e-08224c7e2e59,TeamB,2021-10-12 00:00:00,27.140022000000002,115.41500000000015,6.751060446599957,692485,69249,1,1.4440850277264325e-05,True,,
2021-10-12-TeamB-6d568bee-175f-4dcb-9d3a-0f3e8f35de07.parquet,TeamB-6d568bee-175f-4dcb-9d3a-0f3e8f35de07,TeamB,2021-10-12 00:00:00,28.110024000000003,120.43333333333334,7.132891598299996,722600,72261,1,1.3838915029061722e-05,True,,
2021-10-12-TeamB-70b74270-f655-43cc-a188-1ebc7a828b95.parquet,TeamB-70b74270-f655-43cc-a188-1ebc7a828b95,TeamB,2021-10-12 00:00:00,25.890019199999998,115.69000000000003,6.9647875603000005,694070,69408,0,0.0,True,,
2021-10-12-TeamB-789547e7-1325-4153-a98d-5ecd497f3668.parquet,TeamB-789547e7-1325-4153-a98d-5ecd497f3668,TeamB,2021-10-12 00:00:00,18.9800136,105.00000000000013,4.21419508279997,630000,63001,1,1.5873015873015872e-05,True,,
2021-10-12-TeamB-7ab47f4e-6eca-4793-880f-6a0dad3459c3.parquet,TeamB-7ab47f4e-6eca-4793-880f-6a0dad3459c3,TeamB,2021-10-12 00:00:00,26.5400208,135.87000000000006,7.524712176899972,815110,81512,1,1.22682828084553e-05,True,,
2021-10-12-TeamB-7d41e602-eece-328b-ff7b-118e820865d6.parquet,TeamB-7d41e602-eece-328b-ff7b-118e820865d6,TeamB,2021-10-12 00:00:00,26.1900216,112.16999999999994,6.429683804300014,672950,67296,0,0.0,True,,
2021-10-12-TeamB-9c845827-99f9-47f4-977d-2200a107a013.parquet,TeamB-9c845827-99f9-47f4-977d-2200a107a013,TeamB,2021-10-12 00:00:00,30.2900256,103.33000000000006,4.707690465500076,619910,61992,0,0.0,True,,
2021-10-12-TeamB-ab5ec6e5-b0f3-401e-8dc5-aa6c5070e255.parquet,TeamB-ab5ec6e5-b0f3-401e-8dc5-aa6c5070e255,TeamB,2021-10-12 00:00:00,26.0400204,135.11166666666662,6.481505503700018,810515,81052,1,1.2337910698202367e-05,True,,
2021-10-12-TeamB-ab691983-3544-4a0e-8f70-db44d85cb907.parquet,TeamB-ab691983-3544-4a0e-8f70-db44d85cb907,TeamB,2021-10-12 00:00:00,26.2800216,113.37166666666671,6.4227937962999935,680180,68019,0,0.0,True,,
2021-10-12-TeamB-afc13e53-2c77-48cb-8a78-743663bbb84f.parquet,TeamB-afc13e53-2c77-48cb-8a78-743663bbb84f,TeamB,2021-10-12 00:00:00,24.980018400000002,86.33499999999998,4.478163056700089,518010,51802,1,1.9304646628443465e-05,True,,
2021-10-12-TeamB-afc13e53-2c77-48cb-8a78-743663bbb84f.parquet,TeamB-afc13e53-2c77-48cb-8a78-743663bbb84f,TeamB,2021-10-12 00:00:00,37.0100304,128.36166666666662,7.428193496899994,770155,77016,1,1.298448354216711e-05,False,max_speed_over_32_kmh,
2021-10-12-TeamB-e4321aef-964a-4fdd-88bd-0bd548b0e93b.parquet,TeamB-e4321aef-964a-4fdd-88bd-0bd548b0e93b,TeamB,2021-10-12 00:00:00,27.520023600000002,119.70833333333333,6.558673344399815,718170,71818,0,0.0,True,,
2021-10-12-TeamB-f67673c0-d467-4832-9519-55133a2647e5.parquet,TeamB-f67673c0-d467-4832-9519-55133a2647e5,TeamB,2021-10-12 00:00:00,19.2900168,134.98833333333337,5.116447194900015,809880,80989,0,0.0,True,,
2021-10-13-TeamB-2f23d7d5-2326-49ce-b9c8-5a6303f785c5.parquet,TeamB-2f23d7d5-2326-49ce-b9c8-5a6303f785c5,TeamB,2021-10-13 00:00:00,22.7900196,128.90499999999992,6.250433385099985,773239,77325,24,0.000310382287517459,True,,
2021-10-13-TeamB-4405bb1f-56f7-48ba-bfa8-e795e4006952.parquet,TeamB-4405bb1f-56f7-48ba-bfa8-e795e4006952,TeamB,2021-10-13 00:00:00,22.0000176,78.39000000000014,3.5572042586000987,470345,47035,1,2.1261215291066037e-05,True,,
2021-10-13-TeamB-4d54416a-8e5f-42c0-8dd0-12700569908f.parquet,TeamB-4d54416a-8e5f-42c0-8dd0-12700569908f,TeamB,2021-10-13 00:00:00,25.8400224,126.97333333333336,7.341715086199936,761760,76177,0,0.0,True,,
2021-10-13-TeamB-5eba590a-cecb-400f-a92e-08224c7e2e59.parquet,TeamB-5eba590a-cecb-400f-a92e-08224c7e2e59,TeamB,2021-10-13 00:00:00,27.2700216,125.45499999999993,6.083857123699907,752720,75273,1,1.3285152513550856e-05,True,,
2021-10-13-TeamB-6d568bee-175f-4dcb-9d3a-0f3e8f35de07.parquet,TeamB-6d568bee-175f-4dcb-9d3a-0f3e8f35de07,TeamB,2021-10-13 00:00:00,25.160018400000002,129.4683333333333,6.7848015786,776810,77682,1,1.287316074715825e-05,True,,
2021-10-13-TeamB-70b74270-f655-43cc-a188-1ebc7a828b95.parquet,TeamB-70b74270-f655-43cc-a188-1ebc7a828b95,TeamB,2021-10-13 00:00:00,27.7100208,129.405,7.479665473100156,776360,77637,0,0.0,True,,
2021-10-13-TeamB-789547e7-1325-4153-a98d-5ecd497f3668.parquet,TeamB-789547e7-1325-4153-a98d-5ecd497f3668,TeamB,2021-10-13 00:00:00,17.010014400000003,121.9966666666666,3.932101797700061,731970,73198,1,1.3661762094074894e-05,True,,
2021-10-13-TeamB-7ab47f4e-6eca-4793-880f-6a0dad3459c3.parquet,TeamB-7ab47f4e-6eca-4793-880f-6a0dad3459c3,TeamB,2021-10-13 00:00:00,26.80002,162.86999999999995,14.02642657339977,977125,97713,0,0.0,True,,
2021-10-13-TeamB-7d41e602-eece-328b-ff7b-118e820865d6.parquet,TeamB-7d41e602-eece-328b-ff7b-118e820865d6,TeamB,2021-10-13 00:00:00,26.3400228,133.3533333333333,7.023904271500093,800120,80013,1,1.2498125281207818e-05,True,,
2021-10-13-TeamB-ab5ec6e5-b0f3-401e-8dc5-aa6c5070e255.parquet,TeamB-ab5ec6e5-b0f3-401e-8dc5-aa6c5070e255,TeamB,2021-10-13 00:00:00,24.860019599999998,130.33166666666668,6.898256946300078,781859,78187,1,1.2790013557414371e-05,True,,
2021-10-13-TeamB-ab691983-3544-4a0e-8f70-db44d85cb907.parquet,TeamB-ab691983-3544-4a0e-8f70-db44d85cb907,TeamB,2021-10-13 00:00:00,24.37002,102.74333333333331,5.596226741400047,616400,61641,0,0.0,True,,
2021-10-13-TeamB-afc13e53-2c77-48cb-8a78-743663bbb84f.parquet,TeamB-afc13e53-2c77-48cb-8a78-743663bbb84f,TeamB,2021-10-13 00:00:00,27.2500236,94.50333333333329,8.44033263839994,567020,56703,1,1.7636062220027513e-05,True,,
2021-10-13-TeamB-afc13e53-2c77-48cb-8a78-743663bbb84f.parquet,TeamB-afc13e53-2c77-48cb-8a78-743663bbb84f,TeamB,2021-10-13 00:00:00,23.4300204,134.07333333333335,7.504121050399852,804425,80443,1,1.2431316973720195e-05,True,,
2021-10-13-TeamB-d9501f3a-aaa1-4311-8b8b-3a8d3f21480f.parquet,TeamB-d9501f3a-aaa1-4311-8b8b-3a8d3f21480f,TeamB,2021-10-13 00:00:00,22.5700164,99.98833333333339,3.1235011388998326,599850,59986,0,0.0,True,,
2021-10-13-TeamB-e4321aef-964a-4fdd-88bd-0bd548b0e93b.parquet,TeamB-e4321aef-964a-4fdd-88bd-0bd548b0e93b,TeamB,2021-10-13 00:00:00,23.5900188,95.83833333333332,4.580192854300045,574930,57494,0,0.0,True,,
2021-10-13-TeamB-f67673c0-d467-4832-9519-55133a2647e5.parquet,TeamB-f67673c0-d467-4832-9519-55133a2647e5,TeamB,2021-10-13 00:00:00,24.390018,128.34166666666678,5.727514913599937,769995,77000,0,0.0,True,,
2021-10-15-TeamB-29c5271b-5c46-455e-91ea-da2abfa8ff3c.parquet,TeamB-29c5271b-5c46-455e-91ea-da2abfa8ff3c,TeamB,2021-10-15 00:00:00,24.4300212,89.65833333333333,4.748406056799733,537825,53783,1,1.8593581495667695e-05,True,,
2021-10-15-TeamB-2f23d7d5-2326-49ce-b9c8-5a6303f785c5.parquet,TeamB-2f23d7d5-2326-49ce-b9c8-5a6303f785c5,TeamB,2021-10-15 00:00:00,21.5400168,94.86999999999995,5.330298464900026,569120,56913,0,0.0,True,,
2021-10-15-TeamB-4405bb1f-56f7-48ba-bfa8-e795e4006952.parquet,TeamB-4405bb1f-56f7-48ba-bfa8-e795e4006952,TeamB,2021-10-15 00:00:00,22.160016000000002,89.51500000000014,5.171020827199965,537080,53709,1,1.861920011916288e-05,True,,
2021-10-15-TeamB-4b1e23d2-4204-4e16-9991-e0490649079b.parquet,TeamB-4b1e23d2-4204-4e16-9991-e0490649079b,TeamB,2021-10-15 00:00:00,24.55002,131.51500000000001,5.728502954199892,788985,78899,0,0.0,True,,
2021-10-15-TeamB-4d54416a-8e5f-42c0-8dd0-12700569908f.parquet,TeamB-4d54416a-8e5f-42c0-8dd0-12700569908f,TeamB,2021-10-15 00:00:00,24.6300192,99.49500000000008,5.500079166499906,596885,59689,0,0.0,True,,
2021-10-15-TeamB-5eba590a-cecb-400f-a92e-08224c7e2e59.parquet,TeamB-5eba590a-cecb-400f-a92e-08224c7e2e59,TeamB,2021-10-15 00:00:00,23.3200188,133.1816666666668,6.805030196500133,799070,79908,1,1.2514548162238602e-05,True,,
2021-10-15-TeamB-6d568bee-175f-4dcb-9d3a-0f3e8f35de07.parquet,TeamB-6d568bee-175f-4dcb-9d3a-0f3e8f35de07,TeamB,2021-10-15 00:00:00,28.6900236,103.60500000000005,5.978983982700036,621550,62156,0,0.0,True,,
2021-10-15-TeamB-70b74270-f655-43cc-a188-1ebc7a828b95.parquet,TeamB-70b74270-f655-43cc-a188-1ebc7a828b95,TeamB,2021-10-15 00:00:00,27.1900224,107.92166666666671,5.887527802299819,647440,64745,0,0.0,True,,
2021-10-15-TeamB-789547e7-1325-4153-a98d-5ecd497f3668.parquet,TeamB-789547e7-1325-4153-a98d-5ecd497f3668,TeamB,2021-10-15 00:00:00,17.1200124,95.9033333333334,3.414822767699939,575395,57540,1,1.737951650185092e-05,True,,
2021-10-15-TeamB-7ab47f4e-6eca-4793-880f-6a0dad3459c3.parquet,TeamB-7ab47f4e-6eca-4793-880f-6a0dad3459c3,TeamB,2021-10-15 00:00:00,23.3700192,137.51166666666663,6.464606881100031,824975,82498,0,0.0,True,,
2021-10-15-TeamB-7d41e602-eece-328b-ff7b-118e820865d6.parquet,TeamB-7d41e602-eece-328b-ff7b-118e820865d6,TeamB,2021-10-15 00:00:00,26.4100212,109.61500000000002,4.300975130800005,657690,65770,1,1.5204731712508933e-05,True,,
2021-10-15-TeamB-9c845827-99f9-47f4-977d-2200a107a013.parquet,TeamB-9c845827-99f9-47f4-977d-2200a107a013,TeamB,2021-10-15 00:00:00,27.980020800000002,94.88499999999998,4.250180103500032,569225,56923,0,0.0,True,,
2021-10-15-TeamB-ab5ec6e5-b0f3-401e-8dc5-aa6c5070e255.parquet,TeamB-ab5ec6e5-b0f3-401e-8dc5-aa6c5070e255,TeamB,2021-10-15 00:00:00,27.5800212,109.54000000000002,6.073925448599959,656920,65693,0,0.0,True,,
2021-10-15-TeamB-ab691983-3544-4a0e-8f70-db44d85cb907.parquet,TeamB-ab691983-3544-4a0e-8f70-db44d85cb907,TeamB,2021-10-15 00:00:00,24.720019200000003,104.64000000000003,5.570325596500084,627790,62780,0,0.0,True,,
2021-10-15-TeamB-afc13e53-2c77-48cb-8a78-743663bbb84f.parquet,TeamB-afc13e53-2c77-48cb-8a78-743663bbb84f,TeamB,2021-10-15 00:00:00,24.2300196,55.66833333333337,3.373252721900053,334010,33402,1,2.9939223376545613e-05,True,,
2021-10-15-TeamB-afc13e53-2c77-48cb-8a78-743663bbb84f.parquet,TeamB-afc13e53-2c77-48cb-8a78-743663bbb84f,TeamB,2021-10-15 00:00:00,27.4500216,100.45833333333346,6.004817902699942,602755,60276,1,1.659062629614268e-05,True,,
2021-10-15-TeamB-d9501f3a-aaa1-4311-8b8b-3a8d3f21480f.parquet,TeamB-d9501f3a-aaa1-4311-8b8b-3a8d3f21480f,TeamB,2021-10-15 00:00:00,21.2700168,113.92166666666671,4.578150085699954,683470,68348,0,0.0,True,,
2021-10-15-TeamB-e4321aef-964a-4fdd-88bd-0bd548b0e93b.parquet,TeamB-e4321aef-964a-4fdd-88bd-0bd548b0e93b,TeamB,2021-10-15 00:00:00,26.2900224,106.54500000000007,4.044288258999918,639165,63917,0,0.0,True,,
2021-10-15-TeamB-f67673c0-d467-4832-9519-55133a2647e5.parquet,TeamB-f67673c0-d467-4832-9519-55133a2647e5,TeamB,2021-10-15 00:00:00,13.85001,59.373333333333356,2.0761541789000506,356180,35619,0,0.0,True,,
2021-10-16-TeamB-29c5271b-5c46-455e-91ea-da2abfa8ff3c.parquet,TeamB-29c5271b-5c46-455e-91ea-da2abfa8ff3c,TeamB,2021-10-16 00:00:00,20.4100164,66.44833333333335,3.3409357517999627,398600,39861,1,2.508780732563974e-05,True,,
2021-10-16-TeamB-2f23d7d5-2326-49ce-b9c8-5a6303f785c5.parquet,TeamB-2f23d7d5-2326-49ce-b9c8-5a6303f785c5,TeamB,2021-10-16 00:00:00,22.530016800000002,59.83333333333346,2.3868660874000382,359000,35901,1,2.7855153203342618e-05,True,,
2021-10-16-TeamB-4405bb1f-56f7-48ba-bfa8-e795e4006952.parquet,TeamB-4405bb1f-56f7-48ba-bfa8-e795e4006952,TeamB,2021-10-16 00:00:00,4.2900048,60.71333333333326,0.001026667599997025,364280,36429,1,2.745141100252553e-05,True,,
2021-10-16-TeamB-4b1e23d2-4204-4e16-9991-e0490649079b.parquet,TeamB-4b1e23d2-4204-4e16-9991-e0490649079b,TeamB,2021-10-16 00:00:00,19.660014,62.86666666666667,3.3273154742998186,377190,37720,1,2.6511837535459583e-05,True,,
2021-10-16-TeamB-5eba590a-cecb-400f-a92e-08224c7e2e59.parquet,TeamB-5eba590a-cecb-400f-a92e-08224c7e2e59,TeamB,2021-10-16 00:00:00,19.2900168,65.36500000000015,3.621560143699925,392180,39219,1,2.549849558876026e-05,True,,
2021-10-16-TeamB-6d568bee-175f-4dcb-9d3a-0f3e8f35de07.parquet,TeamB-6d568bee-175f-4dcb-9d3a-0f3e8f35de07,TeamB,2021-10-16 00:00:00,20.3700168,65.01833333333343,3.1499858826999434,390110,39012,1,2.5633795596113916e-05,True,,
2021-10-16-TeamB-70b74270-f655-43cc-a188-1ebc7a828b95.parquet,TeamB-70b74270-f655-43cc-a188-1ebc7a828b95,TeamB,2021-10-16 00:00:00,20.1100176,57.07833333333328,2.8221308922999864,342410,34242,0,0.0,True,,
2021-10-16-TeamB-789547e7-1325-4153-a98d-5ecd497f3668.parquet,TeamB-789547e7-1325-4153-a98d-5ecd497f3668,TeamB,2021-10-16 00:00:00,16.6800132,65.3100000000001,2.467036446500069,391850,39186,1,2.5519969376036748e-05,True,,
2021-10-16-TeamB-7d41e602-eece-328b-ff7b-118e820865d6.parquet,TeamB-7d41e602-eece-328b-ff7b-118e820865d6,TeamB,2021-10-16 00:00:00,18.020016000000002,59.950000000000124,3.056059970800025,359700,35971,1,2.7800945232137893e-05,True,,
2021-10-16-TeamB-9c845827-99f9-47f4-977d-2200a107a013.parquet,TeamB-9c845827-99f9-47f4-977d-2200a107a013,TeamB,2021-10-16 00:00:00,21.6700164,61.89000000000002,2.178147320599889,371280,37129,0,0.0,True,,
2021-10-16-TeamB-a7126274-c2d2-4f4e-9b67-35d376aefacc.parquet,TeamB-a7126274-c2d2-4f4e-9b67-35d376aefacc,TeamB,2021-10-16 00:00:00,41.4,71.46333333333338,3.844198739499847,428645,42865,0,0.0,False,max_speed_over_32_kmh,
2021-10-16-TeamB-ab5ec6e5-b0f3-401e-8dc5-aa6c5070e255.parquet,TeamB-ab5ec6e5-b0f3-401e-8dc5-aa6c5070e255,TeamB,2021-10-16 00:00:00,22.070016,63.865000000000144,2.8737948170001673,383070,38308,1,2.6104889445793198e-05,True,,
2021-10-16-TeamB-ab691983-3544-4a0e-8f70-db44d85cb907.parquet,TeamB-ab691983-3544-4a0e-8f70-db44d85cb907,TeamB,2021-10-16 00:00:00,20.9800152,67.25500000000005,3.043049410200059,403450,40346,0,0.0,True,,
2021-10-16-TeamB-afc13e53-2c77-48cb-8a78-743663bbb84f.parquet,TeamB-afc13e53-2c77-48cb-8a78-743663bbb84f,TeamB,2021-10-16 00:00:00,26.7500232,148.3066666666668,11.928250995900052,889840,88985,1,1.1237975366357997e-05,True,,
2021-10-16-TeamB-afc13e53-2c77-48cb-8a78-743663bbb84f.parquet,TeamB-afc13e53-2c77-48cb-8a78-743663bbb84f,TeamB,2021-10-16 00:00:00,21.2100156,66.25833333333334,3.0890638909000856,397560,39757,1,2.5153435959352048e-05,True,,
2021-10-16-TeamB-e4321aef-964a-4fdd-88bd-0bd548b0e93b.parquet,TeamB-e4321aef-964a-4fdd-88bd-0bd548b0e93b,TeamB,2021-10-16 00:00:00,20.0300148,66.00666666666669,2.7989536554999397,395930,39594,0,0.0,True,,
2021-10-16-TeamB-f67673c0-d467-4832-9519-55133a2647e5.parquet,TeamB-f67673c0-d467-4832-9519-55133a2647e5,TeamB,2021-10-16 00:00:00,17.5500144,62.35500000000005,2.8270467389000804,374070,37408,0,0.0,True,,
2021-10-17-TeamB-29c5271b-5c46-455e-91ea-da2abfa8ff3c.parquet,TeamB-29c5271b-5c46-455e-91ea-da2abfa8ff3c,TeamB,2021-10-17 00:00:00,29.150024400000003,126.38833333333338,11.542013174700044,758080,75809,0,0.0,True,,
2021-10-17-TeamB-2f23d7d5-2326-49ce-b9c8-5a6303f785c5.parquet,TeamB-2f23d7d5-2326-49ce-b9c8-5a6303f785c5,TeamB,2021-10-17 00:00:00,25.6500216,120.48666666666662,11.054973352599932,722820,72283,0,0.0,True,,
2021-10-17-TeamB-4405bb1f-56f7-48ba-bfa8-e795e4006952.parquet,TeamB-4405bb1f-56f7-48ba-bfa8-e795e4006952,TeamB,2021-10-17 00:00:00,25.4900196,91.36999999999995,8.2027504875999,548100,54811,0,0.0,True,,
2021-10-17-TeamB-4b1e23d2-4204-4e16-9991-e0490649079b.parquet,TeamB-4b1e23d2-4204-4e16-9991-e0490649079b,TeamB,2021-10-17 00:00:00,23.1500196,23.666666666666668,2.6779627118999363,141990,14200,1,7.042749489400662e-05,True,,
2021-10-17-TeamB-4d54416a-8e5f-42c0-8dd0-12700569908f.parquet,TeamB-4d54416a-8e5f-42c0-8dd0-12700569908f,TeamB,2021-10-17 00:00:00,24.390018,150.70500000000004,12.723571913899834,904130,90414,0,0.0,True,,
2021-10-17-TeamB-5eba590a-cecb-400f-a92e-08224c7e2e59.parquet,TeamB-5eba590a-cecb-400f-a92e-08224c7e2e59,TeamB,2021-10-17 00:00:00,27.840024,190.38000000000005,7.5645222147001245,1142280,114229,1,8.754420982596212e-06,True,,
2021-10-17-TeamB-6d568bee-175f-4dcb-9d3a-0f3e8f35de07.parquet,TeamB-6d568bee-175f-4dcb-9d3a-0f3e8f35de07,TeamB,2021-10-17 00:00:00,28.3500216,140.37166666666673,7.879639954699921,842150,84216,0,0.0,True,,
2021-10-17-TeamB-70b74270-f655-43cc-a188-1ebc7a828b95.parquet,TeamB-70b74270-f655-43cc-a188-1ebc7a828b95,TeamB,2021-10-17 00:00:00,30.3800256,129.3383333333334,12.12990671630021,775970,77598,0,0.0,True,,
2021-10-17-TeamB-789547e7-1325-4153-a98d-5ecd497f3668.parquet,TeamB-789547e7-1325-4153-a98d-5ecd497f3668,TeamB,2021-10-17 00:00:00,20.900016,125.47666666666676,6.42243909070006,752860,75287,1,1.3282682039157347e-05,True,,
2021-10-17-TeamB-7ab47f4e-6eca-4793-880f-6a0dad3459c3.parquet,TeamB-7ab47f4e-6eca-4793-880f-6a0dad3459c3,TeamB,2021-10-17 00:00:00,24.4900188,155.06500000000003,12.201710657800085,930285,93029,0,0.0,True,,
2021-10-17-TeamB-7d41e602-eece-328b-ff7b-118e820865d6.parquet,TeamB-7d41e602-eece-328b-ff7b-118e820865d6,TeamB,2021-10-17 00:00:00,23.7000204,173.05500000000004,7.3573228778000646,1038230,103824,0,0.0,True,,
2021-10-17-TeamB-9c845827-99f9-47f4-977d-2200a107a013.parquet,TeamB-9c845827-99f9-47f4-977d-2200a107a013,TeamB,2021-10-17 00:00:00,28.1500236,55.09833333333336,5.263898413100281,330445,33045,0,0.0,True,,
2021-10-17-TeamB-a7126274-c2d2-4f4e-9b67-35d376aefacc.parquet,TeamB-a7126274-c2d2-4f4e-9b67-35d376aefacc,TeamB,2021-10-17 00:00:00,28.6600212,143.4216666666667,8.130512654300048,860280,86029,0,0.0,True,,
2021-10-17-TeamB-ab5ec6e5-b0f3-401e-8dc5-aa6c5070e255.parquet,TeamB-ab5ec6e5-b0f3-401e-8dc5-aa6c5070e255,TeamB,2021-10-17 00:00:00,27.320022,58.520000000000074,5.587732831800039,351100,35111,1,2.8481913984619766e-05,True,,
2021-10-17-TeamB-ab691983-3544-4a0e-8f70-db44d85cb907.parquet,TeamB-ab691983-3544-4a0e-8f70-db44d85cb907,TeamB,2021-10-17 00:00:00,24.9600204,137.55500000000004,8.783860688699965,825250,82526,0,0.0,True,,
2021-10-17-TeamB-afc13e53-2c77-48cb-8a78-743663bbb84f.parquet,TeamB-afc13e53-2c77-48cb-8a78-743663bbb84f,TeamB,2021-10-17 00:00:00,28.2300228,127.38666666666674,11.50663483909986,764310,76432,1,1.3083696405908597e-05,True,,
2021-10-17-TeamB-e4321aef-964a-4fdd-88bd-0bd548b0e93b.parquet,TeamB-e4321aef-964a-4fdd-88bd-0bd548b0e93b,TeamB,2021-10-17 00:00:00,27.860022,140.9216666666667,8.76702177700003,845450,84546,0,0.0,True,,
2021-10-19-TeamB-5eba590a-cecb-400f-a92e-08224c7e2e59.parquet,TeamB-5eba590a-cecb-400f-a92e-08224c7e2e59,TeamB,2021-10-19 00:00:00,23.1500196,80.2966666666666,3.5262972988999515,481780,48179,1,2.0756361824899333e-05,True,,
2021-10-19-TeamB-7ab47f4e-6eca-4793-880f-6a0dad3459c3.parquet,TeamB-7ab47f4e-6eca-4793-880f-6a0dad3459c3,TeamB,2021-10-19 00:00:00,21.6300168,81.90499999999993,4.330841832599794,491430,49144,1,2.0348778055877744e-05,True,,
2021-10-19-TeamB-d9501f3a-aaa1-4311-8b8b-3a8d3f21480f.parquet,TeamB-d9501f3a-aaa1-4311-8b8b-3a8d3f21480f,TeamB,2021-10-19 00:00:00,20.180016,82.05666666666669,3.9770023814001023,492280,49229,0,0.0,True,,
2021-10-21-TeamB-4d54416a-8e5f-42c0-8dd0-12700569908f.parquet,TeamB-4d54416a-8e5f-42c0-8dd0-12700569908f,TeamB,2021-10-21 00:00:00,23.690019600000003,103.07166666666672,5.261971749700073,618340,61835,0,0.0,True,,
2021-10-21-TeamB-5eba590a-cecb-400f-a92e-08224c7e2e59.parquet,TeamB-5eba590a-cecb-400f-a92e-08224c7e2e59,TeamB,2021-10-21 00:00:00,24.5900196,97.01166666666674,5.146694153400141,582070,58208,1,1.7180064253440308e-05,True,,
2021-10-21-TeamB-6d568bee-175f-4dcb-9d3a-0f3e8f35de07.parquet,TeamB-6d568bee-175f-4dcb-9d3a-0f3e8f35de07,TeamB,2021-10-21 00:00:00,24.6500208,101.3350000000001,4.8888406061998255,608000,60801,1,1.644736842105263e-05,True,,
2021-10-21-TeamB-7ab47f4e-6eca-4793-880f-6a0dad3459c3.parquet,TeamB-7ab47f4e-6eca-4793-880f-6a0dad3459c3,TeamB,2021-10-21 00:00:00,24.4400184,103.575,4.491385020199936,621365,62137,0,0.0,True,,
2021-10-21-TeamB-7d41e602-eece-328b-ff7b-118e820865d6.parquet,TeamB-7d41e602-eece-328b-ff7b-118e820865d6,TeamB,2021-10-21 00:00:00,25.250022,105.57000000000008,5.243049792799986,633325,63333,0,0.0,True,,
2021-10-21-TeamB-afc13e53-2c77-48cb-8a78-743663bbb84f.parquet,TeamB-afc13e53-2c77-48cb-8a78-743663bbb84f,TeamB,2021-10-21 00:00:00,23.9800176,106.54333333333331,5.4760719172999455,639265,63927,1,1.564308731971342e-05,True,,
2021-10-22-TeamB-5eba590a-cecb-400f-a92e-08224c7e2e59.parquet,TeamB-5eba590a-cecb-400f-a92e-08224c7e2e59,TeamB,2021-10-22 00:00:00,22.160016000000002,97.9483333333333,6.9029525184000065,587680,58769,1,1.7016063163626464e-05,True,,
2021-10-22-TeamB-6d568bee-175f-4dcb-9d3a-0f3e8f35de07.parquet,TeamB-6d568bee-175f-4dcb-9d3a-0f3e8f35de07,TeamB,2021-10-22 00:00:00,24.790021199999998,106.36999999999995,7.067320140300011,638220,63823,1,1.566857823321112e-05,True,,
2021-10-22-TeamB-7ab47f4e-6eca-4793-880f-6a0dad3459c3.parquet,TeamB-7ab47f4e-6eca-4793-880f-6a0dad3459c3,TeamB,2021-10-22 00:00:00,23.290020000000002,78.38833333333332,5.177240013099963,470250,47026,0,0.0,True,,
2021-10-22-TeamB-7d41e602-eece-328b-ff7b-118e820865d6.parquet,TeamB-7d41e602-eece-328b-ff7b-118e820865d6,TeamB,2021-10-22 00:00:00,24.510020400000002,107.54333333333331,6.417182400600032,645165,64517,0,0.0,True,,
2021-10-22-TeamB-afc13e53-2c77-48cb-8a78-743663bbb84f.parquet,TeamB-afc13e53-2c77-48cb-8a78-743663bbb84f,TeamB,2021-10-22 00:00:00,24.8800212,102.87999999999998,6.541611664199983,617260,61727,1,1.6200628584389076e-05,True,,
2021-10-22-TeamB-d9501f3a-aaa1-4311-8b8b-3a8d3f21480f.parquet,TeamB-d9501f3a-aaa1-4311-8b8b-3a8d3f21480f,TeamB,2021-10-22 00:00:00,23.7500208,97.53833333333333,5.954100361499975,585150,58516,0,0.0,True,,
2021-10-23-TeamB-7ab47f4e-6eca-4793-880f-6a0dad3459c3.parquet,TeamB-7ab47f4e-6eca-4793-880f-6a0dad3459c3,TeamB,2021-10-23 00:00:00,23.6300184,125.48666666666662,9.51352822029982,752840,75285,0,0.0,True,,
2021-10-26-TeamB-4d54416a-8e5f-42c0-8dd0-12700569908f.parquet,TeamB-4d54416a-8e5f-42c0-8dd0-12700569908f,TeamB,2021-10-26 00:00:00,21.1800168,81.91999999999994,4.9811115174998255,491460,49147,0,0.0,True,,
2021-10-26-TeamB-5a921187-19c7-8df4-8f4f-f31e78de5857.parquet,TeamB-5a921187-19c7-8df4-8f4f-f31e78de5857,TeamB,2021-10-26 00:00:00,22.590018,62.523333333333355,3.484596421000064,374960,37497,0,0.0,True,,
2021-10-26-TeamB-6d568bee-175f-4dcb-9d3a-0f3e8f35de07.parquet,TeamB-6d568bee-175f-4dcb-9d3a-0f3e8f35de07,TeamB,2021-10-26 00:00:00,21.3600168,86.67333333333336,4.7813055310000765,519910,51992,0,0.0,True,,
2021-10-26-TeamB-789547e7-1325-4153-a98d-5ecd497f3668.parquet,TeamB-789547e7-1325-4153-a98d-5ecd497f3668,TeamB,2021-10-26 00:00:00,21.890016000000003,88.25500000000005,2.8414053584999763,529320,52933,16,0.0003022746164890803,True,,
2021-10-26-TeamB-7ab47f4e-6eca-4793-880f-6a0dad3459c3.parquet,TeamB-7ab47f4e-6eca-4793-880f-6a0dad3459c3,TeamB,2021-10-26 00:00:00,23.870019600000003,63.42166666666672,3.949504298300006,380450,38046,0,0.0,True,,
2021-10-26-TeamB-7d41e602-eece-328b-ff7b-118e820865d6.parquet,TeamB-7d41e602-eece-328b-ff7b-118e820865d6,TeamB,2021-10-26 00:00:00,21.660015599999998,95.40999999999998,5.170407236700043,572360,57237,0,0.0,True,,
2021-10-26-TeamB-9c845827-99f9-47f4-977d-2200a107a013.parquet,TeamB-9c845827-99f9-47f4-977d-2200a107a013,TeamB,2021-10-26 00:00:00,17.4000132,32.840000000000025,1.295553549499916,196975,19698,0,0.0,True,,
2021-10-26-TeamB-a7126274-c2d2-4f4e-9b67-35d376aefacc.parquet,TeamB-a7126274-c2d2-4f4e-9b67-35d376aefacc,TeamB,2021-10-26 00:00:00,7.8200064,64.20833333333333,0.0023102795000121386,385150,38516,0,0.0,True,,
2021-10-26-TeamB-afc13e53-2c77-48cb-8a78-743663bbb84f.parquet,TeamB-afc13e53-2c77-48cb-8a78-743663bbb84f,TeamB,2021-10-26 00:00:00,21.8200176,88.24666666666671,4.74052605359984,529375,52938,0,0.0,True,,
2021-10-26-TeamB-d9501f3a-aaa1-4311-8b8b-3a8d3f21480f.parquet,TeamB-d9501f3a-aaa1-4311-8b8b-3a8d3f21480f,TeamB,2021-10-26 00:00:00,24.320019600000002,59.255000000000045,3.589185679800138,355440,35545,0,0.0,True,,
2021-10-26-TeamB-e4321aef-964a-4fdd-88bd-0bd548b0e93b.parquet,TeamB-e4321aef-964a-4fdd-88bd-0bd548b0e93b,TeamB,2021-10-26 00:00:00,23.8200192,86.8350000000001,5.289057603799855,520935,52094,0,0.0,True,,
2021-10-26-TeamB-f67673c0-d467-4832-9519-55133a2647e5.parquet,TeamB-f67673c0-d467-4832-9519-55133a2647e5,TeamB,2021-10-26 00:00:00,23.4400176,83.52166666666672,3.242774574599915,501070,50108,0,0.0,True,,
2021-10-27-TeamB-4d54416a-8e5f-42c0-8dd0-12700569908f.parquet,TeamB-4d54416a-8e5f-42c0-8dd0-12700569908f,TeamB,2021-10-27 00:00:00,25.4000196,100.57333333333335,6.105332147500007,603380,60339,0,0.0,True,,
2021-10-27-TeamB-5a921187-19c7-8df4-8f4f-f31e78de5857.parquet,TeamB-5a921187-19c7-8df4-8f4f-f31e78de5857,TeamB,2021-10-27 00:00:00,27.6400224,100.3566666666667,4.853955592700008,602055,60206,0,0.0,True,,
2021-10-27-TeamB-6d568bee-175f-4dcb-9d3a-0f3e8f35de07.parquet,TeamB-6d568bee-175f-4dcb-9d3a-0f3e8f35de07,TeamB,2021-10-27 00:00:00,23.670018,110.17333333333336,5.735164632100039,660950,66096,0,0.0,True,,
2021-10-27-TeamB-789547e7-1325-4153-a98d-5ecd497f3668.parquet,TeamB-789547e7-1325-4153-a98d-5ecd497f3668,TeamB,2021-10-27 00:00:00,25.930022400000002,95.51333333333326,3.7870819646001936,573070,57308,1,1.744987523339208e-05,True,,
2021-10-27-TeamB-7ab47f4e-6eca-4793-880f-6a0dad3459c3.parquet,TeamB-7ab47f4e-6eca-4793-880f-6a0dad3459c3,TeamB,2021-10-27 00:00:00,24.7800204,100.04000000000002,6.200061391200043,600160,60017,0,0.0,True,,
2021-10-27-TeamB-a7126274-c2d2-4f4e-9b67-35d376aefacc.parquet,TeamB-a7126274-c2d2-4f4e-9b67-35d376aefacc,TeamB,2021-10-27 00:00:00,28.860022800000003,98.51833333333343,4.290748195400014,590935,59094,0,0.0,True,,
2021-10-27-TeamB-afc13e53-2c77-48cb-8a78-743663bbb84f.parquet,TeamB-afc13e53-2c77-48cb-8a78-743663bbb84f,TeamB,2021-10-27 00:00:00,24.6100212,99.89666666666672,4.940060661099915,599379,59939,1,1.6683906703593712e-05,True,,
2021-10-27-TeamB-d9501f3a-aaa1-4311-8b8b-3a8d3f21480f.parquet,TeamB-d9501f3a-aaa1-4311-8b8b-3a8d3f21480f,TeamB,2021-10-27 00:00:00,25.4100204,101.44000000000003,5.236625052099915,608580,60859,0,0.0,True,,
2021-10-27-TeamB-e4321aef-964a-4fdd-88bd-0bd548b0e93b.parquet,TeamB-e4321aef-964a-4fdd-88bd-0bd548b0e93b,TeamB,2021-10-27 00:00:00,21.4000164,100.37166666666671,1.4437533857000222,602150,60216,0,0.0,True,,
2021-10-27-TeamB-f67673c0-d467-4832-9519-55133a2647e5.parquet,TeamB-f67673c0-d467-4832-9519-55133a2647e5,TeamB,2021-10-27 00:00:00,23.7000204,97.14000000000003,4.6484746027999995,582780,58279,0,0.0,True,,
2021-10-28-TeamB-afc13e53-2c77-48cb-8a78-743663bbb84f.parquet,TeamB-afc13e53-2c77-48cb-8a78-743663bbb84f,TeamB,2021-10-28 00:00:00,22.3400196,102.44833333333335,5.060313522899969,614550,61456,0,0.0,True,,
2021-10-29-TeamB-08e35b7b-d2ad-411f-a0de-4e663f14c3c3.parquet,TeamB-08e35b7b-d2ad-411f-a0de-4e663f14c3c3,TeamB,2021-10-29 00:00:00,19.8700164,78.14833333333324,2.784770033099919,468835,46884,0,0.0,True,,
2021-10-29-TeamB-29c5271b-5c46-455e-91ea-da2abfa8ff3c.parquet,TeamB-29c5271b-5c46-455e-91ea-da2abfa8ff3c,TeamB,2021-10-29 00:00:00,29.7800244,119.4066666666667,7.097912385400066,716260,71627,0,0.0,True,,
2021-10-29-TeamB-2f23d7d5-2326-49ce-b9c8-5a6303f785c5.parquet,TeamB-2f23d7d5-2326-49ce-b9c8-5a6303f785c5,TeamB,2021-10-29 00:00:00,23.1900192,131.85,6.910444744599958,790999,79101,0,0.0,True,,
2021-10-29-TeamB-4405bb1f-56f7-48ba-bfa8-e795e4006952.parquet,TeamB-4405bb1f-56f7-48ba-bfa8-e795e4006952,TeamB,2021-10-29 00:00:00,22.3100172,102.98333333333333,4.7588591082000855,617900,61791,1,1.618384851917786e-05,True,,
2021-10-29-TeamB-4b1e23d2-4204-4e16-9991-e0490649079b.parquet,TeamB-4b1e23d2-4204-4e16-9991-e0490649079b,TeamB,2021-10-29 00:00:00,14.370012000000001,4.690000000000024,0.18318875910001706,28035,2804,0,0.0,True,,
2021-10-29-TeamB-4d54416a-8e5f-42c0-8dd0-12700569908f.parquet,TeamB-4d54416a-8e5f-42c0-8dd0-12700569908f,TeamB,2021-10-29 00:00:00,24.6200184,97.52166666666672,5.457444958599974,585070,58508,0,0.0,True,,
2021-10-29-TeamB-5a921187-19c7-8df4-8f4f-f31e78de5857.parquet,TeamB-5a921187-19c7-8df4-8f4f-f31e78de5857,TeamB,2021-10-29 00:00:00,27.2800224,130.63666666666663,7.005810657900049,783730,78374,0,0.0,True,,
2021-10-29-TeamB-5eba590a-cecb-400f-a92e-08224c7e2e59.parquet,TeamB-5eba590a-cecb-400f-a92e-08224c7e2e59,TeamB,2021-10-29 00:00:00,24.9500196,114.96666666666678,5.785602996899979,689800,68981,1,1.4496955639315744e-05,True,,
2021-10-29-TeamB-6d568bee-175f-4dcb-9d3a-0f3e8f35de07.parquet,TeamB-6d568bee-175f-4dcb-9d3a-0f3e8f35de07,TeamB,2021-10-29 00:00:00,23.3300196,127.28833333333338,7.172497171900015,763725,76373,1,1.309380401194155e-05,True,,
2021-10-29-TeamB-70b74270-f655-43cc-a188-1ebc7a828b95.parquet,TeamB-70b74270-f655-43cc-a188-1ebc7a828b95,TeamB,2021-10-29 00:00:00,27.750024,121.03666666666662,7.819269075100036,726160,72617,0,0.0,True,,
2021-10-29-TeamB-789547e7-1325-4153-a98d-5ecd497f3668.parquet,TeamB-789547e7-1325-4153-a98d-5ecd497f3668,TeamB,2021-10-29 00:00:00,21.170016,115.94333333333343,4.420707462199986,695660,69567,1,1.4374838283069316e-05,True,,
2021-10-29-TeamB-7ab47f4e-6eca-4793-880f-6a0dad3459c3.parquet,TeamB-7ab47f4e-6eca-4793-880f-6a0dad3459c3,TeamB,2021-10-29 00:00:00,22.7800188,146.49000000000004,8.01469647160014,878850,87886,0,0.0,True,,
2021-10-29-TeamB-7d41e602-eece-328b-ff7b-118e820865d6.parquet,TeamB-7d41e602-eece-328b-ff7b-118e820865d6,TeamB,2021-10-29 00:00:00,18.5400144,44.85000000000012,2.5433328817999734,269100,26911,1,3.716090672612412e-05,True,,
2021-10-29-TeamB-9c845827-99f9-47f4-977d-2200a107a013.parquet,TeamB-9c845827-99f9-47f4-977d-2200a107a013,TeamB,2021-10-29 00:00:00,22.8200184,133.98666666666662,5.802876915599826,803855,80386,0,0.0,True,,
2021-10-29-TeamB-ab5ec6e5-b0f3-401e-8dc5-aa6c5070e255.parquet,TeamB-ab5ec6e5-b0f3-401e-8dc5-aa6c5070e255,TeamB,2021-10-29 00:00:00,27.07002,121.48833333333326,4.509891696900209,728770,72878,1,1.3721750346474197e-05,True,,
2021-10-29-TeamB-ab691983-3544-4a0e-8f70-db44d85cb907.parquet,TeamB-ab691983-3544-4a0e-8f70-db44d85cb907,TeamB,2021-10-29 00:00:00,21.250018800000003,65.00999999999998,3.43213025700011,389980,38999,0,0.0,True,,
2021-10-29-TeamB-afc13e53-2c77-48cb-8a78-743663bbb84f.parquet,TeamB-afc13e53-2c77-48cb-8a78-743663bbb84f,TeamB,2021-10-29 00:00:00,26.2300212,115.80000000000013,8.47789766519998,694800,69481,1,1.4392630972941854e-05,True,,
2021-10-29-TeamB-afc13e53-2c77-48cb-8a78-743663bbb84f.parquet,TeamB-afc13e53-2c77-48cb-8a78-743663bbb84f,TeamB,2021-10-29 00:00:00,26.840023199999997,129.27333333333337,7.604828639800169,775630,77564,1,1.2892745252246562e-05,True,,
2021-10-29-TeamB-d9501f3a-aaa1-4311-8b8b-3a8d3f21480f.parquet,TeamB-d9501f3a-aaa1-4311-8b8b-3a8d3f21480f,TeamB,2021-10-29 00:00:00,27.5500224,108.87833333333329,6.0457973670999925,653190,65320,0,0.0,True,,
2021-10-29-TeamB-e4321aef-964a-4fdd-88bd-0bd548b0e93b.parquet,TeamB-e4321aef-964a-4fdd-88bd-0bd548b0e93b,TeamB,2021-10-29 00:00:00,27.230021999999998,120.6066666666667,5.822019414699863,723530,72354,0,0.0,True,,
2021-10-30-TeamB-08e35b7b-d2ad-411f-a0de-4e663f14c3c3.parquet,TeamB-08e35b7b-d2ad-411f-a0de-4e663f14c3c3,TeamB,2021-10-30 00:00:00,0.0,0.8550000000000485,0.0,5075,508,0,0.0,True,,
2021-10-30-TeamB-29c5271b-5c46-455e-91ea-da2abfa8ff3c.parquet,TeamB-29c5271b-5c46-455e-91ea-da2abfa8ff3c,TeamB,2021-10-30 00:00:00,25.3800216,100.5350000000001,3.0573821957000327,603045,60305,0,0.0,True,,
2021-10-30-TeamB-2f23d7d5-2326-49ce-b9c8-5a6303f785c5.parquet,TeamB-2f23d7d5-2326-49ce-b9c8-5a6303f785c5,TeamB,2021-10-30 00:00:00,21.7400184,100.95666666666669,3.464919743100036,605650,60566,0,0.0,True,,
2021-10-30-TeamB-4405bb1f-56f7-48ba-bfa8-e795e4006952.parquet,TeamB-4405bb1f-56f7-48ba-bfa8-e795e4006952,TeamB,2021-10-30 00:00:00,21.310016400000002,98.87166666666671,3.56995649209986,593110,59312,0,0.0,True,,
2021-10-30-TeamB-4b1e23d2-4204-4e16-9991-e0490649079b.parquet,TeamB-4b1e23d2-4204-4e16-9991-e0490649079b,TeamB,2021-10-30 00:00:00,21.5600184,106.15333333333328,4.2058470209999745,636920,63693,1,1.570055893989826e-05,True,,
2021-10-30-TeamB-4d54416a-8e5f-42c0-8dd0-12700569908f.parquet,TeamB-4d54416a-8e5f-42c0-8dd0-12700569908f,TeamB,2021-10-30 00:00:00,20.6600148,89.12833333333329,3.806965578399811,534715,53472,0,0.0,True,,
2021-10-30-TeamB-5a921187-19c7-8df4-8f4f-f31e78de5857.parquet,TeamB-5a921187-19c7-8df4-8f4f-f31e78de5857,TeamB,2021-10-30 00:00:00,21.6400176,102.58666666666674,4.398866341100012,615415,61542,0,0.0,True,,
2021-10-30-TeamB-5eba590a-cecb-400f-a92e-08224c7e2e59.parquet,TeamB-5eba590a-cecb-400f-a92e-08224c7e2e59,TeamB,2021-10-30 00:00:00,22.5600192,99.55666666666669,4.2886934718000145,597230,59724,0,0.0,True,,
2021-10-30-TeamB-6d568bee-175f-4dcb-9d3a-0f3e8f35de07.parquet,TeamB-6d568bee-175f-4dcb-9d3a-0f3e8f35de07,TeamB,2021-10-30 00:00:00,22.070016,98.33666666666662,4.302780151600093,589930,58994,0,0.0,True,,
2021-10-30-TeamB-70b74270-f655-43cc-a188-1ebc7a828b95.parquet,TeamB-70b74270-f655-43cc-a188-1ebc7a828b95,TeamB,2021-10-30 00:00:00,28.200024,102.00500000000005,4.424905245300083,611900,61191,0,0.0,True,,
2021-10-30-TeamB-789547e7-1325-4153-a98d-5ecd497f3668.parquet,TeamB-789547e7-1325-4153-a98d-5ecd497f3668,TeamB,2021-10-30 00:00:00,25.2200196,100.38499999999998,3.4220205551998326,602310,60232,1,1.660274609420398e-05,True,,
2021-10-30-TeamB-7ab47f4e-6eca-4793-880f-6a0dad3459c3.parquet,TeamB-7ab47f4e-6eca-4793-880f-6a0dad3459c3,TeamB,2021-10-30 00:00:00,22.4300196,117.87333333333336,5.43812384630011,707160,70717,0,0.0,True,,
2021-10-30-TeamB-7d41e602-eece-328b-ff7b-118e820865d6.parquet,TeamB-7d41e602-eece-328b-ff7b-118e820865d6,TeamB,2021-10-30 00:00:00,21.1600152,89.83333333333333,3.3040965667999416,539000,53901,1,1.8552875695732837e-05,True,,
2021-10-30-TeamB-9c845827-99f9-47f4-977d-2200a107a013.parquet,TeamB-9c845827-99f9-47f4-977d-2200a107a013,TeamB,2021-10-30 00:00:00,22.5800172,94.24000000000002,2.4692267180000544,565360,56537,0,0.0,True,,
2021-10-30-TeamB-ab5ec6e5-b0f3-401e-8dc5-aa6c5070e255.parquet,TeamB-ab5ec6e5-b0f3-401e-8dc5-aa6c5070e255,TeamB,2021-10-30 00:00:00,27.4000212,100.44833333333335,3.540793417099975,602629,60264,1,1.6593929940427793e-05,True,,
2021-10-30-TeamB-ab691983-3544-4a0e-8f70-db44d85cb907.parquet,TeamB-ab691983-3544-4a0e-8f70-db44d85cb907,TeamB,2021-10-30 00:00:00,27.2800224,97.47333333333336,4.030827434899974,584790,58480,0,0.0,True,,
2021-10-30-TeamB-afc13e53-2c77-48cb-8a78-743663bbb84f.parquet,TeamB-afc13e53-2c77-48cb-8a78-743663bbb84f,TeamB,2021-10-30 00:00:00,21.200018399999998,96.11833333333331,3.71028549850003,576720,57673,1,1.7339436815092247e-05,True,,
2021-10-30-TeamB-d9501f3a-aaa1-4311-8b8b-3a8d3f21480f.parquet,TeamB-d9501f3a-aaa1-4311-8b8b-3a8d3f21480f,TeamB,2021-10-30 00:00:00,24.2200188,102.84000000000002,3.6293759889000774,616980,61699,0,0.0,True,,
2021-10-30-TeamB-e4321aef-964a-4fdd-88bd-0bd548b0e93b.parquet,TeamB-e4321aef-964a-4fdd-88bd-0bd548b0e93b,TeamB,2021-10-30 00:00:00,26.600022,120.38499999999998,3.654595178800003,722225,72223,0,0.0,True,,
2021-10-31-TeamB-29c5271b-5c46-455e-91ea-da2abfa8ff3c.parquet,TeamB-29c5271b-5c46-455e-91ea-da2abfa8ff3c,TeamB,2021-10-31 00:00:00,27.540021600000003,147.8066666666667,11.068726979600127,886715,88672,1,1.1277644325653257e-05,True,,
2021-10-31-TeamB-2f23d7d5-2326-49ce-b9c8-5a6303f785c5.parquet,TeamB-2f23d7d5-2326-49ce-b9c8-5a6303f785c5,TeamB,2021-10-31 00:00:00,27.5700204,148.47333333333336,10.766899241600077,890845,89085,1,1.1225360334066723e-05,True,,
2021-10-31-TeamB-4405bb1f-56f7-48ba-bfa8-e795e4006952.parquet,TeamB-4405bb1f-56f7-48ba-bfa8-e795e4006952,TeamB,2021-10-31 00:00:00,25.7100192,143.85,10.504925135199969,863095,86310,1,1.1586277213268605e-05,True,,
2021-10-31-TeamB-6d568bee-175f-4dcb-9d3a-0f3e8f35de07.parquet,TeamB-6d568bee-175f-4dcb-9d3a-0f3e8f35de07,TeamB,2021-10-31 00:00:00,28.7300232,140.89499999999995,6.362180403199944,845375,84538,1,1.1829139903237635e-05,True,,
2021-10-31-TeamB-70b74270-f655-43cc-a188-1ebc7a828b95.parquet,TeamB-70b74270-f655-43cc-a188-1ebc7a828b95,TeamB,2021-10-31 00:00:00,29.760022800000005,146.81833333333344,11.83867175300015,880845,88085,0,0.0,True,,
2021-10-31-TeamB-789547e7-1325-4153-a98d-5ecd497f3668.parquet,TeamB-789547e7-1325-4153-a98d-5ecd497f3668,TeamB,2021-10-31 00:00:00,23.5200204,150.775,6.508984990100025,904645,90465,1,1.1054120976299964e-05,True,,
2021-10-31-TeamB-7ab47f4e-6eca-4793-880f-6a0dad3459c3.parquet,TeamB-7ab47f4e-6eca-4793-880f-6a0dad3459c3,TeamB,2021-10-31 00:00:00,25.1900208,149.94166666666666,2.557884011000102,899545,89955,0,0.0,True,,
2021-10-31-TeamB-7d41e602-eece-328b-ff7b-118e820865d6.parquet,TeamB-7d41e602-eece-328b-ff7b-118e820865d6,TeamB,2021-10-31 00:00:00,25.5700188,147.46500000000003,5.635022320399882,884755,88476,1,1.1302627860977677e-05,True,,
2021-10-31-TeamB-9c845827-99f9-47f4-977d-2200a107a013.parquet,TeamB-9c845827-99f9-47f4-977d-2200a107a013,TeamB,2021-10-31 00:00:00,28.6600212,145.9066666666667,6.102400473099964,875355,87536,0,0.0,True,,
2021-10-31-TeamB-ab691983-3544-4a0e-8f70-db44d85cb907.parquet,TeamB-ab691983-3544-4a0e-8f70-db44d85cb907,TeamB,2021-10-31 00:00:00,25.9500204,104.55833333333334,8.714492298800124,627270,62728,0,0.0,True,,
2021-10-31-TeamB-afc13e53-2c77-48cb-8a78-743663bbb84f.parquet,TeamB-afc13e53-2c77-48cb-8a78-743663bbb84f,TeamB,2021-10-31 00:00:00,29.7100224,144.08166666666668,10.941161313800011,864425,86443,1,1.156845052173712e-05,True,,
2021-10-31-TeamB-e4321aef-964a-4fdd-88bd-0bd548b0e93b.parquet,TeamB-e4321aef-964a-4fdd-88bd-0bd548b0e93b,TeamB,2021-10-31 00:00:00,26.6600196,149.09833333333336,11.543886803400074,894485,89449,0,0.0,True,,
2021-11-02-TeamB-4b1e23d2-4204-4e16-9991-e0490649079b.parquet,TeamB-4b1e23d2-4204-4e16-9991-e0490649079b,TeamB,2021-11-02 00:00:00,26.5200228,60.03666666666662,2.0900483564000174,360110,36012,0,0.0,True,,
2021-11-02-TeamB-afc13e53-2c77-48cb-8a78-743663bbb84f.parquet,TeamB-afc13e53-2c77-48cb-8a78-743663bbb84f,TeamB,2021-11-02 00:00:00,24.7800204,105.33666666666662,5.388879630100009,632010,63202,1,1.582253445356877e-05,True,,
2021-11-03-TeamB-29c5271b-5c46-455e-91ea-da2abfa8ff3c.parquet,TeamB-29c5271b-5c46-455e-91ea-da2abfa8ff3c,TeamB,2021-11-03 00:00:00,18.830016,93.26833333333343,4.075580245399952,559425,55943,0,0.0,True,,
2021-11-03-TeamB-2f23d7d5-2326-49ce-b9c8-5a6303f785c5.parquet,TeamB-2f23d7d5-2326-49ce-b9c8-5a6303f785c5,TeamB,2021-11-03 00:00:00,25.45002,91.00500000000005,4.308802918599975,545930,54594,0,0.0,True,,
2021-11-03-TeamB-4405bb1f-56f7-48ba-bfa8-e795e4006952.parquet,TeamB-4405bb1f-56f7-48ba-bfa8-e795e4006952,TeamB,2021-11-03 00:00:00,21.0700152,83.35500000000005,4.085563589400008,500010,50002,0,0.0,True,,
2021-11-03-TeamB-4b1e23d2-4204-4e16-9991-e0490649079b.parquet,TeamB-4b1e23d2-4204-4e16-9991-e0490649079b,TeamB,2021-11-03 00:00:00,21.250018800000003,134.60499999999993,5.45870968679991,807630,80764,1,1.2381907556678181e-05,True,,
2021-11-03-TeamB-4d54416a-8e5f-42c0-8dd0-12700569908f.parquet,TeamB-4d54416a-8e5f-42c0-8dd0-12700569908f,TeamB,2021-11-03 00:00:00,23.47002,87.19833333333335,3.9930109941000067,523110,52312,0,0.0,True,,
2021-11-03-TeamB-5a921187-19c7-8df4-8f4f-f31e78de5857.parquet,TeamB-5a921187-19c7-8df4-8f4f-f31e78de5857,TeamB,2021-11-03 00:00:00,22.500018,91.86666666666666,3.604386801699978,551185,55119,1,1.8142893428644e-05,True,,
2021-11-03-TeamB-5eba590a-cecb-400f-a92e-08224c7e2e59.parquet,TeamB-5eba590a-cecb-400f-a92e-08224c7e2e59,TeamB,2021-11-03 00:00:00,21.010017599999998,91.52333333333335,4.0124435199999855,549020,54903,0,0.0,True,,
2021-11-03-TeamB-6d568bee-175f-4dcb-9d3a-0f3e8f35de07.parquet,TeamB-6d568bee-175f-4dcb-9d3a-0f3e8f35de07,TeamB,2021-11-03 00:00:00,23.4400176,87.87333333333336,4.890560056999849,527160,52717,0,0.0,True,,
2021-11-03-TeamB-70b74270-f655-43cc-a188-1ebc7a828b95.parquet,TeamB-70b74270-f655-43cc-a188-1ebc7a828b95,TeamB,2021-11-03 00:00:00,23.0500188,85.37333333333336,4.993790691499999,512190,51220,0,0.0,True,,
2021-11-03-TeamB-7ab47f4e-6eca-4793-880f-6a0dad3459c3.parquet,TeamB-7ab47f4e-6eca-4793-880f-6a0dad3459c3,TeamB,2021-11-03 00:00:00,24.8900184,129.54333333333344,6.356961244299853,777265,77727,1,1.286570774258292e-05,True,,
2021-11-03-TeamB-7d41e602-eece-328b-ff7b-118e820865d6.parquet,TeamB-7d41e602-eece-328b-ff7b-118e820865d6,TeamB,2021-11-03 00:00:00,24.790021199999998,95.00500000000005,4.762276623300063,569930,56994,0,0.0,True,,
2021-11-03-TeamB-9c845827-99f9-47f4-977d-2200a107a013.parquet,TeamB-9c845827-99f9-47f4-977d-2200a107a013,TeamB,2021-11-03 00:00:00,21.5600184,73.63666666666661,1.998858564799962,441760,44177,0,0.0,True,,
2021-11-03-TeamB-ab5ec6e5-b0f3-401e-8dc5-aa6c5070e255.parquet,TeamB-ab5ec6e5-b0f3-401e-8dc5-aa6c5070e255,TeamB,2021-11-03 00:00:00,24.8100192,87.23833333333339,4.191229772200159,523275,52328,0,0.0,True,,
2021-11-03-TeamB-afc13e53-2c77-48cb-8a78-743663bbb84f.parquet,TeamB-afc13e53-2c77-48cb-8a78-743663bbb84f,TeamB,2021-11-03 00:00:00,23.0300172,117.46166666666667,6.052027660599925,704775,70478,1,1.4189026207131404e-05,True,,
2021-11-03-TeamB-afc13e53-2c77-48cb-8a78-743663bbb84f.parquet,TeamB-afc13e53-2c77-48cb-8a78-743663bbb84f,TeamB,2021-11-03 00:00:00,22.1200164,88.4350000000001,4.574345918200039,530610,53062,1,1.8846233580218995e-05,True,,
2021-11-03-TeamB-d9501f3a-aaa1-4311-8b8b-3a8d3f21480f.parquet,TeamB-d9501f3a-aaa1-4311-8b8b-3a8d3f21480f,TeamB,2021-11-03 00:00:00,24.5600208,90.04499999999994,4.3298843240999725,540190,54020,0,0.0,True,,
2021-11-03-TeamB-e4321aef-964a-4fdd-88bd-0bd548b0e93b.parquet,TeamB-e4321aef-964a-4fdd-88bd-0bd548b0e93b,TeamB,2021-11-03 00:00:00,23.8900176,91.82166666666659,4.428061064499886,550930,55094,1,1.815112627738551e-05,True,,
2021-11-04-TeamB-29c5271b-5c46-455e-91ea-da2abfa8ff3c.parquet,TeamB-29c5271b-5c46-455e-91ea-da2abfa8ff3c,TeamB,2021-11-04 00:00:00,27.3700224,97.54833333333336,5.1914966879000195,585145,58515,0,0.0,True,,
2021-11-04-TeamB-2f23d7d5-2326-49ce-b9c8-5a6303f785c5.parquet,TeamB-2f23d7d5-2326-49ce-b9c8-5a6303f785c5,TeamB,2021-11-04 00:00:00,27.8200224,94.89833333333335,5.444938003600092,569330,56934,1,1.7564505646988564e-05,True,,
2021-11-04-TeamB-4405bb1f-56f7-48ba-bfa8-e795e4006952.parquet,TeamB-4405bb1f-56f7-48ba-bfa8-e795e4006952,TeamB,2021-11-04 00:00:00,26.4800196,91.6,5.284565373100039,549580,54959,1,1.8195713089996e-05,True,,
2021-11-04-TeamB-4b1e23d2-4204-4e16-9991-e0490649079b.parquet,TeamB-4b1e23d2-4204-4e16-9991-e0490649079b,TeamB,2021-11-04 00:00:00,25.920021600000002,105.63333333333334,6.039229039800103,633780,63379,1,1.5778345798226513e-05,True,,
2021-11-04-TeamB-4d54416a-8e5f-42c0-8dd0-12700569908f.parquet,TeamB-4d54416a-8e5f-42c0-8dd0-12700569908f,TeamB,2021-11-04 00:00:00,27.3100212,93.93666666666662,6.153459962900002,563530,56354,0,0.0,True,,
2021-11-04-TeamB-5eba590a-cecb-400f-a92e-08224c7e2e59.parquet,TeamB-5eba590a-cecb-400f-a92e-08224c7e2e59,TeamB,2021-11-04 00:00:00,24.9200208,82.98333333333333,5.073560486899931,497890,49790,1,2.008475767739862e-05,True,,
2021-11-04-TeamB-6d568bee-175f-4dcb-9d3a-0f3e8f35de07.parquet,TeamB-6d568bee-175f-4dcb-9d3a-0f3e8f35de07,TeamB,2021-11-04 00:00:00,24.300018,95.95333333333329,5.616591195000018,575720,57573,1,1.736955464461891e-05,True,,
2021-11-04-TeamB-70b74270-f655-43cc-a188-1ebc7a828b95.parquet,TeamB-70b74270-f655-43cc-a188-1ebc7a828b95,TeamB,2021-11-04 00:00:00,28.6600212,99.45500000000006,6.394935149200202,596630,59664,0,0.0,True,,
2021-11-04-TeamB-7ab47f4e-6eca-4793-880f-6a0dad3459c3.parquet,TeamB-7ab47f4e-6eca-4793-880f-6a0dad3459c3,TeamB,2021-11-04 00:00:00,24.5600208,101.36833333333342,6.127126325300072,608105,60811,0,0.0,True,,
2021-11-04-TeamB-7d41e602-eece-328b-ff7b-118e820865d6.parquet,TeamB-7d41e602-eece-328b-ff7b-118e820865d6,TeamB,2021-11-04 00:00:00,23.4300204,103.26500000000014,6.235837247400058,619595,61960,1,1.6139705288981422e-05,True,,
2021-11-04-TeamB-9c845827-99f9-47f4-977d-2200a107a013.parquet,TeamB-9c845827-99f9-47f4-977d-2200a107a013,TeamB,2021-11-04 00:00:00,20.2600152,67.04000000000002,3.29431627649999,402170,40218,0,0.0,True,,
2021-11-04-TeamB-ab5ec6e5-b0f3-401e-8dc5-aa6c5070e255.parquet,TeamB-ab5ec6e5-b0f3-401e-8dc5-aa6c5070e255,TeamB,2021-11-04 00:00:00,23.8000176,93.42999999999992,5.720990996000165,560410,56042,1,1.7844078442568834e-05,True,,
2021-11-04-TeamB-ab691983-3544-4a0e-8f70-db44d85cb907.parquet,TeamB-ab691983-3544-4a0e-8f70-db44d85cb907,TeamB,2021-11-04 00:00:00,26.760020400000002,97.41833333333331,5.909679483200078,584465,58447,0,0.0,True,,
2021-11-04-TeamB-afc13e53-2c77-48cb-8a78-743663bbb84f.parquet,TeamB-afc13e53-2c77-48cb-8a78-743663bbb84f,TeamB,2021-11-04 00:00:00,27.4500216,103.8350000000001,7.631974475199993,623010,62302,1,1.6051106723808606e-05,True,,
2021-11-04-TeamB-afc13e53-2c77-48cb-8a78-743663bbb84f.parquet,TeamB-afc13e53-2c77-48cb-8a78-743663bbb84f,TeamB,2021-11-04 00:00:00,28.9000224,91.09166666666667,5.103011057700009,546560,54657,1,1.829625292740047e-05,True,,
2021-11-04-TeamB-d9501f3a-aaa1-4311-8b8b-3a8d3f21480f.parquet,TeamB-d9501f3a-aaa1-4311-8b8b-3a8d3f21480f,TeamB,2021-11-04 00:00:00,30.730024800000002,89.05500000000005,5.0042456968002895,534260,53427,0,0.0,True,,
2021-11-04-TeamB-e4321aef-964a-4fdd-88bd-0bd548b0e93b.parquet,TeamB-e4321aef-964a-4fdd-88bd-0bd548b0e93b,TeamB,2021-11-04 00:00:00,26.270020799999998,101.25166666666664,5.968941205000084,607515,60752,1,1.64606343928495e-05,True,,
2021-11-06-TeamB-29c5271b-5c46-455e-91ea-da2abfa8ff3c.parquet,TeamB-29c5271b-5c46-455e-91ea-da2abfa8ff3c,TeamB,2021-11-06 00:00:00,19.550016,88.88833333333338,3.3585107630999613,533120,53313,0,0.0,True,,
2021-11-06-TeamB-2f23d7d5-2326-49ce-b9c8-5a6303f785c5.parquet,TeamB-2f23d7d5-2326-49ce-b9c8-5a6303f785c5,TeamB,2021-11-06 00:00:00,20.1500172,72.89833333333335,2.6885607867998003,437290,43730,0,0.0,True,,
2021-11-06-TeamB-4405bb1f-56f7-48ba-bfa8-e795e4006952.parquet,TeamB-4405bb1f-56f7-48ba-bfa8-e795e4006952,TeamB,2021-11-06 00:00:00,20.5000164,76.08499999999998,3.055641913600038,456510,45652,1,2.1905325184552365e-05,True,,
2021-11-06-TeamB-4b1e23d2-4204-4e16-9991-e0490649079b.parquet,TeamB-4b1e23d2-4204-4e16-9991-e0490649079b,TeamB,2021-11-06 00:00:00,22.7000196,103.35333333333328,4.521605602699878,620120,62013,1,1.612591111397794e-05,True,,
2021-11-06-TeamB-4d54416a-8e5f-42c0-8dd0-12700569908f.parquet,TeamB-4d54416a-8e5f-42c0-8dd0-12700569908f,TeamB,2021-11-06 00:00:00,19.9500156,69.8566666666667,3.4576691779999846,419080,41909,0,0.0,True,,
2021-11-06-TeamB-5eba590a-cecb-400f-a92e-08224c7e2e59.parquet,TeamB-5eba590a-cecb-400f-a92e-08224c7e2e59,TeamB,2021-11-06 00:00:00,26.8600212,70.49000000000002,2.7542911210998944,422945,42295,1,2.3644015699626426e-05,True,,
2021-11-06-TeamB-6d568bee-175f-4dcb-9d3a-0f3e8f35de07.parquet,TeamB-6d568bee-175f-4dcb-9d3a-0f3e8f35de07,TeamB,2021-11-06 00:00:00,24.480017999999998,84.62166666666671,4.386233265399911,507650,50766,0,0.0,True,,
2021-11-06-TeamB-70b74270-f655-43cc-a188-1ebc7a828b95.parquet,TeamB-70b74270-f655-43cc-a188-1ebc7a828b95,TeamB,2021-11-06 00:00:00,24.2000208,84.72166666666672,3.6740818555000034,508260,50827,0,0.0,True,,
2021-11-06-TeamB-7ab47f4e-6eca-4793-880f-6a0dad3459c3.parquet,TeamB-7ab47f4e-6eca-4793-880f-6a0dad3459c3,TeamB,2021-11-06 00:00:00,23.7000204,85.71333333333327,3.1523867141999453,514285,51429,1,1.9444660496227734e-05,True,,
2021-11-06-TeamB-7d41e602-eece-328b-ff7b-118e820865d6.parquet,TeamB-7d41e602-eece-328b-ff7b-118e820865d6,TeamB,2021-11-06 00:00:00,24.9500196,79.33166666666669,3.6597387804000436,475905,47591,0,0.0,True,,
2021-11-06-TeamB-9c845827-99f9-47f4-977d-2200a107a013.parquet,TeamB-9c845827-99f9-47f4-977d-2200a107a013,TeamB,2021-11-06 00:00:00,20.2000176,71.54499999999994,1.355875825700026,429210,42922,0,0.0,True,,
2021-11-06-TeamB-ab5ec6e5-b0f3-401e-8dc5-aa6c5070e255.parquet,TeamB-ab5ec6e5-b0f3-401e-8dc5-aa6c5070e255,TeamB,2021-11-06 00:00:00,25.6200192,89.12333333333336,4.336932666900029,534565,53457,0,0.0,True,,
2021-11-06-TeamB-ab691983-3544-4a0e-8f70-db44d85cb907.parquet,TeamB-ab691983-3544-4a0e-8f70-db44d85cb907,TeamB,2021-11-06 00:00:00,21.1400172,74.72333333333336,2.3127846391001032,448280,44829,0,0.0,True,,
2021-11-06-TeamB-afc13e53-2c77-48cb-8a78-743663bbb84f.parquet,TeamB-afc13e53-2c77-48cb-8a78-743663bbb84f,TeamB,2021-11-06 00:00:00,24.7500216,54.72000000000007,3.0424774524999934,328300,32831,1,3.045994517209869e-05,True,,
2021-11-06-TeamB-afc13e53-2c77-48cb-8a78-743663bbb84f.parquet,TeamB-afc13e53-2c77-48cb-8a78-743663bbb84f,TeamB,2021-11-06 00:00:00,20.6900172,72.53499999999998,3.0323274523998904,435210,43522,1,2.2977413202821626e-05,True,,
2021-11-06-TeamB-d9501f3a-aaa1-4311-8b8b-3a8d3f21480f.parquet,TeamB-d9501f3a-aaa1-4311-8b8b-3a8d3f21480f,TeamB,2021-11-06 00:00:00,19.1800152,69.80666666666669,1.8855629176999846,418765,41877,0,0.0,True,,
2021-11-06-TeamB-e4321aef-964a-4fdd-88bd-0bd548b0e93b.parquet,TeamB-e4321aef-964a-4fdd-88bd-0bd548b0e93b,TeamB,2021-11-06 00:00:00,24.82002,73.1066666666667,2.6948288469997617,438520,43853,0,0.0,True,,
2021-11-07-TeamB-29c5271b-5c46-455e-91ea-da2abfa8ff3c.parquet,TeamB-29c5271b-5c46-455e-91ea-da2abfa8ff3c,TeamB,2021-11-07 00:00:00,27.7800228,128.90833333333322,10.961354654100058,773285,77329,1,1.2931926339747568e-05,True,,
2021-11-07-TeamB-2f23d7d5-2326-49ce-b9c8-5a6303f785c5.parquet,TeamB-2f23d7d5-2326-49ce-b9c8-5a6303f785c5,TeamB,2021-11-07 00:00:00,29.370024000000004,129.91666666666666,11.067488350600202,779389,77940,0,0.0,True,,
2021-11-07-TeamB-4405bb1f-56f7-48ba-bfa8-e795e4006952.parquet,TeamB-4405bb1f-56f7-48ba-bfa8-e795e4006952,TeamB,2021-11-07 00:00:00,26.320021200000003,119.47166666666672,10.464418985200101,716690,71670,0,0.0,True,,
2021-11-07-TeamB-4b1e23d2-4204-4e16-9991-e0490649079b.parquet,TeamB-4b1e23d2-4204-4e16-9991-e0490649079b,TeamB,2021-11-07 00:00:00,24.8900184,79.09166666666667,5.253158682999857,474544,47455,1,2.107303915370675e-05,True,,
2021-11-07-TeamB-70b74270-f655-43cc-a188-1ebc7a828b95.parquet,TeamB-70b74270-f655-43cc-a188-1ebc7a828b95,TeamB,2021-11-07 00:00:00,28.860022800000003,129.50333333333327,12.664667416599967,776920,77693,0,0.0,True,,
2021-11-07-TeamB-7ab47f4e-6eca-4793-880f-6a0dad3459c3.parquet,TeamB-7ab47f4e-6eca-4793-880f-6a0dad3459c3,TeamB,2021-11-07 00:00:00,22.8300192,144.65500000000006,5.003498773699988,867780,86779,0,0.0,True,,
2021-11-07-TeamB-7d41e602-eece-328b-ff7b-118e820865d6.parquet,TeamB-7d41e602-eece-328b-ff7b-118e820865d6,TeamB,2021-11-07 00:00:00,25.740021600000002,172.18333333333345,10.909698770600212,1033090,103310,1,9.679698767774347e-06,True,,
2021-11-07-TeamB-9c845827-99f9-47f4-977d-2200a107a013.parquet,TeamB-9c845827-99f9-47f4-977d-2200a107a013,TeamB,2021-11-07 00:00:00,32.500026,50.63333333333333,4.395547434899901,303725,30373,0,0.0,False,max_speed_over_32_kmh,
2021-11-07-TeamB-afc13e53-2c77-48cb-8a78-743663bbb84f.parquet,TeamB-afc13e53-2c77-48cb-8a78-743663bbb84f,TeamB,2021-11-07 00:00:00,25.550020800000002,148.6816666666667,12.914585405099992,891995,89200,0,0.0,True,,
2021-11-07-TeamB-afc13e53-2c77-48cb-8a78-743663bbb84f.parquet,TeamB-afc13e53-2c77-48cb-8a78-743663bbb84f,TeamB,2021-11-07 00:00:00,29.480022,137.4933333333333,10.17190654209964,824950,82496,1,1.2121946784653615e-05,True,,
2021-11-07-TeamB-d9501f3a-aaa1-4311-8b8b-3a8d3f21480f.parquet,TeamB-d9501f3a-aaa1-4311-8b8b-3a8d3f21480f,TeamB,2021-11-07 00:00:00,27.8100216,64.29166666666667,5.0707807541999355,385675,38568,0,0.0,True,,
2021-11-07-TeamB-e4321aef-964a-4fdd-88bd-0bd548b0e93b.parquet,TeamB-e4321aef-964a-4fdd-88bd-0bd548b0e93b,TeamB,2021-11-07 00:00:00,26.500021200000003,128.6316666666667,8.92817551829989,771715,77172,0,0.0,True,,
2021-11-09-TeamB-29c5271b-5c46-455e-91ea-da2abfa8ff3c.parquet,TeamB-29c5271b-5c46-455e-91ea-da2abfa8ff3c,TeamB,2021-11-09 00:00:00,21.5700156,142.7350000000001,4.080988009900074,856235,85624,0,0.0,True,,
2021-11-09-TeamB-4405bb1f-56f7-48ba-bfa8-e795e4006952.parquet,TeamB-4405bb1f-56f7-48ba-bfa8-e795e4006952,TeamB,2021-11-09 00:00:00,21.7400184,82.38333333333334,3.9265215114999914,494280,49429,1,2.0231447762401877e-05,True,,
2021-11-09-TeamB-4b1e23d2-4204-4e16-9991-e0490649079b.parquet,TeamB-4b1e23d2-4204-4e16-9991-e0490649079b,TeamB,2021-11-09 00:00:00,22.270017600000003,115.73833333333339,4.763658298600218,694320,69433,0,0.0,True,,
2021-11-09-TeamB-5eba590a-cecb-400f-a92e-08224c7e2e59.parquet,TeamB-5eba590a-cecb-400f-a92e-08224c7e2e59,TeamB,2021-11-09 00:00:00,20.1100176,84.01500000000014,3.3560115969000632,504080,50409,1,1.9838120933185207e-05,True,,
2021-11-09-TeamB-7ab47f4e-6eca-4793-880f-6a0dad3459c3.parquet,TeamB-7ab47f4e-6eca-4793-880f-6a0dad3459c3,TeamB,2021-11-09 00:00:00,23.4800172,110.87000000000008,5.37067350130007,665210,66522,1,1.5032846770192871e-05,True,,
2021-11-09-TeamB-ab5ec6e5-b0f3-401e-8dc5-aa6c5070e255.parquet,TeamB-ab5ec6e5-b0f3-401e-8dc5-aa6c5070e255,TeamB,2021-11-09 00:00:00,21.710016000000003,92.05666666666669,3.939779575499925,552130,55214,0,0.0,True,,
2021-11-09-TeamB-ab691983-3544-4a0e-8f70-db44d85cb907.parquet,TeamB-ab691983-3544-4a0e-8f70-db44d85cb907,TeamB,2021-11-09 00:00:00,1.9800000000000002,1.5733333333333577,0.0013852789000097336,9350,936,0,0.0,True,,
2021-11-09-TeamB-afc13e53-2c77-48cb-8a78-743663bbb84f.parquet,TeamB-afc13e53-2c77-48cb-8a78-743663bbb84f,TeamB,2021-11-09 00:00:00,18.9600156,58.88166666666681,2.743435547199983,353290,35330,1,2.8305358204308074e-05,True,,
2021-11-09-TeamB-f67673c0-d467-4832-9519-55133a2647e5.parquet,TeamB-f67673c0-d467-4832-9519-55133a2647e5,TeamB,2021-11-09 00:00:00,21.0000168,86.22333333333336,3.0389157924999393,517270,51728,0,0.0,True,,
2021-11-10-TeamB-29c5271b-5c46-455e-91ea-da2abfa8ff3c.parquet,TeamB-29c5271b-5c46-455e-91ea-da2abfa8ff3c,TeamB,2021-11-10 00:00:00,41.4,181.32000000000008,11.952874157300181,1087850,108785,1,9.192528312987204e-06,False,max_speed_over_32_kmh,
2021-11-10-TeamB-2f23d7d5-2326-49ce-b9c8-5a6303f785c5.parquet,TeamB-2f23d7d5-2326-49ce-b9c8-5a6303f785c5,TeamB,2021-11-10 00:00:00,25.820020799999998,98.40166666666664,5.55120336700029,590410,59042,1,1.6937382496908926e-05,True,,
2021-11-10-TeamB-4405bb1f-56f7-48ba-bfa8-e795e4006952.parquet,TeamB-4405bb1f-56f7-48ba-bfa8-e795e4006952,TeamB,2021-11-10 00:00:00,23.65002,87.40833333333322,4.936308987600038,523930,52394,42,0.000801633806042792,True,,
2021-11-10-TeamB-4b1e23d2-4204-4e16-9991-e0490649079b.parquet,TeamB-4b1e23d2-4204-4e16-9991-e0490649079b,TeamB,2021-11-10 00:00:00,22.7600172,121.49833333333348,7.240927515799882,728960,72897,1,1.3718173836698859e-05,True,,
2021-11-10-TeamB-7d41e602-eece-328b-ff7b-118e820865d6.parquet,TeamB-7d41e602-eece-328b-ff7b-118e820865d6,TeamB,2021-11-10 00:00:00,19.120014,43.45666666666681,1.4618881276999185,260740,26075,1,3.835238168290251e-05,True,,
2021-11-10-TeamB-ab691983-3544-4a0e-8f70-db44d85cb907.parquet,TeamB-ab691983-3544-4a0e-8f70-db44d85cb907,TeamB,2021-11-10 00:00:00,19.100016,26.08666666666662,1.1343831388000873,156440,15645,0,0.0,True,,
2021-11-10-TeamB-e4321aef-964a-4fdd-88bd-0bd548b0e93b.parquet,TeamB-e4321aef-964a-4fdd-88bd-0bd548b0e93b,TeamB,2021-11-10 00:00:00,26.240022,93.67000000000007,5.6850618042000285,561915,56192,0,0.0,True,,
2021-11-10-TeamB-f67673c0-d467-4832-9519-55133a2647e5.parquet,TeamB-f67673c0-d467-4832-9519-55133a2647e5,TeamB,2021-11-10 00:00:00,18.690015600000002,91.09000000000002,3.8992734292998503,546470,54648,0,0.0,True,,
2021-11-12-TeamB-29c5271b-5c46-455e-91ea-da2abfa8ff3c.parquet,TeamB-29c5271b-5c46-455e-91ea-da2abfa8ff3c,TeamB,2021-11-12 00:00:00,23.3200188,75.52666666666677,3.9623443179000506,453100,45311,1,2.2070183182520416e-05,True,,
2021-11-12-TeamB-2f23d7d5-2326-49ce-b9c8-5a6303f785c5.parquet,TeamB-2f23d7d5-2326-49ce-b9c8-5a6303f785c5,TeamB,2021-11-12 00:00:00,22.3000164,77.37833333333329,4.117074995099834,464170,46418,0,0.0,True,,
2021-11-12-TeamB-4405bb1f-56f7-48ba-bfa8-e795e4006952.parquet,TeamB-4405bb1f-56f7-48ba-bfa8-e795e4006952,TeamB,2021-11-12 00:00:00,24.0900192,77.825,4.149618063999985,466950,46696,1,2.141556911874933e-05,True,,
2021-11-12-TeamB-5a921187-19c7-8df4-8f4f-f31e78de5857.parquet,TeamB-5a921187-19c7-8df4-8f4f-f31e78de5857,TeamB,2021-11-12 00:00:00,24.2200188,79.40166666666664,4.439300803499961,476390,47640,1,2.0991204685236885e-05,True,,
2021-11-12-TeamB-6d568bee-175f-4dcb-9d3a-0f3e8f35de07.parquet,TeamB-6d568bee-175f-4dcb-9d3a-0f3e8f35de07,TeamB,2021-11-12 00:00:00,26.6300208,77.24000000000002,4.783683037700043,463350,46336,0,0.0,True,,
2021-11-12-TeamB-70b74270-f655-43cc-a188-1ebc7a828b95.parquet,TeamB-70b74270-f655-43cc-a188-1ebc7a828b95,TeamB,2021-11-12 00:00:00,27.540021600000003,77.94833333333335,4.87324336630004,467610,46762,0,0.0,True,,
2021-11-12-TeamB-7ab47f4e-6eca-4793-880f-6a0dad3459c3.parquet,TeamB-7ab47f4e-6eca-4793-880f-6a0dad3459c3,TeamB,2021-11-12 00:00:00,21.9200184,79.86666666666666,4.649220415100006,479190,47920,1,2.086854900978735e-05,True,,
2021-11-12-TeamB-7d41e602-eece-328b-ff7b-118e820865d6.parquet,TeamB-7d41e602-eece-328b-ff7b-118e820865d6,TeamB,2021-11-12 00:00:00,23.6200176,66.1566666666667,4.328660161500095,396840,39685,0,0.0,True,,
2021-11-12-TeamB-9c845827-99f9-47f4-977d-2200a107a013.parquet,TeamB-9c845827-99f9-47f4-977d-2200a107a013,TeamB,2021-11-12 00:00:00,25.1200188,70.57166666666672,3.1998900875998872,423370,42338,0,0.0,True,,
2021-11-12-TeamB-ab5ec6e5-b0f3-401e-8dc5-aa6c5070e255.parquet,TeamB-ab5ec6e5-b0f3-401e-8dc5-aa6c5070e255,TeamB,2021-11-12 00:00:00,26.2900224,80.5316666666667,4.9300984203000935,483160,48317,1,2.0697077572646744e-05,True,,
2021-11-12-TeamB-ab691983-3544-4a0e-8f70-db44d85cb907.parquet,TeamB-ab691983-3544-4a0e-8f70-db44d85cb907,TeamB,2021-11-12 00:00:00,22.920019200000002,75.20333333333329,4.492261401399994,451140,45115,0,0.0,True,,
2021-11-12-TeamB-afc13e53-2c77-48cb-8a78-743663bbb84f.parquet,TeamB-afc13e53-2c77-48cb-8a78-743663bbb84f,TeamB,2021-11-12 00:00:00,22.7600172,70.02166666666672,4.040375205400181,420090,42010,0,0.0,True,,
2021-11-12-TeamB-afc13e53-2c77-48cb-8a78-743663bbb84f.parquet,TeamB-afc13e53-2c77-48cb-8a78-743663bbb84f,TeamB,2021-11-12 00:00:00,23.640019199999998,78.76333333333338,4.664672375800106,472579,47259,1,2.1160438444284565e-05,True,,
2021-11-12-TeamB-d9501f3a-aaa1-4311-8b8b-3a8d3f21480f.parquet,TeamB-d9501f3a-aaa1-4311-8b8b-3a8d3f21480f,TeamB,2021-11-12 00:00:00,23.9000184,78.90500000000004,4.646365974199829,473340,47335,0,0.0,True,,
2021-11-12-TeamB-e4321aef-964a-4fdd-88bd-0bd548b0e93b.parquet,TeamB-e4321aef-964a-4fdd-88bd-0bd548b0e93b,TeamB,2021-11-12 00:00:00,24.2000208,79.23833333333339,4.409362446100162,475350,47536,0,0.0,True,,
2021-11-12-TeamB-f67673c0-d467-4832-9519-55133a2647e5.parquet,TeamB-f67673c0-d467-4832-9519-55133a2647e5,TeamB,2021-11-12 00:00:00,18.7100136,79.35333333333328,3.7627022142000643,476050,47606,0,0.0,True,,
2021-11-13-TeamB-29c5271b-5c46-455e-91ea-da2abfa8ff3c.parquet,TeamB-29c5271b-5c46-455e-91ea-da2abfa8ff3c,TeamB,2021-11-13 00:00:00,28.580022,127.50999999999998,10.694855273500053,765000,76500,1,1.3072066301520282e-05,True,,
2021-11-13-TeamB-2f23d7d5-2326-49ce-b9c8-5a6303f785c5.parquet,TeamB-2f23d7d5-2326-49ce-b9c8-5a6303f785c5,TeamB,2021-11-13 00:00:00,28.0500228,119.59833333333336,10.242632974100008,717590,71760,1,1.3935534218704273e-05,True,,
2021-11-13-TeamB-5eba590a-cecb-400f-a92e-08224c7e2e59.parquet,TeamB-5eba590a-cecb-400f-a92e-08224c7e2e59,TeamB,2021-11-13 00:00:00,26.35002,103.76000000000022,7.327988401999877,622230,62224,25,0.00040178069202706393,True,,
2021-11-13-TeamB-6d568bee-175f-4dcb-9d3a-0f3e8f35de07.parquet,TeamB-6d568bee-175f-4dcb-9d3a-0f3e8f35de07,TeamB,2021-11-13 00:00:00,28.3200228,128.8466666666666,7.403754841300147,773079,77309,1,1.2935271899415325e-05,True,,
2021-11-13-TeamB-70b74270-f655-43cc-a188-1ebc7a828b95.parquet,TeamB-70b74270-f655-43cc-a188-1ebc7a828b95,TeamB,2021-11-13 00:00:00,28.800021600000004,121.53666666666662,11.208547352399854,729100,72911,0,0.0,True,,
2021-11-13-TeamB-7d41e602-eece-328b-ff7b-118e820865d6.parquet,TeamB-7d41e602-eece-328b-ff7b-118e820865d6,TeamB,2021-11-13 00:00:00,26.9300232,164.35500000000005,9.332916972700184,986010,98602,0,0.0,True,,
2021-11-13-TeamB-9c845827-99f9-47f4-977d-2200a107a013.parquet,TeamB-9c845827-99f9-47f4-977d-2200a107a013,TeamB,2021-11-13 00:00:00,30.840026400000003,118.02333333333335,8.416452337899981,707880,70789,0,0.0,True,,
2021-11-13-TeamB-ab5ec6e5-b0f3-401e-8dc5-aa6c5070e255.parquet,TeamB-ab5ec6e5-b0f3-401e-8dc5-aa6c5070e255,TeamB,2021-11-13 00:00:00,28.580022,54.379999999999924,5.424542147499895,326250,32626,1,3.065134099616858e-05,True,,
2021-11-13-TeamB-ab691983-3544-4a0e-8f70-db44d85cb907.parquet,TeamB-ab691983-3544-4a0e-8f70-db44d85cb907,TeamB,2021-11-13 00:00:00,22.650019200000003,21.978333333333286,2.0892658505000727,131810,13182,0,0.0,True,,
2021-11-13-TeamB-afc13e53-2c77-48cb-8a78-743663bbb84f.parquet,TeamB-afc13e53-2c77-48cb-8a78-743663bbb84f,TeamB,2021-11-13 00:00:00,25.1200188,186.35666666666668,12.833847271900137,1118000,111801,0,0.0,True,,
2021-11-13-TeamB-afc13e53-2c77-48cb-8a78-743663bbb84f.parquet,TeamB-afc13e53-2c77-48cb-8a78-743663bbb84f,TeamB,2021-11-13 00:00:00,28.570021200000003,124.9816666666667,10.020680305400042,749880,74989,1,1.3335467008054622e-05,True,,
2021-11-13-TeamB-d9501f3a-aaa1-4311-8b8b-3a8d3f21480f.parquet,TeamB-d9501f3a-aaa1-4311-8b8b-3a8d3f21480f,TeamB,2021-11-13 00:00:00,30.010024800000004,49.35,3.7582277486999147,296009,29602,0,0.0,True,,
2021-11-15-TeamB-29c5271b-5c46-455e-91ea-da2abfa8ff3c.parquet,TeamB-29c5271b-5c46-455e-91ea-da2abfa8ff3c,TeamB,2021-11-15 00:00:00,21.530016,92.53000000000017,4.744151883800116,555075,55508,1,1.801574576179581e-05,True,,
2021-11-15-TeamB-2f23d7d5-2326-49ce-b9c8-5a6303f785c5.parquet,TeamB-2f23d7d5-2326-49ce-b9c8-5a6303f785c5,TeamB,2021-11-15 00:00:00,22.8100176,86.02166666666672,4.870832265499995,516030,51604,0,0.0,True,,
2021-11-15-TeamB-4b1e23d2-4204-4e16-9991-e0490649079b.parquet,TeamB-4b1e23d2-4204-4e16-9991-e0490649079b,TeamB,2021-11-15 00:00:00,20.080015200000002,121.65500000000004,6.414919627800036,729820,72983,0,0.0,True,,
2021-11-15-TeamB-70b74270-f655-43cc-a188-1ebc7a828b95.parquet,TeamB-70b74270-f655-43cc-a188-1ebc7a828b95,TeamB,2021-11-15 00:00:00,27.3700224,85.60333333333328,4.715769358900008,513390,51340,0,0.0,True,,
2021-11-15-TeamB-7ab47f4e-6eca-4793-880f-6a0dad3459c3.parquet,TeamB-7ab47f4e-6eca-4793-880f-6a0dad3459c3,TeamB,2021-11-15 00:00:00,23.8400208,95.45833333333333,5.567433938200336,572675,57268,0,0.0,True,,
2021-11-15-TeamB-7d41e602-eece-328b-ff7b-118e820865d6.parquet,TeamB-7d41e602-eece-328b-ff7b-118e820865d6,TeamB,2021-11-15 00:00:00,24.8500188,82.98666666666662,4.360061851200106,497820,49783,0,0.0,True,,
2021-11-15-TeamB-afc13e53-2c77-48cb-8a78-743663bbb84f.parquet,TeamB-afc13e53-2c77-48cb-8a78-743663bbb84f,TeamB,2021-11-15 00:00:00,24.5800188,87.91999999999994,4.799824166800122,527520,52753,1,1.8956627236882015e-05,True,,
2021-11-15-TeamB-e4321aef-964a-4fdd-88bd-0bd548b0e93b.parquet,TeamB-e4321aef-964a-4fdd-88bd-0bd548b0e93b,TeamB,2021-11-15 00:00:00,22.9000176,88.11999999999995,5.501627219999938,528620,52863,0,0.0,True,,
2021-11-16-TeamB-afc13e53-2c77-48cb-8a78-743663bbb84f.parquet,TeamB-afc13e53-2c77-48cb-8a78-743663bbb84f,TeamB,2021-11-16 00:00:00,20.810016,77.48500000000004,4.405167163900071,464910,46492,1,2.1509539480759717e-05,True,,
2021-11-17-TeamB-7ab47f4e-6eca-4793-880f-6a0dad3459c3.parquet,TeamB-7ab47f4e-6eca-4793-880f-6a0dad3459c3,TeamB,2021-11-17 00:00:00,7.320006,9.290000000000024,0.35705528809995407,55660,5567,0,0.0,True,,
2021-11-18-TeamB-7ab47f4e-6eca-4793-880f-6a0dad3459c3.parquet,TeamB-7ab47f4e-6eca-4793-880f-6a0dad3459c3,TeamB,2021-11-18 00:00:00,7.3800072000000005,33.35,0.48847011489995645,200009,20002,0,0.0,True,,
2021-11-19-TeamB-7ab47f4e-6eca-4793-880f-6a0dad3459c3.parquet,TeamB-7ab47f4e-6eca-4793-880f-6a0dad3459c3,TeamB,2021-11-19 00:00:00,6.3800064,137.925,0.537471548099947,827430,82744,0,0.0,True,,
