srpe,rpe,duration,date,player_name,team,srpe_reconstructed,srpe_difference,srpe_matches
240,4,60,2021-08-30,TeamB-08e35b7b-d2ad-411f-a0de-4e663f14c3c3,TeamB,240,0,True
150,3,50,2021-09-09,TeamB-08e35b7b-d2ad-411f-a0de-4e663f14c3c3,TeamB,150,0,True
240,4,60,2021-09-10,TeamB-08e35b7b-d2ad-411f-a0de-4e663f14c3c3,TeamB,240,0,True
1200,10,120,2021-09-11,TeamB-08e35b7b-d2ad-411f-a0de-4e663f14c3c3,TeamB,1200,0,True
240,4,60,2021-09-12,TeamB-08e35b7b-d2ad-411f-a0de-4e663f14c3c3,TeamB,240,0,True
240,4,60,2021-09-13,TeamB-08e35b7b-d2ad-411f-a0de-4e663f14c3c3,TeamB,240,0,True
540,6,90,2021-09-20,TeamB-08e35b7b-d2ad-411f-a0de-4e663f14c3c3,TeamB,540,0,True
80,2,40,2021-09-21,TeamB-08e35b7b-d2ad-411f-a0de-4e663f14c3c3,TeamB,80,0,True
360,6,60,2021-09-22,TeamB-08e35b7b-d2ad-411f-a0de-4e663f14c3c3,TeamB,360,0,True
480,6,80,2021-09-23,TeamB-08e35b7b-d2ad-411f-a0de-4e663f14c3c3,TeamB,480,0,True
540,6,90,2021-09-24,TeamB-08e35b7b-d2ad-411f-a0de-4e663f14c3c3,TeamB,540,0,True
400,5,80,2021-09-25,TeamB-08e35b7b-d2ad-411f-a0de-4e663f14c3c3,TeamB,400,0,True
300,5,60,2021-09-27,TeamB-08e35b7b-d2ad-411f-a0de-4e663f14c3c3,TeamB,300,0,True
600,6,100,2021-09-28,TeamB-08e35b7b-d2ad-411f-a0de-4e663f14c3c3,TeamB,600,0,True
160,4,40,2021-09-29,TeamB-08e35b7b-d2ad-411f-a0de-4e663f14c3c3,TeamB,160,0,True
840,7,120,2021-09-29,TeamB-08e35b7b-d2ad-411f-a0de-4e663f14c3c3,TeamB,840,0,True
200,4,50,2021-09-30,TeamB-08e35b7b-d2ad-411f-a0de-4e663f14c3c3,TeamB,200,0,True
280,4,70,2021-10-01,TeamB-08e35b7b-d2ad-411f-a0de-4e663f14c3c3,TeamB,280,0,True
300,5,60,2021-10-04,TeamB-08e35b7b-d2ad-411f-a0de-4e663f14c3c3,TeamB,300,0,True
600,6,100,2021-10-05,TeamB-08e35b7b-d2ad-411f-a0de-4e663f14c3c3,TeamB,600,0,True
160,4,40,2021-10-05,TeamB-08e35b7b-d2ad-411f-a0de-4e663f14c3c3,TeamB,160,0,True
150,3,50,2021-10-06,TeamB-08e35b7b-d2ad-411f-a0de-4e663f14c3c3,TeamB,150,0,True
660,6,110,2021-10-06,TeamB-08e35b7b-d2ad-411f-a0de-4e663f14c3c3,TeamB,660,0,True
120,4,30,2021-10-07,TeamB-08e35b7b-d2ad-411f-a0de-4e663f14c3c3,TeamB,120,0,True
240,4,60,2021-10-08,TeamB-08e35b7b-d2ad-411f-a0de-4e663f14c3c3,TeamB,240,0,True
200,4,50,2021-10-10,TeamB-08e35b7b-d2ad-411f-a0de-4e663f14c3c3,TeamB,200,0,True
250,5,50,2021-10-11,TeamB-08e35b7b-d2ad-411f-a0de-4e663f14c3c3,TeamB,250,0,True
200,4,50,2021-10-12,TeamB-08e35b7b-d2ad-411f-a0de-4e663f14c3c3,TeamB,200,0,True
240,6,40,2021-10-13,TeamB-08e35b7b-d2ad-411f-a0de-4e663f14c3c3,TeamB,240,0,True
300,6,50,2021-10-14,TeamB-08e35b7b-d2ad-411f-a0de-4e663f14c3c3,TeamB,300,0,True
280,7,40,2021-10-15,TeamB-08e35b7b-d2ad-411f-a0de-4e663f14c3c3,TeamB,280,0,True
360,6,60,2021-10-16,TeamB-08e35b7b-d2ad-411f-a0de-4e663f14c3c3,TeamB,360,0,True
150,5,30,2021-10-17,TeamB-08e35b7b-d2ad-411f-a0de-4e663f14c3c3,TeamB,150,0,True
280,7,40,2021-10-17,TeamB-08e35b7b-d2ad-411f-a0de-4e663f14c3c3,TeamB,280,0,True
280,4,70,2021-10-18,TeamB-08e35b7b-d2ad-411f-a0de-4e663f14c3c3,TeamB,280,0,True
210,7,30,2021-10-19,TeamB-08e35b7b-d2ad-411f-a0de-4e663f14c3c3,TeamB,210,0,True
700,7,100,2021-10-20,TeamB-08e35b7b-d2ad-411f-a0de-4e663f14c3c3,TeamB,700,0,True
630,7,90,2021-10-21,TeamB-08e35b7b-d2ad-411f-a0de-4e663f14c3c3,TeamB,630,0,True
630,7,90,2021-10-23,TeamB-08e35b7b-d2ad-411f-a0de-4e663f14c3c3,TeamB,630,0,True
630,7,90,2021-10-24,TeamB-08e35b7b-d2ad-411f-a0de-4e663f14c3c3,TeamB,630,0,True
280,7,40,2021-10-25,TeamB-08e35b7b-d2ad-411f-a0de-4e663f14c3c3,TeamB,280,0,True
360,6,60,2021-10-26,TeamB-08e35b7b-d2ad-411f-a0de-4e663f14c3c3,TeamB,360,0,True
400,8,50,2021-10-27,TeamB-08e35b7b-d2ad-411f-a0de-4e663f14c3c3,TeamB,400,0,True
540,6,90,2021-10-28,TeamB-08e35b7b-d2ad-411f-a0de-4e663f14c3c3,TeamB,540,0,True
280,4,70,2021-10-29,TeamB-08e35b7b-d2ad-411f-a0de-4e663f14c3c3,TeamB,280,0,True
280,7,40,2021-10-30,TeamB-08e35b7b-d2ad-411f-a0de-4e663f14c3c3,TeamB,280,0,True
630,7,90,2021-10-31,TeamB-08e35b7b-d2ad-411f-a0de-4e663f14c3c3,TeamB,630,0,True
250,5,50,2021-11-02,TeamB-08e35b7b-d2ad-411f-a0de-4e663f14c3c3,TeamB,250,0,True
420,7,60,2021-11-02,TeamB-08e35b7b-d2ad-411f-a0de-4e663f14c3c3,TeamB,420,0,True
300,5,60,2021-11-03,TeamB-08e35b7b-d2ad-411f-a0de-4e663f14c3c3,TeamB,300,0,True
60,2,30,2021-11-03,TeamB-08e35b7b-d2ad-411f-a0de-4e663f14c3c3,TeamB,60,0,True
560,7,80,2021-11-04,TeamB-08e35b7b-d2ad-411f-a0de-4e663f14c3c3,TeamB,560,0,True
350,5,70,2021-11-05,TeamB-08e35b7b-d2ad-411f-a0de-4e663f14c3c3,TeamB,350,0,True
630,7,90,2021-11-06,TeamB-08e35b7b-d2ad-411f-a0de-4e663f14c3c3,TeamB,630,0,True
350,5,70,2021-11-08,TeamB-08e35b7b-d2ad-411f-a0de-4e663f14c3c3,TeamB,350,0,True
350,7,50,2021-11-08,TeamB-08e35b7b-d2ad-411f-a0de-4e663f14c3c3,TeamB,350,0,True
300,5,60,2021-11-09,TeamB-08e35b7b-d2ad-411f-a0de-4e663f14c3c3,TeamB,300,0,True
350,7,50,2021-11-10,TeamB-08e35b7b-d2ad-411f-a0de-4e663f14c3c3,TeamB,350,0,True
300,5,60,2021-11-10,TeamB-08e35b7b-d2ad-411f-a0de-4e663f14c3c3,TeamB,300,0,True
540,6,90,2021-11-11,TeamB-08e35b7b-d2ad-411f-a0de-4e663f14c3c3,TeamB,540,0,True
300,5,60,2021-11-12,TeamB-08e35b7b-d2ad-411f-a0de-4e663f14c3c3,TeamB,300,0,True
420,7,60,2021-11-12,TeamB-08e35b7b-d2ad-411f-a0de-4e663f14c3c3,TeamB,420,0,True
300,5,60,2020-07-20,TeamB-29c5271b-5c46-455e-91ea-da2abfa8ff3c,TeamB,300,0,True
300,5,60,2020-07-21,TeamB-29c5271b-5c46-455e-91ea-da2abfa8ff3c,TeamB,300,0,True
30,1,30,2020-07-21,TeamB-29c5271b-5c46-455e-91ea-da2abfa8ff3c,TeamB,30,0,True
180,3,60,2020-07-22,TeamB-29c5271b-5c46-455e-91ea-da2abfa8ff3c,TeamB,180,0,True
360,6,60,2020-07-23,TeamB-29c5271b-5c46-455e-91ea-da2abfa8ff3c,TeamB,360,0,True
280,4,70,2020-07-24,TeamB-29c5271b-5c46-455e-91ea-da2abfa8ff3c,TeamB,280,0,True
540,6,90,2020-07-25,TeamB-29c5271b-5c46-455e-91ea-da2abfa8ff3c,TeamB,540,0,True
540,6,90,2020-07-27,TeamB-29c5271b-5c46-455e-91ea-da2abfa8ff3c,TeamB,540,0,True
120,3,40,2020-07-28,TeamB-29c5271b-5c46-455e-91ea-da2abfa8ff3c,TeamB,120,0,True
300,5,60,2020-07-29,TeamB-29c5271b-5c46-455e-91ea-da2abfa8ff3c,TeamB,300,0,True
280,4,70,2020-07-30,TeamB-29c5271b-5c46-455e-91ea-da2abfa8ff3c,TeamB,280,0,True
300,5,60,2020-07-31,TeamB-29c5271b-5c46-455e-91ea-da2abfa8ff3c,TeamB,300,0,True
280,7,40,2020-08-01,TeamB-29c5271b-5c46-455e-91ea-da2abfa8ff3c,TeamB,280,0,True
180,3,60,2020-08-02,TeamB-29c5271b-5c46-455e-91ea-da2abfa8ff3c,TeamB,180,0,True
90,3,30,2020-08-03,TeamB-29c5271b-5c46-455e-91ea-da2abfa8ff3c,TeamB,90,0,True
350,5,70,2020-08-04,TeamB-29c5271b-5c46-455e-91ea-da2abfa8ff3c,TeamB,350,0,True
300,5,60,2020-08-06,TeamB-29c5271b-5c46-455e-91ea-da2abfa8ff3c,TeamB,300,0,True
240,4,60,2020-08-07,TeamB-29c5271b-5c46-455e-91ea-da2abfa8ff3c,TeamB,240,0,True
300,5,60,2020-08-08,TeamB-29c5271b-5c46-455e-91ea-da2abfa8ff3c,TeamB,300,0,True
280,4,70,2020-08-10,TeamB-29c5271b-5c46-455e-91ea-da2abfa8ff3c,TeamB,280,0,True
300,5,60,2020-08-11,TeamB-29c5271b-5c46-455e-91ea-da2abfa8ff3c,TeamB,300,0,True
240,4,60,2020-08-13,TeamB-29c5271b-5c46-455e-91ea-da2abfa8ff3c,TeamB,240,0,True
240,4,60,2020-08-14,TeamB-29c5271b-5c46-455e-91ea-da2abfa8ff3c,TeamB,240,0,True
240,4,60,2020-08-15,TeamB-29c5271b-5c46-455e-91ea-da2abfa8ff3c,TeamB,240,0,True
100,5,20,2020-08-16,TeamB-29c5271b-5c46-455e-91ea-da2abfa8ff3c,TeamB,100,0,True
180,3,60,2020-08-17,TeamB-29c5271b-5c46-455e-91ea-da2abfa8ff3c,TeamB,180,0,True
240,4,60,2020-08-18,TeamB-29c5271b-5c46-455e-91ea-da2abfa8ff3c,TeamB,240,0,True
450,5,90,2020-08-19,TeamB-29c5271b-5c46-455e-91ea-da2abfa8ff3c,TeamB,450,0,True
140,2,70,2020-08-20,TeamB-29c5271b-5c46-455e-91ea-da2abfa8ff3c,TeamB,140,0,True
360,6,60,2020-08-21,TeamB-29c5271b-5c46-455e-91ea-da2abfa8ff3c,TeamB,360,0,True
40,4,10,2020-08-22,TeamB-29c5271b-5c46-455e-91ea-da2abfa8ff3c,TeamB,40,0,True
350,5,70,2020-08-24,TeamB-29c5271b-5c46-455e-91ea-da2abfa8ff3c,TeamB,350,0,True
240,4,60,2020-08-25,TeamB-29c5271b-5c46-455e-91ea-da2abfa8ff3c,TeamB,240,0,True
490,7,70,2020-08-26,TeamB-29c5271b-5c46-455e-91ea-da2abfa8ff3c,TeamB,490,0,True
40,1,40,2020-08-27,TeamB-29c5271b-5c46-455e-91ea-da2abfa8ff3c,TeamB,40,0,True
120,2,60,2020-08-29,TeamB-29c5271b-5c46-455e-91ea-da2abfa8ff3c,TeamB,120,0,True
630,7,90,2020-08-30,TeamB-29c5271b-5c46-455e-91ea-da2abfa8ff3c,TeamB,630,0,True
720,8,90,2020-08-31,TeamB-29c5271b-5c46-455e-91ea-da2abfa8ff3c,TeamB,720,0,True
180,3,60,2020-09-01,TeamB-29c5271b-5c46-455e-91ea-da2abfa8ff3c,TeamB,180,0,True
500,5,100,2020-09-02,TeamB-29c5271b-5c46-455e-91ea-da2abfa8ff3c,TeamB,500,0,True
210,3,70,2020-09-03,TeamB-29c5271b-5c46-455e-91ea-da2abfa8ff3c,TeamB,210,0,True
300,5,60,2020-09-04,TeamB-29c5271b-5c46-455e-91ea-da2abfa8ff3c,TeamB,300,0,True
280,4,70,2020-09-04,TeamB-29c5271b-5c46-455e-91ea-da2abfa8ff3c,TeamB,280,0,True
720,8,90,2020-09-05,TeamB-29c5271b-5c46-455e-91ea-da2abfa8ff3c,TeamB,720,0,True
240,4,60,2020-09-06,TeamB-29c5271b-5c46-455e-91ea-da2abfa8ff3c,TeamB,240,0,True
150,3,50,2020-09-07,TeamB-29c5271b-5c46-455e-91ea-da2abfa8ff3c,TeamB,150,0,True
320,4,80,2020-09-08,TeamB-29c5271b-5c46-455e-91ea-da2abfa8ff3c,TeamB,320,0,True
480,6,80,2020-09-09,TeamB-29c5271b-5c46-455e-91ea-da2abfa8ff3c,TeamB,480,0,True
350,5,70,2020-09-11,TeamB-29c5271b-5c46-455e-91ea-da2abfa8ff3c,TeamB,350,0,True
630,7,90,2020-09-12,TeamB-29c5271b-5c46-455e-91ea-da2abfa8ff3c,TeamB,630,0,True
720,6,120,2020-09-14,TeamB-29c5271b-5c46-455e-91ea-da2abfa8ff3c,TeamB,720,0,True
280,7,40,2020-09-15,TeamB-29c5271b-5c46-455e-91ea-da2abfa8ff3c,TeamB,280,0,True
300,5,60,2020-09-19,TeamB-29c5271b-5c46-455e-91ea-da2abfa8ff3c,TeamB,300,0,True
350,5,70,2020-09-20,TeamB-29c5271b-5c46-455e-91ea-da2abfa8ff3c,TeamB,350,0,True
550,5,110,2020-09-21,TeamB-29c5271b-5c46-455e-91ea-da2abfa8ff3c,TeamB,550,0,True
210,3,70,2020-09-21,TeamB-29c5271b-5c46-455e-91ea-da2abfa8ff3c,TeamB,210,0,True
240,4,60,2020-09-22,TeamB-29c5271b-5c46-455e-91ea-da2abfa8ff3c,TeamB,240,0,True
700,7,100,2020-09-24,TeamB-29c5271b-5c46-455e-91ea-da2abfa8ff3c,TeamB,700,0,True
420,6,70,2020-09-25,TeamB-29c5271b-5c46-455e-91ea-da2abfa8ff3c,TeamB,420,0,True
350,5,70,2020-09-26,TeamB-29c5271b-5c46-455e-91ea-da2abfa8ff3c,TeamB,350,0,True
810,9,90,2020-09-27,TeamB-29c5271b-5c46-455e-91ea-da2abfa8ff3c,TeamB,810,0,True
180,3,60,2020-09-29,TeamB-29c5271b-5c46-455e-91ea-da2abfa8ff3c,TeamB,180,0,True
300,5,60,2020-09-30,TeamB-29c5271b-5c46-455e-91ea-da2abfa8ff3c,TeamB,300,0,True
960,8,120,2020-09-30,TeamB-29c5271b-5c46-455e-91ea-da2abfa8ff3c,TeamB,960,0,True
240,4,60,2020-10-01,TeamB-29c5271b-5c46-455e-91ea-da2abfa8ff3c,TeamB,240,0,True
700,7,100,2020-10-01,TeamB-29c5271b-5c46-455e-91ea-da2abfa8ff3c,TeamB,700,0,True
630,7,90,2020-10-02,TeamB-29c5271b-5c46-455e-91ea-da2abfa8ff3c,TeamB,630,0,True
360,6,60,2020-10-02,TeamB-29c5271b-5c46-455e-91ea-da2abfa8ff3c,TeamB,360,0,True
150,3,50,2020-10-05,TeamB-29c5271b-5c46-455e-91ea-da2abfa8ff3c,TeamB,150,0,True
350,5,70,2020-10-05,TeamB-29c5271b-5c46-455e-91ea-da2abfa8ff3c,TeamB,350,0,True
240,4,60,2020-10-06,TeamB-29c5271b-5c46-455e-91ea-da2abfa8ff3c,TeamB,240,0,True
80,2,40,2020-10-08,TeamB-29c5271b-5c46-455e-91ea-da2abfa8ff3c,TeamB,80,0,True
180,3,60,2020-10-10,TeamB-29c5271b-5c46-455e-91ea-da2abfa8ff3c,TeamB,180,0,True
400,5,80,2020-10-10,TeamB-29c5271b-5c46-455e-91ea-da2abfa8ff3c,TeamB,400,0,True
160,4,40,2020-10-11,TeamB-29c5271b-5c46-455e-91ea-da2abfa8ff3c,TeamB,160,0,True
540,6,90,2020-10-13,TeamB-29c5271b-5c46-455e-91ea-da2abfa8ff3c,TeamB,540,0,True
180,3,60,2020-10-13,TeamB-29c5271b-5c46-455e-91ea-da2abfa8ff3c,TeamB,180,0,True
240,4,60,2020-10-14,TeamB-29c5271b-5c46-455e-91ea-da2abfa8ff3c,TeamB,240,0,True
630,7,90,2020-10-14,TeamB-29c5271b-5c46-455e-91ea-da2abfa8ff3c,TeamB,630,0,True
450,5,90,2020-10-16,TeamB-29c5271b-5c46-455e-91ea-da2abfa8ff3c,TeamB,450,0,True
300,5,60,2020-10-17,TeamB-29c5271b-5c46-455e-91ea-da2abfa8ff3c,TeamB,300,0,True
810,9,90,2020-10-18,TeamB-29c5271b-5c46-455e-91ea-da2abfa8ff3c,TeamB,810,0,True
40,1,40,2020-10-19,TeamB-29c5271b-5c46-455e-91ea-da2abfa8ff3c,TeamB,40,0,True
630,7,90,2020-10-22,TeamB-29c5271b-5c46-455e-91ea-da2abfa8ff3c,TeamB,630,0,True
540,6,90,2020-10-23,TeamB-29c5271b-5c46-455e-91ea-da2abfa8ff3c,TeamB,540,0,True
630,7,90,2020-10-23,TeamB-29c5271b-5c46-455e-91ea-da2abfa8ff3c,TeamB,630,0,True
360,4,90,2020-10-24,TeamB-29c5271b-5c46-455e-91ea-da2abfa8ff3c,TeamB,360,0,True
360,4,90,2020-10-26,TeamB-29c5271b-5c46-455e-91ea-da2abfa8ff3c,TeamB,360,0,True
630,7,90,2020-10-29,TeamB-29c5271b-5c46-455e-91ea-da2abfa8ff3c,TeamB,630,0,True
540,6,90,2020-10-30,TeamB-29c5271b-5c46-455e-91ea-da2abfa8ff3c,TeamB,540,0,True
240,4,60,2020-10-31,TeamB-29c5271b-5c46-455e-91ea-da2abfa8ff3c,TeamB,240,0,True
240,4,60,2020-10-31,TeamB-29c5271b-5c46-455e-91ea-da2abfa8ff3c,TeamB,240,0,True
810,9,90,2020-11-01,TeamB-29c5271b-5c46-455e-91ea-da2abfa8ff3c,TeamB,810,0,True
80,2,40,2020-11-02,TeamB-29c5271b-5c46-455e-91ea-da2abfa8ff3c,TeamB,80,0,True
120,3,40,2020-11-03,TeamB-29c5271b-5c46-455e-91ea-da2abfa8ff3c,TeamB,120,0,True
350,7,50,2020-11-04,TeamB-29c5271b-5c46-455e-91ea-da2abfa8ff3c,TeamB,350,0,True
180,3,60,2020-11-05,TeamB-29c5271b-5c46-455e-91ea-da2abfa8ff3c,TeamB,180,0,True
240,4,60,2020-11-06,TeamB-29c5271b-5c46-455e-91ea-da2abfa8ff3c,TeamB,240,0,True
720,8,90,2020-11-07,TeamB-29c5271b-5c46-455e-91ea-da2abfa8ff3c,TeamB,720,0,True
90,3,30,2020-11-09,TeamB-29c5271b-5c46-455e-91ea-da2abfa8ff3c,TeamB,90,0,True
240,4,60,2020-11-10,TeamB-29c5271b-5c46-455e-91ea-da2abfa8ff3c,TeamB,240,0,True
350,7,50,2020-11-11,TeamB-29c5271b-5c46-455e-91ea-da2abfa8ff3c,TeamB,350,0,True
120,3,40,2020-11-12,TeamB-29c5271b-5c46-455e-91ea-da2abfa8ff3c,TeamB,120,0,True
880,8,110,2020-11-14,TeamB-29c5271b-5c46-455e-91ea-da2abfa8ff3c,TeamB,880,0,True
800,8,100,2020-11-15,TeamB-29c5271b-5c46-455e-91ea-da2abfa8ff3c,TeamB,800,0,True
240,4,60,2020-11-16,TeamB-29c5271b-5c46-455e-91ea-da2abfa8ff3c,TeamB,240,0,True
810,9,90,2020-11-19,TeamB-29c5271b-5c46-455e-91ea-da2abfa8ff3c,TeamB,810,0,True
300,5,60,2020-11-21,TeamB-29c5271b-5c46-455e-91ea-da2abfa8ff3c,TeamB,300,0,True
810,9,90,2020-11-22,TeamB-29c5271b-5c46-455e-91ea-da2abfa8ff3c,TeamB,810,0,True
300,5,60,2021-01-18,TeamB-29c5271b-5c46-455e-91ea-da2abfa8ff3c,TeamB,300,0,True
720,8,90,2021-01-18,TeamB-29c5271b-5c46-455e-91ea-da2abfa8ff3c,TeamB,720,0,True
630,7,90,2021-01-20,TeamB-29c5271b-5c46-455e-91ea-da2abfa8ff3c,TeamB,630,0,True
210,7,30,2021-01-21,TeamB-29c5271b-5c46-455e-91ea-da2abfa8ff3c,TeamB,210,0,True
400,5,80,2021-01-22,TeamB-29c5271b-5c46-455e-91ea-da2abfa8ff3c,TeamB,400,0,True
350,7,50,2021-01-24,TeamB-29c5271b-5c46-455e-91ea-da2abfa8ff3c,TeamB,350,0,True
200,4,50,2021-01-24,TeamB-29c5271b-5c46-455e-91ea-da2abfa8ff3c,TeamB,200,0,True
360,6,60,2021-01-25,TeamB-29c5271b-5c46-455e-91ea-da2abfa8ff3c,TeamB,360,0,True
350,7,50,2021-01-26,TeamB-29c5271b-5c46-455e-91ea-da2abfa8ff3c,TeamB,350,0,True
420,6,70,2021-01-26,TeamB-29c5271b-5c46-455e-91ea-da2abfa8ff3c,TeamB,420,0,True
360,6,60,2021-01-28,TeamB-29c5271b-5c46-455e-91ea-da2abfa8ff3c,TeamB,360,0,True
300,5,60,2021-01-30,TeamB-29c5271b-5c46-455e-91ea-da2abfa8ff3c,TeamB,300,0,True
770,7,110,2021-02-01,TeamB-29c5271b-5c46-455e-91ea-da2abfa8ff3c,TeamB,770,0,True
630,7,90,2021-02-02,TeamB-29c5271b-5c46-455e-91ea-da2abfa8ff3c,TeamB,630,0,True
160,4,40,2021-02-02,TeamB-29c5271b-5c46-455e-91ea-da2abfa8ff3c,TeamB,160,0,True
180,3,60,2021-02-03,TeamB-29c5271b-5c46-455e-91ea-da2abfa8ff3c,TeamB,180,0,True
560,8,70,2021-02-04,TeamB-29c5271b-5c46-455e-91ea-da2abfa8ff3c,TeamB,560,0,True
1080,9,120,2021-02-07,TeamB-29c5271b-5c46-455e-91ea-da2abfa8ff3c,TeamB,1080,0,True
600,6,100,2021-02-08,TeamB-29c5271b-5c46-455e-91ea-da2abfa8ff3c,TeamB,600,0,True
350,5,70,2021-02-10,TeamB-29c5271b-5c46-455e-91ea-da2abfa8ff3c,TeamB,350,0,True
1200,10,120,2021-02-11,TeamB-29c5271b-5c46-455e-91ea-da2abfa8ff3c,TeamB,1200,0,True
480,8,60,2021-02-14,TeamB-29c5271b-5c46-455e-91ea-da2abfa8ff3c,TeamB,480,0,True
400,4,100,2021-02-17,TeamB-29c5271b-5c46-455e-91ea-da2abfa8ff3c,TeamB,400,0,True
630,7,90,2021-02-18,TeamB-29c5271b-5c46-455e-91ea-da2abfa8ff3c,TeamB,630,0,True
160,4,40,2021-02-18,TeamB-29c5271b-5c46-455e-91ea-da2abfa8ff3c,TeamB,160,0,True
350,5,70,2021-02-20,TeamB-29c5271b-5c46-455e-91ea-da2abfa8ff3c,TeamB,350,0,True
770,7,110,2021-02-21,TeamB-29c5271b-5c46-455e-91ea-da2abfa8ff3c,TeamB,770,0,True
490,7,70,2021-02-22,TeamB-29c5271b-5c46-455e-91ea-da2abfa8ff3c,TeamB,490,0,True
630,7,90,2021-02-26,TeamB-29c5271b-5c46-455e-91ea-da2abfa8ff3c,TeamB,630,0,True
720,8,90,2021-03-02,TeamB-29c5271b-5c46-455e-91ea-da2abfa8ff3c,TeamB,720,0,True
240,4,60,2021-03-02,TeamB-29c5271b-5c46-455e-91ea-da2abfa8ff3c,TeamB,240,0,True
700,7,100,2021-03-04,TeamB-29c5271b-5c46-455e-91ea-da2abfa8ff3c,TeamB,700,0,True
300,5,60,2021-03-04,TeamB-29c5271b-5c46-455e-91ea-da2abfa8ff3c,TeamB,300,0,True
450,5,90,2021-03-05,TeamB-29c5271b-5c46-455e-91ea-da2abfa8ff3c,TeamB,450,0,True
240,6,40,2021-03-08,TeamB-29c5271b-5c46-455e-91ea-da2abfa8ff3c,TeamB,240,0,True
630,7,90,2021-03-08,TeamB-29c5271b-5c46-455e-91ea-da2abfa8ff3c,TeamB,630,0,True
150,3,50,2021-03-09,TeamB-29c5271b-5c46-455e-91ea-da2abfa8ff3c,TeamB,150,0,True
600,6,100,2021-03-09,TeamB-29c5271b-5c46-455e-91ea-da2abfa8ff3c,TeamB,600,0,True
720,8,90,2021-03-11,TeamB-29c5271b-5c46-455e-91ea-da2abfa8ff3c,TeamB,720,0,True
720,8,90,2021-03-12,TeamB-29c5271b-5c46-455e-91ea-da2abfa8ff3c,TeamB,720,0,True
250,5,50,2021-03-13,TeamB-29c5271b-5c46-455e-91ea-da2abfa8ff3c,TeamB,250,0,True
630,7,90,2021-03-13,TeamB-29c5271b-5c46-455e-91ea-da2abfa8ff3c,TeamB,630,0,True
630,7,90,2021-03-15,TeamB-29c5271b-5c46-455e-91ea-da2abfa8ff3c,TeamB,630,0,True
160,4,40,2021-03-20,TeamB-29c5271b-5c46-455e-91ea-da2abfa8ff3c,TeamB,160,0,True
770,7,110,2021-03-22,TeamB-29c5271b-5c46-455e-91ea-da2abfa8ff3c,TeamB,770,0,True
770,7,110,2021-03-23,TeamB-29c5271b-5c46-455e-91ea-da2abfa8ff3c,TeamB,770,0,True
770,7,110,2021-03-25,TeamB-29c5271b-5c46-455e-91ea-da2abfa8ff3c,TeamB,770,0,True
770,7,110,2021-03-26,TeamB-29c5271b-5c46-455e-91ea-da2abfa8ff3c,TeamB,770,0,True
880,8,110,2021-03-27,TeamB-29c5271b-5c46-455e-91ea-da2abfa8ff3c,TeamB,880,0,True
660,6,110,2021-03-29,TeamB-29c5271b-5c46-455e-91ea-da2abfa8ff3c,TeamB,660,0,True
1260,7,180,2021-03-30,TeamB-29c5271b-5c46-455e-91ea-da2abfa8ff3c,TeamB,1260,0,True
600,6,100,2021-03-31,TeamB-29c5271b-5c46-455e-91ea-da2abfa8ff3c,TeamB,600,0,True
490,7,70,2021-04-10,TeamB-29c5271b-5c46-455e-91ea-da2abfa8ff3c,TeamB,490,0,True
1440,8,180,2021-04-12,TeamB-29c5271b-5c46-455e-91ea-da2abfa8ff3c,TeamB,1440,0,True
600,6,100,2021-04-13,TeamB-29c5271b-5c46-455e-91ea-da2abfa8ff3c,TeamB,600,0,True
450,5,90,2021-04-16,TeamB-29c5271b-5c46-455e-91ea-da2abfa8ff3c,TeamB,450,0,True
180,6,30,2021-04-17,TeamB-29c5271b-5c46-455e-91ea-da2abfa8ff3c,TeamB,180,0,True
450,5,90,2021-04-19,TeamB-29c5271b-5c46-455e-91ea-da2abfa8ff3c,TeamB,450,0,True
720,8,90,2021-04-20,TeamB-29c5271b-5c46-455e-91ea-da2abfa8ff3c,TeamB,720,0,True
60,2,30,2021-04-21,TeamB-29c5271b-5c46-455e-91ea-da2abfa8ff3c,TeamB,60,0,True
240,6,40,2021-04-24,TeamB-29c5271b-5c46-455e-91ea-da2abfa8ff3c,TeamB,240,0,True
660,6,110,2021-04-26,TeamB-29c5271b-5c46-455e-91ea-da2abfa8ff3c,TeamB,660,0,True
450,5,90,2021-04-29,TeamB-29c5271b-5c46-455e-91ea-da2abfa8ff3c,TeamB,450,0,True
720,8,90,2021-05-01,TeamB-29c5271b-5c46-455e-91ea-da2abfa8ff3c,TeamB,720,0,True
720,8,90,2021-05-03,TeamB-29c5271b-5c46-455e-91ea-da2abfa8ff3c,TeamB,720,0,True
700,7,100,2021-05-04,TeamB-29c5271b-5c46-455e-91ea-da2abfa8ff3c,TeamB,700,0,True
960,8,120,2021-05-05,TeamB-29c5271b-5c46-455e-91ea-da2abfa8ff3c,TeamB,960,0,True
450,5,90,2021-05-06,TeamB-29c5271b-5c46-455e-91ea-da2abfa8ff3c,TeamB,450,0,True
560,7,80,2021-05-08,TeamB-29c5271b-5c46-455e-91ea-da2abfa8ff3c,TeamB,560,0,True
320,4,80,2021-05-10,TeamB-29c5271b-5c46-455e-91ea-da2abfa8ff3c,TeamB,320,0,True
810,9,90,2021-05-11,TeamB-29c5271b-5c46-455e-91ea-da2abfa8ff3c,TeamB,810,0,True
350,5,70,2021-05-15,TeamB-29c5271b-5c46-455e-91ea-da2abfa8ff3c,TeamB,350,0,True
960,8,120,2021-05-19,TeamB-29c5271b-5c46-455e-91ea-da2abfa8ff3c,TeamB,960,0,True
630,7,90,2021-05-19,TeamB-29c5271b-5c46-455e-91ea-da2abfa8ff3c,TeamB,630,0,True
630,7,90,2021-05-21,TeamB-29c5271b-5c46-455e-91ea-da2abfa8ff3c,TeamB,630,0,True
450,5,90,2021-05-25,TeamB-29c5271b-5c46-455e-91ea-da2abfa8ff3c,TeamB,450,0,True
630,7,90,2021-05-26,TeamB-29c5271b-5c46-455e-91ea-da2abfa8ff3c,TeamB,630,0,True
720,8,90,2021-05-31,TeamB-29c5271b-5c46-455e-91ea-da2abfa8ff3c,TeamB,720,0,True
300,5,60,2021-05-31,TeamB-29c5271b-5c46-455e-91ea-da2abfa8ff3c,TeamB,300,0,True
630,7,90,2021-06-02,TeamB-29c5271b-5c46-455e-91ea-da2abfa8ff3c,TeamB,630,0,True
600,6,100,2021-06-21,TeamB-29c5271b-5c46-455e-91ea-da2abfa8ff3c,TeamB,600,0,True
360,6,60,2021-06-23,TeamB-29c5271b-5c46-455e-91ea-da2abfa8ff3c,TeamB,360,0,True
720,8,90,2021-06-26,TeamB-29c5271b-5c46-455e-91ea-da2abfa8ff3c,TeamB,720,0,True
280,4,70,2021-06-30,TeamB-29c5271b-5c46-455e-91ea-da2abfa8ff3c,TeamB,280,0,True
400,5,80,2021-07-04,TeamB-29c5271b-5c46-455e-91ea-da2abfa8ff3c,TeamB,400,0,True
360,6,60,2021-07-06,TeamB-29c5271b-5c46-455e-91ea-da2abfa8ff3c,TeamB,360,0,True
350,5,70,2021-07-06,TeamB-29c5271b-5c46-455e-91ea-da2abfa8ff3c,TeamB,350,0,True
720,8,90,2021-07-07,TeamB-29c5271b-5c46-455e-91ea-da2abfa8ff3c,TeamB,720,0,True
420,6,70,2021-07-09,TeamB-29c5271b-5c46-455e-91ea-da2abfa8ff3c,TeamB,420,0,True
810,9,90,2021-07-11,TeamB-29c5271b-5c46-455e-91ea-da2abfa8ff3c,TeamB,810,0,True
720,8,90,2021-08-02,TeamB-29c5271b-5c46-455e-91ea-da2abfa8ff3c,TeamB,720,0,True
420,6,70,2021-08-03,TeamB-29c5271b-5c46-455e-91ea-da2abfa8ff3c,TeamB,420,0,True
630,7,90,2021-08-05,TeamB-29c5271b-5c46-455e-91ea-da2abfa8ff3c,TeamB,630,0,True
350,5,70,2021-08-07,TeamB-29c5271b-5c46-455e-91ea-da2abfa8ff3c,TeamB,350,0,True
810,9,90,2021-08-07,TeamB-29c5271b-5c46-455e-91ea-da2abfa8ff3c,TeamB,810,0,True
630,7,90,2021-08-11,TeamB-29c5271b-5c46-455e-91ea-da2abfa8ff3c,TeamB,630,0,True
300,6,50,2021-08-11,TeamB-29c5271b-5c46-455e-91ea-da2abfa8ff3c,TeamB,300,0,True
720,9,80,2021-08-15,TeamB-29c5271b-5c46-455e-91ea-da2abfa8ff3c,TeamB,720,0,True
720,8,90,2021-08-24,TeamB-29c5271b-5c46-455e-91ea-da2abfa8ff3c,TeamB,720,0,True
350,5,70,2021-08-31,TeamB-29c5271b-5c46-455e-91ea-da2abfa8ff3c,TeamB,350,0,True
560,8,70,2021-09-09,TeamB-29c5271b-5c46-455e-91ea-da2abfa8ff3c,TeamB,560,0,True
150,3,50,2021-09-10,TeamB-29c5271b-5c46-455e-91ea-da2abfa8ff3c,TeamB,150,0,True
120,4,30,2021-09-11,TeamB-29c5271b-5c46-455e-91ea-da2abfa8ff3c,TeamB,120,0,True
360,6,60,2021-09-17,TeamB-29c5271b-5c46-455e-91ea-da2abfa8ff3c,TeamB,360,0,True
120,4,30,2021-09-18,TeamB-29c5271b-5c46-455e-91ea-da2abfa8ff3c,TeamB,120,0,True
360,6,60,2021-09-23,TeamB-29c5271b-5c46-455e-91ea-da2abfa8ff3c,TeamB,360,0,True
300,5,60,2021-09-25,TeamB-29c5271b-5c46-455e-91ea-da2abfa8ff3c,TeamB,300,0,True
720,8,90,2021-09-26,TeamB-29c5271b-5c46-455e-91ea-da2abfa8ff3c,TeamB,720,0,True
360,4,90,2021-09-28,TeamB-29c5271b-5c46-455e-91ea-da2abfa8ff3c,TeamB,360,0,True
630,7,90,2021-09-29,TeamB-29c5271b-5c46-455e-91ea-da2abfa8ff3c,TeamB,630,0,True
360,6,60,2021-09-29,TeamB-29c5271b-5c46-455e-91ea-da2abfa8ff3c,TeamB,360,0,True
720,8,90,2021-10-02,TeamB-29c5271b-5c46-455e-91ea-da2abfa8ff3c,TeamB,720,0,True
90,3,30,2021-10-03,TeamB-29c5271b-5c46-455e-91ea-da2abfa8ff3c,TeamB,90,0,True
300,5,60,2021-10-04,TeamB-29c5271b-5c46-455e-91ea-da2abfa8ff3c,TeamB,300,0,True
700,7,100,2021-10-06,TeamB-29c5271b-5c46-455e-91ea-da2abfa8ff3c,TeamB,700,0,True
250,5,50,2021-10-06,TeamB-29c5271b-5c46-455e-91ea-da2abfa8ff3c,TeamB,250,0,True
360,6,60,2021-10-12,TeamB-29c5271b-5c46-455e-91ea-da2abfa8ff3c,TeamB,360,0,True
1080,9,120,2021-10-13,TeamB-29c5271b-5c46-455e-91ea-da2abfa8ff3c,TeamB,1080,0,True
540,6,90,2021-10-15,TeamB-29c5271b-5c46-455e-91ea-da2abfa8ff3c,TeamB,540,0,True
800,8,100,2021-11-08,TeamB-29c5271b-5c46-455e-91ea-da2abfa8ff3c,TeamB,800,0,True
160,4,40,2020-01-09,TeamB-2f23d7d5-2326-49ce-b9c8-5a6303f785c5,TeamB,160,0,True
720,8,90,2020-01-09,TeamB-2f23d7d5-2326-49ce-b9c8-5a6303f785c5,TeamB,720,0,True
720,8,90,2020-01-10,TeamB-2f23d7d5-2326-49ce-b9c8-5a6303f785c5,TeamB,720,0,True
360,6,60,2020-01-11,TeamB-2f23d7d5-2326-49ce-b9c8-5a6303f785c5,TeamB,360,0,True
250,5,50,2020-01-14,TeamB-2f23d7d5-2326-49ce-b9c8-5a6303f785c5,TeamB,250,0,True
800,8,100,2020-01-14,TeamB-2f23d7d5-2326-49ce-b9c8-5a6303f785c5,TeamB,800,0,True
1080,9,120,2020-01-16,TeamB-2f23d7d5-2326-49ce-b9c8-5a6303f785c5,TeamB,1080,0,True
720,8,90,2020-01-17,TeamB-2f23d7d5-2326-49ce-b9c8-5a6303f785c5,TeamB,720,0,True
180,6,30,2020-01-22,TeamB-2f23d7d5-2326-49ce-b9c8-5a6303f785c5,TeamB,180,0,True
600,6,100,2020-01-23,TeamB-2f23d7d5-2326-49ce-b9c8-5a6303f785c5,TeamB,600,0,True
810,9,90,2020-01-26,TeamB-2f23d7d5-2326-49ce-b9c8-5a6303f785c5,TeamB,810,0,True
360,4,90,2020-01-28,TeamB-2f23d7d5-2326-49ce-b9c8-5a6303f785c5,TeamB,360,0,True
200,5,40,2020-01-28,TeamB-2f23d7d5-2326-49ce-b9c8-5a6303f785c5,TeamB,200,0,True
600,6,100,2020-01-30,TeamB-2f23d7d5-2326-49ce-b9c8-5a6303f785c5,TeamB,600,0,True
900,10,90,2020-01-31,TeamB-2f23d7d5-2326-49ce-b9c8-5a6303f785c5,TeamB,900,0,True
630,7,90,2020-02-03,TeamB-2f23d7d5-2326-49ce-b9c8-5a6303f785c5,TeamB,630,0,True
1080,9,120,2020-02-04,TeamB-2f23d7d5-2326-49ce-b9c8-5a6303f785c5,TeamB,1080,0,True
1080,9,120,2020-02-06,TeamB-2f23d7d5-2326-49ce-b9c8-5a6303f785c5,TeamB,1080,0,True
540,6,90,2020-02-07,TeamB-2f23d7d5-2326-49ce-b9c8-5a6303f785c5,TeamB,540,0,True
810,9,90,2020-02-08,TeamB-2f23d7d5-2326-49ce-b9c8-5a6303f785c5,TeamB,810,0,True
630,7,90,2020-02-10,TeamB-2f23d7d5-2326-49ce-b9c8-5a6303f785c5,TeamB,630,0,True
360,6,60,2020-02-11,TeamB-2f23d7d5-2326-49ce-b9c8-5a6303f785c5,TeamB,360,0,True
880,8,110,2020-02-11,TeamB-2f23d7d5-2326-49ce-b9c8-5a6303f785c5,TeamB,880,0,True
200,5,40,2020-02-13,TeamB-2f23d7d5-2326-49ce-b9c8-5a6303f785c5,TeamB,200,0,True
880,8,110,2020-02-13,TeamB-2f23d7d5-2326-49ce-b9c8-5a6303f785c5,TeamB,880,0,True
350,5,70,2020-02-14,TeamB-2f23d7d5-2326-49ce-b9c8-5a6303f785c5,TeamB,350,0,True
810,9,90,2020-02-16,TeamB-2f23d7d5-2326-49ce-b9c8-5a6303f785c5,TeamB,810,0,True
450,5,90,2020-02-17,TeamB-2f23d7d5-2326-49ce-b9c8-5a6303f785c5,TeamB,450,0,True
630,7,90,2020-02-18,TeamB-2f23d7d5-2326-49ce-b9c8-5a6303f785c5,TeamB,630,0,True
360,4,90,2020-02-20,TeamB-2f23d7d5-2326-49ce-b9c8-5a6303f785c5,TeamB,360,0,True
350,7,50,2020-02-20,TeamB-2f23d7d5-2326-49ce-b9c8-5a6303f785c5,TeamB,350,0,True
500,5,100,2020-02-22,TeamB-2f23d7d5-2326-49ce-b9c8-5a6303f785c5,TeamB,500,0,True
450,5,90,2020-02-23,TeamB-2f23d7d5-2326-49ce-b9c8-5a6303f785c5,TeamB,450,0,True
630,7,90,2020-02-23,TeamB-2f23d7d5-2326-49ce-b9c8-5a6303f785c5,TeamB,630,0,True
700,7,100,2020-02-24,TeamB-2f23d7d5-2326-49ce-b9c8-5a6303f785c5,TeamB,700,0,True
300,5,60,2020-02-24,TeamB-2f23d7d5-2326-49ce-b9c8-5a6303f785c5,TeamB,300,0,True
400,4,100,2020-02-25,TeamB-2f23d7d5-2326-49ce-b9c8-5a6303f785c5,TeamB,400,0,True
270,3,90,2020-02-25,TeamB-2f23d7d5-2326-49ce-b9c8-5a6303f785c5,TeamB,270,0,True
400,5,80,2020-02-26,TeamB-2f23d7d5-2326-49ce-b9c8-5a6303f785c5,TeamB,400,0,True
880,8,110,2020-02-27,TeamB-2f23d7d5-2326-49ce-b9c8-5a6303f785c5,TeamB,880,0,True
320,4,80,2020-03-02,TeamB-2f23d7d5-2326-49ce-b9c8-5a6303f785c5,TeamB,320,0,True
280,4,70,2020-03-03,TeamB-2f23d7d5-2326-49ce-b9c8-5a6303f785c5,TeamB,280,0,True
810,9,90,2020-03-04,TeamB-2f23d7d5-2326-49ce-b9c8-5a6303f785c5,TeamB,810,0,True
240,4,60,2020-03-06,TeamB-2f23d7d5-2326-49ce-b9c8-5a6303f785c5,TeamB,240,0,True
280,4,70,2020-03-09,TeamB-2f23d7d5-2326-49ce-b9c8-5a6303f785c5,TeamB,280,0,True
810,9,90,2020-03-10,TeamB-2f23d7d5-2326-49ce-b9c8-5a6303f785c5,TeamB,810,0,True
420,6,70,2020-03-14,TeamB-2f23d7d5-2326-49ce-b9c8-5a6303f785c5,TeamB,420,0,True
200,4,50,2020-03-15,TeamB-2f23d7d5-2326-49ce-b9c8-5a6303f785c5,TeamB,200,0,True
200,5,40,2020-03-16,TeamB-2f23d7d5-2326-49ce-b9c8-5a6303f785c5,TeamB,200,0,True
200,5,40,2020-03-18,TeamB-2f23d7d5-2326-49ce-b9c8-5a6303f785c5,TeamB,200,0,True
200,4,50,2020-03-19,TeamB-2f23d7d5-2326-49ce-b9c8-5a6303f785c5,TeamB,200,0,True
250,5,50,2020-03-20,TeamB-2f23d7d5-2326-49ce-b9c8-5a6303f785c5,TeamB,250,0,True
360,6,60,2020-03-22,TeamB-2f23d7d5-2326-49ce-b9c8-5a6303f785c5,TeamB,360,0,True
300,6,50,2020-03-24,TeamB-2f23d7d5-2326-49ce-b9c8-5a6303f785c5,TeamB,300,0,True
300,6,50,2020-03-26,TeamB-2f23d7d5-2326-49ce-b9c8-5a6303f785c5,TeamB,300,0,True
630,7,90,2020-03-28,TeamB-2f23d7d5-2326-49ce-b9c8-5a6303f785c5,TeamB,630,0,True
240,6,40,2020-03-30,TeamB-2f23d7d5-2326-49ce-b9c8-5a6303f785c5,TeamB,240,0,True
300,5,60,2020-03-30,TeamB-2f23d7d5-2326-49ce-b9c8-5a6303f785c5,TeamB,300,0,True
630,7,90,2020-03-31,TeamB-2f23d7d5-2326-49ce-b9c8-5a6303f785c5,TeamB,630,0,True
360,6,60,2020-04-02,TeamB-2f23d7d5-2326-49ce-b9c8-5a6303f785c5,TeamB,360,0,True
540,6,90,2020-04-03,TeamB-2f23d7d5-2326-49ce-b9c8-5a6303f785c5,TeamB,540,0,True
300,5,60,2020-04-04,TeamB-2f23d7d5-2326-49ce-b9c8-5a6303f785c5,TeamB,300,0,True
240,4,60,2020-04-05,TeamB-2f23d7d5-2326-49ce-b9c8-5a6303f785c5,TeamB,240,0,True
600,6,100,2020-04-07,TeamB-2f23d7d5-2326-49ce-b9c8-5a6303f785c5,TeamB,600,0,True
400,5,80,2020-04-10,TeamB-2f23d7d5-2326-49ce-b9c8-5a6303f785c5,TeamB,400,0,True
600,6,100,2020-04-11,TeamB-2f23d7d5-2326-49ce-b9c8-5a6303f785c5,TeamB,600,0,True
400,5,80,2020-04-14,TeamB-2f23d7d5-2326-49ce-b9c8-5a6303f785c5,TeamB,400,0,True
540,6,90,2020-04-24,TeamB-2f23d7d5-2326-49ce-b9c8-5a6303f785c5,TeamB,540,0,True
420,6,70,2020-04-27,TeamB-2f23d7d5-2326-49ce-b9c8-5a6303f785c5,TeamB,420,0,True
630,7,90,2020-04-28,TeamB-2f23d7d5-2326-49ce-b9c8-5a6303f785c5,TeamB,630,0,True
250,5,50,2020-04-29,TeamB-2f23d7d5-2326-49ce-b9c8-5a6303f785c5,TeamB,250,0,True
350,5,70,2020-04-30,TeamB-2f23d7d5-2326-49ce-b9c8-5a6303f785c5,TeamB,350,0,True
300,6,50,2020-05-18,TeamB-2f23d7d5-2326-49ce-b9c8-5a6303f785c5,TeamB,300,0,True
360,6,60,2020-05-20,TeamB-2f23d7d5-2326-49ce-b9c8-5a6303f785c5,TeamB,360,0,True
180,3,60,2020-05-21,TeamB-2f23d7d5-2326-49ce-b9c8-5a6303f785c5,TeamB,180,0,True
360,6,60,2020-05-22,TeamB-2f23d7d5-2326-49ce-b9c8-5a6303f785c5,TeamB,360,0,True
400,5,80,2020-05-23,TeamB-2f23d7d5-2326-49ce-b9c8-5a6303f785c5,TeamB,400,0,True
300,6,50,2020-05-24,TeamB-2f23d7d5-2326-49ce-b9c8-5a6303f785c5,TeamB,300,0,True
630,7,90,2020-05-26,TeamB-2f23d7d5-2326-49ce-b9c8-5a6303f785c5,TeamB,630,0,True
540,6,90,2020-05-28,TeamB-2f23d7d5-2326-49ce-b9c8-5a6303f785c5,TeamB,540,0,True
540,6,90,2020-05-29,TeamB-2f23d7d5-2326-49ce-b9c8-5a6303f785c5,TeamB,540,0,True
200,4,50,2020-05-30,TeamB-2f23d7d5-2326-49ce-b9c8-5a6303f785c5,TeamB,200,0,True
630,7,90,2020-06-01,TeamB-2f23d7d5-2326-49ce-b9c8-5a6303f785c5,TeamB,630,0,True
560,7,80,2020-06-02,TeamB-2f23d7d5-2326-49ce-b9c8-5a6303f785c5,TeamB,560,0,True
150,3,50,2020-06-03,TeamB-2f23d7d5-2326-49ce-b9c8-5a6303f785c5,TeamB,150,0,True
630,7,90,2020-06-04,TeamB-2f23d7d5-2326-49ce-b9c8-5a6303f785c5,TeamB,630,0,True
630,7,90,2020-06-05,TeamB-2f23d7d5-2326-49ce-b9c8-5a6303f785c5,TeamB,630,0,True
150,3,50,2020-06-06,TeamB-2f23d7d5-2326-49ce-b9c8-5a6303f785c5,TeamB,150,0,True
720,8,90,2020-06-08,TeamB-2f23d7d5-2326-49ce-b9c8-5a6303f785c5,TeamB,720,0,True
400,5,80,2020-06-09,TeamB-2f23d7d5-2326-49ce-b9c8-5a6303f785c5,TeamB,400,0,True
720,8,90,2020-06-10,TeamB-2f23d7d5-2326-49ce-b9c8-5a6303f785c5,TeamB,720,0,True
180,3,60,2020-06-11,TeamB-2f23d7d5-2326-49ce-b9c8-5a6303f785c5,TeamB,180,0,True
350,5,70,2020-06-12,TeamB-2f23d7d5-2326-49ce-b9c8-5a6303f785c5,TeamB,350,0,True
720,9,80,2020-06-13,TeamB-2f23d7d5-2326-49ce-b9c8-5a6303f785c5,TeamB,720,0,True
90,3,30,2020-06-15,TeamB-2f23d7d5-2326-49ce-b9c8-5a6303f785c5,TeamB,90,0,True
630,7,90,2020-06-16,TeamB-2f23d7d5-2326-49ce-b9c8-5a6303f785c5,TeamB,630,0,True
540,6,90,2020-06-17,TeamB-2f23d7d5-2326-49ce-b9c8-5a6303f785c5,TeamB,540,0,True
720,8,90,2020-06-18,TeamB-2f23d7d5-2326-49ce-b9c8-5a6303f785c5,TeamB,720,0,True
450,5,90,2020-06-19,TeamB-2f23d7d5-2326-49ce-b9c8-5a6303f785c5,TeamB,450,0,True
400,5,80,2020-06-22,TeamB-2f23d7d5-2326-49ce-b9c8-5a6303f785c5,TeamB,400,0,True
720,8,90,2020-06-23,TeamB-2f23d7d5-2326-49ce-b9c8-5a6303f785c5,TeamB,720,0,True
320,4,80,2020-06-25,TeamB-2f23d7d5-2326-49ce-b9c8-5a6303f785c5,TeamB,320,0,True
360,6,60,2020-06-26,TeamB-2f23d7d5-2326-49ce-b9c8-5a6303f785c5,TeamB,360,0,True
810,9,90,2020-06-27,TeamB-2f23d7d5-2326-49ce-b9c8-5a6303f785c5,TeamB,810,0,True
150,3,50,2020-06-29,TeamB-2f23d7d5-2326-49ce-b9c8-5a6303f785c5,TeamB,150,0,True
720,8,90,2020-06-30,TeamB-2f23d7d5-2326-49ce-b9c8-5a6303f785c5,TeamB,720,0,True
400,5,80,2020-07-01,TeamB-2f23d7d5-2326-49ce-b9c8-5a6303f785c5,TeamB,400,0,True
480,6,80,2020-07-02,TeamB-2f23d7d5-2326-49ce-b9c8-5a6303f785c5,TeamB,480,0,True
420,6,70,2020-07-03,TeamB-2f23d7d5-2326-49ce-b9c8-5a6303f785c5,TeamB,420,0,True
810,9,90,2020-07-04,TeamB-2f23d7d5-2326-49ce-b9c8-5a6303f785c5,TeamB,810,0,True
240,4,60,2020-07-06,TeamB-2f23d7d5-2326-49ce-b9c8-5a6303f785c5,TeamB,240,0,True
630,7,90,2020-07-07,TeamB-2f23d7d5-2326-49ce-b9c8-5a6303f785c5,TeamB,630,0,True
300,5,60,2020-07-08,TeamB-2f23d7d5-2326-49ce-b9c8-5a6303f785c5,TeamB,300,0,True
360,6,60,2020-07-09,TeamB-2f23d7d5-2326-49ce-b9c8-5a6303f785c5,TeamB,360,0,True
810,9,90,2020-07-10,TeamB-2f23d7d5-2326-49ce-b9c8-5a6303f785c5,TeamB,810,0,True
360,6,60,2020-07-13,TeamB-2f23d7d5-2326-49ce-b9c8-5a6303f785c5,TeamB,360,0,True
200,4,50,2020-07-13,TeamB-2f23d7d5-2326-49ce-b9c8-5a6303f785c5,TeamB,200,0,True
720,8,90,2020-07-14,TeamB-2f23d7d5-2326-49ce-b9c8-5a6303f785c5,TeamB,720,0,True
630,7,90,2020-07-15,TeamB-2f23d7d5-2326-49ce-b9c8-5a6303f785c5,TeamB,630,0,True
360,6,60,2020-07-16,TeamB-2f23d7d5-2326-49ce-b9c8-5a6303f785c5,TeamB,360,0,True
420,6,70,2020-07-17,TeamB-2f23d7d5-2326-49ce-b9c8-5a6303f785c5,TeamB,420,0,True
720,8,90,2020-07-18,TeamB-2f23d7d5-2326-49ce-b9c8-5a6303f785c5,TeamB,720,0,True
240,4,60,2020-07-20,TeamB-2f23d7d5-2326-49ce-b9c8-5a6303f785c5,TeamB,240,0,True
720,8,90,2020-07-21,TeamB-2f23d7d5-2326-49ce-b9c8-5a6303f785c5,TeamB,720,0,True
350,5,70,2020-07-22,TeamB-2f23d7d5-2326-49ce-b9c8-5a6303f785c5,TeamB,350,0,True
300,5,60,2020-07-23,TeamB-2f23d7d5-2326-49ce-b9c8-5a6303f785c5,TeamB,300,0,True
900,10,90,2020-07-24,TeamB-2f23d7d5-2326-49ce-b9c8-5a6303f785c5,TeamB,900,0,True
300,5,60,2020-07-27,TeamB-2f23d7d5-2326-49ce-b9c8-5a6303f785c5,TeamB,300,0,True
900,9,100,2020-07-28,TeamB-2f23d7d5-2326-49ce-b9c8-5a6303f785c5,TeamB,900,0,True
480,6,80,2020-07-29,TeamB-2f23d7d5-2326-49ce-b9c8-5a6303f785c5,TeamB,480,0,True
300,5,60,2020-07-31,TeamB-2f23d7d5-2326-49ce-b9c8-5a6303f785c5,TeamB,300,0,True
810,9,90,2020-08-01,TeamB-2f23d7d5-2326-49ce-b9c8-5a6303f785c5,TeamB,810,0,True
240,4,60,2020-08-03,TeamB-2f23d7d5-2326-49ce-b9c8-5a6303f785c5,TeamB,240,0,True
540,6,90,2020-08-04,TeamB-2f23d7d5-2326-49ce-b9c8-5a6303f785c5,TeamB,540,0,True
240,4,60,2020-08-05,TeamB-2f23d7d5-2326-49ce-b9c8-5a6303f785c5,TeamB,240,0,True
420,6,70,2020-08-06,TeamB-2f23d7d5-2326-49ce-b9c8-5a6303f785c5,TeamB,420,0,True
810,9,90,2020-08-07,TeamB-2f23d7d5-2326-49ce-b9c8-5a6303f785c5,TeamB,810,0,True
540,6,90,2020-08-10,TeamB-2f23d7d5-2326-49ce-b9c8-5a6303f785c5,TeamB,540,0,True
360,6,60,2020-08-11,TeamB-2f23d7d5-2326-49ce-b9c8-5a6303f785c5,TeamB,360,0,True
720,8,90,2020-08-12,TeamB-2f23d7d5-2326-49ce-b9c8-5a6303f785c5,TeamB,720,0,True
300,5,60,2020-08-14,TeamB-2f23d7d5-2326-49ce-b9c8-5a6303f785c5,TeamB,300,0,True
720,8,90,2020-08-16,TeamB-2f23d7d5-2326-49ce-b9c8-5a6303f785c5,TeamB,720,0,True
200,4,50,2020-08-18,TeamB-2f23d7d5-2326-49ce-b9c8-5a6303f785c5,TeamB,200,0,True
630,7,90,2020-08-19,TeamB-2f23d7d5-2326-49ce-b9c8-5a6303f785c5,TeamB,630,0,True
400,5,80,2020-08-20,TeamB-2f23d7d5-2326-49ce-b9c8-5a6303f785c5,TeamB,400,0,True
300,5,60,2020-08-21,TeamB-2f23d7d5-2326-49ce-b9c8-5a6303f785c5,TeamB,300,0,True
720,8,90,2020-08-22,TeamB-2f23d7d5-2326-49ce-b9c8-5a6303f785c5,TeamB,720,0,True
300,5,60,2020-08-24,TeamB-2f23d7d5-2326-49ce-b9c8-5a6303f785c5,TeamB,300,0,True
300,5,60,2020-08-25,TeamB-2f23d7d5-2326-49ce-b9c8-5a6303f785c5,TeamB,300,0,True
720,8,90,2020-08-26,TeamB-2f23d7d5-2326-49ce-b9c8-5a6303f785c5,TeamB,720,0,True
80,2,40,2020-08-27,TeamB-2f23d7d5-2326-49ce-b9c8-5a6303f785c5,TeamB,80,0,True
240,4,60,2020-08-29,TeamB-2f23d7d5-2326-49ce-b9c8-5a6303f785c5,TeamB,240,0,True
720,8,90,2020-08-30,TeamB-2f23d7d5-2326-49ce-b9c8-5a6303f785c5,TeamB,720,0,True
180,3,60,2020-09-01,TeamB-2f23d7d5-2326-49ce-b9c8-5a6303f785c5,TeamB,180,0,True
630,7,90,2020-09-02,TeamB-2f23d7d5-2326-49ce-b9c8-5a6303f785c5,TeamB,630,0,True
240,4,60,2020-09-03,TeamB-2f23d7d5-2326-49ce-b9c8-5a6303f785c5,TeamB,240,0,True
300,5,60,2020-09-04,TeamB-2f23d7d5-2326-49ce-b9c8-5a6303f785c5,TeamB,300,0,True
810,9,90,2020-09-05,TeamB-2f23d7d5-2326-49ce-b9c8-5a6303f785c5,TeamB,810,0,True
200,4,50,2020-09-07,TeamB-2f23d7d5-2326-49ce-b9c8-5a6303f785c5,TeamB,200,0,True
540,6,90,2020-09-08,TeamB-2f23d7d5-2326-49ce-b9c8-5a6303f785c5,TeamB,540,0,True
540,6,90,2020-09-09,TeamB-2f23d7d5-2326-49ce-b9c8-5a6303f785c5,TeamB,540,0,True
360,6,60,2020-09-11,TeamB-2f23d7d5-2326-49ce-b9c8-5a6303f785c5,TeamB,360,0,True
810,9,90,2020-09-12,TeamB-2f23d7d5-2326-49ce-b9c8-5a6303f785c5,TeamB,810,0,True
420,7,60,2020-09-15,TeamB-2f23d7d5-2326-49ce-b9c8-5a6303f785c5,TeamB,420,0,True
560,7,80,2020-09-19,TeamB-2f23d7d5-2326-49ce-b9c8-5a6303f785c5,TeamB,560,0,True
700,7,100,2020-09-21,TeamB-2f23d7d5-2326-49ce-b9c8-5a6303f785c5,TeamB,700,0,True
800,8,100,2020-09-22,TeamB-2f23d7d5-2326-49ce-b9c8-5a6303f785c5,TeamB,800,0,True
240,4,60,2020-09-22,TeamB-2f23d7d5-2326-49ce-b9c8-5a6303f785c5,TeamB,240,0,True
770,7,110,2020-09-24,TeamB-2f23d7d5-2326-49ce-b9c8-5a6303f785c5,TeamB,770,0,True
480,6,80,2020-09-25,TeamB-2f23d7d5-2326-49ce-b9c8-5a6303f785c5,TeamB,480,0,True
420,6,70,2020-09-26,TeamB-2f23d7d5-2326-49ce-b9c8-5a6303f785c5,TeamB,420,0,True
630,7,90,2020-09-27,TeamB-2f23d7d5-2326-49ce-b9c8-5a6303f785c5,TeamB,630,0,True
240,4,60,2020-09-29,TeamB-2f23d7d5-2326-49ce-b9c8-5a6303f785c5,TeamB,240,0,True
1080,9,120,2020-09-30,TeamB-2f23d7d5-2326-49ce-b9c8-5a6303f785c5,TeamB,1080,0,True
720,8,90,2020-10-01,TeamB-2f23d7d5-2326-49ce-b9c8-5a6303f785c5,TeamB,720,0,True
200,4,50,2020-10-02,TeamB-2f23d7d5-2326-49ce-b9c8-5a6303f785c5,TeamB,200,0,True
630,7,90,2020-10-02,TeamB-2f23d7d5-2326-49ce-b9c8-5a6303f785c5,TeamB,630,0,True
300,5,60,2020-10-04,TeamB-2f23d7d5-2326-49ce-b9c8-5a6303f785c5,TeamB,300,0,True
630,7,90,2020-10-05,TeamB-2f23d7d5-2326-49ce-b9c8-5a6303f785c5,TeamB,630,0,True
350,5,70,2020-10-06,TeamB-2f23d7d5-2326-49ce-b9c8-5a6303f785c5,TeamB,350,0,True
1080,9,120,2020-10-07,TeamB-2f23d7d5-2326-49ce-b9c8-5a6303f785c5,TeamB,1080,0,True
80,2,40,2020-10-08,TeamB-2f23d7d5-2326-49ce-b9c8-5a6303f785c5,TeamB,80,0,True
480,6,80,2020-10-10,TeamB-2f23d7d5-2326-49ce-b9c8-5a6303f785c5,TeamB,480,0,True
240,4,60,2020-10-10,TeamB-2f23d7d5-2326-49ce-b9c8-5a6303f785c5,TeamB,240,0,True
540,6,90,2020-10-13,TeamB-2f23d7d5-2326-49ce-b9c8-5a6303f785c5,TeamB,540,0,True
180,3,60,2020-10-13,TeamB-2f23d7d5-2326-49ce-b9c8-5a6303f785c5,TeamB,180,0,True
540,6,90,2020-10-14,TeamB-2f23d7d5-2326-49ce-b9c8-5a6303f785c5,TeamB,540,0,True
540,6,90,2020-10-16,TeamB-2f23d7d5-2326-49ce-b9c8-5a6303f785c5,TeamB,540,0,True
300,5,60,2020-10-17,TeamB-2f23d7d5-2326-49ce-b9c8-5a6303f785c5,TeamB,300,0,True
810,9,90,2020-10-18,TeamB-2f23d7d5-2326-49ce-b9c8-5a6303f785c5,TeamB,810,0,True
80,2,40,2020-10-19,TeamB-2f23d7d5-2326-49ce-b9c8-5a6303f785c5,TeamB,80,0,True
300,5,60,2020-10-20,TeamB-2f23d7d5-2326-49ce-b9c8-5a6303f785c5,TeamB,300,0,True
720,8,90,2020-10-21,TeamB-2f23d7d5-2326-49ce-b9c8-5a6303f785c5,TeamB,720,0,True
630,7,90,2020-10-23,TeamB-2f23d7d5-2326-49ce-b9c8-5a6303f785c5,TeamB,630,0,True
540,6,90,2020-10-24,TeamB-2f23d7d5-2326-49ce-b9c8-5a6303f785c5,TeamB,540,0,True
540,6,90,2020-10-25,TeamB-2f23d7d5-2326-49ce-b9c8-5a6303f785c5,TeamB,540,0,True
360,6,60,2020-10-26,TeamB-2f23d7d5-2326-49ce-b9c8-5a6303f785c5,TeamB,360,0,True
630,7,90,2020-10-29,TeamB-2f23d7d5-2326-49ce-b9c8-5a6303f785c5,TeamB,630,0,True
480,6,80,2020-10-30,TeamB-2f23d7d5-2326-49ce-b9c8-5a6303f785c5,TeamB,480,0,True
300,5,60,2020-10-31,TeamB-2f23d7d5-2326-49ce-b9c8-5a6303f785c5,TeamB,300,0,True
720,8,90,2020-11-01,TeamB-2f23d7d5-2326-49ce-b9c8-5a6303f785c5,TeamB,720,0,True
120,2,60,2020-11-02,TeamB-2f23d7d5-2326-49ce-b9c8-5a6303f785c5,TeamB,120,0,True
280,4,70,2020-11-03,TeamB-2f23d7d5-2326-49ce-b9c8-5a6303f785c5,TeamB,280,0,True
420,6,70,2020-11-04,TeamB-2f23d7d5-2326-49ce-b9c8-5a6303f785c5,TeamB,420,0,True
120,3,40,2020-11-05,TeamB-2f23d7d5-2326-49ce-b9c8-5a6303f785c5,TeamB,120,0,True
350,5,70,2020-11-06,TeamB-2f23d7d5-2326-49ce-b9c8-5a6303f785c5,TeamB,350,0,True
720,8,90,2020-11-07,TeamB-2f23d7d5-2326-49ce-b9c8-5a6303f785c5,TeamB,720,0,True
350,5,70,2020-11-10,TeamB-2f23d7d5-2326-49ce-b9c8-5a6303f785c5,TeamB,350,0,True
350,7,50,2020-11-11,TeamB-2f23d7d5-2326-49ce-b9c8-5a6303f785c5,TeamB,350,0,True
200,4,50,2020-11-12,TeamB-2f23d7d5-2326-49ce-b9c8-5a6303f785c5,TeamB,200,0,True
770,7,110,2020-11-14,TeamB-2f23d7d5-2326-49ce-b9c8-5a6303f785c5,TeamB,770,0,True
700,7,100,2020-11-15,TeamB-2f23d7d5-2326-49ce-b9c8-5a6303f785c5,TeamB,700,0,True
250,5,50,2020-11-16,TeamB-2f23d7d5-2326-49ce-b9c8-5a6303f785c5,TeamB,250,0,True
300,5,60,2020-11-18,TeamB-2f23d7d5-2326-49ce-b9c8-5a6303f785c5,TeamB,300,0,True
630,7,90,2020-11-19,TeamB-2f23d7d5-2326-49ce-b9c8-5a6303f785c5,TeamB,630,0,True
720,8,90,2020-11-22,TeamB-2f23d7d5-2326-49ce-b9c8-5a6303f785c5,TeamB,720,0,True
630,7,90,2020-11-25,TeamB-2f23d7d5-2326-49ce-b9c8-5a6303f785c5,TeamB,630,0,True
150,3,50,2020-11-26,TeamB-2f23d7d5-2326-49ce-b9c8-5a6303f785c5,TeamB,150,0,True
720,8,90,2020-11-26,TeamB-2f23d7d5-2326-49ce-b9c8-5a6303f785c5,TeamB,720,0,True
630,7,90,2020-11-28,TeamB-2f23d7d5-2326-49ce-b9c8-5a6303f785c5,TeamB,630,0,True
540,6,90,2020-11-29,TeamB-2f23d7d5-2326-49ce-b9c8-5a6303f785c5,TeamB,540,0,True
630,7,90,2021-01-17,TeamB-2f23d7d5-2326-49ce-b9c8-5a6303f785c5,TeamB,630,0,True
280,4,70,2021-01-18,TeamB-2f23d7d5-2326-49ce-b9c8-5a6303f785c5,TeamB,280,0,True
360,6,60,2021-01-18,TeamB-2f23d7d5-2326-49ce-b9c8-5a6303f785c5,TeamB,360,0,True
540,6,90,2021-01-20,TeamB-2f23d7d5-2326-49ce-b9c8-5a6303f785c5,TeamB,540,0,True
400,8,50,2021-01-21,TeamB-2f23d7d5-2326-49ce-b9c8-5a6303f785c5,TeamB,400,0,True
320,4,80,2021-01-22,TeamB-2f23d7d5-2326-49ce-b9c8-5a6303f785c5,TeamB,320,0,True
800,8,100,2021-01-24,TeamB-2f23d7d5-2326-49ce-b9c8-5a6303f785c5,TeamB,800,0,True
360,6,60,2021-01-25,TeamB-2f23d7d5-2326-49ce-b9c8-5a6303f785c5,TeamB,360,0,True
250,5,50,2021-01-26,TeamB-2f23d7d5-2326-49ce-b9c8-5a6303f785c5,TeamB,250,0,True
320,8,40,2021-01-26,TeamB-2f23d7d5-2326-49ce-b9c8-5a6303f785c5,TeamB,320,0,True
300,5,60,2021-01-28,TeamB-2f23d7d5-2326-49ce-b9c8-5a6303f785c5,TeamB,300,0,True
250,5,50,2021-01-29,TeamB-2f23d7d5-2326-49ce-b9c8-5a6303f785c5,TeamB,250,0,True
400,8,50,2021-01-29,TeamB-2f23d7d5-2326-49ce-b9c8-5a6303f785c5,TeamB,400,0,True
250,5,50,2021-01-30,TeamB-2f23d7d5-2326-49ce-b9c8-5a6303f785c5,TeamB,250,0,True
770,7,110,2021-02-01,TeamB-2f23d7d5-2326-49ce-b9c8-5a6303f785c5,TeamB,770,0,True
700,7,100,2021-02-02,TeamB-2f23d7d5-2326-49ce-b9c8-5a6303f785c5,TeamB,700,0,True
180,3,60,2021-02-03,TeamB-2f23d7d5-2326-49ce-b9c8-5a6303f785c5,TeamB,180,0,True
160,4,40,2021-02-03,TeamB-2f23d7d5-2326-49ce-b9c8-5a6303f785c5,TeamB,160,0,True
720,8,90,2021-02-04,TeamB-2f23d7d5-2326-49ce-b9c8-5a6303f785c5,TeamB,720,0,True
180,3,60,2021-02-05,TeamB-2f23d7d5-2326-49ce-b9c8-5a6303f785c5,TeamB,180,0,True
770,7,110,2021-02-07,TeamB-2f23d7d5-2326-49ce-b9c8-5a6303f785c5,TeamB,770,0,True
770,7,110,2021-02-08,TeamB-2f23d7d5-2326-49ce-b9c8-5a6303f785c5,TeamB,770,0,True
360,6,60,2021-02-10,TeamB-2f23d7d5-2326-49ce-b9c8-5a6303f785c5,TeamB,360,0,True
1800,10,180,2021-02-11,TeamB-2f23d7d5-2326-49ce-b9c8-5a6303f785c5,TeamB,1800,0,True
280,7,40,2021-02-15,TeamB-2f23d7d5-2326-49ce-b9c8-5a6303f785c5,TeamB,280,0,True
200,4,50,2021-02-16,TeamB-2f23d7d5-2326-49ce-b9c8-5a6303f785c5,TeamB,200,0,True
320,8,40,2021-02-17,TeamB-2f23d7d5-2326-49ce-b9c8-5a6303f785c5,TeamB,320,0,True
700,7,100,2021-02-18,TeamB-2f23d7d5-2326-49ce-b9c8-5a6303f785c5,TeamB,700,0,True
490,7,70,2021-02-20,TeamB-2f23d7d5-2326-49ce-b9c8-5a6303f785c5,TeamB,490,0,True
200,4,50,2021-02-21,TeamB-2f23d7d5-2326-49ce-b9c8-5a6303f785c5,TeamB,200,0,True
630,7,90,2021-02-21,TeamB-2f23d7d5-2326-49ce-b9c8-5a6303f785c5,TeamB,630,0,True
630,7,90,2021-02-24,TeamB-2f23d7d5-2326-49ce-b9c8-5a6303f785c5,TeamB,630,0,True
300,5,60,2021-02-24,TeamB-2f23d7d5-2326-49ce-b9c8-5a6303f785c5,TeamB,300,0,True
540,6,90,2021-02-25,TeamB-2f23d7d5-2326-49ce-b9c8-5a6303f785c5,TeamB,540,0,True
720,8,90,2021-02-26,TeamB-2f23d7d5-2326-49ce-b9c8-5a6303f785c5,TeamB,720,0,True
360,6,60,2021-02-26,TeamB-2f23d7d5-2326-49ce-b9c8-5a6303f785c5,TeamB,360,0,True
180,3,60,2021-03-01,TeamB-2f23d7d5-2326-49ce-b9c8-5a6303f785c5,TeamB,180,0,True
540,6,90,2021-03-01,TeamB-2f23d7d5-2326-49ce-b9c8-5a6303f785c5,TeamB,540,0,True
300,5,60,2021-03-02,TeamB-2f23d7d5-2326-49ce-b9c8-5a6303f785c5,TeamB,300,0,True
880,8,110,2021-03-02,TeamB-2f23d7d5-2326-49ce-b9c8-5a6303f785c5,TeamB,880,0,True
300,5,60,2021-03-04,TeamB-2f23d7d5-2326-49ce-b9c8-5a6303f785c5,TeamB,300,0,True
480,6,80,2021-03-05,TeamB-2f23d7d5-2326-49ce-b9c8-5a6303f785c5,TeamB,480,0,True
560,7,80,2021-03-06,TeamB-2f23d7d5-2326-49ce-b9c8-5a6303f785c5,TeamB,560,0,True
540,6,90,2021-03-08,TeamB-2f23d7d5-2326-49ce-b9c8-5a6303f785c5,TeamB,540,0,True
300,5,60,2021-03-08,TeamB-2f23d7d5-2326-49ce-b9c8-5a6303f785c5,TeamB,300,0,True
200,4,50,2021-03-09,TeamB-2f23d7d5-2326-49ce-b9c8-5a6303f785c5,TeamB,200,0,True
630,7,90,2021-03-09,TeamB-2f23d7d5-2326-49ce-b9c8-5a6303f785c5,TeamB,630,0,True
880,8,110,2021-03-11,TeamB-2f23d7d5-2326-49ce-b9c8-5a6303f785c5,TeamB,880,0,True
630,7,90,2021-03-12,TeamB-2f23d7d5-2326-49ce-b9c8-5a6303f785c5,TeamB,630,0,True
120,3,40,2021-03-13,TeamB-2f23d7d5-2326-49ce-b9c8-5a6303f785c5,TeamB,120,0,True
630,7,90,2021-03-13,TeamB-2f23d7d5-2326-49ce-b9c8-5a6303f785c5,TeamB,630,0,True
630,7,90,2021-03-15,TeamB-2f23d7d5-2326-49ce-b9c8-5a6303f785c5,TeamB,630,0,True
300,5,60,2021-03-15,TeamB-2f23d7d5-2326-49ce-b9c8-5a6303f785c5,TeamB,300,0,True
630,7,90,2021-03-16,TeamB-2f23d7d5-2326-49ce-b9c8-5a6303f785c5,TeamB,630,0,True
300,5,60,2021-03-18,TeamB-2f23d7d5-2326-49ce-b9c8-5a6303f785c5,TeamB,300,0,True
880,8,110,2021-03-18,TeamB-2f23d7d5-2326-49ce-b9c8-5a6303f785c5,TeamB,880,0,True
540,6,90,2021-03-19,TeamB-2f23d7d5-2326-49ce-b9c8-5a6303f785c5,TeamB,540,0,True
960,8,120,2021-03-20,TeamB-2f23d7d5-2326-49ce-b9c8-5a6303f785c5,TeamB,960,0,True
960,8,120,2021-03-22,TeamB-2f23d7d5-2326-49ce-b9c8-5a6303f785c5,TeamB,960,0,True
960,8,120,2021-03-23,TeamB-2f23d7d5-2326-49ce-b9c8-5a6303f785c5,TeamB,960,0,True
840,7,120,2021-03-25,TeamB-2f23d7d5-2326-49ce-b9c8-5a6303f785c5,TeamB,840,0,True
500,5,100,2021-03-26,TeamB-2f23d7d5-2326-49ce-b9c8-5a6303f785c5,TeamB,500,0,True
840,7,120,2021-03-27,TeamB-2f23d7d5-2326-49ce-b9c8-5a6303f785c5,TeamB,840,0,True
840,7,120,2021-03-29,TeamB-2f23d7d5-2326-49ce-b9c8-5a6303f785c5,TeamB,840,0,True
960,8,120,2021-03-30,TeamB-2f23d7d5-2326-49ce-b9c8-5a6303f785c5,TeamB,960,0,True
120,4,30,2021-03-30,TeamB-2f23d7d5-2326-49ce-b9c8-5a6303f785c5,TeamB,120,0,True
960,8,120,2021-03-31,TeamB-2f23d7d5-2326-49ce-b9c8-5a6303f785c5,TeamB,960,0,True
700,7,100,2021-04-06,TeamB-2f23d7d5-2326-49ce-b9c8-5a6303f785c5,TeamB,700,0,True
120,4,30,2021-04-06,TeamB-2f23d7d5-2326-49ce-b9c8-5a6303f785c5,TeamB,120,0,True
700,7,100,2021-04-08,TeamB-2f23d7d5-2326-49ce-b9c8-5a6303f785c5,TeamB,700,0,True
480,6,80,2021-04-09,TeamB-2f23d7d5-2326-49ce-b9c8-5a6303f785c5,TeamB,480,0,True
770,7,110,2021-04-12,TeamB-2f23d7d5-2326-49ce-b9c8-5a6303f785c5,TeamB,770,0,True
120,4,30,2021-04-12,TeamB-2f23d7d5-2326-49ce-b9c8-5a6303f785c5,TeamB,120,0,True
840,7,120,2021-04-13,TeamB-2f23d7d5-2326-49ce-b9c8-5a6303f785c5,TeamB,840,0,True
420,6,70,2021-04-15,TeamB-2f23d7d5-2326-49ce-b9c8-5a6303f785c5,TeamB,420,0,True
180,6,30,2021-04-17,TeamB-2f23d7d5-2326-49ce-b9c8-5a6303f785c5,TeamB,180,0,True
600,6,100,2021-04-19,TeamB-2f23d7d5-2326-49ce-b9c8-5a6303f785c5,TeamB,600,0,True
810,9,90,2021-04-20,TeamB-2f23d7d5-2326-49ce-b9c8-5a6303f785c5,TeamB,810,0,True
180,3,60,2021-04-21,TeamB-2f23d7d5-2326-49ce-b9c8-5a6303f785c5,TeamB,180,0,True
600,5,120,2021-04-26,TeamB-2f23d7d5-2326-49ce-b9c8-5a6303f785c5,TeamB,600,0,True
360,6,60,2021-04-27,TeamB-2f23d7d5-2326-49ce-b9c8-5a6303f785c5,TeamB,360,0,True
210,7,30,2021-04-28,TeamB-2f23d7d5-2326-49ce-b9c8-5a6303f785c5,TeamB,210,0,True
180,6,30,2021-04-29,TeamB-2f23d7d5-2326-49ce-b9c8-5a6303f785c5,TeamB,180,0,True
240,6,40,2021-04-30,TeamB-2f23d7d5-2326-49ce-b9c8-5a6303f785c5,TeamB,240,0,True
280,7,40,2021-05-01,TeamB-2f23d7d5-2326-49ce-b9c8-5a6303f785c5,TeamB,280,0,True
300,6,50,2021-05-03,TeamB-2f23d7d5-2326-49ce-b9c8-5a6303f785c5,TeamB,300,0,True
280,7,40,2021-05-04,TeamB-2f23d7d5-2326-49ce-b9c8-5a6303f785c5,TeamB,280,0,True
880,8,110,2021-05-05,TeamB-2f23d7d5-2326-49ce-b9c8-5a6303f785c5,TeamB,880,0,True
350,5,70,2021-05-06,TeamB-2f23d7d5-2326-49ce-b9c8-5a6303f785c5,TeamB,350,0,True
480,6,80,2021-05-07,TeamB-2f23d7d5-2326-49ce-b9c8-5a6303f785c5,TeamB,480,0,True
900,10,90,2021-05-08,TeamB-2f23d7d5-2326-49ce-b9c8-5a6303f785c5,TeamB,900,0,True
300,5,60,2021-05-10,TeamB-2f23d7d5-2326-49ce-b9c8-5a6303f785c5,TeamB,300,0,True
480,8,60,2021-05-11,TeamB-2f23d7d5-2326-49ce-b9c8-5a6303f785c5,TeamB,480,0,True
320,4,80,2021-05-12,TeamB-2f23d7d5-2326-49ce-b9c8-5a6303f785c5,TeamB,320,0,True
420,6,70,2021-05-14,TeamB-2f23d7d5-2326-49ce-b9c8-5a6303f785c5,TeamB,420,0,True
810,9,90,2021-05-15,TeamB-2f23d7d5-2326-49ce-b9c8-5a6303f785c5,TeamB,810,0,True
840,7,120,2021-05-18,TeamB-2f23d7d5-2326-49ce-b9c8-5a6303f785c5,TeamB,840,0,True
770,7,110,2021-05-19,TeamB-2f23d7d5-2326-49ce-b9c8-5a6303f785c5,TeamB,770,0,True
420,6,70,2021-05-21,TeamB-2f23d7d5-2326-49ce-b9c8-5a6303f785c5,TeamB,420,0,True
720,8,90,2021-05-22,TeamB-2f23d7d5-2326-49ce-b9c8-5a6303f785c5,TeamB,720,0,True
540,6,90,2021-05-24,TeamB-2f23d7d5-2326-49ce-b9c8-5a6303f785c5,TeamB,540,0,True
540,6,90,2021-05-25,TeamB-2f23d7d5-2326-49ce-b9c8-5a6303f785c5,TeamB,540,0,True
840,7,120,2021-05-26,TeamB-2f23d7d5-2326-49ce-b9c8-5a6303f785c5,TeamB,840,0,True
420,6,70,2021-05-28,TeamB-2f23d7d5-2326-49ce-b9c8-5a6303f785c5,TeamB,420,0,True
720,8,90,2021-05-29,TeamB-2f23d7d5-2326-49ce-b9c8-5a6303f785c5,TeamB,720,0,True
300,5,60,2021-05-31,TeamB-2f23d7d5-2326-49ce-b9c8-5a6303f785c5,TeamB,300,0,True
800,8,100,2021-06-01,TeamB-2f23d7d5-2326-49ce-b9c8-5a6303f785c5,TeamB,800,0,True
840,7,120,2021-06-02,TeamB-2f23d7d5-2326-49ce-b9c8-5a6303f785c5,TeamB,840,0,True
300,5,60,2021-06-02,TeamB-2f23d7d5-2326-49ce-b9c8-5a6303f785c5,TeamB,300,0,True
480,6,80,2021-06-04,TeamB-2f23d7d5-2326-49ce-b9c8-5a6303f785c5,TeamB,480,0,True
810,9,90,2021-06-05,TeamB-2f23d7d5-2326-49ce-b9c8-5a6303f785c5,TeamB,810,0,True
630,7,90,2021-06-07,TeamB-2f23d7d5-2326-49ce-b9c8-5a6303f785c5,TeamB,630,0,True
630,7,90,2021-06-08,TeamB-2f23d7d5-2326-49ce-b9c8-5a6303f785c5,TeamB,630,0,True
420,6,70,2021-06-09,TeamB-2f23d7d5-2326-49ce-b9c8-5a6303f785c5,TeamB,420,0,True
900,10,90,2021-06-10,TeamB-2f23d7d5-2326-49ce-b9c8-5a6303f785c5,TeamB,900,0,True
630,7,90,2021-06-20,TeamB-2f23d7d5-2326-49ce-b9c8-5a6303f785c5,TeamB,630,0,True
720,8,90,2021-06-22,TeamB-2f23d7d5-2326-49ce-b9c8-5a6303f785c5,TeamB,720,0,True
120,3,40,2021-06-23,TeamB-2f23d7d5-2326-49ce-b9c8-5a6303f785c5,TeamB,120,0,True
810,9,90,2021-06-26,TeamB-2f23d7d5-2326-49ce-b9c8-5a6303f785c5,TeamB,810,0,True
720,8,90,2021-06-30,TeamB-2f23d7d5-2326-49ce-b9c8-5a6303f785c5,TeamB,720,0,True
150,3,50,2021-07-01,TeamB-2f23d7d5-2326-49ce-b9c8-5a6303f785c5,TeamB,150,0,True
810,9,90,2021-07-04,TeamB-2f23d7d5-2326-49ce-b9c8-5a6303f785c5,TeamB,810,0,True
300,5,60,2021-07-06,TeamB-2f23d7d5-2326-49ce-b9c8-5a6303f785c5,TeamB,300,0,True
720,8,90,2021-07-10,TeamB-2f23d7d5-2326-49ce-b9c8-5a6303f785c5,TeamB,720,0,True
360,6,60,2021-07-13,TeamB-2f23d7d5-2326-49ce-b9c8-5a6303f785c5,TeamB,360,0,True
350,7,50,2021-07-20,TeamB-2f23d7d5-2326-49ce-b9c8-5a6303f785c5,TeamB,350,0,True
350,7,50,2021-07-23,TeamB-2f23d7d5-2326-49ce-b9c8-5a6303f785c5,TeamB,350,0,True
280,7,40,2021-07-25,TeamB-2f23d7d5-2326-49ce-b9c8-5a6303f785c5,TeamB,280,0,True
600,6,100,2021-07-31,TeamB-2f23d7d5-2326-49ce-b9c8-5a6303f785c5,TeamB,600,0,True
540,6,90,2021-08-01,TeamB-2f23d7d5-2326-49ce-b9c8-5a6303f785c5,TeamB,540,0,True
810,9,90,2021-08-02,TeamB-2f23d7d5-2326-49ce-b9c8-5a6303f785c5,TeamB,810,0,True
300,5,60,2021-08-03,TeamB-2f23d7d5-2326-49ce-b9c8-5a6303f785c5,TeamB,300,0,True
700,7,100,2021-08-05,TeamB-2f23d7d5-2326-49ce-b9c8-5a6303f785c5,TeamB,700,0,True
540,6,90,2021-08-06,TeamB-2f23d7d5-2326-49ce-b9c8-5a6303f785c5,TeamB,540,0,True
720,8,90,2021-08-07,TeamB-2f23d7d5-2326-49ce-b9c8-5a6303f785c5,TeamB,720,0,True
300,5,60,2021-08-08,TeamB-2f23d7d5-2326-49ce-b9c8-5a6303f785c5,TeamB,300,0,True
540,6,90,2021-08-10,TeamB-2f23d7d5-2326-49ce-b9c8-5a6303f785c5,TeamB,540,0,True
300,5,60,2021-08-10,TeamB-2f23d7d5-2326-49ce-b9c8-5a6303f785c5,TeamB,300,0,True
350,7,50,2021-08-11,TeamB-2f23d7d5-2326-49ce-b9c8-5a6303f785c5,TeamB,350,0,True
480,6,80,2021-08-13,TeamB-2f23d7d5-2326-49ce-b9c8-5a6303f785c5,TeamB,480,0,True
720,8,90,2021-08-14,TeamB-2f23d7d5-2326-49ce-b9c8-5a6303f785c5,TeamB,720,0,True
240,4,60,2021-08-15,TeamB-2f23d7d5-2326-49ce-b9c8-5a6303f785c5,TeamB,240,0,True
360,6,60,2021-08-17,TeamB-2f23d7d5-2326-49ce-b9c8-5a6303f785c5,TeamB,360,0,True
720,8,90,2021-08-18,TeamB-2f23d7d5-2326-49ce-b9c8-5a6303f785c5,TeamB,720,0,True
360,6,60,2021-08-20,TeamB-2f23d7d5-2326-49ce-b9c8-5a6303f785c5,TeamB,360,0,True
720,8,90,2021-08-21,TeamB-2f23d7d5-2326-49ce-b9c8-5a6303f785c5,TeamB,720,0,True
350,5,70,2021-08-23,TeamB-2f23d7d5-2326-49ce-b9c8-5a6303f785c5,TeamB,350,0,True
490,7,70,2021-08-24,TeamB-2f23d7d5-2326-49ce-b9c8-5a6303f785c5,TeamB,490,0,True
300,5,60,2021-08-26,TeamB-2f23d7d5-2326-49ce-b9c8-5a6303f785c5,TeamB,300,0,True
480,6,80,2021-08-27,TeamB-2f23d7d5-2326-49ce-b9c8-5a6303f785c5,TeamB,480,0,True
720,8,90,2021-08-28,TeamB-2f23d7d5-2326-49ce-b9c8-5a6303f785c5,TeamB,720,0,True
240,4,60,2021-08-30,TeamB-2f23d7d5-2326-49ce-b9c8-5a6303f785c5,TeamB,240,0,True
280,4,70,2021-08-31,TeamB-2f23d7d5-2326-49ce-b9c8-5a6303f785c5,TeamB,280,0,True
810,9,90,2021-09-01,TeamB-2f23d7d5-2326-49ce-b9c8-5a6303f785c5,TeamB,810,0,True
240,4,60,2021-09-03,TeamB-2f23d7d5-2326-49ce-b9c8-5a6303f785c5,TeamB,240,0,True
810,9,90,2021-09-04,TeamB-2f23d7d5-2326-49ce-b9c8-5a6303f785c5,TeamB,810,0,True
300,5,60,2021-09-07,TeamB-2f23d7d5-2326-49ce-b9c8-5a6303f785c5,TeamB,300,0,True
810,9,90,2021-09-08,TeamB-2f23d7d5-2326-49ce-b9c8-5a6303f785c5,TeamB,810,0,True
720,8,90,2021-09-11,TeamB-2f23d7d5-2326-49ce-b9c8-5a6303f785c5,TeamB,720,0,True
630,7,90,2021-09-14,TeamB-2f23d7d5-2326-49ce-b9c8-5a6303f785c5,TeamB,630,0,True
480,6,80,2021-09-25,TeamB-2f23d7d5-2326-49ce-b9c8-5a6303f785c5,TeamB,480,0,True
810,9,90,2021-09-26,TeamB-2f23d7d5-2326-49ce-b9c8-5a6303f785c5,TeamB,810,0,True
240,4,60,2021-09-28,TeamB-2f23d7d5-2326-49ce-b9c8-5a6303f785c5,TeamB,240,0,True
960,8,120,2021-09-29,TeamB-2f23d7d5-2326-49ce-b9c8-5a6303f785c5,TeamB,960,0,True
300,6,50,2021-09-29,TeamB-2f23d7d5-2326-49ce-b9c8-5a6303f785c5,TeamB,300,0,True
400,5,80,2021-10-01,TeamB-2f23d7d5-2326-49ce-b9c8-5a6303f785c5,TeamB,400,0,True
720,8,90,2021-10-02,TeamB-2f23d7d5-2326-49ce-b9c8-5a6303f785c5,TeamB,720,0,True
250,5,50,2021-10-05,TeamB-2f23d7d5-2326-49ce-b9c8-5a6303f785c5,TeamB,250,0,True
880,8,110,2021-10-05,TeamB-2f23d7d5-2326-49ce-b9c8-5a6303f785c5,TeamB,880,0,True
630,7,90,2021-10-06,TeamB-2f23d7d5-2326-49ce-b9c8-5a6303f785c5,TeamB,630,0,True
720,8,90,2021-10-09,TeamB-2f23d7d5-2326-49ce-b9c8-5a6303f785c5,TeamB,720,0,True
300,6,50,2021-10-12,TeamB-2f23d7d5-2326-49ce-b9c8-5a6303f785c5,TeamB,300,0,True
700,7,100,2021-10-12,TeamB-2f23d7d5-2326-49ce-b9c8-5a6303f785c5,TeamB,700,0,True
960,8,120,2021-10-13,TeamB-2f23d7d5-2326-49ce-b9c8-5a6303f785c5,TeamB,960,0,True
360,6,60,2021-10-16,TeamB-2f23d7d5-2326-49ce-b9c8-5a6303f785c5,TeamB,360,0,True
720,8,90,2021-10-17,TeamB-2f23d7d5-2326-49ce-b9c8-5a6303f785c5,TeamB,720,0,True
150,3,50,2021-10-18,TeamB-2f23d7d5-2326-49ce-b9c8-5a6303f785c5,TeamB,150,0,True
880,8,110,2021-10-29,TeamB-2f23d7d5-2326-49ce-b9c8-5a6303f785c5,TeamB,880,0,True
540,6,90,2021-10-30,TeamB-2f23d7d5-2326-49ce-b9c8-5a6303f785c5,TeamB,540,0,True
480,6,80,2021-11-03,TeamB-2f23d7d5-2326-49ce-b9c8-5a6303f785c5,TeamB,480,0,True
540,6,90,2020-01-13,TeamB-4405bb1f-56f7-48ba-bfa8-e795e4006952,TeamB,540,0,True
1080,9,120,2020-01-16,TeamB-4405bb1f-56f7-48ba-bfa8-e795e4006952,TeamB,1080,0,True
160,4,40,2020-01-16,TeamB-4405bb1f-56f7-48ba-bfa8-e795e4006952,TeamB,160,0,True
630,7,90,2020-01-17,TeamB-4405bb1f-56f7-48ba-bfa8-e795e4006952,TeamB,630,0,True
630,7,90,2020-01-21,TeamB-4405bb1f-56f7-48ba-bfa8-e795e4006952,TeamB,630,0,True
700,7,100,2020-01-23,TeamB-4405bb1f-56f7-48ba-bfa8-e795e4006952,TeamB,700,0,True
770,7,110,2020-01-24,TeamB-4405bb1f-56f7-48ba-bfa8-e795e4006952,TeamB,770,0,True
240,6,40,2020-01-28,TeamB-4405bb1f-56f7-48ba-bfa8-e795e4006952,TeamB,240,0,True
300,5,60,2020-01-28,TeamB-4405bb1f-56f7-48ba-bfa8-e795e4006952,TeamB,300,0,True
490,7,70,2020-01-29,TeamB-4405bb1f-56f7-48ba-bfa8-e795e4006952,TeamB,490,0,True
720,8,90,2020-01-30,TeamB-4405bb1f-56f7-48ba-bfa8-e795e4006952,TeamB,720,0,True
720,8,90,2020-01-31,TeamB-4405bb1f-56f7-48ba-bfa8-e795e4006952,TeamB,720,0,True
720,8,90,2020-02-01,TeamB-4405bb1f-56f7-48ba-bfa8-e795e4006952,TeamB,720,0,True
540,6,90,2020-02-03,TeamB-4405bb1f-56f7-48ba-bfa8-e795e4006952,TeamB,540,0,True
300,5,60,2020-02-03,TeamB-4405bb1f-56f7-48ba-bfa8-e795e4006952,TeamB,300,0,True
420,7,60,2020-02-04,TeamB-4405bb1f-56f7-48ba-bfa8-e795e4006952,TeamB,420,0,True
360,6,60,2020-02-04,TeamB-4405bb1f-56f7-48ba-bfa8-e795e4006952,TeamB,360,0,True
880,8,110,2020-02-06,TeamB-4405bb1f-56f7-48ba-bfa8-e795e4006952,TeamB,880,0,True
630,7,90,2020-02-07,TeamB-4405bb1f-56f7-48ba-bfa8-e795e4006952,TeamB,630,0,True
420,7,60,2020-02-08,TeamB-4405bb1f-56f7-48ba-bfa8-e795e4006952,TeamB,420,0,True
420,7,60,2020-02-11,TeamB-4405bb1f-56f7-48ba-bfa8-e795e4006952,TeamB,420,0,True
990,9,110,2020-02-11,TeamB-4405bb1f-56f7-48ba-bfa8-e795e4006952,TeamB,990,0,True
990,9,110,2020-02-13,TeamB-4405bb1f-56f7-48ba-bfa8-e795e4006952,TeamB,990,0,True
990,9,110,2020-02-15,TeamB-4405bb1f-56f7-48ba-bfa8-e795e4006952,TeamB,990,0,True
420,7,60,2020-02-18,TeamB-4405bb1f-56f7-48ba-bfa8-e795e4006952,TeamB,420,0,True
480,8,60,2020-02-20,TeamB-4405bb1f-56f7-48ba-bfa8-e795e4006952,TeamB,480,0,True
480,6,80,2020-02-23,TeamB-4405bb1f-56f7-48ba-bfa8-e795e4006952,TeamB,480,0,True
450,5,90,2020-02-23,TeamB-4405bb1f-56f7-48ba-bfa8-e795e4006952,TeamB,450,0,True
360,6,60,2020-02-24,TeamB-4405bb1f-56f7-48ba-bfa8-e795e4006952,TeamB,360,0,True
450,5,90,2020-02-25,TeamB-4405bb1f-56f7-48ba-bfa8-e795e4006952,TeamB,450,0,True
440,4,110,2020-02-25,TeamB-4405bb1f-56f7-48ba-bfa8-e795e4006952,TeamB,440,0,True
540,6,90,2020-02-26,TeamB-4405bb1f-56f7-48ba-bfa8-e795e4006952,TeamB,540,0,True
1200,10,120,2020-02-27,TeamB-4405bb1f-56f7-48ba-bfa8-e795e4006952,TeamB,1200,0,True
700,7,100,2020-03-01,TeamB-4405bb1f-56f7-48ba-bfa8-e795e4006952,TeamB,700,0,True
540,6,90,2020-03-02,TeamB-4405bb1f-56f7-48ba-bfa8-e795e4006952,TeamB,540,0,True
360,6,60,2020-03-03,TeamB-4405bb1f-56f7-48ba-bfa8-e795e4006952,TeamB,360,0,True
630,7,90,2020-03-03,TeamB-4405bb1f-56f7-48ba-bfa8-e795e4006952,TeamB,630,0,True
630,7,90,2020-03-04,TeamB-4405bb1f-56f7-48ba-bfa8-e795e4006952,TeamB,630,0,True
300,5,60,2020-03-05,TeamB-4405bb1f-56f7-48ba-bfa8-e795e4006952,TeamB,300,0,True
770,7,110,2020-03-06,TeamB-4405bb1f-56f7-48ba-bfa8-e795e4006952,TeamB,770,0,True
420,7,60,2020-03-07,TeamB-4405bb1f-56f7-48ba-bfa8-e795e4006952,TeamB,420,0,True
720,8,90,2020-03-08,TeamB-4405bb1f-56f7-48ba-bfa8-e795e4006952,TeamB,720,0,True
640,8,80,2020-03-09,TeamB-4405bb1f-56f7-48ba-bfa8-e795e4006952,TeamB,640,0,True
640,8,80,2020-03-09,TeamB-4405bb1f-56f7-48ba-bfa8-e795e4006952,TeamB,640,0,True
640,8,80,2020-03-09,TeamB-4405bb1f-56f7-48ba-bfa8-e795e4006952,TeamB,640,0,True
720,9,80,2020-03-10,TeamB-4405bb1f-56f7-48ba-bfa8-e795e4006952,TeamB,720,0,True
540,9,60,2020-03-10,TeamB-4405bb1f-56f7-48ba-bfa8-e795e4006952,TeamB,540,0,True
560,8,70,2020-03-11,TeamB-4405bb1f-56f7-48ba-bfa8-e795e4006952,TeamB,560,0,True
490,7,70,2020-03-11,TeamB-4405bb1f-56f7-48ba-bfa8-e795e4006952,TeamB,490,0,True
810,9,90,2020-03-14,TeamB-4405bb1f-56f7-48ba-bfa8-e795e4006952,TeamB,810,0,True
640,8,80,2020-03-15,TeamB-4405bb1f-56f7-48ba-bfa8-e795e4006952,TeamB,640,0,True
630,7,90,2020-03-16,TeamB-4405bb1f-56f7-48ba-bfa8-e795e4006952,TeamB,630,0,True
300,5,60,2020-03-17,TeamB-4405bb1f-56f7-48ba-bfa8-e795e4006952,TeamB,300,0,True
480,8,60,2020-03-20,TeamB-4405bb1f-56f7-48ba-bfa8-e795e4006952,TeamB,480,0,True
480,8,60,2020-03-20,TeamB-4405bb1f-56f7-48ba-bfa8-e795e4006952,TeamB,480,0,True
630,7,90,2020-03-21,TeamB-4405bb1f-56f7-48ba-bfa8-e795e4006952,TeamB,630,0,True
420,7,60,2020-03-21,TeamB-4405bb1f-56f7-48ba-bfa8-e795e4006952,TeamB,420,0,True
360,6,60,2020-03-22,TeamB-4405bb1f-56f7-48ba-bfa8-e795e4006952,TeamB,360,0,True
810,9,90,2020-03-24,TeamB-4405bb1f-56f7-48ba-bfa8-e795e4006952,TeamB,810,0,True
480,8,60,2020-03-24,TeamB-4405bb1f-56f7-48ba-bfa8-e795e4006952,TeamB,480,0,True
720,8,90,2020-03-25,TeamB-4405bb1f-56f7-48ba-bfa8-e795e4006952,TeamB,720,0,True
480,8,60,2020-03-26,TeamB-4405bb1f-56f7-48ba-bfa8-e795e4006952,TeamB,480,0,True
560,8,70,2020-03-27,TeamB-4405bb1f-56f7-48ba-bfa8-e795e4006952,TeamB,560,0,True
640,8,80,2020-03-28,TeamB-4405bb1f-56f7-48ba-bfa8-e795e4006952,TeamB,640,0,True
810,9,90,2020-03-30,TeamB-4405bb1f-56f7-48ba-bfa8-e795e4006952,TeamB,810,0,True
480,8,60,2020-03-31,TeamB-4405bb1f-56f7-48ba-bfa8-e795e4006952,TeamB,480,0,True
480,8,60,2020-03-31,TeamB-4405bb1f-56f7-48ba-bfa8-e795e4006952,TeamB,480,0,True
360,6,60,2020-04-01,TeamB-4405bb1f-56f7-48ba-bfa8-e795e4006952,TeamB,360,0,True
560,8,70,2020-04-02,TeamB-4405bb1f-56f7-48ba-bfa8-e795e4006952,TeamB,560,0,True
630,9,70,2020-04-03,TeamB-4405bb1f-56f7-48ba-bfa8-e795e4006952,TeamB,630,0,True
560,8,70,2020-04-04,TeamB-4405bb1f-56f7-48ba-bfa8-e795e4006952,TeamB,560,0,True
640,8,80,2020-04-06,TeamB-4405bb1f-56f7-48ba-bfa8-e795e4006952,TeamB,640,0,True
810,9,90,2020-04-07,TeamB-4405bb1f-56f7-48ba-bfa8-e795e4006952,TeamB,810,0,True
420,7,60,2020-04-07,TeamB-4405bb1f-56f7-48ba-bfa8-e795e4006952,TeamB,420,0,True
720,8,90,2020-04-10,TeamB-4405bb1f-56f7-48ba-bfa8-e795e4006952,TeamB,720,0,True
420,7,60,2020-04-11,TeamB-4405bb1f-56f7-48ba-bfa8-e795e4006952,TeamB,420,0,True
720,8,90,2020-04-11,TeamB-4405bb1f-56f7-48ba-bfa8-e795e4006952,TeamB,720,0,True
640,8,80,2020-04-13,TeamB-4405bb1f-56f7-48ba-bfa8-e795e4006952,TeamB,640,0,True
490,7,70,2020-04-14,TeamB-4405bb1f-56f7-48ba-bfa8-e795e4006952,TeamB,490,0,True
420,7,60,2020-04-16,TeamB-4405bb1f-56f7-48ba-bfa8-e795e4006952,TeamB,420,0,True
810,9,90,2020-04-17,TeamB-4405bb1f-56f7-48ba-bfa8-e795e4006952,TeamB,810,0,True
420,7,60,2020-04-18,TeamB-4405bb1f-56f7-48ba-bfa8-e795e4006952,TeamB,420,0,True
630,9,70,2020-04-20,TeamB-4405bb1f-56f7-48ba-bfa8-e795e4006952,TeamB,630,0,True
560,7,80,2020-04-21,TeamB-4405bb1f-56f7-48ba-bfa8-e795e4006952,TeamB,560,0,True
720,8,90,2020-04-24,TeamB-4405bb1f-56f7-48ba-bfa8-e795e4006952,TeamB,720,0,True
560,7,80,2020-04-25,TeamB-4405bb1f-56f7-48ba-bfa8-e795e4006952,TeamB,560,0,True
720,9,80,2020-04-26,TeamB-4405bb1f-56f7-48ba-bfa8-e795e4006952,TeamB,720,0,True
720,8,90,2020-04-27,TeamB-4405bb1f-56f7-48ba-bfa8-e795e4006952,TeamB,720,0,True
990,9,110,2020-04-28,TeamB-4405bb1f-56f7-48ba-bfa8-e795e4006952,TeamB,990,0,True
480,8,60,2020-04-30,TeamB-4405bb1f-56f7-48ba-bfa8-e795e4006952,TeamB,480,0,True
630,7,90,2020-05-03,TeamB-4405bb1f-56f7-48ba-bfa8-e795e4006952,TeamB,630,0,True
560,7,80,2020-05-04,TeamB-4405bb1f-56f7-48ba-bfa8-e795e4006952,TeamB,560,0,True
1080,9,120,2020-05-05,TeamB-4405bb1f-56f7-48ba-bfa8-e795e4006952,TeamB,1080,0,True
810,9,90,2020-05-06,TeamB-4405bb1f-56f7-48ba-bfa8-e795e4006952,TeamB,810,0,True
810,9,90,2020-05-08,TeamB-4405bb1f-56f7-48ba-bfa8-e795e4006952,TeamB,810,0,True
490,7,70,2020-05-09,TeamB-4405bb1f-56f7-48ba-bfa8-e795e4006952,TeamB,490,0,True
720,9,80,2020-05-11,TeamB-4405bb1f-56f7-48ba-bfa8-e795e4006952,TeamB,720,0,True
480,6,80,2020-05-13,TeamB-4405bb1f-56f7-48ba-bfa8-e795e4006952,TeamB,480,0,True
640,8,80,2020-05-14,TeamB-4405bb1f-56f7-48ba-bfa8-e795e4006952,TeamB,640,0,True
630,7,90,2020-05-15,TeamB-4405bb1f-56f7-48ba-bfa8-e795e4006952,TeamB,630,0,True
450,5,90,2020-05-18,TeamB-4405bb1f-56f7-48ba-bfa8-e795e4006952,TeamB,450,0,True
770,7,110,2020-05-19,TeamB-4405bb1f-56f7-48ba-bfa8-e795e4006952,TeamB,770,0,True
720,8,90,2020-05-21,TeamB-4405bb1f-56f7-48ba-bfa8-e795e4006952,TeamB,720,0,True
450,5,90,2020-05-22,TeamB-4405bb1f-56f7-48ba-bfa8-e795e4006952,TeamB,450,0,True
350,7,50,2020-05-23,TeamB-4405bb1f-56f7-48ba-bfa8-e795e4006952,TeamB,350,0,True
540,6,90,2020-05-25,TeamB-4405bb1f-56f7-48ba-bfa8-e795e4006952,TeamB,540,0,True
630,7,90,2020-05-26,TeamB-4405bb1f-56f7-48ba-bfa8-e795e4006952,TeamB,630,0,True
420,7,60,2020-05-27,TeamB-4405bb1f-56f7-48ba-bfa8-e795e4006952,TeamB,420,0,True
540,6,90,2020-05-28,TeamB-4405bb1f-56f7-48ba-bfa8-e795e4006952,TeamB,540,0,True
540,6,90,2020-05-29,TeamB-4405bb1f-56f7-48ba-bfa8-e795e4006952,TeamB,540,0,True
360,6,60,2020-05-30,TeamB-4405bb1f-56f7-48ba-bfa8-e795e4006952,TeamB,360,0,True
630,7,90,2020-06-01,TeamB-4405bb1f-56f7-48ba-bfa8-e795e4006952,TeamB,630,0,True
560,7,80,2020-06-02,TeamB-4405bb1f-56f7-48ba-bfa8-e795e4006952,TeamB,560,0,True
240,4,60,2020-06-03,TeamB-4405bb1f-56f7-48ba-bfa8-e795e4006952,TeamB,240,0,True
560,7,80,2020-06-04,TeamB-4405bb1f-56f7-48ba-bfa8-e795e4006952,TeamB,560,0,True
630,7,90,2020-06-05,TeamB-4405bb1f-56f7-48ba-bfa8-e795e4006952,TeamB,630,0,True
300,6,50,2020-06-06,TeamB-4405bb1f-56f7-48ba-bfa8-e795e4006952,TeamB,300,0,True
560,7,80,2020-06-08,TeamB-4405bb1f-56f7-48ba-bfa8-e795e4006952,TeamB,560,0,True
480,6,80,2020-06-09,TeamB-4405bb1f-56f7-48ba-bfa8-e795e4006952,TeamB,480,0,True
560,7,80,2020-06-10,TeamB-4405bb1f-56f7-48ba-bfa8-e795e4006952,TeamB,560,0,True
280,4,70,2020-06-11,TeamB-4405bb1f-56f7-48ba-bfa8-e795e4006952,TeamB,280,0,True
450,5,90,2020-06-12,TeamB-4405bb1f-56f7-48ba-bfa8-e795e4006952,TeamB,450,0,True
720,9,80,2020-06-13,TeamB-4405bb1f-56f7-48ba-bfa8-e795e4006952,TeamB,720,0,True
540,6,90,2020-06-15,TeamB-4405bb1f-56f7-48ba-bfa8-e795e4006952,TeamB,540,0,True
350,5,70,2020-06-16,TeamB-4405bb1f-56f7-48ba-bfa8-e795e4006952,TeamB,350,0,True
350,5,70,2020-06-17,TeamB-4405bb1f-56f7-48ba-bfa8-e795e4006952,TeamB,350,0,True
630,7,90,2020-06-18,TeamB-4405bb1f-56f7-48ba-bfa8-e795e4006952,TeamB,630,0,True
420,7,60,2020-06-19,TeamB-4405bb1f-56f7-48ba-bfa8-e795e4006952,TeamB,420,0,True
240,4,60,2020-06-22,TeamB-4405bb1f-56f7-48ba-bfa8-e795e4006952,TeamB,240,0,True
810,9,90,2020-06-23,TeamB-4405bb1f-56f7-48ba-bfa8-e795e4006952,TeamB,810,0,True
300,5,60,2020-06-25,TeamB-4405bb1f-56f7-48ba-bfa8-e795e4006952,TeamB,300,0,True
240,4,60,2020-06-26,TeamB-4405bb1f-56f7-48ba-bfa8-e795e4006952,TeamB,240,0,True
540,9,60,2020-06-27,TeamB-4405bb1f-56f7-48ba-bfa8-e795e4006952,TeamB,540,0,True
240,4,60,2020-06-29,TeamB-4405bb1f-56f7-48ba-bfa8-e795e4006952,TeamB,240,0,True
630,7,90,2020-06-30,TeamB-4405bb1f-56f7-48ba-bfa8-e795e4006952,TeamB,630,0,True
360,4,90,2020-07-01,TeamB-4405bb1f-56f7-48ba-bfa8-e795e4006952,TeamB,360,0,True
360,4,90,2020-07-02,TeamB-4405bb1f-56f7-48ba-bfa8-e795e4006952,TeamB,360,0,True
240,4,60,2020-07-03,TeamB-4405bb1f-56f7-48ba-bfa8-e795e4006952,TeamB,240,0,True
540,9,60,2020-07-04,TeamB-4405bb1f-56f7-48ba-bfa8-e795e4006952,TeamB,540,0,True
300,5,60,2020-07-06,TeamB-4405bb1f-56f7-48ba-bfa8-e795e4006952,TeamB,300,0,True
630,7,90,2020-07-07,TeamB-4405bb1f-56f7-48ba-bfa8-e795e4006952,TeamB,630,0,True
240,4,60,2020-07-08,TeamB-4405bb1f-56f7-48ba-bfa8-e795e4006952,TeamB,240,0,True
360,6,60,2020-07-09,TeamB-4405bb1f-56f7-48ba-bfa8-e795e4006952,TeamB,360,0,True
810,9,90,2020-07-10,TeamB-4405bb1f-56f7-48ba-bfa8-e795e4006952,TeamB,810,0,True
490,7,70,2020-07-13,TeamB-4405bb1f-56f7-48ba-bfa8-e795e4006952,TeamB,490,0,True
540,6,90,2020-07-14,TeamB-4405bb1f-56f7-48ba-bfa8-e795e4006952,TeamB,540,0,True
540,6,90,2020-07-15,TeamB-4405bb1f-56f7-48ba-bfa8-e795e4006952,TeamB,540,0,True
240,4,60,2020-07-16,TeamB-4405bb1f-56f7-48ba-bfa8-e795e4006952,TeamB,240,0,True
630,7,90,2020-07-17,TeamB-4405bb1f-56f7-48ba-bfa8-e795e4006952,TeamB,630,0,True
810,9,90,2020-07-18,TeamB-4405bb1f-56f7-48ba-bfa8-e795e4006952,TeamB,810,0,True
240,4,60,2020-07-20,TeamB-4405bb1f-56f7-48ba-bfa8-e795e4006952,TeamB,240,0,True
240,4,60,2020-07-21,TeamB-4405bb1f-56f7-48ba-bfa8-e795e4006952,TeamB,240,0,True
360,6,60,2020-07-22,TeamB-4405bb1f-56f7-48ba-bfa8-e795e4006952,TeamB,360,0,True
360,6,60,2020-07-23,TeamB-4405bb1f-56f7-48ba-bfa8-e795e4006952,TeamB,360,0,True
300,6,50,2020-07-24,TeamB-4405bb1f-56f7-48ba-bfa8-e795e4006952,TeamB,300,0,True
420,7,60,2020-07-27,TeamB-4405bb1f-56f7-48ba-bfa8-e795e4006952,TeamB,420,0,True
240,4,60,2020-07-27,TeamB-4405bb1f-56f7-48ba-bfa8-e795e4006952,TeamB,240,0,True
630,7,90,2020-07-28,TeamB-4405bb1f-56f7-48ba-bfa8-e795e4006952,TeamB,630,0,True
630,7,90,2020-07-29,TeamB-4405bb1f-56f7-48ba-bfa8-e795e4006952,TeamB,630,0,True
420,6,70,2020-07-31,TeamB-4405bb1f-56f7-48ba-bfa8-e795e4006952,TeamB,420,0,True
100,5,20,2020-08-01,TeamB-4405bb1f-56f7-48ba-bfa8-e795e4006952,TeamB,100,0,True
360,9,40,2020-08-02,TeamB-4405bb1f-56f7-48ba-bfa8-e795e4006952,TeamB,360,0,True
300,5,60,2020-08-03,TeamB-4405bb1f-56f7-48ba-bfa8-e795e4006952,TeamB,300,0,True
720,8,90,2020-08-04,TeamB-4405bb1f-56f7-48ba-bfa8-e795e4006952,TeamB,720,0,True
300,5,60,2020-08-05,TeamB-4405bb1f-56f7-48ba-bfa8-e795e4006952,TeamB,300,0,True
420,6,70,2020-08-06,TeamB-4405bb1f-56f7-48ba-bfa8-e795e4006952,TeamB,420,0,True
360,9,40,2020-08-07,TeamB-4405bb1f-56f7-48ba-bfa8-e795e4006952,TeamB,360,0,True
480,6,80,2020-08-10,TeamB-4405bb1f-56f7-48ba-bfa8-e795e4006952,TeamB,480,0,True
300,5,60,2020-08-11,TeamB-4405bb1f-56f7-48ba-bfa8-e795e4006952,TeamB,300,0,True
250,5,50,2020-08-12,TeamB-4405bb1f-56f7-48ba-bfa8-e795e4006952,TeamB,250,0,True
490,7,70,2020-08-14,TeamB-4405bb1f-56f7-48ba-bfa8-e795e4006952,TeamB,490,0,True
240,4,60,2020-08-15,TeamB-4405bb1f-56f7-48ba-bfa8-e795e4006952,TeamB,240,0,True
360,9,40,2020-08-16,TeamB-4405bb1f-56f7-48ba-bfa8-e795e4006952,TeamB,360,0,True
360,6,60,2020-08-18,TeamB-4405bb1f-56f7-48ba-bfa8-e795e4006952,TeamB,360,0,True
180,3,60,2020-08-20,TeamB-4405bb1f-56f7-48ba-bfa8-e795e4006952,TeamB,180,0,True
240,4,60,2020-08-21,TeamB-4405bb1f-56f7-48ba-bfa8-e795e4006952,TeamB,240,0,True
720,8,90,2020-08-22,TeamB-4405bb1f-56f7-48ba-bfa8-e795e4006952,TeamB,720,0,True
360,6,60,2020-08-24,TeamB-4405bb1f-56f7-48ba-bfa8-e795e4006952,TeamB,360,0,True
180,3,60,2020-08-25,TeamB-4405bb1f-56f7-48ba-bfa8-e795e4006952,TeamB,180,0,True
630,7,90,2020-08-26,TeamB-4405bb1f-56f7-48ba-bfa8-e795e4006952,TeamB,630,0,True
120,2,60,2020-08-27,TeamB-4405bb1f-56f7-48ba-bfa8-e795e4006952,TeamB,120,0,True
420,7,60,2020-09-01,TeamB-4405bb1f-56f7-48ba-bfa8-e795e4006952,TeamB,420,0,True
480,6,80,2020-09-02,TeamB-4405bb1f-56f7-48ba-bfa8-e795e4006952,TeamB,480,0,True
360,6,60,2020-09-03,TeamB-4405bb1f-56f7-48ba-bfa8-e795e4006952,TeamB,360,0,True
720,8,90,2020-09-05,TeamB-4405bb1f-56f7-48ba-bfa8-e795e4006952,TeamB,720,0,True
360,6,60,2020-09-07,TeamB-4405bb1f-56f7-48ba-bfa8-e795e4006952,TeamB,360,0,True
560,7,80,2020-09-08,TeamB-4405bb1f-56f7-48ba-bfa8-e795e4006952,TeamB,560,0,True
540,6,90,2020-09-09,TeamB-4405bb1f-56f7-48ba-bfa8-e795e4006952,TeamB,540,0,True
360,6,60,2020-09-11,TeamB-4405bb1f-56f7-48ba-bfa8-e795e4006952,TeamB,360,0,True
480,8,60,2020-09-16,TeamB-4405bb1f-56f7-48ba-bfa8-e795e4006952,TeamB,480,0,True
300,5,60,2020-09-17,TeamB-4405bb1f-56f7-48ba-bfa8-e795e4006952,TeamB,300,0,True
560,7,80,2020-09-18,TeamB-4405bb1f-56f7-48ba-bfa8-e795e4006952,TeamB,560,0,True
480,8,60,2020-09-19,TeamB-4405bb1f-56f7-48ba-bfa8-e795e4006952,TeamB,480,0,True
400,5,80,2020-09-21,TeamB-4405bb1f-56f7-48ba-bfa8-e795e4006952,TeamB,400,0,True
300,5,60,2020-09-22,TeamB-4405bb1f-56f7-48ba-bfa8-e795e4006952,TeamB,300,0,True
480,6,80,2020-09-24,TeamB-4405bb1f-56f7-48ba-bfa8-e795e4006952,TeamB,480,0,True
350,5,70,2020-09-25,TeamB-4405bb1f-56f7-48ba-bfa8-e795e4006952,TeamB,350,0,True
300,5,60,2020-09-29,TeamB-4405bb1f-56f7-48ba-bfa8-e795e4006952,TeamB,300,0,True
1080,9,120,2020-09-30,TeamB-4405bb1f-56f7-48ba-bfa8-e795e4006952,TeamB,1080,0,True
720,8,90,2020-10-01,TeamB-4405bb1f-56f7-48ba-bfa8-e795e4006952,TeamB,720,0,True
640,8,80,2020-10-02,TeamB-4405bb1f-56f7-48ba-bfa8-e795e4006952,TeamB,640,0,True
1080,9,120,2020-10-07,TeamB-4405bb1f-56f7-48ba-bfa8-e795e4006952,TeamB,1080,0,True
480,6,80,2020-10-13,TeamB-4405bb1f-56f7-48ba-bfa8-e795e4006952,TeamB,480,0,True
240,4,60,2020-10-13,TeamB-4405bb1f-56f7-48ba-bfa8-e795e4006952,TeamB,240,0,True
630,7,90,2020-10-14,TeamB-4405bb1f-56f7-48ba-bfa8-e795e4006952,TeamB,630,0,True
360,6,60,2020-10-17,TeamB-4405bb1f-56f7-48ba-bfa8-e795e4006952,TeamB,360,0,True
240,4,60,2020-10-27,TeamB-4405bb1f-56f7-48ba-bfa8-e795e4006952,TeamB,240,0,True
630,7,90,2020-10-29,TeamB-4405bb1f-56f7-48ba-bfa8-e795e4006952,TeamB,630,0,True
810,9,90,2020-11-01,TeamB-4405bb1f-56f7-48ba-bfa8-e795e4006952,TeamB,810,0,True
200,4,50,2020-11-04,TeamB-4405bb1f-56f7-48ba-bfa8-e795e4006952,TeamB,200,0,True
630,7,90,2020-11-07,TeamB-4405bb1f-56f7-48ba-bfa8-e795e4006952,TeamB,630,0,True
40,4,10,2020-11-11,TeamB-4405bb1f-56f7-48ba-bfa8-e795e4006952,TeamB,40,0,True
240,4,60,2020-11-12,TeamB-4405bb1f-56f7-48ba-bfa8-e795e4006952,TeamB,240,0,True
770,7,110,2020-11-14,TeamB-4405bb1f-56f7-48ba-bfa8-e795e4006952,TeamB,770,0,True
800,8,100,2020-11-15,TeamB-4405bb1f-56f7-48ba-bfa8-e795e4006952,TeamB,800,0,True
200,4,50,2020-11-16,TeamB-4405bb1f-56f7-48ba-bfa8-e795e4006952,TeamB,200,0,True
360,6,60,2020-11-19,TeamB-4405bb1f-56f7-48ba-bfa8-e795e4006952,TeamB,360,0,True
490,7,70,2020-11-22,TeamB-4405bb1f-56f7-48ba-bfa8-e795e4006952,TeamB,490,0,True
240,4,60,2020-11-27,TeamB-4405bb1f-56f7-48ba-bfa8-e795e4006952,TeamB,240,0,True
540,6,90,2020-11-30,TeamB-4405bb1f-56f7-48ba-bfa8-e795e4006952,TeamB,540,0,True
630,7,90,2021-01-17,TeamB-4405bb1f-56f7-48ba-bfa8-e795e4006952,TeamB,630,0,True
480,6,80,2021-01-18,TeamB-4405bb1f-56f7-48ba-bfa8-e795e4006952,TeamB,480,0,True
540,6,90,2021-01-20,TeamB-4405bb1f-56f7-48ba-bfa8-e795e4006952,TeamB,540,0,True
360,6,60,2021-01-22,TeamB-4405bb1f-56f7-48ba-bfa8-e795e4006952,TeamB,360,0,True
540,6,90,2021-01-23,TeamB-4405bb1f-56f7-48ba-bfa8-e795e4006952,TeamB,540,0,True
420,7,60,2021-01-27,TeamB-4405bb1f-56f7-48ba-bfa8-e795e4006952,TeamB,420,0,True
420,7,60,2021-01-28,TeamB-4405bb1f-56f7-48ba-bfa8-e795e4006952,TeamB,420,0,True
420,7,60,2021-01-29,TeamB-4405bb1f-56f7-48ba-bfa8-e795e4006952,TeamB,420,0,True
420,7,60,2021-01-30,TeamB-4405bb1f-56f7-48ba-bfa8-e795e4006952,TeamB,420,0,True
630,7,90,2021-02-01,TeamB-4405bb1f-56f7-48ba-bfa8-e795e4006952,TeamB,630,0,True
480,6,80,2021-02-02,TeamB-4405bb1f-56f7-48ba-bfa8-e795e4006952,TeamB,480,0,True
300,5,60,2021-02-03,TeamB-4405bb1f-56f7-48ba-bfa8-e795e4006952,TeamB,300,0,True
420,6,70,2021-02-04,TeamB-4405bb1f-56f7-48ba-bfa8-e795e4006952,TeamB,420,0,True
770,7,110,2021-02-07,TeamB-4405bb1f-56f7-48ba-bfa8-e795e4006952,TeamB,770,0,True
240,4,60,2021-02-10,TeamB-4405bb1f-56f7-48ba-bfa8-e795e4006952,TeamB,240,0,True
420,7,60,2021-02-15,TeamB-4405bb1f-56f7-48ba-bfa8-e795e4006952,TeamB,420,0,True
300,5,60,2021-02-20,TeamB-4405bb1f-56f7-48ba-bfa8-e795e4006952,TeamB,300,0,True
1260,7,180,2021-02-21,TeamB-4405bb1f-56f7-48ba-bfa8-e795e4006952,TeamB,1260,0,True
640,8,80,2021-02-24,TeamB-4405bb1f-56f7-48ba-bfa8-e795e4006952,TeamB,640,0,True
630,7,90,2021-02-26,TeamB-4405bb1f-56f7-48ba-bfa8-e795e4006952,TeamB,630,0,True
540,6,90,2021-02-26,TeamB-4405bb1f-56f7-48ba-bfa8-e795e4006952,TeamB,540,0,True
540,6,90,2021-03-01,TeamB-4405bb1f-56f7-48ba-bfa8-e795e4006952,TeamB,540,0,True
630,7,90,2021-03-02,TeamB-4405bb1f-56f7-48ba-bfa8-e795e4006952,TeamB,630,0,True
420,7,60,2021-03-04,TeamB-4405bb1f-56f7-48ba-bfa8-e795e4006952,TeamB,420,0,True
840,7,120,2021-03-05,TeamB-4405bb1f-56f7-48ba-bfa8-e795e4006952,TeamB,840,0,True
630,7,90,2021-03-06,TeamB-4405bb1f-56f7-48ba-bfa8-e795e4006952,TeamB,630,0,True
540,6,90,2021-03-08,TeamB-4405bb1f-56f7-48ba-bfa8-e795e4006952,TeamB,540,0,True
360,6,60,2021-03-08,TeamB-4405bb1f-56f7-48ba-bfa8-e795e4006952,TeamB,360,0,True
540,6,90,2021-03-09,TeamB-4405bb1f-56f7-48ba-bfa8-e795e4006952,TeamB,540,0,True
640,8,80,2021-03-11,TeamB-4405bb1f-56f7-48ba-bfa8-e795e4006952,TeamB,640,0,True
540,6,90,2021-03-12,TeamB-4405bb1f-56f7-48ba-bfa8-e795e4006952,TeamB,540,0,True
630,7,90,2021-03-13,TeamB-4405bb1f-56f7-48ba-bfa8-e795e4006952,TeamB,630,0,True
1440,8,180,2021-03-15,TeamB-4405bb1f-56f7-48ba-bfa8-e795e4006952,TeamB,1440,0,True
480,6,80,2021-03-16,TeamB-4405bb1f-56f7-48ba-bfa8-e795e4006952,TeamB,480,0,True
990,9,110,2021-03-18,TeamB-4405bb1f-56f7-48ba-bfa8-e795e4006952,TeamB,990,0,True
300,5,60,2021-03-19,TeamB-4405bb1f-56f7-48ba-bfa8-e795e4006952,TeamB,300,0,True
960,8,120,2021-03-20,TeamB-4405bb1f-56f7-48ba-bfa8-e795e4006952,TeamB,960,0,True
540,6,90,2021-03-22,TeamB-4405bb1f-56f7-48ba-bfa8-e795e4006952,TeamB,540,0,True
540,6,90,2021-03-25,TeamB-4405bb1f-56f7-48ba-bfa8-e795e4006952,TeamB,540,0,True
300,5,60,2021-03-26,TeamB-4405bb1f-56f7-48ba-bfa8-e795e4006952,TeamB,300,0,True
1620,9,180,2021-03-27,TeamB-4405bb1f-56f7-48ba-bfa8-e795e4006952,TeamB,1620,0,True
720,8,90,2021-03-29,TeamB-4405bb1f-56f7-48ba-bfa8-e795e4006952,TeamB,720,0,True
1080,9,120,2021-03-30,TeamB-4405bb1f-56f7-48ba-bfa8-e795e4006952,TeamB,1080,0,True
420,7,60,2021-03-30,TeamB-4405bb1f-56f7-48ba-bfa8-e795e4006952,TeamB,420,0,True
810,9,90,2021-03-31,TeamB-4405bb1f-56f7-48ba-bfa8-e795e4006952,TeamB,810,0,True
180,6,30,2021-03-31,TeamB-4405bb1f-56f7-48ba-bfa8-e795e4006952,TeamB,180,0,True
810,9,90,2021-04-06,TeamB-4405bb1f-56f7-48ba-bfa8-e795e4006952,TeamB,810,0,True
720,8,90,2021-04-08,TeamB-4405bb1f-56f7-48ba-bfa8-e795e4006952,TeamB,720,0,True
480,6,80,2021-04-09,TeamB-4405bb1f-56f7-48ba-bfa8-e795e4006952,TeamB,480,0,True
1080,9,120,2021-04-10,TeamB-4405bb1f-56f7-48ba-bfa8-e795e4006952,TeamB,1080,0,True
1080,9,120,2021-04-12,TeamB-4405bb1f-56f7-48ba-bfa8-e795e4006952,TeamB,1080,0,True
1080,9,120,2021-04-13,TeamB-4405bb1f-56f7-48ba-bfa8-e795e4006952,TeamB,1080,0,True
770,7,110,2021-04-15,TeamB-4405bb1f-56f7-48ba-bfa8-e795e4006952,TeamB,770,0,True
720,8,90,2021-04-17,TeamB-4405bb1f-56f7-48ba-bfa8-e795e4006952,TeamB,720,0,True
770,7,110,2021-04-19,TeamB-4405bb1f-56f7-48ba-bfa8-e795e4006952,TeamB,770,0,True
300,5,60,2021-04-26,TeamB-4405bb1f-56f7-48ba-bfa8-e795e4006952,TeamB,300,0,True
1080,9,120,2021-04-27,TeamB-4405bb1f-56f7-48ba-bfa8-e795e4006952,TeamB,1080,0,True
720,8,90,2021-05-01,TeamB-4405bb1f-56f7-48ba-bfa8-e795e4006952,TeamB,720,0,True
1080,9,120,2021-05-05,TeamB-4405bb1f-56f7-48ba-bfa8-e795e4006952,TeamB,1080,0,True
360,6,60,2021-05-06,TeamB-4405bb1f-56f7-48ba-bfa8-e795e4006952,TeamB,360,0,True
540,9,60,2021-05-09,TeamB-4405bb1f-56f7-48ba-bfa8-e795e4006952,TeamB,540,0,True
500,10,50,2021-05-11,TeamB-4405bb1f-56f7-48ba-bfa8-e795e4006952,TeamB,500,0,True
360,6,60,2021-05-14,TeamB-4405bb1f-56f7-48ba-bfa8-e795e4006952,TeamB,360,0,True
540,9,60,2021-05-15,TeamB-4405bb1f-56f7-48ba-bfa8-e795e4006952,TeamB,540,0,True
720,8,90,2021-05-18,TeamB-4405bb1f-56f7-48ba-bfa8-e795e4006952,TeamB,720,0,True
720,8,90,2021-05-22,TeamB-4405bb1f-56f7-48ba-bfa8-e795e4006952,TeamB,720,0,True
960,8,120,2021-05-26,TeamB-4405bb1f-56f7-48ba-bfa8-e795e4006952,TeamB,960,0,True
300,5,60,2021-05-28,TeamB-4405bb1f-56f7-48ba-bfa8-e795e4006952,TeamB,300,0,True
900,10,90,2021-05-29,TeamB-4405bb1f-56f7-48ba-bfa8-e795e4006952,TeamB,900,0,True
360,6,60,2021-05-31,TeamB-4405bb1f-56f7-48ba-bfa8-e795e4006952,TeamB,360,0,True
720,8,90,2021-06-01,TeamB-4405bb1f-56f7-48ba-bfa8-e795e4006952,TeamB,720,0,True
720,8,90,2021-06-01,TeamB-4405bb1f-56f7-48ba-bfa8-e795e4006952,TeamB,720,0,True
1080,9,120,2021-06-02,TeamB-4405bb1f-56f7-48ba-bfa8-e795e4006952,TeamB,1080,0,True
240,4,60,2021-06-04,TeamB-4405bb1f-56f7-48ba-bfa8-e795e4006952,TeamB,240,0,True
900,10,90,2021-06-05,TeamB-4405bb1f-56f7-48ba-bfa8-e795e4006952,TeamB,900,0,True
480,6,80,2021-06-21,TeamB-4405bb1f-56f7-48ba-bfa8-e795e4006952,TeamB,480,0,True
810,9,90,2021-06-22,TeamB-4405bb1f-56f7-48ba-bfa8-e795e4006952,TeamB,810,0,True
240,4,60,2021-06-23,TeamB-4405bb1f-56f7-48ba-bfa8-e795e4006952,TeamB,240,0,True
400,8,50,2021-06-26,TeamB-4405bb1f-56f7-48ba-bfa8-e795e4006952,TeamB,400,0,True
540,6,90,2021-06-27,TeamB-4405bb1f-56f7-48ba-bfa8-e795e4006952,TeamB,540,0,True
720,8,90,2021-06-30,TeamB-4405bb1f-56f7-48ba-bfa8-e795e4006952,TeamB,720,0,True
300,5,60,2021-07-06,TeamB-4405bb1f-56f7-48ba-bfa8-e795e4006952,TeamB,300,0,True
810,9,90,2021-07-07,TeamB-4405bb1f-56f7-48ba-bfa8-e795e4006952,TeamB,810,0,True
360,6,60,2021-07-09,TeamB-4405bb1f-56f7-48ba-bfa8-e795e4006952,TeamB,360,0,True
630,7,90,2021-07-13,TeamB-4405bb1f-56f7-48ba-bfa8-e795e4006952,TeamB,630,0,True
840,7,120,2021-07-31,TeamB-4405bb1f-56f7-48ba-bfa8-e795e4006952,TeamB,840,0,True
450,5,90,2021-08-01,TeamB-4405bb1f-56f7-48ba-bfa8-e795e4006952,TeamB,450,0,True
400,8,50,2021-08-02,TeamB-4405bb1f-56f7-48ba-bfa8-e795e4006952,TeamB,400,0,True
810,9,90,2021-08-03,TeamB-4405bb1f-56f7-48ba-bfa8-e795e4006952,TeamB,810,0,True
630,7,90,2021-08-05,TeamB-4405bb1f-56f7-48ba-bfa8-e795e4006952,TeamB,630,0,True
540,6,90,2021-08-06,TeamB-4405bb1f-56f7-48ba-bfa8-e795e4006952,TeamB,540,0,True
810,9,90,2021-08-07,TeamB-4405bb1f-56f7-48ba-bfa8-e795e4006952,TeamB,810,0,True
360,6,60,2021-08-08,TeamB-4405bb1f-56f7-48ba-bfa8-e795e4006952,TeamB,360,0,True
630,7,90,2021-08-13,TeamB-4405bb1f-56f7-48ba-bfa8-e795e4006952,TeamB,630,0,True
900,10,90,2021-08-14,TeamB-4405bb1f-56f7-48ba-bfa8-e795e4006952,TeamB,900,0,True
540,6,90,2021-08-17,TeamB-4405bb1f-56f7-48ba-bfa8-e795e4006952,TeamB,540,0,True
560,8,70,2021-08-18,TeamB-4405bb1f-56f7-48ba-bfa8-e795e4006952,TeamB,560,0,True
360,6,60,2021-08-20,TeamB-4405bb1f-56f7-48ba-bfa8-e795e4006952,TeamB,360,0,True
720,8,90,2021-08-21,TeamB-4405bb1f-56f7-48ba-bfa8-e795e4006952,TeamB,720,0,True
360,6,60,2021-08-23,TeamB-4405bb1f-56f7-48ba-bfa8-e795e4006952,TeamB,360,0,True
400,8,50,2021-08-24,TeamB-4405bb1f-56f7-48ba-bfa8-e795e4006952,TeamB,400,0,True
420,7,60,2021-08-26,TeamB-4405bb1f-56f7-48ba-bfa8-e795e4006952,TeamB,420,0,True
360,6,60,2021-08-27,TeamB-4405bb1f-56f7-48ba-bfa8-e795e4006952,TeamB,360,0,True
720,8,90,2021-08-28,TeamB-4405bb1f-56f7-48ba-bfa8-e795e4006952,TeamB,720,0,True
360,6,60,2021-08-30,TeamB-4405bb1f-56f7-48ba-bfa8-e795e4006952,TeamB,360,0,True
240,4,60,2021-08-31,TeamB-4405bb1f-56f7-48ba-bfa8-e795e4006952,TeamB,240,0,True
810,9,90,2021-09-01,TeamB-4405bb1f-56f7-48ba-bfa8-e795e4006952,TeamB,810,0,True
720,8,90,2021-09-04,TeamB-4405bb1f-56f7-48ba-bfa8-e795e4006952,TeamB,720,0,True
480,8,60,2021-09-08,TeamB-4405bb1f-56f7-48ba-bfa8-e795e4006952,TeamB,480,0,True
810,9,90,2021-09-11,TeamB-4405bb1f-56f7-48ba-bfa8-e795e4006952,TeamB,810,0,True
420,7,60,2021-09-25,TeamB-4405bb1f-56f7-48ba-bfa8-e795e4006952,TeamB,420,0,True
720,8,90,2021-09-26,TeamB-4405bb1f-56f7-48ba-bfa8-e795e4006952,TeamB,720,0,True
360,6,60,2021-09-28,TeamB-4405bb1f-56f7-48ba-bfa8-e795e4006952,TeamB,360,0,True
540,6,90,2021-10-01,TeamB-4405bb1f-56f7-48ba-bfa8-e795e4006952,TeamB,540,0,True
810,9,90,2021-10-02,TeamB-4405bb1f-56f7-48ba-bfa8-e795e4006952,TeamB,810,0,True
630,7,90,2021-10-05,TeamB-4405bb1f-56f7-48ba-bfa8-e795e4006952,TeamB,630,0,True
630,7,90,2021-10-06,TeamB-4405bb1f-56f7-48ba-bfa8-e795e4006952,TeamB,630,0,True
300,5,60,2021-10-08,TeamB-4405bb1f-56f7-48ba-bfa8-e795e4006952,TeamB,300,0,True
630,7,90,2021-10-09,TeamB-4405bb1f-56f7-48ba-bfa8-e795e4006952,TeamB,630,0,True
360,6,60,2021-10-17,TeamB-4405bb1f-56f7-48ba-bfa8-e795e4006952,TeamB,360,0,True
540,6,90,2020-02-17,TeamB-48bfd4ea-e9e2-45b5-befc-3383cae87fdf,TeamB,540,0,True
540,6,90,2020-02-18,TeamB-48bfd4ea-e9e2-45b5-befc-3383cae87fdf,TeamB,540,0,True
180,2,90,2020-02-19,TeamB-48bfd4ea-e9e2-45b5-befc-3383cae87fdf,TeamB,180,0,True
450,5,90,2020-02-22,TeamB-48bfd4ea-e9e2-45b5-befc-3383cae87fdf,TeamB,450,0,True
270,3,90,2020-02-23,TeamB-48bfd4ea-e9e2-45b5-befc-3383cae87fdf,TeamB,270,0,True
540,6,90,2020-02-23,TeamB-48bfd4ea-e9e2-45b5-befc-3383cae87fdf,TeamB,540,0,True
450,5,90,2020-02-23,TeamB-48bfd4ea-e9e2-45b5-befc-3383cae87fdf,TeamB,450,0,True
450,5,90,2020-02-23,TeamB-48bfd4ea-e9e2-45b5-befc-3383cae87fdf,TeamB,450,0,True
300,5,60,2020-02-24,TeamB-48bfd4ea-e9e2-45b5-befc-3383cae87fdf,TeamB,300,0,True
630,7,90,2020-02-24,TeamB-48bfd4ea-e9e2-45b5-befc-3383cae87fdf,TeamB,630,0,True
270,3,90,2020-02-25,TeamB-48bfd4ea-e9e2-45b5-befc-3383cae87fdf,TeamB,270,0,True
440,4,110,2020-02-25,TeamB-48bfd4ea-e9e2-45b5-befc-3383cae87fdf,TeamB,440,0,True
320,4,80,2020-02-26,TeamB-48bfd4ea-e9e2-45b5-befc-3383cae87fdf,TeamB,320,0,True
360,6,60,2020-02-29,TeamB-48bfd4ea-e9e2-45b5-befc-3383cae87fdf,TeamB,360,0,True
320,4,80,2020-03-02,TeamB-48bfd4ea-e9e2-45b5-befc-3383cae87fdf,TeamB,320,0,True
450,5,90,2020-03-03,TeamB-48bfd4ea-e9e2-45b5-befc-3383cae87fdf,TeamB,450,0,True
240,4,60,2020-03-03,TeamB-48bfd4ea-e9e2-45b5-befc-3383cae87fdf,TeamB,240,0,True
420,7,60,2020-03-05,TeamB-48bfd4ea-e9e2-45b5-befc-3383cae87fdf,TeamB,420,0,True
560,7,80,2020-03-05,TeamB-48bfd4ea-e9e2-45b5-befc-3383cae87fdf,TeamB,560,0,True
420,6,70,2020-03-06,TeamB-48bfd4ea-e9e2-45b5-befc-3383cae87fdf,TeamB,420,0,True
540,6,90,2020-03-07,TeamB-48bfd4ea-e9e2-45b5-befc-3383cae87fdf,TeamB,540,0,True
420,6,70,2020-03-09,TeamB-48bfd4ea-e9e2-45b5-befc-3383cae87fdf,TeamB,420,0,True
480,6,80,2020-03-10,TeamB-48bfd4ea-e9e2-45b5-befc-3383cae87fdf,TeamB,480,0,True
300,5,60,2020-03-10,TeamB-48bfd4ea-e9e2-45b5-befc-3383cae87fdf,TeamB,300,0,True
240,4,60,2020-03-12,TeamB-48bfd4ea-e9e2-45b5-befc-3383cae87fdf,TeamB,240,0,True
240,4,60,2020-03-13,TeamB-48bfd4ea-e9e2-45b5-befc-3383cae87fdf,TeamB,240,0,True
450,5,90,2020-03-14,TeamB-48bfd4ea-e9e2-45b5-befc-3383cae87fdf,TeamB,450,0,True
700,7,100,2020-03-16,TeamB-48bfd4ea-e9e2-45b5-befc-3383cae87fdf,TeamB,700,0,True
280,4,70,2020-03-17,TeamB-48bfd4ea-e9e2-45b5-befc-3383cae87fdf,TeamB,280,0,True
160,4,40,2020-03-17,TeamB-48bfd4ea-e9e2-45b5-befc-3383cae87fdf,TeamB,160,0,True
420,7,60,2020-03-18,TeamB-48bfd4ea-e9e2-45b5-befc-3383cae87fdf,TeamB,420,0,True
420,6,70,2020-03-19,TeamB-48bfd4ea-e9e2-45b5-befc-3383cae87fdf,TeamB,420,0,True
770,7,110,2020-03-21,TeamB-48bfd4ea-e9e2-45b5-befc-3383cae87fdf,TeamB,770,0,True
300,5,60,2020-03-22,TeamB-48bfd4ea-e9e2-45b5-befc-3383cae87fdf,TeamB,300,0,True
560,7,80,2020-03-23,TeamB-48bfd4ea-e9e2-45b5-befc-3383cae87fdf,TeamB,560,0,True
480,8,60,2020-03-24,TeamB-48bfd4ea-e9e2-45b5-befc-3383cae87fdf,TeamB,480,0,True
450,5,90,2020-03-26,TeamB-48bfd4ea-e9e2-45b5-befc-3383cae87fdf,TeamB,450,0,True
540,6,90,2020-03-27,TeamB-48bfd4ea-e9e2-45b5-befc-3383cae87fdf,TeamB,540,0,True
350,5,70,2020-03-28,TeamB-48bfd4ea-e9e2-45b5-befc-3383cae87fdf,TeamB,350,0,True
880,8,110,2020-03-30,TeamB-48bfd4ea-e9e2-45b5-befc-3383cae87fdf,TeamB,880,0,True
720,6,120,2020-03-31,TeamB-48bfd4ea-e9e2-45b5-befc-3383cae87fdf,TeamB,720,0,True
480,6,80,2020-04-02,TeamB-48bfd4ea-e9e2-45b5-befc-3383cae87fdf,TeamB,480,0,True
630,7,90,2020-04-03,TeamB-48bfd4ea-e9e2-45b5-befc-3383cae87fdf,TeamB,630,0,True
540,6,90,2020-04-05,TeamB-48bfd4ea-e9e2-45b5-befc-3383cae87fdf,TeamB,540,0,True
450,5,90,2020-04-06,TeamB-48bfd4ea-e9e2-45b5-befc-3383cae87fdf,TeamB,450,0,True
450,5,90,2020-04-06,TeamB-48bfd4ea-e9e2-45b5-befc-3383cae87fdf,TeamB,450,0,True
630,7,90,2020-04-07,TeamB-48bfd4ea-e9e2-45b5-befc-3383cae87fdf,TeamB,630,0,True
480,8,60,2020-04-08,TeamB-48bfd4ea-e9e2-45b5-befc-3383cae87fdf,TeamB,480,0,True
400,5,80,2020-04-09,TeamB-48bfd4ea-e9e2-45b5-befc-3383cae87fdf,TeamB,400,0,True
400,5,80,2020-04-10,TeamB-48bfd4ea-e9e2-45b5-befc-3383cae87fdf,TeamB,400,0,True
450,5,90,2020-04-11,TeamB-48bfd4ea-e9e2-45b5-befc-3383cae87fdf,TeamB,450,0,True
350,5,70,2020-04-13,TeamB-48bfd4ea-e9e2-45b5-befc-3383cae87fdf,TeamB,350,0,True
350,5,70,2020-04-13,TeamB-48bfd4ea-e9e2-45b5-befc-3383cae87fdf,TeamB,350,0,True
540,6,90,2020-04-14,TeamB-48bfd4ea-e9e2-45b5-befc-3383cae87fdf,TeamB,540,0,True
490,7,70,2020-04-15,TeamB-48bfd4ea-e9e2-45b5-befc-3383cae87fdf,TeamB,490,0,True
360,6,60,2020-04-16,TeamB-48bfd4ea-e9e2-45b5-befc-3383cae87fdf,TeamB,360,0,True
420,7,60,2020-04-17,TeamB-48bfd4ea-e9e2-45b5-befc-3383cae87fdf,TeamB,420,0,True
300,5,60,2020-04-19,TeamB-48bfd4ea-e9e2-45b5-befc-3383cae87fdf,TeamB,300,0,True
540,9,60,2020-04-20,TeamB-48bfd4ea-e9e2-45b5-befc-3383cae87fdf,TeamB,540,0,True
360,6,60,2020-04-21,TeamB-48bfd4ea-e9e2-45b5-befc-3383cae87fdf,TeamB,360,0,True
420,6,70,2020-04-21,TeamB-48bfd4ea-e9e2-45b5-befc-3383cae87fdf,TeamB,420,0,True
420,6,70,2020-04-21,TeamB-48bfd4ea-e9e2-45b5-befc-3383cae87fdf,TeamB,420,0,True
180,6,30,2020-04-22,TeamB-48bfd4ea-e9e2-45b5-befc-3383cae87fdf,TeamB,180,0,True
350,5,70,2020-04-22,TeamB-48bfd4ea-e9e2-45b5-befc-3383cae87fdf,TeamB,350,0,True
450,5,90,2020-04-24,TeamB-48bfd4ea-e9e2-45b5-befc-3383cae87fdf,TeamB,450,0,True
450,5,90,2020-04-25,TeamB-48bfd4ea-e9e2-45b5-befc-3383cae87fdf,TeamB,450,0,True
420,6,70,2020-04-27,TeamB-48bfd4ea-e9e2-45b5-befc-3383cae87fdf,TeamB,420,0,True
490,7,70,2020-04-28,TeamB-48bfd4ea-e9e2-45b5-befc-3383cae87fdf,TeamB,490,0,True
180,3,60,2020-04-29,TeamB-48bfd4ea-e9e2-45b5-befc-3383cae87fdf,TeamB,180,0,True
450,5,90,2020-04-30,TeamB-48bfd4ea-e9e2-45b5-befc-3383cae87fdf,TeamB,450,0,True
150,5,30,2020-05-04,TeamB-48bfd4ea-e9e2-45b5-befc-3383cae87fdf,TeamB,150,0,True
660,6,110,2020-05-05,TeamB-48bfd4ea-e9e2-45b5-befc-3383cae87fdf,TeamB,660,0,True
300,5,60,2020-05-06,TeamB-48bfd4ea-e9e2-45b5-befc-3383cae87fdf,TeamB,300,0,True
160,4,40,2020-05-07,TeamB-48bfd4ea-e9e2-45b5-befc-3383cae87fdf,TeamB,160,0,True
120,3,40,2020-05-08,TeamB-48bfd4ea-e9e2-45b5-befc-3383cae87fdf,TeamB,120,0,True
480,8,60,2020-05-09,TeamB-48bfd4ea-e9e2-45b5-befc-3383cae87fdf,TeamB,480,0,True
360,6,60,2020-05-09,TeamB-48bfd4ea-e9e2-45b5-befc-3383cae87fdf,TeamB,360,0,True
600,5,120,2020-05-10,TeamB-48bfd4ea-e9e2-45b5-befc-3383cae87fdf,TeamB,600,0,True
360,6,60,2020-05-12,TeamB-48bfd4ea-e9e2-45b5-befc-3383cae87fdf,TeamB,360,0,True
540,6,90,2020-05-13,TeamB-48bfd4ea-e9e2-45b5-befc-3383cae87fdf,TeamB,540,0,True
720,8,90,2020-05-14,TeamB-48bfd4ea-e9e2-45b5-befc-3383cae87fdf,TeamB,720,0,True
540,6,90,2020-05-15,TeamB-48bfd4ea-e9e2-45b5-befc-3383cae87fdf,TeamB,540,0,True
540,6,90,2020-05-15,TeamB-48bfd4ea-e9e2-45b5-befc-3383cae87fdf,TeamB,540,0,True
240,4,60,2020-05-16,TeamB-48bfd4ea-e9e2-45b5-befc-3383cae87fdf,TeamB,240,0,True
600,6,100,2020-05-18,TeamB-48bfd4ea-e9e2-45b5-befc-3383cae87fdf,TeamB,600,0,True
840,7,120,2020-05-19,TeamB-48bfd4ea-e9e2-45b5-befc-3383cae87fdf,TeamB,840,0,True
770,7,110,2020-05-21,TeamB-48bfd4ea-e9e2-45b5-befc-3383cae87fdf,TeamB,770,0,True
420,6,70,2020-05-22,TeamB-48bfd4ea-e9e2-45b5-befc-3383cae87fdf,TeamB,420,0,True
280,7,40,2020-05-23,TeamB-48bfd4ea-e9e2-45b5-befc-3383cae87fdf,TeamB,280,0,True
560,7,80,2020-05-25,TeamB-48bfd4ea-e9e2-45b5-befc-3383cae87fdf,TeamB,560,0,True
560,7,80,2020-05-26,TeamB-48bfd4ea-e9e2-45b5-befc-3383cae87fdf,TeamB,560,0,True
120,4,30,2020-05-27,TeamB-48bfd4ea-e9e2-45b5-befc-3383cae87fdf,TeamB,120,0,True
630,7,90,2020-05-28,TeamB-48bfd4ea-e9e2-45b5-befc-3383cae87fdf,TeamB,630,0,True
540,6,90,2020-05-29,TeamB-48bfd4ea-e9e2-45b5-befc-3383cae87fdf,TeamB,540,0,True
250,5,50,2020-05-30,TeamB-48bfd4ea-e9e2-45b5-befc-3383cae87fdf,TeamB,250,0,True
540,6,90,2020-06-01,TeamB-48bfd4ea-e9e2-45b5-befc-3383cae87fdf,TeamB,540,0,True
480,6,80,2020-06-02,TeamB-48bfd4ea-e9e2-45b5-befc-3383cae87fdf,TeamB,480,0,True
300,5,60,2020-06-03,TeamB-48bfd4ea-e9e2-45b5-befc-3383cae87fdf,TeamB,300,0,True
540,6,90,2020-06-04,TeamB-48bfd4ea-e9e2-45b5-befc-3383cae87fdf,TeamB,540,0,True
630,7,90,2020-06-05,TeamB-48bfd4ea-e9e2-45b5-befc-3383cae87fdf,TeamB,630,0,True
160,4,40,2020-06-06,TeamB-48bfd4ea-e9e2-45b5-befc-3383cae87fdf,TeamB,160,0,True
480,6,80,2020-06-08,TeamB-48bfd4ea-e9e2-45b5-befc-3383cae87fdf,TeamB,480,0,True
400,5,80,2020-06-09,TeamB-48bfd4ea-e9e2-45b5-befc-3383cae87fdf,TeamB,400,0,True
540,6,90,2020-06-10,TeamB-48bfd4ea-e9e2-45b5-befc-3383cae87fdf,TeamB,540,0,True
420,7,60,2020-06-11,TeamB-48bfd4ea-e9e2-45b5-befc-3383cae87fdf,TeamB,420,0,True
360,6,60,2020-06-12,TeamB-48bfd4ea-e9e2-45b5-befc-3383cae87fdf,TeamB,360,0,True
180,6,30,2020-06-13,TeamB-48bfd4ea-e9e2-45b5-befc-3383cae87fdf,TeamB,180,0,True
150,5,30,2020-06-13,TeamB-48bfd4ea-e9e2-45b5-befc-3383cae87fdf,TeamB,150,0,True
540,6,90,2020-06-15,TeamB-48bfd4ea-e9e2-45b5-befc-3383cae87fdf,TeamB,540,0,True
770,7,110,2020-06-16,TeamB-48bfd4ea-e9e2-45b5-befc-3383cae87fdf,TeamB,770,0,True
450,5,90,2020-06-17,TeamB-48bfd4ea-e9e2-45b5-befc-3383cae87fdf,TeamB,450,0,True
450,5,90,2020-06-18,TeamB-48bfd4ea-e9e2-45b5-befc-3383cae87fdf,TeamB,450,0,True
250,5,50,2020-06-19,TeamB-48bfd4ea-e9e2-45b5-befc-3383cae87fdf,TeamB,250,0,True
300,5,60,2020-06-21,TeamB-48bfd4ea-e9e2-45b5-befc-3383cae87fdf,TeamB,300,0,True
450,5,90,2020-06-22,TeamB-48bfd4ea-e9e2-45b5-befc-3383cae87fdf,TeamB,450,0,True
630,7,90,2020-06-23,TeamB-48bfd4ea-e9e2-45b5-befc-3383cae87fdf,TeamB,630,0,True
480,6,80,2020-06-25,TeamB-48bfd4ea-e9e2-45b5-befc-3383cae87fdf,TeamB,480,0,True
350,5,70,2020-06-26,TeamB-48bfd4ea-e9e2-45b5-befc-3383cae87fdf,TeamB,350,0,True
630,7,90,2020-06-27,TeamB-48bfd4ea-e9e2-45b5-befc-3383cae87fdf,TeamB,630,0,True
300,5,60,2020-06-29,TeamB-48bfd4ea-e9e2-45b5-befc-3383cae87fdf,TeamB,300,0,True
160,4,40,2020-06-29,TeamB-48bfd4ea-e9e2-45b5-befc-3383cae87fdf,TeamB,160,0,True
450,5,90,2020-06-30,TeamB-48bfd4ea-e9e2-45b5-befc-3383cae87fdf,TeamB,450,0,True
360,4,90,2020-07-01,TeamB-48bfd4ea-e9e2-45b5-befc-3383cae87fdf,TeamB,360,0,True
450,5,90,2020-07-02,TeamB-48bfd4ea-e9e2-45b5-befc-3383cae87fdf,TeamB,450,0,True
300,5,60,2020-07-03,TeamB-48bfd4ea-e9e2-45b5-befc-3383cae87fdf,TeamB,300,0,True
160,4,40,2020-07-04,TeamB-48bfd4ea-e9e2-45b5-befc-3383cae87fdf,TeamB,160,0,True
300,6,50,2020-07-05,TeamB-48bfd4ea-e9e2-45b5-befc-3383cae87fdf,TeamB,300,0,True
300,6,50,2020-07-05,TeamB-48bfd4ea-e9e2-45b5-befc-3383cae87fdf,TeamB,300,0,True
120,4,30,2020-07-06,TeamB-48bfd4ea-e9e2-45b5-befc-3383cae87fdf,TeamB,120,0,True
420,7,60,2020-07-06,TeamB-48bfd4ea-e9e2-45b5-befc-3383cae87fdf,TeamB,420,0,True
450,5,90,2020-07-07,TeamB-48bfd4ea-e9e2-45b5-befc-3383cae87fdf,TeamB,450,0,True
350,7,50,2020-07-08,TeamB-48bfd4ea-e9e2-45b5-befc-3383cae87fdf,TeamB,350,0,True
350,5,70,2020-07-08,TeamB-48bfd4ea-e9e2-45b5-befc-3383cae87fdf,TeamB,350,0,True
360,6,60,2020-07-09,TeamB-48bfd4ea-e9e2-45b5-befc-3383cae87fdf,TeamB,360,0,True
560,8,70,2020-07-11,TeamB-48bfd4ea-e9e2-45b5-befc-3383cae87fdf,TeamB,560,0,True
630,7,90,2020-07-13,TeamB-48bfd4ea-e9e2-45b5-befc-3383cae87fdf,TeamB,630,0,True
540,6,90,2020-07-14,TeamB-48bfd4ea-e9e2-45b5-befc-3383cae87fdf,TeamB,540,0,True
540,6,90,2020-07-15,TeamB-48bfd4ea-e9e2-45b5-befc-3383cae87fdf,TeamB,540,0,True
350,7,50,2020-07-15,TeamB-48bfd4ea-e9e2-45b5-befc-3383cae87fdf,TeamB,350,0,True
360,6,60,2020-07-16,TeamB-48bfd4ea-e9e2-45b5-befc-3383cae87fdf,TeamB,360,0,True
360,6,60,2020-07-17,TeamB-48bfd4ea-e9e2-45b5-befc-3383cae87fdf,TeamB,360,0,True
250,5,50,2020-07-19,TeamB-48bfd4ea-e9e2-45b5-befc-3383cae87fdf,TeamB,250,0,True
250,5,50,2020-07-20,TeamB-48bfd4ea-e9e2-45b5-befc-3383cae87fdf,TeamB,250,0,True
300,6,50,2020-07-20,TeamB-48bfd4ea-e9e2-45b5-befc-3383cae87fdf,TeamB,300,0,True
630,7,90,2020-07-21,TeamB-48bfd4ea-e9e2-45b5-befc-3383cae87fdf,TeamB,630,0,True
240,6,40,2020-07-22,TeamB-48bfd4ea-e9e2-45b5-befc-3383cae87fdf,TeamB,240,0,True
420,6,70,2020-07-22,TeamB-48bfd4ea-e9e2-45b5-befc-3383cae87fdf,TeamB,420,0,True
360,6,60,2020-07-23,TeamB-48bfd4ea-e9e2-45b5-befc-3383cae87fdf,TeamB,360,0,True
420,7,60,2020-07-24,TeamB-48bfd4ea-e9e2-45b5-befc-3383cae87fdf,TeamB,420,0,True
420,7,60,2020-07-25,TeamB-48bfd4ea-e9e2-45b5-befc-3383cae87fdf,TeamB,420,0,True
420,7,60,2020-07-25,TeamB-48bfd4ea-e9e2-45b5-befc-3383cae87fdf,TeamB,420,0,True
200,5,40,2020-07-27,TeamB-48bfd4ea-e9e2-45b5-befc-3383cae87fdf,TeamB,200,0,True
300,5,60,2020-07-27,TeamB-48bfd4ea-e9e2-45b5-befc-3383cae87fdf,TeamB,300,0,True
630,7,90,2020-07-28,TeamB-48bfd4ea-e9e2-45b5-befc-3383cae87fdf,TeamB,630,0,True
640,8,80,2020-07-29,TeamB-48bfd4ea-e9e2-45b5-befc-3383cae87fdf,TeamB,640,0,True
540,6,90,2020-07-31,TeamB-48bfd4ea-e9e2-45b5-befc-3383cae87fdf,TeamB,540,0,True
420,7,60,2020-08-01,TeamB-48bfd4ea-e9e2-45b5-befc-3383cae87fdf,TeamB,420,0,True
350,7,50,2020-08-02,TeamB-48bfd4ea-e9e2-45b5-befc-3383cae87fdf,TeamB,350,0,True
360,6,60,2020-08-03,TeamB-48bfd4ea-e9e2-45b5-befc-3383cae87fdf,TeamB,360,0,True
150,5,30,2020-08-03,TeamB-48bfd4ea-e9e2-45b5-befc-3383cae87fdf,TeamB,150,0,True
450,5,90,2020-08-04,TeamB-48bfd4ea-e9e2-45b5-befc-3383cae87fdf,TeamB,450,0,True
490,7,70,2020-08-05,TeamB-48bfd4ea-e9e2-45b5-befc-3383cae87fdf,TeamB,490,0,True
420,6,70,2020-08-06,TeamB-48bfd4ea-e9e2-45b5-befc-3383cae87fdf,TeamB,420,0,True
240,6,40,2020-08-06,TeamB-48bfd4ea-e9e2-45b5-befc-3383cae87fdf,TeamB,240,0,True
240,6,40,2020-08-07,TeamB-48bfd4ea-e9e2-45b5-befc-3383cae87fdf,TeamB,240,0,True
400,5,80,2020-08-10,TeamB-48bfd4ea-e9e2-45b5-befc-3383cae87fdf,TeamB,400,0,True
490,7,70,2020-08-11,TeamB-48bfd4ea-e9e2-45b5-befc-3383cae87fdf,TeamB,490,0,True
200,5,40,2020-08-12,TeamB-48bfd4ea-e9e2-45b5-befc-3383cae87fdf,TeamB,200,0,True
250,5,50,2020-08-13,TeamB-48bfd4ea-e9e2-45b5-befc-3383cae87fdf,TeamB,250,0,True
420,7,60,2020-08-14,TeamB-48bfd4ea-e9e2-45b5-befc-3383cae87fdf,TeamB,420,0,True
420,6,70,2020-08-15,TeamB-48bfd4ea-e9e2-45b5-befc-3383cae87fdf,TeamB,420,0,True
630,7,90,2020-08-16,TeamB-48bfd4ea-e9e2-45b5-befc-3383cae87fdf,TeamB,630,0,True
450,5,90,2020-08-18,TeamB-48bfd4ea-e9e2-45b5-befc-3383cae87fdf,TeamB,450,0,True
540,6,90,2020-08-19,TeamB-48bfd4ea-e9e2-45b5-befc-3383cae87fdf,TeamB,540,0,True
660,6,110,2020-08-20,TeamB-48bfd4ea-e9e2-45b5-befc-3383cae87fdf,TeamB,660,0,True
420,6,70,2020-08-21,TeamB-48bfd4ea-e9e2-45b5-befc-3383cae87fdf,TeamB,420,0,True
720,8,90,2020-08-22,TeamB-48bfd4ea-e9e2-45b5-befc-3383cae87fdf,TeamB,720,0,True
400,5,80,2020-08-24,TeamB-48bfd4ea-e9e2-45b5-befc-3383cae87fdf,TeamB,400,0,True
300,5,60,2020-08-25,TeamB-48bfd4ea-e9e2-45b5-befc-3383cae87fdf,TeamB,300,0,True
630,7,90,2020-08-26,TeamB-48bfd4ea-e9e2-45b5-befc-3383cae87fdf,TeamB,630,0,True
240,4,60,2020-08-27,TeamB-48bfd4ea-e9e2-45b5-befc-3383cae87fdf,TeamB,240,0,True
300,5,60,2020-08-28,TeamB-48bfd4ea-e9e2-45b5-befc-3383cae87fdf,TeamB,300,0,True
300,5,60,2020-08-29,TeamB-48bfd4ea-e9e2-45b5-befc-3383cae87fdf,TeamB,300,0,True
450,5,90,2020-08-30,TeamB-48bfd4ea-e9e2-45b5-befc-3383cae87fdf,TeamB,450,0,True
450,5,90,2020-09-01,TeamB-48bfd4ea-e9e2-45b5-befc-3383cae87fdf,TeamB,450,0,True
360,4,90,2020-09-02,TeamB-48bfd4ea-e9e2-45b5-befc-3383cae87fdf,TeamB,360,0,True
420,6,70,2020-09-03,TeamB-48bfd4ea-e9e2-45b5-befc-3383cae87fdf,TeamB,420,0,True
480,6,80,2020-09-04,TeamB-48bfd4ea-e9e2-45b5-befc-3383cae87fdf,TeamB,480,0,True
630,7,90,2020-09-05,TeamB-48bfd4ea-e9e2-45b5-befc-3383cae87fdf,TeamB,630,0,True
300,5,60,2020-09-07,TeamB-48bfd4ea-e9e2-45b5-befc-3383cae87fdf,TeamB,300,0,True
200,5,40,2020-09-07,TeamB-48bfd4ea-e9e2-45b5-befc-3383cae87fdf,TeamB,200,0,True
450,5,90,2020-09-08,TeamB-48bfd4ea-e9e2-45b5-befc-3383cae87fdf,TeamB,450,0,True
540,6,90,2020-09-09,TeamB-48bfd4ea-e9e2-45b5-befc-3383cae87fdf,TeamB,540,0,True
490,7,70,2020-09-11,TeamB-48bfd4ea-e9e2-45b5-befc-3383cae87fdf,TeamB,490,0,True
630,7,90,2020-09-12,TeamB-48bfd4ea-e9e2-45b5-befc-3383cae87fdf,TeamB,630,0,True
540,6,90,2020-09-14,TeamB-48bfd4ea-e9e2-45b5-befc-3383cae87fdf,TeamB,540,0,True
420,6,70,2020-09-15,TeamB-48bfd4ea-e9e2-45b5-befc-3383cae87fdf,TeamB,420,0,True
560,7,80,2020-09-19,TeamB-48bfd4ea-e9e2-45b5-befc-3383cae87fdf,TeamB,560,0,True
280,7,40,2020-09-20,TeamB-48bfd4ea-e9e2-45b5-befc-3383cae87fdf,TeamB,280,0,True
630,7,90,2020-09-21,TeamB-48bfd4ea-e9e2-45b5-befc-3383cae87fdf,TeamB,630,0,True
160,4,40,2020-09-22,TeamB-48bfd4ea-e9e2-45b5-befc-3383cae87fdf,TeamB,160,0,True
630,7,90,2020-09-22,TeamB-48bfd4ea-e9e2-45b5-befc-3383cae87fdf,TeamB,630,0,True
480,6,80,2020-09-24,TeamB-48bfd4ea-e9e2-45b5-befc-3383cae87fdf,TeamB,480,0,True
420,6,70,2020-09-25,TeamB-48bfd4ea-e9e2-45b5-befc-3383cae87fdf,TeamB,420,0,True
420,6,70,2020-09-26,TeamB-48bfd4ea-e9e2-45b5-befc-3383cae87fdf,TeamB,420,0,True
450,5,90,2020-09-27,TeamB-48bfd4ea-e9e2-45b5-befc-3383cae87fdf,TeamB,450,0,True
540,6,90,2020-09-29,TeamB-48bfd4ea-e9e2-45b5-befc-3383cae87fdf,TeamB,540,0,True
840,7,120,2020-09-30,TeamB-48bfd4ea-e9e2-45b5-befc-3383cae87fdf,TeamB,840,0,True
540,6,90,2020-10-01,TeamB-48bfd4ea-e9e2-45b5-befc-3383cae87fdf,TeamB,540,0,True
600,6,100,2020-10-02,TeamB-48bfd4ea-e9e2-45b5-befc-3383cae87fdf,TeamB,600,0,True
240,6,40,2020-10-02,TeamB-48bfd4ea-e9e2-45b5-befc-3383cae87fdf,TeamB,240,0,True
210,7,30,2020-10-03,TeamB-48bfd4ea-e9e2-45b5-befc-3383cae87fdf,TeamB,210,0,True
630,7,90,2020-10-05,TeamB-48bfd4ea-e9e2-45b5-befc-3383cae87fdf,TeamB,630,0,True
540,6,90,2020-10-06,TeamB-48bfd4ea-e9e2-45b5-befc-3383cae87fdf,TeamB,540,0,True
480,8,60,2020-10-08,TeamB-48bfd4ea-e9e2-45b5-befc-3383cae87fdf,TeamB,480,0,True
420,7,60,2020-10-08,TeamB-48bfd4ea-e9e2-45b5-befc-3383cae87fdf,TeamB,420,0,True
300,6,50,2020-10-10,TeamB-48bfd4ea-e9e2-45b5-befc-3383cae87fdf,TeamB,300,0,True
540,6,90,2020-10-10,TeamB-48bfd4ea-e9e2-45b5-befc-3383cae87fdf,TeamB,540,0,True
630,7,90,2020-10-11,TeamB-48bfd4ea-e9e2-45b5-befc-3383cae87fdf,TeamB,630,0,True
240,6,40,2020-10-13,TeamB-48bfd4ea-e9e2-45b5-befc-3383cae87fdf,TeamB,240,0,True
770,7,110,2020-10-13,TeamB-48bfd4ea-e9e2-45b5-befc-3383cae87fdf,TeamB,770,0,True
500,5,100,2020-10-14,TeamB-48bfd4ea-e9e2-45b5-befc-3383cae87fdf,TeamB,500,0,True
840,7,120,2020-10-16,TeamB-48bfd4ea-e9e2-45b5-befc-3383cae87fdf,TeamB,840,0,True
420,7,60,2020-10-17,TeamB-48bfd4ea-e9e2-45b5-befc-3383cae87fdf,TeamB,420,0,True
630,7,90,2020-10-18,TeamB-48bfd4ea-e9e2-45b5-befc-3383cae87fdf,TeamB,630,0,True
240,4,60,2020-10-19,TeamB-48bfd4ea-e9e2-45b5-befc-3383cae87fdf,TeamB,240,0,True
480,6,80,2020-10-21,TeamB-48bfd4ea-e9e2-45b5-befc-3383cae87fdf,TeamB,480,0,True
480,8,60,2020-10-21,TeamB-48bfd4ea-e9e2-45b5-befc-3383cae87fdf,TeamB,480,0,True
770,7,110,2020-10-22,TeamB-48bfd4ea-e9e2-45b5-befc-3383cae87fdf,TeamB,770,0,True
360,4,90,2020-10-23,TeamB-48bfd4ea-e9e2-45b5-befc-3383cae87fdf,TeamB,360,0,True
360,6,60,2020-10-25,TeamB-48bfd4ea-e9e2-45b5-befc-3383cae87fdf,TeamB,360,0,True
630,7,90,2020-10-26,TeamB-48bfd4ea-e9e2-45b5-befc-3383cae87fdf,TeamB,630,0,True
880,8,110,2020-10-27,TeamB-48bfd4ea-e9e2-45b5-befc-3383cae87fdf,TeamB,880,0,True
250,5,50,2020-10-27,TeamB-48bfd4ea-e9e2-45b5-befc-3383cae87fdf,TeamB,250,0,True
450,5,90,2020-10-29,TeamB-48bfd4ea-e9e2-45b5-befc-3383cae87fdf,TeamB,450,0,True
660,6,110,2020-10-30,TeamB-48bfd4ea-e9e2-45b5-befc-3383cae87fdf,TeamB,660,0,True
300,5,60,2020-10-31,TeamB-48bfd4ea-e9e2-45b5-befc-3383cae87fdf,TeamB,300,0,True
720,8,90,2020-11-01,TeamB-48bfd4ea-e9e2-45b5-befc-3383cae87fdf,TeamB,720,0,True
400,5,80,2020-11-02,TeamB-48bfd4ea-e9e2-45b5-befc-3383cae87fdf,TeamB,400,0,True
360,6,60,2020-11-03,TeamB-48bfd4ea-e9e2-45b5-befc-3383cae87fdf,TeamB,360,0,True
240,4,60,2020-11-05,TeamB-48bfd4ea-e9e2-45b5-befc-3383cae87fdf,TeamB,240,0,True
540,6,90,2020-11-06,TeamB-48bfd4ea-e9e2-45b5-befc-3383cae87fdf,TeamB,540,0,True
450,5,90,2020-11-07,TeamB-48bfd4ea-e9e2-45b5-befc-3383cae87fdf,TeamB,450,0,True
160,4,40,2020-11-09,TeamB-48bfd4ea-e9e2-45b5-befc-3383cae87fdf,TeamB,160,0,True
560,7,80,2020-11-10,TeamB-48bfd4ea-e9e2-45b5-befc-3383cae87fdf,TeamB,560,0,True
420,6,70,2020-11-12,TeamB-48bfd4ea-e9e2-45b5-befc-3383cae87fdf,TeamB,420,0,True
250,5,50,2020-11-13,TeamB-48bfd4ea-e9e2-45b5-befc-3383cae87fdf,TeamB,250,0,True
840,7,120,2020-11-14,TeamB-48bfd4ea-e9e2-45b5-befc-3383cae87fdf,TeamB,840,0,True
700,7,100,2020-11-15,TeamB-48bfd4ea-e9e2-45b5-befc-3383cae87fdf,TeamB,700,0,True
360,6,60,2020-11-16,TeamB-48bfd4ea-e9e2-45b5-befc-3383cae87fdf,TeamB,360,0,True
360,6,60,2020-11-18,TeamB-48bfd4ea-e9e2-45b5-befc-3383cae87fdf,TeamB,360,0,True
450,5,90,2020-11-19,TeamB-48bfd4ea-e9e2-45b5-befc-3383cae87fdf,TeamB,450,0,True
360,6,60,2020-11-21,TeamB-48bfd4ea-e9e2-45b5-befc-3383cae87fdf,TeamB,360,0,True
420,7,60,2020-11-23,TeamB-48bfd4ea-e9e2-45b5-befc-3383cae87fdf,TeamB,420,0,True
350,7,50,2020-11-24,TeamB-48bfd4ea-e9e2-45b5-befc-3383cae87fdf,TeamB,350,0,True
180,6,30,2020-11-28,TeamB-48bfd4ea-e9e2-45b5-befc-3383cae87fdf,TeamB,180,0,True
490,7,70,2020-11-30,TeamB-48bfd4ea-e9e2-45b5-befc-3383cae87fdf,TeamB,490,0,True
420,6,70,2020-12-01,TeamB-48bfd4ea-e9e2-45b5-befc-3383cae87fdf,TeamB,420,0,True
360,6,60,2020-12-02,TeamB-48bfd4ea-e9e2-45b5-befc-3383cae87fdf,TeamB,360,0,True
630,7,90,2020-12-04,TeamB-48bfd4ea-e9e2-45b5-befc-3383cae87fdf,TeamB,630,0,True
420,6,70,2020-12-05,TeamB-48bfd4ea-e9e2-45b5-befc-3383cae87fdf,TeamB,420,0,True
540,6,90,2020-12-06,TeamB-48bfd4ea-e9e2-45b5-befc-3383cae87fdf,TeamB,540,0,True
420,7,60,2020-12-08,TeamB-48bfd4ea-e9e2-45b5-befc-3383cae87fdf,TeamB,420,0,True
360,6,60,2020-12-09,TeamB-48bfd4ea-e9e2-45b5-befc-3383cae87fdf,TeamB,360,0,True
560,7,80,2020-12-10,TeamB-48bfd4ea-e9e2-45b5-befc-3383cae87fdf,TeamB,560,0,True
360,6,60,2020-12-12,TeamB-48bfd4ea-e9e2-45b5-befc-3383cae87fdf,TeamB,360,0,True
960,8,120,2020-12-13,TeamB-48bfd4ea-e9e2-45b5-befc-3383cae87fdf,TeamB,960,0,True
630,7,90,2021-01-20,TeamB-48bfd4ea-e9e2-45b5-befc-3383cae87fdf,TeamB,630,0,True
280,7,40,2021-01-21,TeamB-48bfd4ea-e9e2-45b5-befc-3383cae87fdf,TeamB,280,0,True
800,8,100,2021-01-22,TeamB-48bfd4ea-e9e2-45b5-befc-3383cae87fdf,TeamB,800,0,True
360,9,40,2021-01-24,TeamB-48bfd4ea-e9e2-45b5-befc-3383cae87fdf,TeamB,360,0,True
490,7,70,2021-01-24,TeamB-48bfd4ea-e9e2-45b5-befc-3383cae87fdf,TeamB,490,0,True
300,5,60,2021-01-25,TeamB-48bfd4ea-e9e2-45b5-befc-3383cae87fdf,TeamB,300,0,True
240,6,40,2021-01-26,TeamB-48bfd4ea-e9e2-45b5-befc-3383cae87fdf,TeamB,240,0,True
560,8,70,2021-01-26,TeamB-48bfd4ea-e9e2-45b5-befc-3383cae87fdf,TeamB,560,0,True
420,6,70,2021-01-28,TeamB-48bfd4ea-e9e2-45b5-befc-3383cae87fdf,TeamB,420,0,True
420,7,60,2021-01-29,TeamB-48bfd4ea-e9e2-45b5-befc-3383cae87fdf,TeamB,420,0,True
350,7,50,2021-01-29,TeamB-48bfd4ea-e9e2-45b5-befc-3383cae87fdf,TeamB,350,0,True
300,5,60,2021-01-30,TeamB-48bfd4ea-e9e2-45b5-befc-3383cae87fdf,TeamB,300,0,True
770,7,110,2021-02-01,TeamB-48bfd4ea-e9e2-45b5-befc-3383cae87fdf,TeamB,770,0,True
660,6,110,2021-02-02,TeamB-48bfd4ea-e9e2-45b5-befc-3383cae87fdf,TeamB,660,0,True
240,4,60,2021-02-03,TeamB-48bfd4ea-e9e2-45b5-befc-3383cae87fdf,TeamB,240,0,True
250,5,50,2021-02-04,TeamB-48bfd4ea-e9e2-45b5-befc-3383cae87fdf,TeamB,250,0,True
420,6,70,2021-02-05,TeamB-48bfd4ea-e9e2-45b5-befc-3383cae87fdf,TeamB,420,0,True
660,6,110,2021-02-07,TeamB-48bfd4ea-e9e2-45b5-befc-3383cae87fdf,TeamB,660,0,True
840,7,120,2021-02-08,TeamB-48bfd4ea-e9e2-45b5-befc-3383cae87fdf,TeamB,840,0,True
360,6,60,2021-02-10,TeamB-48bfd4ea-e9e2-45b5-befc-3383cae87fdf,TeamB,360,0,True
320,8,40,2021-02-13,TeamB-48bfd4ea-e9e2-45b5-befc-3383cae87fdf,TeamB,320,0,True
240,8,30,2021-02-15,TeamB-48bfd4ea-e9e2-45b5-befc-3383cae87fdf,TeamB,240,0,True
280,7,40,2021-02-16,TeamB-48bfd4ea-e9e2-45b5-befc-3383cae87fdf,TeamB,280,0,True
240,8,30,2021-02-18,TeamB-48bfd4ea-e9e2-45b5-befc-3383cae87fdf,TeamB,240,0,True
480,6,80,2021-02-20,TeamB-48bfd4ea-e9e2-45b5-befc-3383cae87fdf,TeamB,480,0,True
420,7,60,2021-02-21,TeamB-48bfd4ea-e9e2-45b5-befc-3383cae87fdf,TeamB,420,0,True
450,5,90,2021-02-21,TeamB-48bfd4ea-e9e2-45b5-befc-3383cae87fdf,TeamB,450,0,True
490,7,70,2021-02-22,TeamB-48bfd4ea-e9e2-45b5-befc-3383cae87fdf,TeamB,490,0,True
300,5,60,2021-02-24,TeamB-48bfd4ea-e9e2-45b5-befc-3383cae87fdf,TeamB,300,0,True
540,6,90,2021-02-24,TeamB-48bfd4ea-e9e2-45b5-befc-3383cae87fdf,TeamB,540,0,True
630,7,90,2021-02-25,TeamB-48bfd4ea-e9e2-45b5-befc-3383cae87fdf,TeamB,630,0,True
420,7,60,2021-02-26,TeamB-48bfd4ea-e9e2-45b5-befc-3383cae87fdf,TeamB,420,0,True
450,5,90,2021-02-26,TeamB-48bfd4ea-e9e2-45b5-befc-3383cae87fdf,TeamB,450,0,True
240,4,60,2021-03-01,TeamB-48bfd4ea-e9e2-45b5-befc-3383cae87fdf,TeamB,240,0,True
300,5,60,2021-03-01,TeamB-48bfd4ea-e9e2-45b5-befc-3383cae87fdf,TeamB,300,0,True
1260,7,180,2021-03-02,TeamB-48bfd4ea-e9e2-45b5-befc-3383cae87fdf,TeamB,1260,0,True
420,7,60,2021-03-04,TeamB-48bfd4ea-e9e2-45b5-befc-3383cae87fdf,TeamB,420,0,True
450,5,90,2021-03-04,TeamB-48bfd4ea-e9e2-45b5-befc-3383cae87fdf,TeamB,450,0,True
840,7,120,2021-03-05,TeamB-48bfd4ea-e9e2-45b5-befc-3383cae87fdf,TeamB,840,0,True
300,6,50,2021-03-06,TeamB-48bfd4ea-e9e2-45b5-befc-3383cae87fdf,TeamB,300,0,True
630,7,90,2021-03-06,TeamB-48bfd4ea-e9e2-45b5-befc-3383cae87fdf,TeamB,630,0,True
540,6,90,2021-03-08,TeamB-48bfd4ea-e9e2-45b5-befc-3383cae87fdf,TeamB,540,0,True
240,6,40,2021-03-08,TeamB-48bfd4ea-e9e2-45b5-befc-3383cae87fdf,TeamB,240,0,True
630,7,90,2021-03-09,TeamB-48bfd4ea-e9e2-45b5-befc-3383cae87fdf,TeamB,630,0,True
720,8,90,2021-03-11,TeamB-48bfd4ea-e9e2-45b5-befc-3383cae87fdf,TeamB,720,0,True
540,6,90,2021-03-12,TeamB-48bfd4ea-e9e2-45b5-befc-3383cae87fdf,TeamB,540,0,True
300,6,50,2021-03-13,TeamB-48bfd4ea-e9e2-45b5-befc-3383cae87fdf,TeamB,300,0,True
540,6,90,2021-03-13,TeamB-48bfd4ea-e9e2-45b5-befc-3383cae87fdf,TeamB,540,0,True
700,7,100,2021-03-15,TeamB-48bfd4ea-e9e2-45b5-befc-3383cae87fdf,TeamB,700,0,True
360,6,60,2021-03-15,TeamB-48bfd4ea-e9e2-45b5-befc-3383cae87fdf,TeamB,360,0,True
540,6,90,2021-03-16,TeamB-48bfd4ea-e9e2-45b5-befc-3383cae87fdf,TeamB,540,0,True
300,5,60,2021-03-18,TeamB-48bfd4ea-e9e2-45b5-befc-3383cae87fdf,TeamB,300,0,True
540,6,90,2021-03-18,TeamB-48bfd4ea-e9e2-45b5-befc-3383cae87fdf,TeamB,540,0,True
630,7,90,2021-03-19,TeamB-48bfd4ea-e9e2-45b5-befc-3383cae87fdf,TeamB,630,0,True
120,4,30,2021-03-20,TeamB-48bfd4ea-e9e2-45b5-befc-3383cae87fdf,TeamB,120,0,True
540,6,90,2021-03-20,TeamB-48bfd4ea-e9e2-45b5-befc-3383cae87fdf,TeamB,540,0,True
840,7,120,2021-03-22,TeamB-48bfd4ea-e9e2-45b5-befc-3383cae87fdf,TeamB,840,0,True
840,7,120,2021-03-23,TeamB-48bfd4ea-e9e2-45b5-befc-3383cae87fdf,TeamB,840,0,True
840,7,120,2021-03-25,TeamB-48bfd4ea-e9e2-45b5-befc-3383cae87fdf,TeamB,840,0,True
840,7,120,2021-03-27,TeamB-48bfd4ea-e9e2-45b5-befc-3383cae87fdf,TeamB,840,0,True
600,5,120,2021-03-29,TeamB-48bfd4ea-e9e2-45b5-befc-3383cae87fdf,TeamB,600,0,True
840,7,120,2021-03-30,TeamB-48bfd4ea-e9e2-45b5-befc-3383cae87fdf,TeamB,840,0,True
240,6,40,2021-03-30,TeamB-48bfd4ea-e9e2-45b5-befc-3383cae87fdf,TeamB,240,0,True
840,7,120,2021-03-31,TeamB-48bfd4ea-e9e2-45b5-befc-3383cae87fdf,TeamB,840,0,True
120,4,30,2021-04-06,TeamB-48bfd4ea-e9e2-45b5-befc-3383cae87fdf,TeamB,120,0,True
960,8,120,2021-04-06,TeamB-48bfd4ea-e9e2-45b5-befc-3383cae87fdf,TeamB,960,0,True
350,5,70,2021-04-08,TeamB-48bfd4ea-e9e2-45b5-befc-3383cae87fdf,TeamB,350,0,True
360,6,60,2021-04-09,TeamB-48bfd4ea-e9e2-45b5-befc-3383cae87fdf,TeamB,360,0,True
160,4,40,2021-04-10,TeamB-48bfd4ea-e9e2-45b5-befc-3383cae87fdf,TeamB,160,0,True
560,7,80,2021-04-12,TeamB-48bfd4ea-e9e2-45b5-befc-3383cae87fdf,TeamB,560,0,True
300,5,60,2021-04-13,TeamB-48bfd4ea-e9e2-45b5-befc-3383cae87fdf,TeamB,300,0,True
600,6,100,2021-04-15,TeamB-48bfd4ea-e9e2-45b5-befc-3383cae87fdf,TeamB,600,0,True
600,6,100,2021-04-16,TeamB-48bfd4ea-e9e2-45b5-befc-3383cae87fdf,TeamB,600,0,True
500,5,100,2021-04-19,TeamB-48bfd4ea-e9e2-45b5-befc-3383cae87fdf,TeamB,500,0,True
450,5,90,2021-04-20,TeamB-48bfd4ea-e9e2-45b5-befc-3383cae87fdf,TeamB,450,0,True
360,6,60,2021-04-21,TeamB-48bfd4ea-e9e2-45b5-befc-3383cae87fdf,TeamB,360,0,True
500,5,100,2021-04-26,TeamB-48bfd4ea-e9e2-45b5-befc-3383cae87fdf,TeamB,500,0,True
840,7,120,2021-04-27,TeamB-48bfd4ea-e9e2-45b5-befc-3383cae87fdf,TeamB,840,0,True
210,7,30,2021-04-28,TeamB-48bfd4ea-e9e2-45b5-befc-3383cae87fdf,TeamB,210,0,True
700,7,100,2021-04-29,TeamB-48bfd4ea-e9e2-45b5-befc-3383cae87fdf,TeamB,700,0,True
550,5,110,2021-04-30,TeamB-48bfd4ea-e9e2-45b5-befc-3383cae87fdf,TeamB,550,0,True
450,5,90,2021-05-03,TeamB-48bfd4ea-e9e2-45b5-befc-3383cae87fdf,TeamB,450,0,True
840,7,120,2021-05-04,TeamB-48bfd4ea-e9e2-45b5-befc-3383cae87fdf,TeamB,840,0,True
840,7,120,2021-05-05,TeamB-48bfd4ea-e9e2-45b5-befc-3383cae87fdf,TeamB,840,0,True
240,4,60,2021-05-06,TeamB-48bfd4ea-e9e2-45b5-befc-3383cae87fdf,TeamB,240,0,True
560,7,80,2021-05-07,TeamB-48bfd4ea-e9e2-45b5-befc-3383cae87fdf,TeamB,560,0,True
720,8,90,2021-05-08,TeamB-48bfd4ea-e9e2-45b5-befc-3383cae87fdf,TeamB,720,0,True
120,3,40,2021-05-12,TeamB-48bfd4ea-e9e2-45b5-befc-3383cae87fdf,TeamB,120,0,True
360,6,60,2021-05-14,TeamB-48bfd4ea-e9e2-45b5-befc-3383cae87fdf,TeamB,360,0,True
540,6,90,2021-05-18,TeamB-48bfd4ea-e9e2-45b5-befc-3383cae87fdf,TeamB,540,0,True
660,6,110,2021-05-19,TeamB-48bfd4ea-e9e2-45b5-befc-3383cae87fdf,TeamB,660,0,True
480,6,80,2021-05-21,TeamB-48bfd4ea-e9e2-45b5-befc-3383cae87fdf,TeamB,480,0,True
540,6,90,2021-05-24,TeamB-48bfd4ea-e9e2-45b5-befc-3383cae87fdf,TeamB,540,0,True
630,7,90,2021-05-25,TeamB-48bfd4ea-e9e2-45b5-befc-3383cae87fdf,TeamB,630,0,True
840,7,120,2021-05-26,TeamB-48bfd4ea-e9e2-45b5-befc-3383cae87fdf,TeamB,840,0,True
560,7,80,2021-05-28,TeamB-48bfd4ea-e9e2-45b5-befc-3383cae87fdf,TeamB,560,0,True
420,7,60,2021-05-31,TeamB-48bfd4ea-e9e2-45b5-befc-3383cae87fdf,TeamB,420,0,True
420,6,70,2021-05-31,TeamB-48bfd4ea-e9e2-45b5-befc-3383cae87fdf,TeamB,420,0,True
880,8,110,2021-06-01,TeamB-48bfd4ea-e9e2-45b5-befc-3383cae87fdf,TeamB,880,0,True
720,6,120,2021-06-02,TeamB-48bfd4ea-e9e2-45b5-befc-3383cae87fdf,TeamB,720,0,True
300,5,60,2021-06-02,TeamB-48bfd4ea-e9e2-45b5-befc-3383cae87fdf,TeamB,300,0,True
420,6,70,2021-06-04,TeamB-48bfd4ea-e9e2-45b5-befc-3383cae87fdf,TeamB,420,0,True
420,7,60,2021-06-07,TeamB-48bfd4ea-e9e2-45b5-befc-3383cae87fdf,TeamB,420,0,True
480,6,80,2021-06-07,TeamB-48bfd4ea-e9e2-45b5-befc-3383cae87fdf,TeamB,480,0,True
480,6,80,2021-06-08,TeamB-48bfd4ea-e9e2-45b5-befc-3383cae87fdf,TeamB,480,0,True
400,5,80,2021-06-09,TeamB-48bfd4ea-e9e2-45b5-befc-3383cae87fdf,TeamB,400,0,True
420,7,60,2021-06-14,TeamB-48bfd4ea-e9e2-45b5-befc-3383cae87fdf,TeamB,420,0,True
280,4,70,2021-06-14,TeamB-48bfd4ea-e9e2-45b5-befc-3383cae87fdf,TeamB,280,0,True
490,7,70,2021-06-17,TeamB-48bfd4ea-e9e2-45b5-befc-3383cae87fdf,TeamB,490,0,True
600,6,100,2021-06-18,TeamB-48bfd4ea-e9e2-45b5-befc-3383cae87fdf,TeamB,600,0,True
300,5,60,2021-06-18,TeamB-48bfd4ea-e9e2-45b5-befc-3383cae87fdf,TeamB,300,0,True
660,6,110,2021-06-20,TeamB-48bfd4ea-e9e2-45b5-befc-3383cae87fdf,TeamB,660,0,True
490,7,70,2021-06-21,TeamB-48bfd4ea-e9e2-45b5-befc-3383cae87fdf,TeamB,490,0,True
630,7,90,2021-06-22,TeamB-48bfd4ea-e9e2-45b5-befc-3383cae87fdf,TeamB,630,0,True
490,7,70,2021-06-23,TeamB-48bfd4ea-e9e2-45b5-befc-3383cae87fdf,TeamB,490,0,True
420,6,70,2021-06-25,TeamB-48bfd4ea-e9e2-45b5-befc-3383cae87fdf,TeamB,420,0,True
540,6,90,2021-06-26,TeamB-48bfd4ea-e9e2-45b5-befc-3383cae87fdf,TeamB,540,0,True
420,6,70,2021-06-27,TeamB-48bfd4ea-e9e2-45b5-befc-3383cae87fdf,TeamB,420,0,True
420,6,70,2021-06-29,TeamB-48bfd4ea-e9e2-45b5-befc-3383cae87fdf,TeamB,420,0,True
630,7,90,2021-06-30,TeamB-48bfd4ea-e9e2-45b5-befc-3383cae87fdf,TeamB,630,0,True
360,6,60,2021-07-01,TeamB-48bfd4ea-e9e2-45b5-befc-3383cae87fdf,TeamB,360,0,True
350,5,70,2021-07-03,TeamB-48bfd4ea-e9e2-45b5-befc-3383cae87fdf,TeamB,350,0,True
540,6,90,2021-07-04,TeamB-48bfd4ea-e9e2-45b5-befc-3383cae87fdf,TeamB,540,0,True
360,6,60,2021-07-06,TeamB-48bfd4ea-e9e2-45b5-befc-3383cae87fdf,TeamB,360,0,True
420,6,70,2021-07-06,TeamB-48bfd4ea-e9e2-45b5-befc-3383cae87fdf,TeamB,420,0,True
660,6,110,2021-07-07,TeamB-48bfd4ea-e9e2-45b5-befc-3383cae87fdf,TeamB,660,0,True
420,6,70,2021-07-09,TeamB-48bfd4ea-e9e2-45b5-befc-3383cae87fdf,TeamB,420,0,True
540,6,90,2021-07-10,TeamB-48bfd4ea-e9e2-45b5-befc-3383cae87fdf,TeamB,540,0,True
420,6,70,2021-07-11,TeamB-48bfd4ea-e9e2-45b5-befc-3383cae87fdf,TeamB,420,0,True
810,9,90,2021-07-14,TeamB-48bfd4ea-e9e2-45b5-befc-3383cae87fdf,TeamB,810,0,True
600,6,100,2021-07-31,TeamB-48bfd4ea-e9e2-45b5-befc-3383cae87fdf,TeamB,600,0,True
630,7,90,2021-08-01,TeamB-48bfd4ea-e9e2-45b5-befc-3383cae87fdf,TeamB,630,0,True
350,7,50,2021-08-02,TeamB-48bfd4ea-e9e2-45b5-befc-3383cae87fdf,TeamB,350,0,True
450,5,90,2021-08-03,TeamB-48bfd4ea-e9e2-45b5-befc-3383cae87fdf,TeamB,450,0,True
280,7,40,2021-08-03,TeamB-48bfd4ea-e9e2-45b5-befc-3383cae87fdf,TeamB,280,0,True
770,7,110,2021-08-05,TeamB-48bfd4ea-e9e2-45b5-befc-3383cae87fdf,TeamB,770,0,True
490,7,70,2021-08-06,TeamB-48bfd4ea-e9e2-45b5-befc-3383cae87fdf,TeamB,490,0,True
720,8,90,2021-08-07,TeamB-48bfd4ea-e9e2-45b5-befc-3383cae87fdf,TeamB,720,0,True
630,7,90,2021-08-08,TeamB-48bfd4ea-e9e2-45b5-befc-3383cae87fdf,TeamB,630,0,True
480,8,60,2021-08-10,TeamB-48bfd4ea-e9e2-45b5-befc-3383cae87fdf,TeamB,480,0,True
770,7,110,2021-08-10,TeamB-48bfd4ea-e9e2-45b5-befc-3383cae87fdf,TeamB,770,0,True
630,7,90,2021-08-11,TeamB-48bfd4ea-e9e2-45b5-befc-3383cae87fdf,TeamB,630,0,True
420,6,70,2021-08-13,TeamB-48bfd4ea-e9e2-45b5-befc-3383cae87fdf,TeamB,420,0,True
630,7,90,2021-08-14,TeamB-48bfd4ea-e9e2-45b5-befc-3383cae87fdf,TeamB,630,0,True
300,5,60,2021-08-17,TeamB-48bfd4ea-e9e2-45b5-befc-3383cae87fdf,TeamB,300,0,True
420,7,60,2021-08-19,TeamB-48bfd4ea-e9e2-45b5-befc-3383cae87fdf,TeamB,420,0,True
360,6,60,2021-08-20,TeamB-48bfd4ea-e9e2-45b5-befc-3383cae87fdf,TeamB,360,0,True
540,6,90,2021-08-21,TeamB-48bfd4ea-e9e2-45b5-befc-3383cae87fdf,TeamB,540,0,True
560,7,80,2021-08-23,TeamB-48bfd4ea-e9e2-45b5-befc-3383cae87fdf,TeamB,560,0,True
300,6,50,2021-08-24,TeamB-48bfd4ea-e9e2-45b5-befc-3383cae87fdf,TeamB,300,0,True
540,6,90,2021-08-26,TeamB-48bfd4ea-e9e2-45b5-befc-3383cae87fdf,TeamB,540,0,True
480,6,80,2021-08-27,TeamB-48bfd4ea-e9e2-45b5-befc-3383cae87fdf,TeamB,480,0,True
720,8,90,2021-08-28,TeamB-48bfd4ea-e9e2-45b5-befc-3383cae87fdf,TeamB,720,0,True
350,5,70,2021-08-30,TeamB-48bfd4ea-e9e2-45b5-befc-3383cae87fdf,TeamB,350,0,True
480,6,80,2021-08-31,TeamB-48bfd4ea-e9e2-45b5-befc-3383cae87fdf,TeamB,480,0,True
350,7,50,2021-09-02,TeamB-48bfd4ea-e9e2-45b5-befc-3383cae87fdf,TeamB,350,0,True
420,6,70,2021-09-03,TeamB-48bfd4ea-e9e2-45b5-befc-3383cae87fdf,TeamB,420,0,True
540,6,90,2021-09-05,TeamB-48bfd4ea-e9e2-45b5-befc-3383cae87fdf,TeamB,540,0,True
360,6,60,2021-09-07,TeamB-48bfd4ea-e9e2-45b5-befc-3383cae87fdf,TeamB,360,0,True
250,5,50,2021-09-10,TeamB-48bfd4ea-e9e2-45b5-befc-3383cae87fdf,TeamB,250,0,True
630,7,90,2021-09-11,TeamB-48bfd4ea-e9e2-45b5-befc-3383cae87fdf,TeamB,630,0,True
350,7,50,2021-09-14,TeamB-48bfd4ea-e9e2-45b5-befc-3383cae87fdf,TeamB,350,0,True
420,7,60,2021-09-15,TeamB-48bfd4ea-e9e2-45b5-befc-3383cae87fdf,TeamB,420,0,True
490,7,70,2021-09-16,TeamB-48bfd4ea-e9e2-45b5-befc-3383cae87fdf,TeamB,490,0,True
420,7,60,2021-09-17,TeamB-48bfd4ea-e9e2-45b5-befc-3383cae87fdf,TeamB,420,0,True
490,7,70,2021-09-17,TeamB-48bfd4ea-e9e2-45b5-befc-3383cae87fdf,TeamB,490,0,True
540,6,90,2021-09-22,TeamB-48bfd4ea-e9e2-45b5-befc-3383cae87fdf,TeamB,540,0,True
720,6,120,2021-09-22,TeamB-48bfd4ea-e9e2-45b5-befc-3383cae87fdf,TeamB,720,0,True
480,8,60,2021-09-22,TeamB-48bfd4ea-e9e2-45b5-befc-3383cae87fdf,TeamB,480,0,True
540,6,90,2021-09-24,TeamB-48bfd4ea-e9e2-45b5-befc-3383cae87fdf,TeamB,540,0,True
360,6,60,2021-09-25,TeamB-48bfd4ea-e9e2-45b5-befc-3383cae87fdf,TeamB,360,0,True
720,8,90,2021-09-26,TeamB-48bfd4ea-e9e2-45b5-befc-3383cae87fdf,TeamB,720,0,True
600,6,100,2021-09-28,TeamB-48bfd4ea-e9e2-45b5-befc-3383cae87fdf,TeamB,600,0,True
450,5,90,2021-09-29,TeamB-48bfd4ea-e9e2-45b5-befc-3383cae87fdf,TeamB,450,0,True
360,6,60,2021-09-29,TeamB-48bfd4ea-e9e2-45b5-befc-3383cae87fdf,TeamB,360,0,True
420,7,60,2021-10-12,TeamB-48bfd4ea-e9e2-45b5-befc-3383cae87fdf,TeamB,420,0,True
420,7,60,2021-10-22,TeamB-48bfd4ea-e9e2-45b5-befc-3383cae87fdf,TeamB,420,0,True
560,8,70,2021-10-26,TeamB-48bfd4ea-e9e2-45b5-befc-3383cae87fdf,TeamB,560,0,True
360,6,60,2021-10-27,TeamB-48bfd4ea-e9e2-45b5-befc-3383cae87fdf,TeamB,360,0,True
640,8,80,2021-10-30,TeamB-48bfd4ea-e9e2-45b5-befc-3383cae87fdf,TeamB,640,0,True
400,8,50,2021-11-02,TeamB-48bfd4ea-e9e2-45b5-befc-3383cae87fdf,TeamB,400,0,True
280,7,40,2021-11-04,TeamB-48bfd4ea-e9e2-45b5-befc-3383cae87fdf,TeamB,280,0,True
360,6,60,2021-11-04,TeamB-48bfd4ea-e9e2-45b5-befc-3383cae87fdf,TeamB,360,0,True
280,7,40,2021-11-06,TeamB-48bfd4ea-e9e2-45b5-befc-3383cae87fdf,TeamB,280,0,True
420,7,60,2021-11-07,TeamB-48bfd4ea-e9e2-45b5-befc-3383cae87fdf,TeamB,420,0,True
490,7,70,2021-11-09,TeamB-48bfd4ea-e9e2-45b5-befc-3383cae87fdf,TeamB,490,0,True
360,9,40,2021-11-10,TeamB-48bfd4ea-e9e2-45b5-befc-3383cae87fdf,TeamB,360,0,True
250,5,50,2021-11-10,TeamB-48bfd4ea-e9e2-45b5-befc-3383cae87fdf,TeamB,250,0,True
420,7,60,2021-11-12,TeamB-48bfd4ea-e9e2-45b5-befc-3383cae87fdf,TeamB,420,0,True
360,6,60,2021-02-12,TeamB-4b1e23d2-4204-4e16-9991-e0490649079b,TeamB,360,0,True
630,7,90,2021-02-26,TeamB-4b1e23d2-4204-4e16-9991-e0490649079b,TeamB,630,0,True
450,5,90,2021-03-01,TeamB-4b1e23d2-4204-4e16-9991-e0490649079b,TeamB,450,0,True
630,7,90,2021-03-04,TeamB-4b1e23d2-4204-4e16-9991-e0490649079b,TeamB,630,0,True
450,5,90,2021-03-05,TeamB-4b1e23d2-4204-4e16-9991-e0490649079b,TeamB,450,0,True
540,6,90,2021-03-06,TeamB-4b1e23d2-4204-4e16-9991-e0490649079b,TeamB,540,0,True
540,6,90,2021-03-08,TeamB-4b1e23d2-4204-4e16-9991-e0490649079b,TeamB,540,0,True
630,7,90,2021-03-09,TeamB-4b1e23d2-4204-4e16-9991-e0490649079b,TeamB,630,0,True
490,7,70,2021-03-11,TeamB-4b1e23d2-4204-4e16-9991-e0490649079b,TeamB,490,0,True
720,8,90,2021-03-12,TeamB-4b1e23d2-4204-4e16-9991-e0490649079b,TeamB,720,0,True
540,6,90,2021-03-13,TeamB-4b1e23d2-4204-4e16-9991-e0490649079b,TeamB,540,0,True
450,5,90,2021-03-16,TeamB-4b1e23d2-4204-4e16-9991-e0490649079b,TeamB,450,0,True
800,8,100,2021-03-18,TeamB-4b1e23d2-4204-4e16-9991-e0490649079b,TeamB,800,0,True
540,6,90,2021-03-19,TeamB-4b1e23d2-4204-4e16-9991-e0490649079b,TeamB,540,0,True
630,7,90,2021-03-20,TeamB-4b1e23d2-4204-4e16-9991-e0490649079b,TeamB,630,0,True
700,7,100,2021-03-22,TeamB-4b1e23d2-4204-4e16-9991-e0490649079b,TeamB,700,0,True
960,8,120,2021-03-23,TeamB-4b1e23d2-4204-4e16-9991-e0490649079b,TeamB,960,0,True
770,7,110,2021-03-25,TeamB-4b1e23d2-4204-4e16-9991-e0490649079b,TeamB,770,0,True
450,5,90,2021-03-26,TeamB-4b1e23d2-4204-4e16-9991-e0490649079b,TeamB,450,0,True
320,4,80,2021-04-09,TeamB-4b1e23d2-4204-4e16-9991-e0490649079b,TeamB,320,0,True
540,6,90,2021-04-10,TeamB-4b1e23d2-4204-4e16-9991-e0490649079b,TeamB,540,0,True
840,7,120,2021-04-12,TeamB-4b1e23d2-4204-4e16-9991-e0490649079b,TeamB,840,0,True
840,7,120,2021-04-13,TeamB-4b1e23d2-4204-4e16-9991-e0490649079b,TeamB,840,0,True
770,7,110,2021-04-15,TeamB-4b1e23d2-4204-4e16-9991-e0490649079b,TeamB,770,0,True
540,6,90,2021-04-16,TeamB-4b1e23d2-4204-4e16-9991-e0490649079b,TeamB,540,0,True
500,5,100,2021-04-19,TeamB-4b1e23d2-4204-4e16-9991-e0490649079b,TeamB,500,0,True
560,7,80,2021-04-21,TeamB-4b1e23d2-4204-4e16-9991-e0490649079b,TeamB,560,0,True
660,6,110,2021-04-26,TeamB-4b1e23d2-4204-4e16-9991-e0490649079b,TeamB,660,0,True
720,8,90,2021-04-27,TeamB-4b1e23d2-4204-4e16-9991-e0490649079b,TeamB,720,0,True
630,7,90,2021-04-29,TeamB-4b1e23d2-4204-4e16-9991-e0490649079b,TeamB,630,0,True
360,4,90,2021-05-03,TeamB-4b1e23d2-4204-4e16-9991-e0490649079b,TeamB,360,0,True
800,8,100,2021-05-04,TeamB-4b1e23d2-4204-4e16-9991-e0490649079b,TeamB,800,0,True
180,3,60,2021-05-06,TeamB-4b1e23d2-4204-4e16-9991-e0490649079b,TeamB,180,0,True
450,5,90,2021-05-07,TeamB-4b1e23d2-4204-4e16-9991-e0490649079b,TeamB,450,0,True
270,3,90,2021-05-10,TeamB-4b1e23d2-4204-4e16-9991-e0490649079b,TeamB,270,0,True
180,3,60,2021-05-12,TeamB-4b1e23d2-4204-4e16-9991-e0490649079b,TeamB,180,0,True
720,8,90,2021-05-18,TeamB-4b1e23d2-4204-4e16-9991-e0490649079b,TeamB,720,0,True
630,7,90,2021-05-24,TeamB-4b1e23d2-4204-4e16-9991-e0490649079b,TeamB,630,0,True
400,8,50,2021-05-29,TeamB-4b1e23d2-4204-4e16-9991-e0490649079b,TeamB,400,0,True
400,8,50,2021-05-31,TeamB-4b1e23d2-4204-4e16-9991-e0490649079b,TeamB,400,0,True
800,8,100,2021-06-01,TeamB-4b1e23d2-4204-4e16-9991-e0490649079b,TeamB,800,0,True
1080,9,120,2021-06-02,TeamB-4b1e23d2-4204-4e16-9991-e0490649079b,TeamB,1080,0,True
400,5,80,2021-06-04,TeamB-4b1e23d2-4204-4e16-9991-e0490649079b,TeamB,400,0,True
540,6,90,2021-06-17,TeamB-4b1e23d2-4204-4e16-9991-e0490649079b,TeamB,540,0,True
540,6,90,2021-06-20,TeamB-4b1e23d2-4204-4e16-9991-e0490649079b,TeamB,540,0,True
540,6,90,2021-06-29,TeamB-4b1e23d2-4204-4e16-9991-e0490649079b,TeamB,540,0,True
240,8,30,2021-07-04,TeamB-4b1e23d2-4204-4e16-9991-e0490649079b,TeamB,240,0,True
630,7,90,2021-07-06,TeamB-4b1e23d2-4204-4e16-9991-e0490649079b,TeamB,630,0,True
840,7,120,2021-08-03,TeamB-4b1e23d2-4204-4e16-9991-e0490649079b,TeamB,840,0,True
720,8,90,2021-08-05,TeamB-4b1e23d2-4204-4e16-9991-e0490649079b,TeamB,720,0,True
280,4,70,2021-08-07,TeamB-4b1e23d2-4204-4e16-9991-e0490649079b,TeamB,280,0,True
560,7,80,2021-08-19,TeamB-4b1e23d2-4204-4e16-9991-e0490649079b,TeamB,560,0,True
300,5,60,2021-08-20,TeamB-4b1e23d2-4204-4e16-9991-e0490649079b,TeamB,300,0,True
60,6,10,2021-08-28,TeamB-4b1e23d2-4204-4e16-9991-e0490649079b,TeamB,60,0,True
360,6,60,2021-09-10,TeamB-4b1e23d2-4204-4e16-9991-e0490649079b,TeamB,360,0,True
630,7,90,2021-09-24,TeamB-4b1e23d2-4204-4e16-9991-e0490649079b,TeamB,630,0,True
350,5,70,2021-09-25,TeamB-4b1e23d2-4204-4e16-9991-e0490649079b,TeamB,350,0,True
720,8,90,2021-09-28,TeamB-4b1e23d2-4204-4e16-9991-e0490649079b,TeamB,720,0,True
180,3,60,2021-09-29,TeamB-4b1e23d2-4204-4e16-9991-e0490649079b,TeamB,180,0,True
630,7,90,2021-09-29,TeamB-4b1e23d2-4204-4e16-9991-e0490649079b,TeamB,630,0,True
840,7,120,2021-10-06,TeamB-4b1e23d2-4204-4e16-9991-e0490649079b,TeamB,840,0,True
540,6,90,2021-10-06,TeamB-4b1e23d2-4204-4e16-9991-e0490649079b,TeamB,540,0,True
1080,9,120,2020-01-09,TeamB-4d54416a-8e5f-42c0-8dd0-12700569908f,TeamB,1080,0,True
360,6,60,2020-03-26,TeamB-4d54416a-8e5f-42c0-8dd0-12700569908f,TeamB,360,0,True
600,10,60,2020-03-27,TeamB-4d54416a-8e5f-42c0-8dd0-12700569908f,TeamB,600,0,True
420,6,70,2020-03-28,TeamB-4d54416a-8e5f-42c0-8dd0-12700569908f,TeamB,420,0,True
480,8,60,2020-03-30,TeamB-4d54416a-8e5f-42c0-8dd0-12700569908f,TeamB,480,0,True
640,8,80,2020-03-31,TeamB-4d54416a-8e5f-42c0-8dd0-12700569908f,TeamB,640,0,True
420,6,70,2020-04-02,TeamB-4d54416a-8e5f-42c0-8dd0-12700569908f,TeamB,420,0,True
500,10,50,2020-04-03,TeamB-4d54416a-8e5f-42c0-8dd0-12700569908f,TeamB,500,0,True
480,8,60,2020-04-04,TeamB-4d54416a-8e5f-42c0-8dd0-12700569908f,TeamB,480,0,True
720,9,80,2020-04-06,TeamB-4d54416a-8e5f-42c0-8dd0-12700569908f,TeamB,720,0,True
800,10,80,2020-04-07,TeamB-4d54416a-8e5f-42c0-8dd0-12700569908f,TeamB,800,0,True
600,10,60,2020-04-10,TeamB-4d54416a-8e5f-42c0-8dd0-12700569908f,TeamB,600,0,True
400,8,50,2020-04-11,TeamB-4d54416a-8e5f-42c0-8dd0-12700569908f,TeamB,400,0,True
540,9,60,2020-04-15,TeamB-4d54416a-8e5f-42c0-8dd0-12700569908f,TeamB,540,0,True
480,8,60,2020-04-16,TeamB-4d54416a-8e5f-42c0-8dd0-12700569908f,TeamB,480,0,True
360,6,60,2020-04-19,TeamB-4d54416a-8e5f-42c0-8dd0-12700569908f,TeamB,360,0,True
480,8,60,2020-04-21,TeamB-4d54416a-8e5f-42c0-8dd0-12700569908f,TeamB,480,0,True
640,8,80,2020-04-23,TeamB-4d54416a-8e5f-42c0-8dd0-12700569908f,TeamB,640,0,True
560,8,70,2020-04-25,TeamB-4d54416a-8e5f-42c0-8dd0-12700569908f,TeamB,560,0,True
360,6,60,2020-04-27,TeamB-4d54416a-8e5f-42c0-8dd0-12700569908f,TeamB,360,0,True
640,8,80,2020-04-28,TeamB-4d54416a-8e5f-42c0-8dd0-12700569908f,TeamB,640,0,True
420,7,60,2020-04-29,TeamB-4d54416a-8e5f-42c0-8dd0-12700569908f,TeamB,420,0,True
560,7,80,2020-04-30,TeamB-4d54416a-8e5f-42c0-8dd0-12700569908f,TeamB,560,0,True
720,8,90,2020-05-01,TeamB-4d54416a-8e5f-42c0-8dd0-12700569908f,TeamB,720,0,True
810,9,90,2020-05-02,TeamB-4d54416a-8e5f-42c0-8dd0-12700569908f,TeamB,810,0,True
480,8,60,2020-05-04,TeamB-4d54416a-8e5f-42c0-8dd0-12700569908f,TeamB,480,0,True
630,7,90,2020-05-05,TeamB-4d54416a-8e5f-42c0-8dd0-12700569908f,TeamB,630,0,True
360,6,60,2020-05-07,TeamB-4d54416a-8e5f-42c0-8dd0-12700569908f,TeamB,360,0,True
360,6,60,2020-05-10,TeamB-4d54416a-8e5f-42c0-8dd0-12700569908f,TeamB,360,0,True
560,8,70,2020-05-11,TeamB-4d54416a-8e5f-42c0-8dd0-12700569908f,TeamB,560,0,True
490,7,70,2020-05-13,TeamB-4d54416a-8e5f-42c0-8dd0-12700569908f,TeamB,490,0,True
420,7,60,2020-05-19,TeamB-4d54416a-8e5f-42c0-8dd0-12700569908f,TeamB,420,0,True
480,8,60,2021-07-10,TeamB-4d54416a-8e5f-42c0-8dd0-12700569908f,TeamB,480,0,True
640,8,80,2021-07-11,TeamB-4d54416a-8e5f-42c0-8dd0-12700569908f,TeamB,640,0,True
350,5,70,2021-07-13,TeamB-4d54416a-8e5f-42c0-8dd0-12700569908f,TeamB,350,0,True
400,8,50,2021-07-19,TeamB-4d54416a-8e5f-42c0-8dd0-12700569908f,TeamB,400,0,True
420,7,60,2021-07-19,TeamB-4d54416a-8e5f-42c0-8dd0-12700569908f,TeamB,420,0,True
420,7,60,2021-07-20,TeamB-4d54416a-8e5f-42c0-8dd0-12700569908f,TeamB,420,0,True
450,9,50,2021-07-20,TeamB-4d54416a-8e5f-42c0-8dd0-12700569908f,TeamB,450,0,True
480,8,60,2021-07-27,TeamB-4d54416a-8e5f-42c0-8dd0-12700569908f,TeamB,480,0,True
480,6,80,2021-07-27,TeamB-4d54416a-8e5f-42c0-8dd0-12700569908f,TeamB,480,0,True
640,8,80,2021-07-29,TeamB-4d54416a-8e5f-42c0-8dd0-12700569908f,TeamB,640,0,True
480,8,60,2021-07-29,TeamB-4d54416a-8e5f-42c0-8dd0-12700569908f,TeamB,480,0,True
700,7,100,2021-07-31,TeamB-4d54416a-8e5f-42c0-8dd0-12700569908f,TeamB,700,0,True
540,6,90,2021-08-01,TeamB-4d54416a-8e5f-42c0-8dd0-12700569908f,TeamB,540,0,True
420,7,60,2021-08-03,TeamB-4d54416a-8e5f-42c0-8dd0-12700569908f,TeamB,420,0,True
640,8,80,2021-08-03,TeamB-4d54416a-8e5f-42c0-8dd0-12700569908f,TeamB,640,0,True
960,8,120,2021-08-05,TeamB-4d54416a-8e5f-42c0-8dd0-12700569908f,TeamB,960,0,True
490,7,70,2021-08-08,TeamB-4d54416a-8e5f-42c0-8dd0-12700569908f,TeamB,490,0,True
560,7,80,2021-08-10,TeamB-4d54416a-8e5f-42c0-8dd0-12700569908f,TeamB,560,0,True
810,9,90,2021-08-11,TeamB-4d54416a-8e5f-42c0-8dd0-12700569908f,TeamB,810,0,True
400,5,80,2021-08-13,TeamB-4d54416a-8e5f-42c0-8dd0-12700569908f,TeamB,400,0,True
420,7,60,2021-08-16,TeamB-4d54416a-8e5f-42c0-8dd0-12700569908f,TeamB,420,0,True
360,6,60,2021-08-17,TeamB-4d54416a-8e5f-42c0-8dd0-12700569908f,TeamB,360,0,True
120,6,20,2021-08-18,TeamB-4d54416a-8e5f-42c0-8dd0-12700569908f,TeamB,120,0,True
240,8,30,2021-08-18,TeamB-4d54416a-8e5f-42c0-8dd0-12700569908f,TeamB,240,0,True
420,7,60,2021-08-19,TeamB-4d54416a-8e5f-42c0-8dd0-12700569908f,TeamB,420,0,True
210,7,30,2021-08-19,TeamB-4d54416a-8e5f-42c0-8dd0-12700569908f,TeamB,210,0,True
300,6,50,2021-08-23,TeamB-4d54416a-8e5f-42c0-8dd0-12700569908f,TeamB,300,0,True
120,4,30,2021-08-24,TeamB-4d54416a-8e5f-42c0-8dd0-12700569908f,TeamB,120,0,True
350,7,50,2021-08-26,TeamB-4d54416a-8e5f-42c0-8dd0-12700569908f,TeamB,350,0,True
480,6,80,2021-08-26,TeamB-4d54416a-8e5f-42c0-8dd0-12700569908f,TeamB,480,0,True
640,8,80,2021-08-30,TeamB-4d54416a-8e5f-42c0-8dd0-12700569908f,TeamB,640,0,True
420,6,70,2021-08-31,TeamB-4d54416a-8e5f-42c0-8dd0-12700569908f,TeamB,420,0,True
560,8,70,2021-09-03,TeamB-4d54416a-8e5f-42c0-8dd0-12700569908f,TeamB,560,0,True
420,7,60,2021-09-04,TeamB-4d54416a-8e5f-42c0-8dd0-12700569908f,TeamB,420,0,True
300,5,60,2021-09-07,TeamB-4d54416a-8e5f-42c0-8dd0-12700569908f,TeamB,300,0,True
560,8,70,2021-09-09,TeamB-4d54416a-8e5f-42c0-8dd0-12700569908f,TeamB,560,0,True
300,5,60,2021-09-10,TeamB-4d54416a-8e5f-42c0-8dd0-12700569908f,TeamB,300,0,True
160,8,20,2021-09-11,TeamB-4d54416a-8e5f-42c0-8dd0-12700569908f,TeamB,160,0,True
420,7,60,2021-09-14,TeamB-4d54416a-8e5f-42c0-8dd0-12700569908f,TeamB,420,0,True
480,8,60,2021-09-15,TeamB-4d54416a-8e5f-42c0-8dd0-12700569908f,TeamB,480,0,True
630,7,90,2021-09-16,TeamB-4d54416a-8e5f-42c0-8dd0-12700569908f,TeamB,630,0,True
560,8,70,2021-09-17,TeamB-4d54416a-8e5f-42c0-8dd0-12700569908f,TeamB,560,0,True
420,7,60,2021-09-18,TeamB-4d54416a-8e5f-42c0-8dd0-12700569908f,TeamB,420,0,True
420,7,60,2021-09-22,TeamB-4d54416a-8e5f-42c0-8dd0-12700569908f,TeamB,420,0,True
880,8,110,2021-09-22,TeamB-4d54416a-8e5f-42c0-8dd0-12700569908f,TeamB,880,0,True
700,7,100,2021-09-24,TeamB-4d54416a-8e5f-42c0-8dd0-12700569908f,TeamB,700,0,True
400,5,80,2021-09-25,TeamB-4d54416a-8e5f-42c0-8dd0-12700569908f,TeamB,400,0,True
360,6,60,2021-09-28,TeamB-4d54416a-8e5f-42c0-8dd0-12700569908f,TeamB,360,0,True
350,7,50,2021-09-29,TeamB-4d54416a-8e5f-42c0-8dd0-12700569908f,TeamB,350,0,True
700,7,100,2021-09-29,TeamB-4d54416a-8e5f-42c0-8dd0-12700569908f,TeamB,700,0,True
540,6,90,2021-10-01,TeamB-4d54416a-8e5f-42c0-8dd0-12700569908f,TeamB,540,0,True
700,7,100,2021-10-05,TeamB-4d54416a-8e5f-42c0-8dd0-12700569908f,TeamB,700,0,True
350,5,70,2021-10-06,TeamB-4d54416a-8e5f-42c0-8dd0-12700569908f,TeamB,350,0,True
420,6,70,2021-10-08,TeamB-4d54416a-8e5f-42c0-8dd0-12700569908f,TeamB,420,0,True
960,8,120,2021-10-13,TeamB-4d54416a-8e5f-42c0-8dd0-12700569908f,TeamB,960,0,True
350,7,50,2021-10-15,TeamB-4d54416a-8e5f-42c0-8dd0-12700569908f,TeamB,350,0,True
630,7,90,2021-10-21,TeamB-4d54416a-8e5f-42c0-8dd0-12700569908f,TeamB,630,0,True
420,7,60,2021-10-26,TeamB-4d54416a-8e5f-42c0-8dd0-12700569908f,TeamB,420,0,True
810,9,90,2021-10-27,TeamB-4d54416a-8e5f-42c0-8dd0-12700569908f,TeamB,810,0,True
300,6,50,2021-10-27,TeamB-4d54416a-8e5f-42c0-8dd0-12700569908f,TeamB,300,0,True
560,7,80,2021-10-28,TeamB-4d54416a-8e5f-42c0-8dd0-12700569908f,TeamB,560,0,True
400,5,80,2021-10-30,TeamB-4d54416a-8e5f-42c0-8dd0-12700569908f,TeamB,400,0,True
630,7,90,2021-11-03,TeamB-4d54416a-8e5f-42c0-8dd0-12700569908f,TeamB,630,0,True
420,7,60,2021-11-11,TeamB-4d54416a-8e5f-42c0-8dd0-12700569908f,TeamB,420,0,True
630,7,90,2021-07-07,TeamB-5a921187-19c7-8df4-8f4f-f31e78de5857,TeamB,630,0,True
560,8,70,2021-07-11,TeamB-5a921187-19c7-8df4-8f4f-f31e78de5857,TeamB,560,0,True
300,5,60,2021-07-13,TeamB-5a921187-19c7-8df4-8f4f-f31e78de5857,TeamB,300,0,True
320,4,80,2021-08-01,TeamB-5a921187-19c7-8df4-8f4f-f31e78de5857,TeamB,320,0,True
280,7,40,2021-08-02,TeamB-5a921187-19c7-8df4-8f4f-f31e78de5857,TeamB,280,0,True
300,5,60,2021-08-03,TeamB-5a921187-19c7-8df4-8f4f-f31e78de5857,TeamB,300,0,True
630,7,90,2021-08-05,TeamB-5a921187-19c7-8df4-8f4f-f31e78de5857,TeamB,630,0,True
400,5,80,2021-08-06,TeamB-5a921187-19c7-8df4-8f4f-f31e78de5857,TeamB,400,0,True
810,9,90,2021-08-07,TeamB-5a921187-19c7-8df4-8f4f-f31e78de5857,TeamB,810,0,True
810,9,90,2021-08-10,TeamB-5a921187-19c7-8df4-8f4f-f31e78de5857,TeamB,810,0,True
240,4,60,2021-08-13,TeamB-5a921187-19c7-8df4-8f4f-f31e78de5857,TeamB,240,0,True
480,8,60,2021-08-14,TeamB-5a921187-19c7-8df4-8f4f-f31e78de5857,TeamB,480,0,True
180,3,60,2021-08-17,TeamB-5a921187-19c7-8df4-8f4f-f31e78de5857,TeamB,180,0,True
560,8,70,2021-08-18,TeamB-5a921187-19c7-8df4-8f4f-f31e78de5857,TeamB,560,0,True
300,5,60,2021-08-20,TeamB-5a921187-19c7-8df4-8f4f-f31e78de5857,TeamB,300,0,True
640,8,80,2021-08-22,TeamB-5a921187-19c7-8df4-8f4f-f31e78de5857,TeamB,640,0,True
300,5,60,2021-08-23,TeamB-5a921187-19c7-8df4-8f4f-f31e78de5857,TeamB,300,0,True
280,7,40,2021-08-24,TeamB-5a921187-19c7-8df4-8f4f-f31e78de5857,TeamB,280,0,True
810,9,90,2021-08-28,TeamB-5a921187-19c7-8df4-8f4f-f31e78de5857,TeamB,810,0,True
300,5,60,2021-08-30,TeamB-5a921187-19c7-8df4-8f4f-f31e78de5857,TeamB,300,0,True
160,4,40,2021-09-03,TeamB-5a921187-19c7-8df4-8f4f-f31e78de5857,TeamB,160,0,True
350,5,70,2021-09-05,TeamB-5a921187-19c7-8df4-8f4f-f31e78de5857,TeamB,350,0,True
640,8,80,2021-09-08,TeamB-5a921187-19c7-8df4-8f4f-f31e78de5857,TeamB,640,0,True
180,6,30,2021-09-11,TeamB-5a921187-19c7-8df4-8f4f-f31e78de5857,TeamB,180,0,True
210,7,30,2021-09-26,TeamB-5a921187-19c7-8df4-8f4f-f31e78de5857,TeamB,210,0,True
320,4,80,2021-10-01,TeamB-5a921187-19c7-8df4-8f4f-f31e78de5857,TeamB,320,0,True
630,9,70,2021-10-02,TeamB-5a921187-19c7-8df4-8f4f-f31e78de5857,TeamB,630,0,True
360,6,60,2021-10-12,TeamB-5a921187-19c7-8df4-8f4f-f31e78de5857,TeamB,360,0,True
320,8,40,2021-10-14,TeamB-5a921187-19c7-8df4-8f4f-f31e78de5857,TeamB,320,0,True
560,7,80,2021-10-27,TeamB-5a921187-19c7-8df4-8f4f-f31e78de5857,TeamB,560,0,True
500,5,100,2021-10-29,TeamB-5a921187-19c7-8df4-8f4f-f31e78de5857,TeamB,500,0,True
350,5,70,2021-11-03,TeamB-5a921187-19c7-8df4-8f4f-f31e78de5857,TeamB,350,0,True
560,8,70,2021-01-11,TeamB-5eba590a-cecb-400f-a92e-08224c7e2e59,TeamB,560,0,True
600,6,100,2021-01-12,TeamB-5eba590a-cecb-400f-a92e-08224c7e2e59,TeamB,600,0,True
280,4,70,2021-01-12,TeamB-5eba590a-cecb-400f-a92e-08224c7e2e59,TeamB,280,0,True
360,6,60,2021-01-14,TeamB-5eba590a-cecb-400f-a92e-08224c7e2e59,TeamB,360,0,True
720,8,90,2021-01-15,TeamB-5eba590a-cecb-400f-a92e-08224c7e2e59,TeamB,720,0,True
240,4,60,2021-01-15,TeamB-5eba590a-cecb-400f-a92e-08224c7e2e59,TeamB,240,0,True
540,6,90,2021-01-17,TeamB-5eba590a-cecb-400f-a92e-08224c7e2e59,TeamB,540,0,True
630,7,90,2021-01-18,TeamB-5eba590a-cecb-400f-a92e-08224c7e2e59,TeamB,630,0,True
540,6,90,2021-01-20,TeamB-5eba590a-cecb-400f-a92e-08224c7e2e59,TeamB,540,0,True
720,8,90,2021-01-21,TeamB-5eba590a-cecb-400f-a92e-08224c7e2e59,TeamB,720,0,True
400,4,100,2021-01-22,TeamB-5eba590a-cecb-400f-a92e-08224c7e2e59,TeamB,400,0,True
480,8,60,2021-01-24,TeamB-5eba590a-cecb-400f-a92e-08224c7e2e59,TeamB,480,0,True
400,5,80,2021-01-24,TeamB-5eba590a-cecb-400f-a92e-08224c7e2e59,TeamB,400,0,True
320,4,80,2021-01-25,TeamB-5eba590a-cecb-400f-a92e-08224c7e2e59,TeamB,320,0,True
450,5,90,2021-01-26,TeamB-5eba590a-cecb-400f-a92e-08224c7e2e59,TeamB,450,0,True
480,8,60,2021-01-26,TeamB-5eba590a-cecb-400f-a92e-08224c7e2e59,TeamB,480,0,True
280,4,70,2021-01-28,TeamB-5eba590a-cecb-400f-a92e-08224c7e2e59,TeamB,280,0,True
320,4,80,2021-01-29,TeamB-5eba590a-cecb-400f-a92e-08224c7e2e59,TeamB,320,0,True
480,8,60,2021-01-29,TeamB-5eba590a-cecb-400f-a92e-08224c7e2e59,TeamB,480,0,True
210,3,70,2021-01-30,TeamB-5eba590a-cecb-400f-a92e-08224c7e2e59,TeamB,210,0,True
600,6,100,2021-02-01,TeamB-5eba590a-cecb-400f-a92e-08224c7e2e59,TeamB,600,0,True
350,5,70,2021-02-02,TeamB-5eba590a-cecb-400f-a92e-08224c7e2e59,TeamB,350,0,True
450,5,90,2021-02-02,TeamB-5eba590a-cecb-400f-a92e-08224c7e2e59,TeamB,450,0,True
100,2,50,2021-02-03,TeamB-5eba590a-cecb-400f-a92e-08224c7e2e59,TeamB,100,0,True
240,8,30,2021-02-04,TeamB-5eba590a-cecb-400f-a92e-08224c7e2e59,TeamB,240,0,True
560,7,80,2021-02-05,TeamB-5eba590a-cecb-400f-a92e-08224c7e2e59,TeamB,560,0,True
540,6,90,2021-02-07,TeamB-5eba590a-cecb-400f-a92e-08224c7e2e59,TeamB,540,0,True
200,4,50,2021-02-08,TeamB-5eba590a-cecb-400f-a92e-08224c7e2e59,TeamB,200,0,True
350,5,70,2021-02-08,TeamB-5eba590a-cecb-400f-a92e-08224c7e2e59,TeamB,350,0,True
640,8,80,2021-02-10,TeamB-5eba590a-cecb-400f-a92e-08224c7e2e59,TeamB,640,0,True
350,5,70,2021-02-11,TeamB-5eba590a-cecb-400f-a92e-08224c7e2e59,TeamB,350,0,True
480,8,60,2021-02-11,TeamB-5eba590a-cecb-400f-a92e-08224c7e2e59,TeamB,480,0,True
180,2,90,2021-02-12,TeamB-5eba590a-cecb-400f-a92e-08224c7e2e59,TeamB,180,0,True
550,5,110,2021-02-14,TeamB-5eba590a-cecb-400f-a92e-08224c7e2e59,TeamB,550,0,True
550,5,110,2021-02-15,TeamB-5eba590a-cecb-400f-a92e-08224c7e2e59,TeamB,550,0,True
360,4,90,2021-02-17,TeamB-5eba590a-cecb-400f-a92e-08224c7e2e59,TeamB,360,0,True
720,6,120,2021-02-18,TeamB-5eba590a-cecb-400f-a92e-08224c7e2e59,TeamB,720,0,True
140,2,70,2021-02-19,TeamB-5eba590a-cecb-400f-a92e-08224c7e2e59,TeamB,140,0,True
420,6,70,2021-02-20,TeamB-5eba590a-cecb-400f-a92e-08224c7e2e59,TeamB,420,0,True
350,5,70,2021-02-22,TeamB-5eba590a-cecb-400f-a92e-08224c7e2e59,TeamB,350,0,True
630,7,90,2021-02-24,TeamB-5eba590a-cecb-400f-a92e-08224c7e2e59,TeamB,630,0,True
240,4,60,2021-02-24,TeamB-5eba590a-cecb-400f-a92e-08224c7e2e59,TeamB,240,0,True
450,5,90,2021-02-25,TeamB-5eba590a-cecb-400f-a92e-08224c7e2e59,TeamB,450,0,True
450,5,90,2021-02-26,TeamB-5eba590a-cecb-400f-a92e-08224c7e2e59,TeamB,450,0,True
300,5,60,2021-02-26,TeamB-5eba590a-cecb-400f-a92e-08224c7e2e59,TeamB,300,0,True
120,3,40,2021-02-28,TeamB-5eba590a-cecb-400f-a92e-08224c7e2e59,TeamB,120,0,True
180,3,60,2021-03-01,TeamB-5eba590a-cecb-400f-a92e-08224c7e2e59,TeamB,180,0,True
450,5,90,2021-03-01,TeamB-5eba590a-cecb-400f-a92e-08224c7e2e59,TeamB,450,0,True
700,7,100,2021-03-02,TeamB-5eba590a-cecb-400f-a92e-08224c7e2e59,TeamB,700,0,True
180,3,60,2021-03-02,TeamB-5eba590a-cecb-400f-a92e-08224c7e2e59,TeamB,180,0,True
540,6,90,2021-03-04,TeamB-5eba590a-cecb-400f-a92e-08224c7e2e59,TeamB,540,0,True
240,4,60,2021-03-04,TeamB-5eba590a-cecb-400f-a92e-08224c7e2e59,TeamB,240,0,True
450,5,90,2021-03-05,TeamB-5eba590a-cecb-400f-a92e-08224c7e2e59,TeamB,450,0,True
840,7,120,2021-03-06,TeamB-5eba590a-cecb-400f-a92e-08224c7e2e59,TeamB,840,0,True
150,3,50,2021-03-06,TeamB-5eba590a-cecb-400f-a92e-08224c7e2e59,TeamB,150,0,True
450,5,90,2021-03-08,TeamB-5eba590a-cecb-400f-a92e-08224c7e2e59,TeamB,450,0,True
300,5,60,2021-03-08,TeamB-5eba590a-cecb-400f-a92e-08224c7e2e59,TeamB,300,0,True
180,3,60,2021-03-09,TeamB-5eba590a-cecb-400f-a92e-08224c7e2e59,TeamB,180,0,True
700,7,100,2021-03-09,TeamB-5eba590a-cecb-400f-a92e-08224c7e2e59,TeamB,700,0,True
630,7,90,2021-03-11,TeamB-5eba590a-cecb-400f-a92e-08224c7e2e59,TeamB,630,0,True
540,6,90,2021-03-12,TeamB-5eba590a-cecb-400f-a92e-08224c7e2e59,TeamB,540,0,True
180,3,60,2021-03-13,TeamB-5eba590a-cecb-400f-a92e-08224c7e2e59,TeamB,180,0,True
450,5,90,2021-03-13,TeamB-5eba590a-cecb-400f-a92e-08224c7e2e59,TeamB,450,0,True
300,5,60,2021-03-15,TeamB-5eba590a-cecb-400f-a92e-08224c7e2e59,TeamB,300,0,True
540,6,90,2021-03-15,TeamB-5eba590a-cecb-400f-a92e-08224c7e2e59,TeamB,540,0,True
360,4,90,2021-03-16,TeamB-5eba590a-cecb-400f-a92e-08224c7e2e59,TeamB,360,0,True
350,5,70,2021-03-18,TeamB-5eba590a-cecb-400f-a92e-08224c7e2e59,TeamB,350,0,True
700,7,100,2021-03-18,TeamB-5eba590a-cecb-400f-a92e-08224c7e2e59,TeamB,700,0,True
360,4,90,2021-03-19,TeamB-5eba590a-cecb-400f-a92e-08224c7e2e59,TeamB,360,0,True
540,6,90,2021-03-20,TeamB-5eba590a-cecb-400f-a92e-08224c7e2e59,TeamB,540,0,True
120,3,40,2021-03-20,TeamB-5eba590a-cecb-400f-a92e-08224c7e2e59,TeamB,120,0,True
180,3,60,2021-03-21,TeamB-5eba590a-cecb-400f-a92e-08224c7e2e59,TeamB,180,0,True
660,6,110,2021-03-22,TeamB-5eba590a-cecb-400f-a92e-08224c7e2e59,TeamB,660,0,True
720,6,120,2021-03-23,TeamB-5eba590a-cecb-400f-a92e-08224c7e2e59,TeamB,720,0,True
720,6,120,2021-03-25,TeamB-5eba590a-cecb-400f-a92e-08224c7e2e59,TeamB,720,0,True
400,4,100,2021-03-26,TeamB-5eba590a-cecb-400f-a92e-08224c7e2e59,TeamB,400,0,True
720,6,120,2021-03-27,TeamB-5eba590a-cecb-400f-a92e-08224c7e2e59,TeamB,720,0,True
550,5,110,2021-03-29,TeamB-5eba590a-cecb-400f-a92e-08224c7e2e59,TeamB,550,0,True
600,5,120,2021-03-30,TeamB-5eba590a-cecb-400f-a92e-08224c7e2e59,TeamB,600,0,True
840,7,120,2021-03-31,TeamB-5eba590a-cecb-400f-a92e-08224c7e2e59,TeamB,840,0,True
960,8,120,2021-04-06,TeamB-5eba590a-cecb-400f-a92e-08224c7e2e59,TeamB,960,0,True
500,5,100,2021-04-08,TeamB-5eba590a-cecb-400f-a92e-08224c7e2e59,TeamB,500,0,True
320,4,80,2021-04-09,TeamB-5eba590a-cecb-400f-a92e-08224c7e2e59,TeamB,320,0,True
840,7,120,2021-04-10,TeamB-5eba590a-cecb-400f-a92e-08224c7e2e59,TeamB,840,0,True
720,6,120,2021-04-12,TeamB-5eba590a-cecb-400f-a92e-08224c7e2e59,TeamB,720,0,True
160,4,40,2021-04-12,TeamB-5eba590a-cecb-400f-a92e-08224c7e2e59,TeamB,160,0,True
400,4,100,2021-04-13,TeamB-5eba590a-cecb-400f-a92e-08224c7e2e59,TeamB,400,0,True
500,5,100,2021-04-15,TeamB-5eba590a-cecb-400f-a92e-08224c7e2e59,TeamB,500,0,True
300,3,100,2021-05-12,TeamB-5eba590a-cecb-400f-a92e-08224c7e2e59,TeamB,300,0,True
240,3,80,2021-05-14,TeamB-5eba590a-cecb-400f-a92e-08224c7e2e59,TeamB,240,0,True
400,8,50,2021-05-15,TeamB-5eba590a-cecb-400f-a92e-08224c7e2e59,TeamB,400,0,True
720,6,120,2021-05-18,TeamB-5eba590a-cecb-400f-a92e-08224c7e2e59,TeamB,720,0,True
500,5,100,2021-05-19,TeamB-5eba590a-cecb-400f-a92e-08224c7e2e59,TeamB,500,0,True
280,4,70,2021-05-21,TeamB-5eba590a-cecb-400f-a92e-08224c7e2e59,TeamB,280,0,True
280,7,40,2021-05-22,TeamB-5eba590a-cecb-400f-a92e-08224c7e2e59,TeamB,280,0,True
200,5,40,2021-05-23,TeamB-5eba590a-cecb-400f-a92e-08224c7e2e59,TeamB,200,0,True
450,5,90,2021-05-25,TeamB-5eba590a-cecb-400f-a92e-08224c7e2e59,TeamB,450,0,True
660,6,110,2021-05-26,TeamB-5eba590a-cecb-400f-a92e-08224c7e2e59,TeamB,660,0,True
600,6,100,2021-06-01,TeamB-5eba590a-cecb-400f-a92e-08224c7e2e59,TeamB,600,0,True
240,4,60,2021-06-02,TeamB-5eba590a-cecb-400f-a92e-08224c7e2e59,TeamB,240,0,True
840,7,120,2021-06-02,TeamB-5eba590a-cecb-400f-a92e-08224c7e2e59,TeamB,840,0,True
240,4,60,2021-06-07,TeamB-5eba590a-cecb-400f-a92e-08224c7e2e59,TeamB,240,0,True
360,4,90,2021-06-07,TeamB-5eba590a-cecb-400f-a92e-08224c7e2e59,TeamB,360,0,True
540,6,90,2021-06-08,TeamB-5eba590a-cecb-400f-a92e-08224c7e2e59,TeamB,540,0,True
350,5,70,2021-06-14,TeamB-5eba590a-cecb-400f-a92e-08224c7e2e59,TeamB,350,0,True
280,4,70,2021-06-14,TeamB-5eba590a-cecb-400f-a92e-08224c7e2e59,TeamB,280,0,True
630,7,90,2021-06-15,TeamB-5eba590a-cecb-400f-a92e-08224c7e2e59,TeamB,630,0,True
630,7,90,2021-06-17,TeamB-5eba590a-cecb-400f-a92e-08224c7e2e59,TeamB,630,0,True
240,4,60,2021-06-18,TeamB-5eba590a-cecb-400f-a92e-08224c7e2e59,TeamB,240,0,True
600,6,100,2021-06-18,TeamB-5eba590a-cecb-400f-a92e-08224c7e2e59,TeamB,600,0,True
320,4,80,2021-06-29,TeamB-5eba590a-cecb-400f-a92e-08224c7e2e59,TeamB,320,0,True
240,4,60,2021-07-05,TeamB-5eba590a-cecb-400f-a92e-08224c7e2e59,TeamB,240,0,True
280,4,70,2021-07-06,TeamB-5eba590a-cecb-400f-a92e-08224c7e2e59,TeamB,280,0,True
480,6,80,2021-07-06,TeamB-5eba590a-cecb-400f-a92e-08224c7e2e59,TeamB,480,0,True
540,6,90,2021-07-07,TeamB-5eba590a-cecb-400f-a92e-08224c7e2e59,TeamB,540,0,True
500,5,100,2021-07-31,TeamB-5eba590a-cecb-400f-a92e-08224c7e2e59,TeamB,500,0,True
240,3,80,2021-08-01,TeamB-5eba590a-cecb-400f-a92e-08224c7e2e59,TeamB,240,0,True
350,5,70,2021-08-03,TeamB-5eba590a-cecb-400f-a92e-08224c7e2e59,TeamB,350,0,True
300,5,60,2021-08-03,TeamB-5eba590a-cecb-400f-a92e-08224c7e2e59,TeamB,300,0,True
360,4,90,2021-08-06,TeamB-5eba590a-cecb-400f-a92e-08224c7e2e59,TeamB,360,0,True
810,9,90,2021-08-18,TeamB-5eba590a-cecb-400f-a92e-08224c7e2e59,TeamB,810,0,True
630,7,90,2021-08-21,TeamB-5eba590a-cecb-400f-a92e-08224c7e2e59,TeamB,630,0,True
600,6,100,2021-08-10,TeamB-6d568bee-175f-4dcb-9d3a-0f3e8f35de07,TeamB,600,0,True
300,6,50,2021-08-11,TeamB-6d568bee-175f-4dcb-9d3a-0f3e8f35de07,TeamB,300,0,True
700,7,100,2021-08-11,TeamB-6d568bee-175f-4dcb-9d3a-0f3e8f35de07,TeamB,700,0,True
240,6,40,2021-08-11,TeamB-6d568bee-175f-4dcb-9d3a-0f3e8f35de07,TeamB,240,0,True
540,6,90,2021-08-11,TeamB-6d568bee-175f-4dcb-9d3a-0f3e8f35de07,TeamB,540,0,True
320,4,80,2021-08-13,TeamB-6d568bee-175f-4dcb-9d3a-0f3e8f35de07,TeamB,320,0,True
420,7,60,2021-08-14,TeamB-6d568bee-175f-4dcb-9d3a-0f3e8f35de07,TeamB,420,0,True
120,2,60,2021-08-15,TeamB-6d568bee-175f-4dcb-9d3a-0f3e8f35de07,TeamB,120,0,True
240,4,60,2021-08-17,TeamB-6d568bee-175f-4dcb-9d3a-0f3e8f35de07,TeamB,240,0,True
120,4,30,2021-08-18,TeamB-6d568bee-175f-4dcb-9d3a-0f3e8f35de07,TeamB,120,0,True
360,6,60,2021-08-19,TeamB-6d568bee-175f-4dcb-9d3a-0f3e8f35de07,TeamB,360,0,True
420,6,70,2021-08-20,TeamB-6d568bee-175f-4dcb-9d3a-0f3e8f35de07,TeamB,420,0,True
80,4,20,2021-08-21,TeamB-6d568bee-175f-4dcb-9d3a-0f3e8f35de07,TeamB,80,0,True
280,4,70,2021-08-23,TeamB-6d568bee-175f-4dcb-9d3a-0f3e8f35de07,TeamB,280,0,True
225,5,45,2021-08-24,TeamB-6d568bee-175f-4dcb-9d3a-0f3e8f35de07,TeamB,225,0,True
600,6,100,2021-08-26,TeamB-6d568bee-175f-4dcb-9d3a-0f3e8f35de07,TeamB,600,0,True
400,5,80,2021-08-27,TeamB-6d568bee-175f-4dcb-9d3a-0f3e8f35de07,TeamB,400,0,True
320,4,80,2021-08-30,TeamB-6d568bee-175f-4dcb-9d3a-0f3e8f35de07,TeamB,320,0,True
350,5,70,2021-08-31,TeamB-6d568bee-175f-4dcb-9d3a-0f3e8f35de07,TeamB,350,0,True
70,7,10,2021-09-01,TeamB-6d568bee-175f-4dcb-9d3a-0f3e8f35de07,TeamB,70,0,True
210,3,70,2021-09-03,TeamB-6d568bee-175f-4dcb-9d3a-0f3e8f35de07,TeamB,210,0,True
150,3,50,2021-09-05,TeamB-6d568bee-175f-4dcb-9d3a-0f3e8f35de07,TeamB,150,0,True
300,5,60,2021-09-07,TeamB-6d568bee-175f-4dcb-9d3a-0f3e8f35de07,TeamB,300,0,True
630,7,90,2021-09-08,TeamB-6d568bee-175f-4dcb-9d3a-0f3e8f35de07,TeamB,630,0,True
420,6,70,2021-09-11,TeamB-6d568bee-175f-4dcb-9d3a-0f3e8f35de07,TeamB,420,0,True
630,7,90,2021-09-16,TeamB-6d568bee-175f-4dcb-9d3a-0f3e8f35de07,TeamB,630,0,True
420,6,70,2021-09-17,TeamB-6d568bee-175f-4dcb-9d3a-0f3e8f35de07,TeamB,420,0,True
800,8,100,2021-09-21,TeamB-6d568bee-175f-4dcb-9d3a-0f3e8f35de07,TeamB,800,0,True
120,4,30,2021-09-22,TeamB-6d568bee-175f-4dcb-9d3a-0f3e8f35de07,TeamB,120,0,True
720,6,120,2021-09-22,TeamB-6d568bee-175f-4dcb-9d3a-0f3e8f35de07,TeamB,720,0,True
500,5,100,2021-09-24,TeamB-6d568bee-175f-4dcb-9d3a-0f3e8f35de07,TeamB,500,0,True
280,4,70,2021-09-25,TeamB-6d568bee-175f-4dcb-9d3a-0f3e8f35de07,TeamB,280,0,True
120,6,20,2021-09-26,TeamB-6d568bee-175f-4dcb-9d3a-0f3e8f35de07,TeamB,120,0,True
960,8,120,2021-09-28,TeamB-6d568bee-175f-4dcb-9d3a-0f3e8f35de07,TeamB,960,0,True
840,7,120,2021-09-29,TeamB-6d568bee-175f-4dcb-9d3a-0f3e8f35de07,TeamB,840,0,True
180,3,60,2021-10-01,TeamB-6d568bee-175f-4dcb-9d3a-0f3e8f35de07,TeamB,180,0,True
600,6,100,2021-10-05,TeamB-6d568bee-175f-4dcb-9d3a-0f3e8f35de07,TeamB,600,0,True
500,5,100,2021-10-06,TeamB-6d568bee-175f-4dcb-9d3a-0f3e8f35de07,TeamB,500,0,True
280,4,70,2021-10-08,TeamB-6d568bee-175f-4dcb-9d3a-0f3e8f35de07,TeamB,280,0,True
350,5,70,2021-10-10,TeamB-6d568bee-175f-4dcb-9d3a-0f3e8f35de07,TeamB,350,0,True
600,6,100,2021-10-12,TeamB-6d568bee-175f-4dcb-9d3a-0f3e8f35de07,TeamB,600,0,True
960,8,120,2021-10-13,TeamB-6d568bee-175f-4dcb-9d3a-0f3e8f35de07,TeamB,960,0,True
540,6,90,2021-10-15,TeamB-6d568bee-175f-4dcb-9d3a-0f3e8f35de07,TeamB,540,0,True
180,3,60,2021-10-16,TeamB-6d568bee-175f-4dcb-9d3a-0f3e8f35de07,TeamB,180,0,True
120,4,30,2021-10-17,TeamB-6d568bee-175f-4dcb-9d3a-0f3e8f35de07,TeamB,120,0,True
350,5,70,2021-10-19,TeamB-6d568bee-175f-4dcb-9d3a-0f3e8f35de07,TeamB,350,0,True
120,4,30,2021-10-20,TeamB-6d568bee-175f-4dcb-9d3a-0f3e8f35de07,TeamB,120,0,True
400,5,80,2021-10-21,TeamB-6d568bee-175f-4dcb-9d3a-0f3e8f35de07,TeamB,400,0,True
630,7,90,2021-10-22,TeamB-6d568bee-175f-4dcb-9d3a-0f3e8f35de07,TeamB,630,0,True
150,5,30,2021-10-23,TeamB-6d568bee-175f-4dcb-9d3a-0f3e8f35de07,TeamB,150,0,True
400,5,80,2021-10-26,TeamB-6d568bee-175f-4dcb-9d3a-0f3e8f35de07,TeamB,400,0,True
540,6,90,2021-10-27,TeamB-6d568bee-175f-4dcb-9d3a-0f3e8f35de07,TeamB,540,0,True
360,6,60,2021-10-27,TeamB-6d568bee-175f-4dcb-9d3a-0f3e8f35de07,TeamB,360,0,True
840,7,120,2021-10-29,TeamB-6d568bee-175f-4dcb-9d3a-0f3e8f35de07,TeamB,840,0,True
350,5,70,2021-10-30,TeamB-6d568bee-175f-4dcb-9d3a-0f3e8f35de07,TeamB,350,0,True
180,6,30,2021-10-31,TeamB-6d568bee-175f-4dcb-9d3a-0f3e8f35de07,TeamB,180,0,True
480,6,80,2021-11-03,TeamB-6d568bee-175f-4dcb-9d3a-0f3e8f35de07,TeamB,480,0,True
450,5,90,2021-11-04,TeamB-6d568bee-175f-4dcb-9d3a-0f3e8f35de07,TeamB,450,0,True
210,3,70,2021-11-06,TeamB-6d568bee-175f-4dcb-9d3a-0f3e8f35de07,TeamB,210,0,True
280,4,70,2021-11-09,TeamB-6d568bee-175f-4dcb-9d3a-0f3e8f35de07,TeamB,280,0,True
540,6,90,2021-11-10,TeamB-6d568bee-175f-4dcb-9d3a-0f3e8f35de07,TeamB,540,0,True
350,7,50,2020-01-09,TeamB-70b74270-f655-43cc-a188-1ebc7a828b95,TeamB,350,0,True
720,8,90,2020-01-09,TeamB-70b74270-f655-43cc-a188-1ebc7a828b95,TeamB,720,0,True
720,8,90,2020-01-10,TeamB-70b74270-f655-43cc-a188-1ebc7a828b95,TeamB,720,0,True
160,4,40,2020-01-14,TeamB-70b74270-f655-43cc-a188-1ebc7a828b95,TeamB,160,0,True
720,8,90,2020-01-14,TeamB-70b74270-f655-43cc-a188-1ebc7a828b95,TeamB,720,0,True
1080,9,120,2020-01-16,TeamB-70b74270-f655-43cc-a188-1ebc7a828b95,TeamB,1080,0,True
160,4,40,2020-01-16,TeamB-70b74270-f655-43cc-a188-1ebc7a828b95,TeamB,160,0,True
720,8,90,2020-01-17,TeamB-70b74270-f655-43cc-a188-1ebc7a828b95,TeamB,720,0,True
180,3,60,2020-01-18,TeamB-70b74270-f655-43cc-a188-1ebc7a828b95,TeamB,180,0,True
630,7,90,2020-01-20,TeamB-70b74270-f655-43cc-a188-1ebc7a828b95,TeamB,630,0,True
990,9,110,2020-01-21,TeamB-70b74270-f655-43cc-a188-1ebc7a828b95,TeamB,990,0,True
300,5,60,2020-01-21,TeamB-70b74270-f655-43cc-a188-1ebc7a828b95,TeamB,300,0,True
600,6,100,2020-01-23,TeamB-70b74270-f655-43cc-a188-1ebc7a828b95,TeamB,600,0,True
300,5,60,2020-01-27,TeamB-70b74270-f655-43cc-a188-1ebc7a828b95,TeamB,300,0,True
240,4,60,2020-01-28,TeamB-70b74270-f655-43cc-a188-1ebc7a828b95,TeamB,240,0,True
350,5,70,2020-01-29,TeamB-70b74270-f655-43cc-a188-1ebc7a828b95,TeamB,350,0,True
280,4,70,2020-02-02,TeamB-70b74270-f655-43cc-a188-1ebc7a828b95,TeamB,280,0,True
720,8,90,2020-02-03,TeamB-70b74270-f655-43cc-a188-1ebc7a828b95,TeamB,720,0,True
630,7,90,2020-02-04,TeamB-70b74270-f655-43cc-a188-1ebc7a828b95,TeamB,630,0,True
240,4,60,2020-02-04,TeamB-70b74270-f655-43cc-a188-1ebc7a828b95,TeamB,240,0,True
300,5,60,2020-02-05,TeamB-70b74270-f655-43cc-a188-1ebc7a828b95,TeamB,300,0,True
1080,9,120,2020-02-06,TeamB-70b74270-f655-43cc-a188-1ebc7a828b95,TeamB,1080,0,True
630,7,90,2020-02-07,TeamB-70b74270-f655-43cc-a188-1ebc7a828b95,TeamB,630,0,True
900,10,90,2020-02-08,TeamB-70b74270-f655-43cc-a188-1ebc7a828b95,TeamB,900,0,True
300,5,60,2020-02-10,TeamB-70b74270-f655-43cc-a188-1ebc7a828b95,TeamB,300,0,True
200,4,50,2020-02-11,TeamB-70b74270-f655-43cc-a188-1ebc7a828b95,TeamB,200,0,True
880,8,110,2020-02-11,TeamB-70b74270-f655-43cc-a188-1ebc7a828b95,TeamB,880,0,True
300,6,50,2020-02-13,TeamB-70b74270-f655-43cc-a188-1ebc7a828b95,TeamB,300,0,True
720,8,90,2020-02-13,TeamB-70b74270-f655-43cc-a188-1ebc7a828b95,TeamB,720,0,True
560,7,80,2020-02-14,TeamB-70b74270-f655-43cc-a188-1ebc7a828b95,TeamB,560,0,True
270,9,30,2020-02-15,TeamB-70b74270-f655-43cc-a188-1ebc7a828b95,TeamB,270,0,True
630,7,90,2020-02-17,TeamB-70b74270-f655-43cc-a188-1ebc7a828b95,TeamB,630,0,True
630,7,90,2020-02-18,TeamB-70b74270-f655-43cc-a188-1ebc7a828b95,TeamB,630,0,True
200,4,50,2020-02-18,TeamB-70b74270-f655-43cc-a188-1ebc7a828b95,TeamB,200,0,True
240,4,60,2020-02-19,TeamB-70b74270-f655-43cc-a188-1ebc7a828b95,TeamB,240,0,True
300,6,50,2020-02-20,TeamB-70b74270-f655-43cc-a188-1ebc7a828b95,TeamB,300,0,True
630,7,90,2020-02-22,TeamB-70b74270-f655-43cc-a188-1ebc7a828b95,TeamB,630,0,True
720,8,90,2020-02-23,TeamB-70b74270-f655-43cc-a188-1ebc7a828b95,TeamB,720,0,True
720,8,90,2020-02-24,TeamB-70b74270-f655-43cc-a188-1ebc7a828b95,TeamB,720,0,True
400,4,100,2020-02-25,TeamB-70b74270-f655-43cc-a188-1ebc7a828b95,TeamB,400,0,True
1200,10,120,2020-02-27,TeamB-70b74270-f655-43cc-a188-1ebc7a828b95,TeamB,1200,0,True
150,3,50,2020-03-01,TeamB-70b74270-f655-43cc-a188-1ebc7a828b95,TeamB,150,0,True
420,7,60,2020-03-02,TeamB-70b74270-f655-43cc-a188-1ebc7a828b95,TeamB,420,0,True
420,7,60,2020-03-03,TeamB-70b74270-f655-43cc-a188-1ebc7a828b95,TeamB,420,0,True
360,9,40,2020-03-04,TeamB-70b74270-f655-43cc-a188-1ebc7a828b95,TeamB,360,0,True
420,7,60,2020-03-06,TeamB-70b74270-f655-43cc-a188-1ebc7a828b95,TeamB,420,0,True
300,5,60,2020-03-08,TeamB-70b74270-f655-43cc-a188-1ebc7a828b95,TeamB,300,0,True
480,8,60,2020-03-11,TeamB-70b74270-f655-43cc-a188-1ebc7a828b95,TeamB,480,0,True
200,4,50,2020-03-13,TeamB-70b74270-f655-43cc-a188-1ebc7a828b95,TeamB,200,0,True
560,8,70,2020-03-14,TeamB-70b74270-f655-43cc-a188-1ebc7a828b95,TeamB,560,0,True
400,8,50,2020-03-20,TeamB-70b74270-f655-43cc-a188-1ebc7a828b95,TeamB,400,0,True
350,7,50,2020-03-21,TeamB-70b74270-f655-43cc-a188-1ebc7a828b95,TeamB,350,0,True
480,8,60,2020-03-22,TeamB-70b74270-f655-43cc-a188-1ebc7a828b95,TeamB,480,0,True
480,8,60,2020-03-24,TeamB-70b74270-f655-43cc-a188-1ebc7a828b95,TeamB,480,0,True
200,5,40,2020-03-25,TeamB-70b74270-f655-43cc-a188-1ebc7a828b95,TeamB,200,0,True
420,7,60,2020-03-26,TeamB-70b74270-f655-43cc-a188-1ebc7a828b95,TeamB,420,0,True
420,6,70,2020-03-27,TeamB-70b74270-f655-43cc-a188-1ebc7a828b95,TeamB,420,0,True
700,7,100,2020-03-28,TeamB-70b74270-f655-43cc-a188-1ebc7a828b95,TeamB,700,0,True
700,7,100,2020-03-30,TeamB-70b74270-f655-43cc-a188-1ebc7a828b95,TeamB,700,0,True
880,8,110,2020-03-31,TeamB-70b74270-f655-43cc-a188-1ebc7a828b95,TeamB,880,0,True
250,5,50,2020-04-01,TeamB-70b74270-f655-43cc-a188-1ebc7a828b95,TeamB,250,0,True
240,4,60,2020-04-02,TeamB-70b74270-f655-43cc-a188-1ebc7a828b95,TeamB,240,0,True
240,4,60,2020-04-03,TeamB-70b74270-f655-43cc-a188-1ebc7a828b95,TeamB,240,0,True
80,4,20,2020-04-03,TeamB-70b74270-f655-43cc-a188-1ebc7a828b95,TeamB,80,0,True
300,5,60,2020-04-04,TeamB-70b74270-f655-43cc-a188-1ebc7a828b95,TeamB,300,0,True
120,4,30,2020-04-06,TeamB-70b74270-f655-43cc-a188-1ebc7a828b95,TeamB,120,0,True
800,8,100,2020-04-07,TeamB-70b74270-f655-43cc-a188-1ebc7a828b95,TeamB,800,0,True
240,4,60,2020-04-08,TeamB-70b74270-f655-43cc-a188-1ebc7a828b95,TeamB,240,0,True
360,6,60,2020-04-10,TeamB-70b74270-f655-43cc-a188-1ebc7a828b95,TeamB,360,0,True
200,5,40,2020-04-13,TeamB-70b74270-f655-43cc-a188-1ebc7a828b95,TeamB,200,0,True
150,5,30,2020-04-16,TeamB-70b74270-f655-43cc-a188-1ebc7a828b95,TeamB,150,0,True
150,5,30,2020-04-23,TeamB-70b74270-f655-43cc-a188-1ebc7a828b95,TeamB,150,0,True
560,7,80,2020-04-24,TeamB-70b74270-f655-43cc-a188-1ebc7a828b95,TeamB,560,0,True
360,6,60,2020-04-25,TeamB-70b74270-f655-43cc-a188-1ebc7a828b95,TeamB,360,0,True
630,7,90,2020-04-26,TeamB-70b74270-f655-43cc-a188-1ebc7a828b95,TeamB,630,0,True
420,7,60,2020-04-27,TeamB-70b74270-f655-43cc-a188-1ebc7a828b95,TeamB,420,0,True
630,7,90,2020-04-28,TeamB-70b74270-f655-43cc-a188-1ebc7a828b95,TeamB,630,0,True
420,7,60,2020-04-30,TeamB-70b74270-f655-43cc-a188-1ebc7a828b95,TeamB,420,0,True
360,6,60,2020-05-01,TeamB-70b74270-f655-43cc-a188-1ebc7a828b95,TeamB,360,0,True
240,4,60,2020-05-19,TeamB-70b74270-f655-43cc-a188-1ebc7a828b95,TeamB,240,0,True
360,6,60,2020-05-20,TeamB-70b74270-f655-43cc-a188-1ebc7a828b95,TeamB,360,0,True
200,4,50,2020-05-21,TeamB-70b74270-f655-43cc-a188-1ebc7a828b95,TeamB,200,0,True
280,7,40,2020-05-22,TeamB-70b74270-f655-43cc-a188-1ebc7a828b95,TeamB,280,0,True
300,6,50,2020-05-23,TeamB-70b74270-f655-43cc-a188-1ebc7a828b95,TeamB,300,0,True
280,7,40,2020-05-24,TeamB-70b74270-f655-43cc-a188-1ebc7a828b95,TeamB,280,0,True
250,5,50,2020-05-25,TeamB-70b74270-f655-43cc-a188-1ebc7a828b95,TeamB,250,0,True
180,6,30,2020-05-26,TeamB-70b74270-f655-43cc-a188-1ebc7a828b95,TeamB,180,0,True
200,5,40,2020-05-27,TeamB-70b74270-f655-43cc-a188-1ebc7a828b95,TeamB,200,0,True
720,8,90,2020-05-28,TeamB-70b74270-f655-43cc-a188-1ebc7a828b95,TeamB,720,0,True
630,7,90,2020-05-29,TeamB-70b74270-f655-43cc-a188-1ebc7a828b95,TeamB,630,0,True
200,5,40,2020-05-30,TeamB-70b74270-f655-43cc-a188-1ebc7a828b95,TeamB,200,0,True
630,7,90,2020-06-01,TeamB-70b74270-f655-43cc-a188-1ebc7a828b95,TeamB,630,0,True
640,8,80,2020-06-02,TeamB-70b74270-f655-43cc-a188-1ebc7a828b95,TeamB,640,0,True
300,5,60,2020-06-03,TeamB-70b74270-f655-43cc-a188-1ebc7a828b95,TeamB,300,0,True
630,7,90,2020-06-04,TeamB-70b74270-f655-43cc-a188-1ebc7a828b95,TeamB,630,0,True
720,8,90,2020-06-05,TeamB-70b74270-f655-43cc-a188-1ebc7a828b95,TeamB,720,0,True
200,4,50,2020-06-06,TeamB-70b74270-f655-43cc-a188-1ebc7a828b95,TeamB,200,0,True
720,8,90,2020-06-08,TeamB-70b74270-f655-43cc-a188-1ebc7a828b95,TeamB,720,0,True
560,7,80,2020-06-09,TeamB-70b74270-f655-43cc-a188-1ebc7a828b95,TeamB,560,0,True
630,7,90,2020-06-10,TeamB-70b74270-f655-43cc-a188-1ebc7a828b95,TeamB,630,0,True
200,4,50,2020-06-11,TeamB-70b74270-f655-43cc-a188-1ebc7a828b95,TeamB,200,0,True
490,7,70,2020-06-12,TeamB-70b74270-f655-43cc-a188-1ebc7a828b95,TeamB,490,0,True
400,8,50,2020-06-13,TeamB-70b74270-f655-43cc-a188-1ebc7a828b95,TeamB,400,0,True
360,4,90,2020-06-15,TeamB-70b74270-f655-43cc-a188-1ebc7a828b95,TeamB,360,0,True
800,8,100,2020-06-16,TeamB-70b74270-f655-43cc-a188-1ebc7a828b95,TeamB,800,0,True
630,7,90,2020-06-17,TeamB-70b74270-f655-43cc-a188-1ebc7a828b95,TeamB,630,0,True
420,7,60,2020-06-18,TeamB-70b74270-f655-43cc-a188-1ebc7a828b95,TeamB,420,0,True
450,5,90,2020-06-19,TeamB-70b74270-f655-43cc-a188-1ebc7a828b95,TeamB,450,0,True
480,6,80,2020-06-22,TeamB-70b74270-f655-43cc-a188-1ebc7a828b95,TeamB,480,0,True
720,9,80,2020-06-23,TeamB-70b74270-f655-43cc-a188-1ebc7a828b95,TeamB,720,0,True
350,5,70,2020-06-25,TeamB-70b74270-f655-43cc-a188-1ebc7a828b95,TeamB,350,0,True
420,7,60,2020-06-26,TeamB-70b74270-f655-43cc-a188-1ebc7a828b95,TeamB,420,0,True
720,9,80,2020-06-27,TeamB-70b74270-f655-43cc-a188-1ebc7a828b95,TeamB,720,0,True
200,4,50,2020-06-28,TeamB-70b74270-f655-43cc-a188-1ebc7a828b95,TeamB,200,0,True
450,5,90,2020-06-29,TeamB-70b74270-f655-43cc-a188-1ebc7a828b95,TeamB,450,0,True
720,8,90,2020-06-30,TeamB-70b74270-f655-43cc-a188-1ebc7a828b95,TeamB,720,0,True
540,6,90,2020-07-01,TeamB-70b74270-f655-43cc-a188-1ebc7a828b95,TeamB,540,0,True
490,7,70,2020-07-03,TeamB-70b74270-f655-43cc-a188-1ebc7a828b95,TeamB,490,0,True
810,9,90,2020-07-04,TeamB-70b74270-f655-43cc-a188-1ebc7a828b95,TeamB,810,0,True
210,3,70,2020-07-05,TeamB-70b74270-f655-43cc-a188-1ebc7a828b95,TeamB,210,0,True
400,5,80,2020-07-06,TeamB-70b74270-f655-43cc-a188-1ebc7a828b95,TeamB,400,0,True
630,7,90,2020-07-07,TeamB-70b74270-f655-43cc-a188-1ebc7a828b95,TeamB,630,0,True
360,6,60,2020-07-08,TeamB-70b74270-f655-43cc-a188-1ebc7a828b95,TeamB,360,0,True
360,6,60,2020-07-09,TeamB-70b74270-f655-43cc-a188-1ebc7a828b95,TeamB,360,0,True
900,10,90,2020-07-10,TeamB-70b74270-f655-43cc-a188-1ebc7a828b95,TeamB,900,0,True
150,3,50,2020-07-13,TeamB-70b74270-f655-43cc-a188-1ebc7a828b95,TeamB,150,0,True
300,5,60,2020-07-14,TeamB-70b74270-f655-43cc-a188-1ebc7a828b95,TeamB,300,0,True
300,5,60,2020-07-15,TeamB-70b74270-f655-43cc-a188-1ebc7a828b95,TeamB,300,0,True
200,4,50,2020-07-16,TeamB-70b74270-f655-43cc-a188-1ebc7a828b95,TeamB,200,0,True
300,6,50,2020-07-17,TeamB-70b74270-f655-43cc-a188-1ebc7a828b95,TeamB,300,0,True
400,8,50,2020-07-18,TeamB-70b74270-f655-43cc-a188-1ebc7a828b95,TeamB,400,0,True
630,7,90,2020-07-19,TeamB-70b74270-f655-43cc-a188-1ebc7a828b95,TeamB,630,0,True
280,4,70,2020-07-20,TeamB-70b74270-f655-43cc-a188-1ebc7a828b95,TeamB,280,0,True
250,5,50,2020-07-20,TeamB-70b74270-f655-43cc-a188-1ebc7a828b95,TeamB,250,0,True
560,7,80,2020-07-21,TeamB-70b74270-f655-43cc-a188-1ebc7a828b95,TeamB,560,0,True
420,6,70,2020-07-22,TeamB-70b74270-f655-43cc-a188-1ebc7a828b95,TeamB,420,0,True
420,7,60,2020-07-23,TeamB-70b74270-f655-43cc-a188-1ebc7a828b95,TeamB,420,0,True
810,9,90,2020-07-24,TeamB-70b74270-f655-43cc-a188-1ebc7a828b95,TeamB,810,0,True
160,4,40,2020-07-25,TeamB-70b74270-f655-43cc-a188-1ebc7a828b95,TeamB,160,0,True
350,7,50,2020-07-26,TeamB-70b74270-f655-43cc-a188-1ebc7a828b95,TeamB,350,0,True
300,6,50,2020-07-27,TeamB-70b74270-f655-43cc-a188-1ebc7a828b95,TeamB,300,0,True
300,6,50,2020-07-27,TeamB-70b74270-f655-43cc-a188-1ebc7a828b95,TeamB,300,0,True
900,9,100,2020-07-28,TeamB-70b74270-f655-43cc-a188-1ebc7a828b95,TeamB,900,0,True
560,7,80,2020-07-29,TeamB-70b74270-f655-43cc-a188-1ebc7a828b95,TeamB,560,0,True
490,7,70,2020-07-31,TeamB-70b74270-f655-43cc-a188-1ebc7a828b95,TeamB,490,0,True
810,9,90,2020-08-01,TeamB-70b74270-f655-43cc-a188-1ebc7a828b95,TeamB,810,0,True
240,4,60,2020-08-02,TeamB-70b74270-f655-43cc-a188-1ebc7a828b95,TeamB,240,0,True
350,5,70,2020-08-03,TeamB-70b74270-f655-43cc-a188-1ebc7a828b95,TeamB,350,0,True
630,7,90,2020-08-04,TeamB-70b74270-f655-43cc-a188-1ebc7a828b95,TeamB,630,0,True
360,6,60,2020-08-05,TeamB-70b74270-f655-43cc-a188-1ebc7a828b95,TeamB,360,0,True
360,6,60,2020-08-06,TeamB-70b74270-f655-43cc-a188-1ebc7a828b95,TeamB,360,0,True
810,9,90,2020-08-07,TeamB-70b74270-f655-43cc-a188-1ebc7a828b95,TeamB,810,0,True
560,7,80,2020-08-10,TeamB-70b74270-f655-43cc-a188-1ebc7a828b95,TeamB,560,0,True
240,6,40,2020-08-11,TeamB-70b74270-f655-43cc-a188-1ebc7a828b95,TeamB,240,0,True
810,9,90,2020-08-12,TeamB-70b74270-f655-43cc-a188-1ebc7a828b95,TeamB,810,0,True
200,5,40,2020-08-15,TeamB-70b74270-f655-43cc-a188-1ebc7a828b95,TeamB,200,0,True
810,9,90,2020-08-16,TeamB-70b74270-f655-43cc-a188-1ebc7a828b95,TeamB,810,0,True
200,4,50,2020-08-18,TeamB-70b74270-f655-43cc-a188-1ebc7a828b95,TeamB,200,0,True
560,7,80,2020-08-19,TeamB-70b74270-f655-43cc-a188-1ebc7a828b95,TeamB,560,0,True
420,6,70,2020-08-20,TeamB-70b74270-f655-43cc-a188-1ebc7a828b95,TeamB,420,0,True
300,6,50,2020-08-21,TeamB-70b74270-f655-43cc-a188-1ebc7a828b95,TeamB,300,0,True
900,10,90,2020-08-22,TeamB-70b74270-f655-43cc-a188-1ebc7a828b95,TeamB,900,0,True
200,5,40,2020-08-24,TeamB-70b74270-f655-43cc-a188-1ebc7a828b95,TeamB,200,0,True
240,6,40,2020-08-25,TeamB-70b74270-f655-43cc-a188-1ebc7a828b95,TeamB,240,0,True
900,10,90,2020-08-26,TeamB-70b74270-f655-43cc-a188-1ebc7a828b95,TeamB,900,0,True
240,6,40,2020-08-29,TeamB-70b74270-f655-43cc-a188-1ebc7a828b95,TeamB,240,0,True
810,9,90,2020-08-30,TeamB-70b74270-f655-43cc-a188-1ebc7a828b95,TeamB,810,0,True
200,4,50,2020-09-01,TeamB-70b74270-f655-43cc-a188-1ebc7a828b95,TeamB,200,0,True
300,6,50,2020-09-02,TeamB-70b74270-f655-43cc-a188-1ebc7a828b95,TeamB,300,0,True
240,4,60,2020-09-03,TeamB-70b74270-f655-43cc-a188-1ebc7a828b95,TeamB,240,0,True
300,6,50,2020-09-04,TeamB-70b74270-f655-43cc-a188-1ebc7a828b95,TeamB,300,0,True
810,9,90,2020-09-05,TeamB-70b74270-f655-43cc-a188-1ebc7a828b95,TeamB,810,0,True
200,4,50,2020-09-07,TeamB-70b74270-f655-43cc-a188-1ebc7a828b95,TeamB,200,0,True
490,7,70,2020-09-08,TeamB-70b74270-f655-43cc-a188-1ebc7a828b95,TeamB,490,0,True
630,7,90,2020-09-09,TeamB-70b74270-f655-43cc-a188-1ebc7a828b95,TeamB,630,0,True
360,6,60,2020-09-11,TeamB-70b74270-f655-43cc-a188-1ebc7a828b95,TeamB,360,0,True
320,8,40,2020-09-14,TeamB-70b74270-f655-43cc-a188-1ebc7a828b95,TeamB,320,0,True
420,7,60,2020-09-19,TeamB-70b74270-f655-43cc-a188-1ebc7a828b95,TeamB,420,0,True
700,7,100,2020-09-21,TeamB-70b74270-f655-43cc-a188-1ebc7a828b95,TeamB,700,0,True
240,4,60,2020-09-22,TeamB-70b74270-f655-43cc-a188-1ebc7a828b95,TeamB,240,0,True
720,8,90,2020-09-22,TeamB-70b74270-f655-43cc-a188-1ebc7a828b95,TeamB,720,0,True
480,6,80,2020-09-24,TeamB-70b74270-f655-43cc-a188-1ebc7a828b95,TeamB,480,0,True
630,7,90,2020-09-25,TeamB-70b74270-f655-43cc-a188-1ebc7a828b95,TeamB,630,0,True
300,5,60,2020-09-26,TeamB-70b74270-f655-43cc-a188-1ebc7a828b95,TeamB,300,0,True
540,9,60,2020-09-27,TeamB-70b74270-f655-43cc-a188-1ebc7a828b95,TeamB,540,0,True
150,3,50,2020-09-30,TeamB-70b74270-f655-43cc-a188-1ebc7a828b95,TeamB,150,0,True
640,8,80,2020-10-01,TeamB-70b74270-f655-43cc-a188-1ebc7a828b95,TeamB,640,0,True
200,4,50,2020-10-02,TeamB-70b74270-f655-43cc-a188-1ebc7a828b95,TeamB,200,0,True
630,7,90,2020-10-02,TeamB-70b74270-f655-43cc-a188-1ebc7a828b95,TeamB,630,0,True
420,7,60,2020-10-04,TeamB-70b74270-f655-43cc-a188-1ebc7a828b95,TeamB,420,0,True
630,7,90,2020-10-05,TeamB-70b74270-f655-43cc-a188-1ebc7a828b95,TeamB,630,0,True
420,7,60,2020-10-06,TeamB-70b74270-f655-43cc-a188-1ebc7a828b95,TeamB,420,0,True
540,9,60,2020-10-07,TeamB-70b74270-f655-43cc-a188-1ebc7a828b95,TeamB,540,0,True
90,3,30,2020-10-08,TeamB-70b74270-f655-43cc-a188-1ebc7a828b95,TeamB,90,0,True
200,4,50,2020-10-10,TeamB-70b74270-f655-43cc-a188-1ebc7a828b95,TeamB,200,0,True
200,4,50,2020-10-13,TeamB-70b74270-f655-43cc-a188-1ebc7a828b95,TeamB,200,0,True
200,4,50,2020-10-14,TeamB-70b74270-f655-43cc-a188-1ebc7a828b95,TeamB,200,0,True
360,4,90,2020-10-15,TeamB-70b74270-f655-43cc-a188-1ebc7a828b95,TeamB,360,0,True
240,4,60,2020-10-16,TeamB-70b74270-f655-43cc-a188-1ebc7a828b95,TeamB,240,0,True
420,7,60,2020-10-17,TeamB-70b74270-f655-43cc-a188-1ebc7a828b95,TeamB,420,0,True
270,9,30,2020-10-18,TeamB-70b74270-f655-43cc-a188-1ebc7a828b95,TeamB,270,0,True
490,7,70,2020-10-19,TeamB-70b74270-f655-43cc-a188-1ebc7a828b95,TeamB,490,0,True
420,7,60,2020-10-20,TeamB-70b74270-f655-43cc-a188-1ebc7a828b95,TeamB,420,0,True
810,9,90,2020-10-22,TeamB-70b74270-f655-43cc-a188-1ebc7a828b95,TeamB,810,0,True
720,8,90,2020-10-23,TeamB-70b74270-f655-43cc-a188-1ebc7a828b95,TeamB,720,0,True
560,7,80,2020-10-24,TeamB-70b74270-f655-43cc-a188-1ebc7a828b95,TeamB,560,0,True
560,7,80,2020-10-25,TeamB-70b74270-f655-43cc-a188-1ebc7a828b95,TeamB,560,0,True
420,7,60,2020-10-26,TeamB-70b74270-f655-43cc-a188-1ebc7a828b95,TeamB,420,0,True
120,3,40,2020-10-28,TeamB-70b74270-f655-43cc-a188-1ebc7a828b95,TeamB,120,0,True
720,8,90,2020-10-29,TeamB-70b74270-f655-43cc-a188-1ebc7a828b95,TeamB,720,0,True
490,7,70,2020-10-30,TeamB-70b74270-f655-43cc-a188-1ebc7a828b95,TeamB,490,0,True
300,6,50,2020-10-31,TeamB-70b74270-f655-43cc-a188-1ebc7a828b95,TeamB,300,0,True
810,9,90,2020-11-01,TeamB-70b74270-f655-43cc-a188-1ebc7a828b95,TeamB,810,0,True
90,3,30,2020-11-02,TeamB-70b74270-f655-43cc-a188-1ebc7a828b95,TeamB,90,0,True
360,6,60,2020-11-03,TeamB-70b74270-f655-43cc-a188-1ebc7a828b95,TeamB,360,0,True
360,6,60,2020-11-05,TeamB-70b74270-f655-43cc-a188-1ebc7a828b95,TeamB,360,0,True
40,2,20,2020-11-05,TeamB-70b74270-f655-43cc-a188-1ebc7a828b95,TeamB,40,0,True
420,7,60,2020-11-06,TeamB-70b74270-f655-43cc-a188-1ebc7a828b95,TeamB,420,0,True
810,9,90,2020-11-07,TeamB-70b74270-f655-43cc-a188-1ebc7a828b95,TeamB,810,0,True
120,2,60,2020-11-08,TeamB-70b74270-f655-43cc-a188-1ebc7a828b95,TeamB,120,0,True
250,5,50,2020-11-09,TeamB-70b74270-f655-43cc-a188-1ebc7a828b95,TeamB,250,0,True
360,6,60,2020-11-10,TeamB-70b74270-f655-43cc-a188-1ebc7a828b95,TeamB,360,0,True
630,9,70,2020-11-11,TeamB-70b74270-f655-43cc-a188-1ebc7a828b95,TeamB,630,0,True
300,6,50,2020-11-12,TeamB-70b74270-f655-43cc-a188-1ebc7a828b95,TeamB,300,0,True
880,8,110,2020-11-14,TeamB-70b74270-f655-43cc-a188-1ebc7a828b95,TeamB,880,0,True
700,7,100,2020-11-15,TeamB-70b74270-f655-43cc-a188-1ebc7a828b95,TeamB,700,0,True
300,5,60,2020-11-16,TeamB-70b74270-f655-43cc-a188-1ebc7a828b95,TeamB,300,0,True
300,6,50,2020-11-18,TeamB-70b74270-f655-43cc-a188-1ebc7a828b95,TeamB,300,0,True
630,9,70,2020-11-19,TeamB-70b74270-f655-43cc-a188-1ebc7a828b95,TeamB,630,0,True
300,6,50,2020-11-21,TeamB-70b74270-f655-43cc-a188-1ebc7a828b95,TeamB,300,0,True
720,9,80,2020-11-22,TeamB-70b74270-f655-43cc-a188-1ebc7a828b95,TeamB,720,0,True
720,8,90,2021-01-17,TeamB-70b74270-f655-43cc-a188-1ebc7a828b95,TeamB,720,0,True
360,6,60,2021-01-18,TeamB-70b74270-f655-43cc-a188-1ebc7a828b95,TeamB,360,0,True
630,7,90,2021-01-20,TeamB-70b74270-f655-43cc-a188-1ebc7a828b95,TeamB,630,0,True
240,8,30,2021-01-21,TeamB-70b74270-f655-43cc-a188-1ebc7a828b95,TeamB,240,0,True
300,5,60,2021-01-22,TeamB-70b74270-f655-43cc-a188-1ebc7a828b95,TeamB,300,0,True
400,8,50,2021-01-24,TeamB-70b74270-f655-43cc-a188-1ebc7a828b95,TeamB,400,0,True
250,5,50,2021-01-24,TeamB-70b74270-f655-43cc-a188-1ebc7a828b95,TeamB,250,0,True
420,7,60,2021-01-25,TeamB-70b74270-f655-43cc-a188-1ebc7a828b95,TeamB,420,0,True
200,5,40,2021-01-26,TeamB-70b74270-f655-43cc-a188-1ebc7a828b95,TeamB,200,0,True
400,8,50,2021-01-26,TeamB-70b74270-f655-43cc-a188-1ebc7a828b95,TeamB,400,0,True
420,7,60,2021-01-28,TeamB-70b74270-f655-43cc-a188-1ebc7a828b95,TeamB,420,0,True
350,5,70,2021-01-29,TeamB-70b74270-f655-43cc-a188-1ebc7a828b95,TeamB,350,0,True
450,9,50,2021-01-29,TeamB-70b74270-f655-43cc-a188-1ebc7a828b95,TeamB,450,0,True
300,6,50,2021-01-30,TeamB-70b74270-f655-43cc-a188-1ebc7a828b95,TeamB,300,0,True
700,7,100,2021-02-01,TeamB-70b74270-f655-43cc-a188-1ebc7a828b95,TeamB,700,0,True
90,3,30,2021-02-03,TeamB-70b74270-f655-43cc-a188-1ebc7a828b95,TeamB,90,0,True
560,8,70,2021-02-04,TeamB-70b74270-f655-43cc-a188-1ebc7a828b95,TeamB,560,0,True
180,3,60,2021-02-05,TeamB-70b74270-f655-43cc-a188-1ebc7a828b95,TeamB,180,0,True
180,3,60,2021-02-07,TeamB-70b74270-f655-43cc-a188-1ebc7a828b95,TeamB,180,0,True
280,7,40,2021-02-08,TeamB-70b74270-f655-43cc-a188-1ebc7a828b95,TeamB,280,0,True
280,7,40,2021-02-09,TeamB-70b74270-f655-43cc-a188-1ebc7a828b95,TeamB,280,0,True
360,6,60,2021-02-10,TeamB-70b74270-f655-43cc-a188-1ebc7a828b95,TeamB,360,0,True
1200,10,120,2021-02-11,TeamB-70b74270-f655-43cc-a188-1ebc7a828b95,TeamB,1200,0,True
280,7,40,2021-02-15,TeamB-70b74270-f655-43cc-a188-1ebc7a828b95,TeamB,280,0,True
250,5,50,2021-02-16,TeamB-70b74270-f655-43cc-a188-1ebc7a828b95,TeamB,250,0,True
400,8,50,2021-02-17,TeamB-70b74270-f655-43cc-a188-1ebc7a828b95,TeamB,400,0,True
300,6,50,2021-02-18,TeamB-70b74270-f655-43cc-a188-1ebc7a828b95,TeamB,300,0,True
300,5,60,2021-02-18,TeamB-70b74270-f655-43cc-a188-1ebc7a828b95,TeamB,300,0,True
420,7,60,2021-02-20,TeamB-70b74270-f655-43cc-a188-1ebc7a828b95,TeamB,420,0,True
630,7,90,2021-02-21,TeamB-70b74270-f655-43cc-a188-1ebc7a828b95,TeamB,630,0,True
200,5,40,2021-02-21,TeamB-70b74270-f655-43cc-a188-1ebc7a828b95,TeamB,200,0,True
300,5,60,2021-02-24,TeamB-70b74270-f655-43cc-a188-1ebc7a828b95,TeamB,300,0,True
720,8,90,2021-02-24,TeamB-70b74270-f655-43cc-a188-1ebc7a828b95,TeamB,720,0,True
630,7,90,2021-02-25,TeamB-70b74270-f655-43cc-a188-1ebc7a828b95,TeamB,630,0,True
560,7,80,2021-02-26,TeamB-70b74270-f655-43cc-a188-1ebc7a828b95,TeamB,560,0,True
300,5,60,2021-02-26,TeamB-70b74270-f655-43cc-a188-1ebc7a828b95,TeamB,300,0,True
240,4,60,2021-03-01,TeamB-70b74270-f655-43cc-a188-1ebc7a828b95,TeamB,240,0,True
480,6,80,2021-03-01,TeamB-70b74270-f655-43cc-a188-1ebc7a828b95,TeamB,480,0,True
720,8,90,2021-03-02,TeamB-70b74270-f655-43cc-a188-1ebc7a828b95,TeamB,720,0,True
360,6,60,2021-03-04,TeamB-70b74270-f655-43cc-a188-1ebc7a828b95,TeamB,360,0,True
720,8,90,2021-03-04,TeamB-70b74270-f655-43cc-a188-1ebc7a828b95,TeamB,720,0,True
560,7,80,2021-03-05,TeamB-70b74270-f655-43cc-a188-1ebc7a828b95,TeamB,560,0,True
160,4,40,2021-03-06,TeamB-70b74270-f655-43cc-a188-1ebc7a828b95,TeamB,160,0,True
640,8,80,2021-03-06,TeamB-70b74270-f655-43cc-a188-1ebc7a828b95,TeamB,640,0,True
540,6,90,2021-03-08,TeamB-70b74270-f655-43cc-a188-1ebc7a828b95,TeamB,540,0,True
560,7,80,2021-03-09,TeamB-70b74270-f655-43cc-a188-1ebc7a828b95,TeamB,560,0,True
250,5,50,2021-03-09,TeamB-70b74270-f655-43cc-a188-1ebc7a828b95,TeamB,250,0,True
880,8,110,2021-03-11,TeamB-70b74270-f655-43cc-a188-1ebc7a828b95,TeamB,880,0,True
720,8,90,2021-03-12,TeamB-70b74270-f655-43cc-a188-1ebc7a828b95,TeamB,720,0,True
360,6,60,2021-03-13,TeamB-70b74270-f655-43cc-a188-1ebc7a828b95,TeamB,360,0,True
630,7,90,2021-03-13,TeamB-70b74270-f655-43cc-a188-1ebc7a828b95,TeamB,630,0,True
360,6,60,2021-03-15,TeamB-70b74270-f655-43cc-a188-1ebc7a828b95,TeamB,360,0,True
630,7,90,2021-03-15,TeamB-70b74270-f655-43cc-a188-1ebc7a828b95,TeamB,630,0,True
630,7,90,2021-03-16,TeamB-70b74270-f655-43cc-a188-1ebc7a828b95,TeamB,630,0,True
880,8,110,2021-03-18,TeamB-70b74270-f655-43cc-a188-1ebc7a828b95,TeamB,880,0,True
300,5,60,2021-03-18,TeamB-70b74270-f655-43cc-a188-1ebc7a828b95,TeamB,300,0,True
280,7,40,2021-03-19,TeamB-70b74270-f655-43cc-a188-1ebc7a828b95,TeamB,280,0,True
300,5,60,2021-03-19,TeamB-70b74270-f655-43cc-a188-1ebc7a828b95,TeamB,300,0,True
960,8,120,2021-03-22,TeamB-70b74270-f655-43cc-a188-1ebc7a828b95,TeamB,960,0,True
1440,8,180,2021-03-23,TeamB-70b74270-f655-43cc-a188-1ebc7a828b95,TeamB,1440,0,True
840,7,120,2021-03-25,TeamB-70b74270-f655-43cc-a188-1ebc7a828b95,TeamB,840,0,True
630,7,90,2021-03-26,TeamB-70b74270-f655-43cc-a188-1ebc7a828b95,TeamB,630,0,True
800,8,100,2021-03-27,TeamB-70b74270-f655-43cc-a188-1ebc7a828b95,TeamB,800,0,True
960,8,120,2021-03-29,TeamB-70b74270-f655-43cc-a188-1ebc7a828b95,TeamB,960,0,True
200,4,50,2021-04-05,TeamB-70b74270-f655-43cc-a188-1ebc7a828b95,TeamB,200,0,True
360,6,60,2021-04-06,TeamB-70b74270-f655-43cc-a188-1ebc7a828b95,TeamB,360,0,True
120,4,30,2021-04-06,TeamB-70b74270-f655-43cc-a188-1ebc7a828b95,TeamB,120,0,True
770,7,110,2021-04-08,TeamB-70b74270-f655-43cc-a188-1ebc7a828b95,TeamB,770,0,True
480,6,80,2021-04-09,TeamB-70b74270-f655-43cc-a188-1ebc7a828b95,TeamB,480,0,True
800,8,100,2021-04-10,TeamB-70b74270-f655-43cc-a188-1ebc7a828b95,TeamB,800,0,True
120,4,30,2021-04-10,TeamB-70b74270-f655-43cc-a188-1ebc7a828b95,TeamB,120,0,True
150,5,30,2021-04-12,TeamB-70b74270-f655-43cc-a188-1ebc7a828b95,TeamB,150,0,True
800,8,100,2021-04-12,TeamB-70b74270-f655-43cc-a188-1ebc7a828b95,TeamB,800,0,True
700,7,100,2021-04-13,TeamB-70b74270-f655-43cc-a188-1ebc7a828b95,TeamB,700,0,True
800,8,100,2021-04-15,TeamB-70b74270-f655-43cc-a188-1ebc7a828b95,TeamB,800,0,True
480,6,80,2021-04-16,TeamB-70b74270-f655-43cc-a188-1ebc7a828b95,TeamB,480,0,True
270,9,30,2021-04-17,TeamB-70b74270-f655-43cc-a188-1ebc7a828b95,TeamB,270,0,True
540,6,90,2021-04-19,TeamB-70b74270-f655-43cc-a188-1ebc7a828b95,TeamB,540,0,True
810,9,90,2021-04-20,TeamB-70b74270-f655-43cc-a188-1ebc7a828b95,TeamB,810,0,True
160,4,40,2021-04-21,TeamB-70b74270-f655-43cc-a188-1ebc7a828b95,TeamB,160,0,True
490,7,70,2021-04-24,TeamB-70b74270-f655-43cc-a188-1ebc7a828b95,TeamB,490,0,True
600,6,100,2021-04-26,TeamB-70b74270-f655-43cc-a188-1ebc7a828b95,TeamB,600,0,True
1440,8,180,2021-04-27,TeamB-70b74270-f655-43cc-a188-1ebc7a828b95,TeamB,1440,0,True
150,5,30,2021-04-28,TeamB-70b74270-f655-43cc-a188-1ebc7a828b95,TeamB,150,0,True
640,8,80,2021-04-29,TeamB-70b74270-f655-43cc-a188-1ebc7a828b95,TeamB,640,0,True
490,7,70,2021-04-30,TeamB-70b74270-f655-43cc-a188-1ebc7a828b95,TeamB,490,0,True
480,8,60,2021-05-01,TeamB-70b74270-f655-43cc-a188-1ebc7a828b95,TeamB,480,0,True
540,6,90,2021-05-03,TeamB-70b74270-f655-43cc-a188-1ebc7a828b95,TeamB,540,0,True
960,8,120,2021-05-04,TeamB-70b74270-f655-43cc-a188-1ebc7a828b95,TeamB,960,0,True
1080,9,120,2021-05-05,TeamB-70b74270-f655-43cc-a188-1ebc7a828b95,TeamB,1080,0,True
420,6,70,2021-05-06,TeamB-70b74270-f655-43cc-a188-1ebc7a828b95,TeamB,420,0,True
490,7,70,2021-05-07,TeamB-70b74270-f655-43cc-a188-1ebc7a828b95,TeamB,490,0,True
720,9,80,2021-05-08,TeamB-70b74270-f655-43cc-a188-1ebc7a828b95,TeamB,720,0,True
360,6,60,2021-05-10,TeamB-70b74270-f655-43cc-a188-1ebc7a828b95,TeamB,360,0,True
720,9,80,2021-05-11,TeamB-70b74270-f655-43cc-a188-1ebc7a828b95,TeamB,720,0,True
120,4,30,2021-05-12,TeamB-70b74270-f655-43cc-a188-1ebc7a828b95,TeamB,120,0,True
880,8,110,2021-05-18,TeamB-70b74270-f655-43cc-a188-1ebc7a828b95,TeamB,880,0,True
800,8,100,2021-05-19,TeamB-70b74270-f655-43cc-a188-1ebc7a828b95,TeamB,800,0,True
420,6,70,2021-05-21,TeamB-70b74270-f655-43cc-a188-1ebc7a828b95,TeamB,420,0,True
720,9,80,2021-05-23,TeamB-70b74270-f655-43cc-a188-1ebc7a828b95,TeamB,720,0,True
480,6,80,2021-05-24,TeamB-70b74270-f655-43cc-a188-1ebc7a828b95,TeamB,480,0,True
720,8,90,2021-05-25,TeamB-70b74270-f655-43cc-a188-1ebc7a828b95,TeamB,720,0,True
770,7,110,2021-05-26,TeamB-70b74270-f655-43cc-a188-1ebc7a828b95,TeamB,770,0,True
420,6,70,2021-05-28,TeamB-70b74270-f655-43cc-a188-1ebc7a828b95,TeamB,420,0,True
800,10,80,2021-05-29,TeamB-70b74270-f655-43cc-a188-1ebc7a828b95,TeamB,800,0,True
250,5,50,2021-05-31,TeamB-70b74270-f655-43cc-a188-1ebc7a828b95,TeamB,250,0,True
720,8,90,2021-06-01,TeamB-70b74270-f655-43cc-a188-1ebc7a828b95,TeamB,720,0,True
990,9,110,2021-06-02,TeamB-70b74270-f655-43cc-a188-1ebc7a828b95,TeamB,990,0,True
200,4,50,2021-06-02,TeamB-70b74270-f655-43cc-a188-1ebc7a828b95,TeamB,200,0,True
420,6,70,2021-06-04,TeamB-70b74270-f655-43cc-a188-1ebc7a828b95,TeamB,420,0,True
810,9,90,2021-06-06,TeamB-70b74270-f655-43cc-a188-1ebc7a828b95,TeamB,810,0,True
720,8,90,2021-06-07,TeamB-70b74270-f655-43cc-a188-1ebc7a828b95,TeamB,720,0,True
720,8,90,2021-06-08,TeamB-70b74270-f655-43cc-a188-1ebc7a828b95,TeamB,720,0,True
420,7,60,2021-06-09,TeamB-70b74270-f655-43cc-a188-1ebc7a828b95,TeamB,420,0,True
700,10,70,2021-06-11,TeamB-70b74270-f655-43cc-a188-1ebc7a828b95,TeamB,700,0,True
560,7,80,2021-06-13,TeamB-70b74270-f655-43cc-a188-1ebc7a828b95,TeamB,560,0,True
420,7,60,2021-06-14,TeamB-70b74270-f655-43cc-a188-1ebc7a828b95,TeamB,420,0,True
500,10,50,2021-06-15,TeamB-70b74270-f655-43cc-a188-1ebc7a828b95,TeamB,500,0,True
350,7,50,2021-06-19,TeamB-70b74270-f655-43cc-a188-1ebc7a828b95,TeamB,350,0,True
360,6,60,2021-06-21,TeamB-70b74270-f655-43cc-a188-1ebc7a828b95,TeamB,360,0,True
810,9,90,2021-06-22,TeamB-70b74270-f655-43cc-a188-1ebc7a828b95,TeamB,810,0,True
120,4,30,2021-06-24,TeamB-70b74270-f655-43cc-a188-1ebc7a828b95,TeamB,120,0,True
450,9,50,2021-06-26,TeamB-70b74270-f655-43cc-a188-1ebc7a828b95,TeamB,450,0,True
420,7,60,2021-06-27,TeamB-70b74270-f655-43cc-a188-1ebc7a828b95,TeamB,420,0,True
420,7,60,2021-06-29,TeamB-70b74270-f655-43cc-a188-1ebc7a828b95,TeamB,420,0,True
150,3,50,2021-07-02,TeamB-70b74270-f655-43cc-a188-1ebc7a828b95,TeamB,150,0,True
630,9,70,2021-07-05,TeamB-70b74270-f655-43cc-a188-1ebc7a828b95,TeamB,630,0,True
250,5,50,2021-07-06,TeamB-70b74270-f655-43cc-a188-1ebc7a828b95,TeamB,250,0,True
880,8,110,2021-07-07,TeamB-70b74270-f655-43cc-a188-1ebc7a828b95,TeamB,880,0,True
420,7,60,2021-07-09,TeamB-70b74270-f655-43cc-a188-1ebc7a828b95,TeamB,420,0,True
490,7,70,2021-07-11,TeamB-70b74270-f655-43cc-a188-1ebc7a828b95,TeamB,490,0,True
420,7,60,2021-07-13,TeamB-70b74270-f655-43cc-a188-1ebc7a828b95,TeamB,420,0,True
300,5,60,2021-08-02,TeamB-70b74270-f655-43cc-a188-1ebc7a828b95,TeamB,300,0,True
450,9,50,2021-08-03,TeamB-70b74270-f655-43cc-a188-1ebc7a828b95,TeamB,450,0,True
700,7,100,2021-08-05,TeamB-70b74270-f655-43cc-a188-1ebc7a828b95,TeamB,700,0,True
420,7,60,2021-08-06,TeamB-70b74270-f655-43cc-a188-1ebc7a828b95,TeamB,420,0,True
270,9,30,2021-08-07,TeamB-70b74270-f655-43cc-a188-1ebc7a828b95,TeamB,270,0,True
630,7,90,2021-08-08,TeamB-70b74270-f655-43cc-a188-1ebc7a828b95,TeamB,630,0,True
630,7,90,2021-08-10,TeamB-70b74270-f655-43cc-a188-1ebc7a828b95,TeamB,630,0,True
720,9,80,2021-08-11,TeamB-70b74270-f655-43cc-a188-1ebc7a828b95,TeamB,720,0,True
420,7,60,2021-08-13,TeamB-70b74270-f655-43cc-a188-1ebc7a828b95,TeamB,420,0,True
270,9,30,2021-08-14,TeamB-70b74270-f655-43cc-a188-1ebc7a828b95,TeamB,270,0,True
420,7,60,2021-08-17,TeamB-70b74270-f655-43cc-a188-1ebc7a828b95,TeamB,420,0,True
630,9,70,2021-08-18,TeamB-70b74270-f655-43cc-a188-1ebc7a828b95,TeamB,630,0,True
420,7,60,2021-08-20,TeamB-70b74270-f655-43cc-a188-1ebc7a828b95,TeamB,420,0,True
810,9,90,2021-08-21,TeamB-70b74270-f655-43cc-a188-1ebc7a828b95,TeamB,810,0,True
270,9,30,2021-08-24,TeamB-70b74270-f655-43cc-a188-1ebc7a828b95,TeamB,270,0,True
720,8,90,2021-08-26,TeamB-70b74270-f655-43cc-a188-1ebc7a828b95,TeamB,720,0,True
420,6,70,2021-08-27,TeamB-70b74270-f655-43cc-a188-1ebc7a828b95,TeamB,420,0,True
480,8,60,2021-08-28,TeamB-70b74270-f655-43cc-a188-1ebc7a828b95,TeamB,480,0,True
480,6,80,2021-08-30,TeamB-70b74270-f655-43cc-a188-1ebc7a828b95,TeamB,480,0,True
630,9,70,2021-09-04,TeamB-70b74270-f655-43cc-a188-1ebc7a828b95,TeamB,630,0,True
300,5,60,2021-09-05,TeamB-70b74270-f655-43cc-a188-1ebc7a828b95,TeamB,300,0,True
420,7,60,2021-09-07,TeamB-70b74270-f655-43cc-a188-1ebc7a828b95,TeamB,420,0,True
450,9,50,2021-09-08,TeamB-70b74270-f655-43cc-a188-1ebc7a828b95,TeamB,450,0,True
140,7,20,2021-09-11,TeamB-70b74270-f655-43cc-a188-1ebc7a828b95,TeamB,140,0,True
240,6,40,2021-09-12,TeamB-70b74270-f655-43cc-a188-1ebc7a828b95,TeamB,240,0,True
490,7,70,2021-09-13,TeamB-70b74270-f655-43cc-a188-1ebc7a828b95,TeamB,490,0,True
720,8,90,2021-09-14,TeamB-70b74270-f655-43cc-a188-1ebc7a828b95,TeamB,720,0,True
490,7,70,2021-09-19,TeamB-70b74270-f655-43cc-a188-1ebc7a828b95,TeamB,490,0,True
240,4,60,2021-09-20,TeamB-70b74270-f655-43cc-a188-1ebc7a828b95,TeamB,240,0,True
480,8,60,2021-09-20,TeamB-70b74270-f655-43cc-a188-1ebc7a828b95,TeamB,480,0,True
360,9,40,2021-09-21,TeamB-70b74270-f655-43cc-a188-1ebc7a828b95,TeamB,360,0,True
630,7,90,2021-09-24,TeamB-70b74270-f655-43cc-a188-1ebc7a828b95,TeamB,630,0,True
90,3,30,2021-09-24,TeamB-70b74270-f655-43cc-a188-1ebc7a828b95,TeamB,90,0,True
360,6,60,2021-09-25,TeamB-70b74270-f655-43cc-a188-1ebc7a828b95,TeamB,360,0,True
630,9,70,2021-09-26,TeamB-70b74270-f655-43cc-a188-1ebc7a828b95,TeamB,630,0,True
240,4,60,2021-09-27,TeamB-70b74270-f655-43cc-a188-1ebc7a828b95,TeamB,240,0,True
300,6,50,2021-09-28,TeamB-70b74270-f655-43cc-a188-1ebc7a828b95,TeamB,300,0,True
350,7,50,2021-09-29,TeamB-70b74270-f655-43cc-a188-1ebc7a828b95,TeamB,350,0,True
960,8,120,2021-09-29,TeamB-70b74270-f655-43cc-a188-1ebc7a828b95,TeamB,960,0,True
420,7,60,2021-10-01,TeamB-70b74270-f655-43cc-a188-1ebc7a828b95,TeamB,420,0,True
270,9,30,2021-10-02,TeamB-70b74270-f655-43cc-a188-1ebc7a828b95,TeamB,270,0,True
560,7,80,2021-10-04,TeamB-70b74270-f655-43cc-a188-1ebc7a828b95,TeamB,560,0,True
800,8,100,2021-10-05,TeamB-70b74270-f655-43cc-a188-1ebc7a828b95,TeamB,800,0,True
200,5,40,2021-10-05,TeamB-70b74270-f655-43cc-a188-1ebc7a828b95,TeamB,200,0,True
360,6,60,2021-10-08,TeamB-70b74270-f655-43cc-a188-1ebc7a828b95,TeamB,360,0,True
900,10,90,2021-10-09,TeamB-70b74270-f655-43cc-a188-1ebc7a828b95,TeamB,900,0,True
360,6,60,2021-10-11,TeamB-70b74270-f655-43cc-a188-1ebc7a828b95,TeamB,360,0,True
250,5,50,2021-10-12,TeamB-70b74270-f655-43cc-a188-1ebc7a828b95,TeamB,250,0,True
630,7,90,2021-10-13,TeamB-70b74270-f655-43cc-a188-1ebc7a828b95,TeamB,630,0,True
1080,9,120,2021-10-13,TeamB-70b74270-f655-43cc-a188-1ebc7a828b95,TeamB,1080,0,True
630,7,90,2021-10-15,TeamB-70b74270-f655-43cc-a188-1ebc7a828b95,TeamB,630,0,True
360,6,60,2021-10-16,TeamB-70b74270-f655-43cc-a188-1ebc7a828b95,TeamB,360,0,True
810,9,90,2021-10-17,TeamB-70b74270-f655-43cc-a188-1ebc7a828b95,TeamB,810,0,True
770,7,110,2021-10-29,TeamB-70b74270-f655-43cc-a188-1ebc7a828b95,TeamB,770,0,True
810,9,90,2020-01-09,TeamB-789547e7-1325-4153-a98d-5ecd497f3668,TeamB,810,0,True
320,8,40,2020-01-09,TeamB-789547e7-1325-4153-a98d-5ecd497f3668,TeamB,320,0,True
630,7,90,2020-01-14,TeamB-789547e7-1325-4153-a98d-5ecd497f3668,TeamB,630,0,True
720,6,120,2020-01-16,TeamB-789547e7-1325-4153-a98d-5ecd497f3668,TeamB,720,0,True
160,4,40,2020-01-16,TeamB-789547e7-1325-4153-a98d-5ecd497f3668,TeamB,160,0,True
450,5,90,2020-01-17,TeamB-789547e7-1325-4153-a98d-5ecd497f3668,TeamB,450,0,True
240,3,80,2020-01-20,TeamB-789547e7-1325-4153-a98d-5ecd497f3668,TeamB,240,0,True
840,7,120,2020-01-21,TeamB-789547e7-1325-4153-a98d-5ecd497f3668,TeamB,840,0,True
300,5,60,2020-01-21,TeamB-789547e7-1325-4153-a98d-5ecd497f3668,TeamB,300,0,True
210,3,70,2020-01-23,TeamB-789547e7-1325-4153-a98d-5ecd497f3668,TeamB,210,0,True
360,4,90,2020-01-24,TeamB-789547e7-1325-4153-a98d-5ecd497f3668,TeamB,360,0,True
450,5,90,2020-01-26,TeamB-789547e7-1325-4153-a98d-5ecd497f3668,TeamB,450,0,True
160,4,40,2020-01-27,TeamB-789547e7-1325-4153-a98d-5ecd497f3668,TeamB,160,0,True
630,7,90,2020-01-28,TeamB-789547e7-1325-4153-a98d-5ecd497f3668,TeamB,630,0,True
540,6,90,2020-02-01,TeamB-789547e7-1325-4153-a98d-5ecd497f3668,TeamB,540,0,True
300,5,60,2020-02-02,TeamB-789547e7-1325-4153-a98d-5ecd497f3668,TeamB,300,0,True
540,6,90,2020-02-03,TeamB-789547e7-1325-4153-a98d-5ecd497f3668,TeamB,540,0,True
600,5,120,2020-02-04,TeamB-789547e7-1325-4153-a98d-5ecd497f3668,TeamB,600,0,True
450,5,90,2020-02-07,TeamB-789547e7-1325-4153-a98d-5ecd497f3668,TeamB,450,0,True
200,4,50,2020-02-11,TeamB-789547e7-1325-4153-a98d-5ecd497f3668,TeamB,200,0,True
1080,9,120,2020-02-11,TeamB-789547e7-1325-4153-a98d-5ecd497f3668,TeamB,1080,0,True
360,4,90,2020-02-11,TeamB-789547e7-1325-4153-a98d-5ecd497f3668,TeamB,360,0,True
360,4,90,2020-02-14,TeamB-789547e7-1325-4153-a98d-5ecd497f3668,TeamB,360,0,True
480,4,120,2020-02-15,TeamB-789547e7-1325-4153-a98d-5ecd497f3668,TeamB,480,0,True
450,5,90,2020-02-17,TeamB-789547e7-1325-4153-a98d-5ecd497f3668,TeamB,450,0,True
600,5,120,2020-02-20,TeamB-789547e7-1325-4153-a98d-5ecd497f3668,TeamB,600,0,True
440,4,110,2020-02-22,TeamB-789547e7-1325-4153-a98d-5ecd497f3668,TeamB,440,0,True
180,2,90,2020-02-23,TeamB-789547e7-1325-4153-a98d-5ecd497f3668,TeamB,180,0,True
450,5,90,2020-02-23,TeamB-789547e7-1325-4153-a98d-5ecd497f3668,TeamB,450,0,True
540,6,90,2020-02-24,TeamB-789547e7-1325-4153-a98d-5ecd497f3668,TeamB,540,0,True
360,4,90,2020-02-25,TeamB-789547e7-1325-4153-a98d-5ecd497f3668,TeamB,360,0,True
250,5,50,2020-02-25,TeamB-789547e7-1325-4153-a98d-5ecd497f3668,TeamB,250,0,True
720,6,120,2020-02-25,TeamB-789547e7-1325-4153-a98d-5ecd497f3668,TeamB,720,0,True
320,4,80,2020-02-26,TeamB-789547e7-1325-4153-a98d-5ecd497f3668,TeamB,320,0,True
600,5,120,2020-02-27,TeamB-789547e7-1325-4153-a98d-5ecd497f3668,TeamB,600,0,True
360,4,90,2020-03-02,TeamB-789547e7-1325-4153-a98d-5ecd497f3668,TeamB,360,0,True
240,4,60,2020-03-03,TeamB-789547e7-1325-4153-a98d-5ecd497f3668,TeamB,240,0,True
660,6,110,2020-03-03,TeamB-789547e7-1325-4153-a98d-5ecd497f3668,TeamB,660,0,True
420,7,60,2020-03-05,TeamB-789547e7-1325-4153-a98d-5ecd497f3668,TeamB,420,0,True
560,7,80,2020-03-05,TeamB-789547e7-1325-4153-a98d-5ecd497f3668,TeamB,560,0,True
280,4,70,2020-03-07,TeamB-789547e7-1325-4153-a98d-5ecd497f3668,TeamB,280,0,True
360,6,60,2020-03-09,TeamB-789547e7-1325-4153-a98d-5ecd497f3668,TeamB,360,0,True
560,7,80,2020-03-10,TeamB-789547e7-1325-4153-a98d-5ecd497f3668,TeamB,560,0,True
300,5,60,2020-03-10,TeamB-789547e7-1325-4153-a98d-5ecd497f3668,TeamB,300,0,True
180,3,60,2020-03-13,TeamB-789547e7-1325-4153-a98d-5ecd497f3668,TeamB,180,0,True
240,4,60,2020-03-13,TeamB-789547e7-1325-4153-a98d-5ecd497f3668,TeamB,240,0,True
450,5,90,2020-03-14,TeamB-789547e7-1325-4153-a98d-5ecd497f3668,TeamB,450,0,True
280,4,70,2020-03-15,TeamB-789547e7-1325-4153-a98d-5ecd497f3668,TeamB,280,0,True
660,6,110,2020-03-16,TeamB-789547e7-1325-4153-a98d-5ecd497f3668,TeamB,660,0,True
360,4,90,2020-03-17,TeamB-789547e7-1325-4153-a98d-5ecd497f3668,TeamB,360,0,True
480,6,80,2020-03-18,TeamB-789547e7-1325-4153-a98d-5ecd497f3668,TeamB,480,0,True
240,4,60,2020-03-19,TeamB-789547e7-1325-4153-a98d-5ecd497f3668,TeamB,240,0,True
450,5,90,2020-03-21,TeamB-789547e7-1325-4153-a98d-5ecd497f3668,TeamB,450,0,True
200,5,40,2020-03-22,TeamB-789547e7-1325-4153-a98d-5ecd497f3668,TeamB,200,0,True
360,6,60,2020-03-23,TeamB-789547e7-1325-4153-a98d-5ecd497f3668,TeamB,360,0,True
480,8,60,2020-03-24,TeamB-789547e7-1325-4153-a98d-5ecd497f3668,TeamB,480,0,True
240,4,60,2020-03-25,TeamB-789547e7-1325-4153-a98d-5ecd497f3668,TeamB,240,0,True
420,6,70,2020-03-26,TeamB-789547e7-1325-4153-a98d-5ecd497f3668,TeamB,420,0,True
400,5,80,2020-03-27,TeamB-789547e7-1325-4153-a98d-5ecd497f3668,TeamB,400,0,True
350,5,70,2020-03-28,TeamB-789547e7-1325-4153-a98d-5ecd497f3668,TeamB,350,0,True
560,7,80,2020-03-30,TeamB-789547e7-1325-4153-a98d-5ecd497f3668,TeamB,560,0,True
450,5,90,2020-03-31,TeamB-789547e7-1325-4153-a98d-5ecd497f3668,TeamB,450,0,True
480,6,80,2020-04-02,TeamB-789547e7-1325-4153-a98d-5ecd497f3668,TeamB,480,0,True
320,4,80,2020-04-03,TeamB-789547e7-1325-4153-a98d-5ecd497f3668,TeamB,320,0,True
350,5,70,2020-04-04,TeamB-789547e7-1325-4153-a98d-5ecd497f3668,TeamB,350,0,True
250,5,50,2020-04-05,TeamB-789547e7-1325-4153-a98d-5ecd497f3668,TeamB,250,0,True
0,0,90,2020-04-07,TeamB-789547e7-1325-4153-a98d-5ecd497f3668,TeamB,0,0,True
420,7,60,2020-04-08,TeamB-789547e7-1325-4153-a98d-5ecd497f3668,TeamB,420,0,True
450,5,90,2020-04-09,TeamB-789547e7-1325-4153-a98d-5ecd497f3668,TeamB,450,0,True
350,5,70,2020-04-10,TeamB-789547e7-1325-4153-a98d-5ecd497f3668,TeamB,350,0,True
450,5,90,2020-04-11,TeamB-789547e7-1325-4153-a98d-5ecd497f3668,TeamB,450,0,True
540,6,90,2020-04-13,TeamB-789547e7-1325-4153-a98d-5ecd497f3668,TeamB,540,0,True
450,5,90,2020-04-15,TeamB-789547e7-1325-4153-a98d-5ecd497f3668,TeamB,450,0,True
360,6,60,2020-04-16,TeamB-789547e7-1325-4153-a98d-5ecd497f3668,TeamB,360,0,True
420,6,70,2020-04-17,TeamB-789547e7-1325-4153-a98d-5ecd497f3668,TeamB,420,0,True
480,8,60,2020-04-20,TeamB-789547e7-1325-4153-a98d-5ecd497f3668,TeamB,480,0,True
300,5,60,2020-04-21,TeamB-789547e7-1325-4153-a98d-5ecd497f3668,TeamB,300,0,True
400,5,80,2020-04-22,TeamB-789547e7-1325-4153-a98d-5ecd497f3668,TeamB,400,0,True
450,5,90,2020-04-24,TeamB-789547e7-1325-4153-a98d-5ecd497f3668,TeamB,450,0,True
450,5,90,2020-04-25,TeamB-789547e7-1325-4153-a98d-5ecd497f3668,TeamB,450,0,True
300,5,60,2020-04-27,TeamB-789547e7-1325-4153-a98d-5ecd497f3668,TeamB,300,0,True
490,7,70,2020-04-28,TeamB-789547e7-1325-4153-a98d-5ecd497f3668,TeamB,490,0,True
280,4,70,2020-04-29,TeamB-789547e7-1325-4153-a98d-5ecd497f3668,TeamB,280,0,True
350,5,70,2020-04-30,TeamB-789547e7-1325-4153-a98d-5ecd497f3668,TeamB,350,0,True
280,4,70,2020-05-04,TeamB-789547e7-1325-4153-a98d-5ecd497f3668,TeamB,280,0,True
450,5,90,2020-05-05,TeamB-789547e7-1325-4153-a98d-5ecd497f3668,TeamB,450,0,True
400,5,80,2020-05-06,TeamB-789547e7-1325-4153-a98d-5ecd497f3668,TeamB,400,0,True
160,4,40,2020-05-07,TeamB-789547e7-1325-4153-a98d-5ecd497f3668,TeamB,160,0,True
120,3,40,2020-05-08,TeamB-789547e7-1325-4153-a98d-5ecd497f3668,TeamB,120,0,True
360,6,60,2020-05-09,TeamB-789547e7-1325-4153-a98d-5ecd497f3668,TeamB,360,0,True
480,8,60,2020-05-09,TeamB-789547e7-1325-4153-a98d-5ecd497f3668,TeamB,480,0,True
900,5,180,2020-05-10,TeamB-789547e7-1325-4153-a98d-5ecd497f3668,TeamB,900,0,True
320,4,80,2020-05-12,TeamB-789547e7-1325-4153-a98d-5ecd497f3668,TeamB,320,0,True
490,7,70,2020-05-14,TeamB-789547e7-1325-4153-a98d-5ecd497f3668,TeamB,490,0,True
480,6,80,2020-05-15,TeamB-789547e7-1325-4153-a98d-5ecd497f3668,TeamB,480,0,True
300,5,60,2020-05-16,TeamB-789547e7-1325-4153-a98d-5ecd497f3668,TeamB,300,0,True
600,6,100,2020-05-18,TeamB-789547e7-1325-4153-a98d-5ecd497f3668,TeamB,600,0,True
660,6,110,2020-05-19,TeamB-789547e7-1325-4153-a98d-5ecd497f3668,TeamB,660,0,True
840,7,120,2020-05-21,TeamB-789547e7-1325-4153-a98d-5ecd497f3668,TeamB,840,0,True
420,6,70,2020-05-22,TeamB-789547e7-1325-4153-a98d-5ecd497f3668,TeamB,420,0,True
280,7,40,2020-05-23,TeamB-789547e7-1325-4153-a98d-5ecd497f3668,TeamB,280,0,True
600,6,100,2020-05-25,TeamB-789547e7-1325-4153-a98d-5ecd497f3668,TeamB,600,0,True
550,5,110,2020-05-26,TeamB-789547e7-1325-4153-a98d-5ecd497f3668,TeamB,550,0,True
350,5,70,2020-05-27,TeamB-789547e7-1325-4153-a98d-5ecd497f3668,TeamB,350,0,True
540,6,90,2020-05-28,TeamB-789547e7-1325-4153-a98d-5ecd497f3668,TeamB,540,0,True
540,6,90,2020-05-29,TeamB-789547e7-1325-4153-a98d-5ecd497f3668,TeamB,540,0,True
250,5,50,2020-05-30,TeamB-789547e7-1325-4153-a98d-5ecd497f3668,TeamB,250,0,True
360,4,90,2020-06-01,TeamB-789547e7-1325-4153-a98d-5ecd497f3668,TeamB,360,0,True
400,5,80,2020-06-02,TeamB-789547e7-1325-4153-a98d-5ecd497f3668,TeamB,400,0,True
300,5,60,2020-06-03,TeamB-789547e7-1325-4153-a98d-5ecd497f3668,TeamB,300,0,True
450,5,90,2020-06-04,TeamB-789547e7-1325-4153-a98d-5ecd497f3668,TeamB,450,0,True
630,7,90,2020-06-05,TeamB-789547e7-1325-4153-a98d-5ecd497f3668,TeamB,630,0,True
200,4,50,2020-06-06,TeamB-789547e7-1325-4153-a98d-5ecd497f3668,TeamB,200,0,True
420,6,70,2020-06-08,TeamB-789547e7-1325-4153-a98d-5ecd497f3668,TeamB,420,0,True
320,4,80,2020-06-09,TeamB-789547e7-1325-4153-a98d-5ecd497f3668,TeamB,320,0,True
450,5,90,2020-06-10,TeamB-789547e7-1325-4153-a98d-5ecd497f3668,TeamB,450,0,True
300,5,60,2020-06-11,TeamB-789547e7-1325-4153-a98d-5ecd497f3668,TeamB,300,0,True
280,4,70,2020-06-12,TeamB-789547e7-1325-4153-a98d-5ecd497f3668,TeamB,280,0,True
200,4,50,2020-06-13,TeamB-789547e7-1325-4153-a98d-5ecd497f3668,TeamB,200,0,True
560,7,80,2020-06-15,TeamB-789547e7-1325-4153-a98d-5ecd497f3668,TeamB,560,0,True
600,6,100,2020-06-16,TeamB-789547e7-1325-4153-a98d-5ecd497f3668,TeamB,600,0,True
450,5,90,2020-06-17,TeamB-789547e7-1325-4153-a98d-5ecd497f3668,TeamB,450,0,True
450,5,90,2020-06-18,TeamB-789547e7-1325-4153-a98d-5ecd497f3668,TeamB,450,0,True
300,6,50,2020-06-19,TeamB-789547e7-1325-4153-a98d-5ecd497f3668,TeamB,300,0,True
540,6,90,2020-06-23,TeamB-789547e7-1325-4153-a98d-5ecd497f3668,TeamB,540,0,True
350,5,70,2020-06-25,TeamB-789547e7-1325-4153-a98d-5ecd497f3668,TeamB,350,0,True
400,5,80,2020-06-26,TeamB-789547e7-1325-4153-a98d-5ecd497f3668,TeamB,400,0,True
450,5,90,2020-06-27,TeamB-789547e7-1325-4153-a98d-5ecd497f3668,TeamB,450,0,True
280,4,70,2020-06-29,TeamB-789547e7-1325-4153-a98d-5ecd497f3668,TeamB,280,0,True
450,5,90,2020-06-30,TeamB-789547e7-1325-4153-a98d-5ecd497f3668,TeamB,450,0,True
270,3,90,2020-07-01,TeamB-789547e7-1325-4153-a98d-5ecd497f3668,TeamB,270,0,True
280,4,70,2020-07-02,TeamB-789547e7-1325-4153-a98d-5ecd497f3668,TeamB,280,0,True
540,6,90,2020-07-04,TeamB-789547e7-1325-4153-a98d-5ecd497f3668,TeamB,540,0,True
420,7,60,2020-07-06,TeamB-789547e7-1325-4153-a98d-5ecd497f3668,TeamB,420,0,True
120,4,30,2020-07-06,TeamB-789547e7-1325-4153-a98d-5ecd497f3668,TeamB,120,0,True
270,3,90,2020-07-07,TeamB-789547e7-1325-4153-a98d-5ecd497f3668,TeamB,270,0,True
180,3,60,2020-07-08,TeamB-789547e7-1325-4153-a98d-5ecd497f3668,TeamB,180,0,True
350,5,70,2020-07-09,TeamB-789547e7-1325-4153-a98d-5ecd497f3668,TeamB,350,0,True
450,5,90,2020-07-10,TeamB-789547e7-1325-4153-a98d-5ecd497f3668,TeamB,450,0,True
540,6,90,2020-07-13,TeamB-789547e7-1325-4153-a98d-5ecd497f3668,TeamB,540,0,True
450,5,90,2020-07-15,TeamB-789547e7-1325-4153-a98d-5ecd497f3668,TeamB,450,0,True
480,6,80,2020-07-16,TeamB-789547e7-1325-4153-a98d-5ecd497f3668,TeamB,480,0,True
420,6,70,2020-07-17,TeamB-789547e7-1325-4153-a98d-5ecd497f3668,TeamB,420,0,True
360,4,90,2020-07-18,TeamB-789547e7-1325-4153-a98d-5ecd497f3668,TeamB,360,0,True
630,7,90,2020-07-20,TeamB-789547e7-1325-4153-a98d-5ecd497f3668,TeamB,630,0,True
600,6,100,2020-07-21,TeamB-789547e7-1325-4153-a98d-5ecd497f3668,TeamB,600,0,True
240,4,60,2020-07-22,TeamB-789547e7-1325-4153-a98d-5ecd497f3668,TeamB,240,0,True
540,6,90,2020-07-25,TeamB-789547e7-1325-4153-a98d-5ecd497f3668,TeamB,540,0,True
540,6,90,2020-07-27,TeamB-789547e7-1325-4153-a98d-5ecd497f3668,TeamB,540,0,True
700,7,100,2020-07-28,TeamB-789547e7-1325-4153-a98d-5ecd497f3668,TeamB,700,0,True
320,4,80,2020-07-29,TeamB-789547e7-1325-4153-a98d-5ecd497f3668,TeamB,320,0,True
480,6,80,2020-07-31,TeamB-789547e7-1325-4153-a98d-5ecd497f3668,TeamB,480,0,True
450,5,90,2020-08-01,TeamB-789547e7-1325-4153-a98d-5ecd497f3668,TeamB,450,0,True
630,7,90,2020-08-03,TeamB-789547e7-1325-4153-a98d-5ecd497f3668,TeamB,630,0,True
540,6,90,2020-08-04,TeamB-789547e7-1325-4153-a98d-5ecd497f3668,TeamB,540,0,True
350,5,70,2020-08-05,TeamB-789547e7-1325-4153-a98d-5ecd497f3668,TeamB,350,0,True
350,5,70,2020-08-06,TeamB-789547e7-1325-4153-a98d-5ecd497f3668,TeamB,350,0,True
400,5,80,2020-08-10,TeamB-789547e7-1325-4153-a98d-5ecd497f3668,TeamB,400,0,True
360,4,90,2020-08-11,TeamB-789547e7-1325-4153-a98d-5ecd497f3668,TeamB,360,0,True
360,4,90,2020-08-12,TeamB-789547e7-1325-4153-a98d-5ecd497f3668,TeamB,360,0,True
360,6,60,2020-08-14,TeamB-789547e7-1325-4153-a98d-5ecd497f3668,TeamB,360,0,True
480,6,80,2020-08-15,TeamB-789547e7-1325-4153-a98d-5ecd497f3668,TeamB,480,0,True
600,6,100,2020-08-18,TeamB-789547e7-1325-4153-a98d-5ecd497f3668,TeamB,600,0,True
450,5,90,2020-08-19,TeamB-789547e7-1325-4153-a98d-5ecd497f3668,TeamB,450,0,True
600,6,100,2020-08-20,TeamB-789547e7-1325-4153-a98d-5ecd497f3668,TeamB,600,0,True
350,5,70,2020-08-21,TeamB-789547e7-1325-4153-a98d-5ecd497f3668,TeamB,350,0,True
280,4,70,2020-08-24,TeamB-789547e7-1325-4153-a98d-5ecd497f3668,TeamB,280,0,True
320,4,80,2020-08-25,TeamB-789547e7-1325-4153-a98d-5ecd497f3668,TeamB,320,0,True
240,6,40,2020-08-25,TeamB-789547e7-1325-4153-a98d-5ecd497f3668,TeamB,240,0,True
350,5,70,2020-08-27,TeamB-789547e7-1325-4153-a98d-5ecd497f3668,TeamB,350,0,True
300,5,60,2020-08-28,TeamB-789547e7-1325-4153-a98d-5ecd497f3668,TeamB,300,0,True
240,4,60,2020-08-29,TeamB-789547e7-1325-4153-a98d-5ecd497f3668,TeamB,240,0,True
540,6,90,2020-09-01,TeamB-789547e7-1325-4153-a98d-5ecd497f3668,TeamB,540,0,True
450,5,90,2020-09-02,TeamB-789547e7-1325-4153-a98d-5ecd497f3668,TeamB,450,0,True
450,5,90,2020-09-03,TeamB-789547e7-1325-4153-a98d-5ecd497f3668,TeamB,450,0,True
400,5,80,2020-09-04,TeamB-789547e7-1325-4153-a98d-5ecd497f3668,TeamB,400,0,True
500,5,100,2020-09-07,TeamB-789547e7-1325-4153-a98d-5ecd497f3668,TeamB,500,0,True
540,6,90,2020-09-08,TeamB-789547e7-1325-4153-a98d-5ecd497f3668,TeamB,540,0,True
540,6,90,2020-09-09,TeamB-789547e7-1325-4153-a98d-5ecd497f3668,TeamB,540,0,True
300,6,50,2020-09-11,TeamB-789547e7-1325-4153-a98d-5ecd497f3668,TeamB,300,0,True
450,5,90,2020-09-14,TeamB-789547e7-1325-4153-a98d-5ecd497f3668,TeamB,450,0,True
420,7,60,2020-09-15,TeamB-789547e7-1325-4153-a98d-5ecd497f3668,TeamB,420,0,True
480,6,80,2020-09-21,TeamB-789547e7-1325-4153-a98d-5ecd497f3668,TeamB,480,0,True
630,7,90,2020-09-22,TeamB-789547e7-1325-4153-a98d-5ecd497f3668,TeamB,630,0,True
770,7,110,2020-09-24,TeamB-789547e7-1325-4153-a98d-5ecd497f3668,TeamB,770,0,True
400,5,80,2020-09-25,TeamB-789547e7-1325-4153-a98d-5ecd497f3668,TeamB,400,0,True
400,5,80,2020-09-26,TeamB-789547e7-1325-4153-a98d-5ecd497f3668,TeamB,400,0,True
120,4,30,2020-09-28,TeamB-789547e7-1325-4153-a98d-5ecd497f3668,TeamB,120,0,True
540,6,90,2020-09-29,TeamB-789547e7-1325-4153-a98d-5ecd497f3668,TeamB,540,0,True
770,7,110,2020-09-30,TeamB-789547e7-1325-4153-a98d-5ecd497f3668,TeamB,770,0,True
700,7,100,2020-10-01,TeamB-789547e7-1325-4153-a98d-5ecd497f3668,TeamB,700,0,True
240,6,40,2020-10-02,TeamB-789547e7-1325-4153-a98d-5ecd497f3668,TeamB,240,0,True
540,6,90,2020-10-02,TeamB-789547e7-1325-4153-a98d-5ecd497f3668,TeamB,540,0,True
210,7,30,2020-10-03,TeamB-789547e7-1325-4153-a98d-5ecd497f3668,TeamB,210,0,True
480,6,80,2020-10-05,TeamB-789547e7-1325-4153-a98d-5ecd497f3668,TeamB,480,0,True
450,5,90,2020-10-06,TeamB-789547e7-1325-4153-a98d-5ecd497f3668,TeamB,450,0,True
720,6,120,2020-10-07,TeamB-789547e7-1325-4153-a98d-5ecd497f3668,TeamB,720,0,True
300,5,60,2020-10-08,TeamB-789547e7-1325-4153-a98d-5ecd497f3668,TeamB,300,0,True
420,6,70,2020-10-10,TeamB-789547e7-1325-4153-a98d-5ecd497f3668,TeamB,420,0,True
200,4,50,2020-10-10,TeamB-789547e7-1325-4153-a98d-5ecd497f3668,TeamB,200,0,True
540,6,90,2020-10-11,TeamB-789547e7-1325-4153-a98d-5ecd497f3668,TeamB,540,0,True
600,6,100,2020-10-13,TeamB-789547e7-1325-4153-a98d-5ecd497f3668,TeamB,600,0,True
160,4,40,2020-10-13,TeamB-789547e7-1325-4153-a98d-5ecd497f3668,TeamB,160,0,True
500,5,100,2020-10-14,TeamB-789547e7-1325-4153-a98d-5ecd497f3668,TeamB,500,0,True
660,6,110,2020-10-16,TeamB-789547e7-1325-4153-a98d-5ecd497f3668,TeamB,660,0,True
360,6,60,2020-10-17,TeamB-789547e7-1325-4153-a98d-5ecd497f3668,TeamB,360,0,True
240,4,60,2020-10-19,TeamB-789547e7-1325-4153-a98d-5ecd497f3668,TeamB,240,0,True
480,8,60,2020-10-21,TeamB-789547e7-1325-4153-a98d-5ecd497f3668,TeamB,480,0,True
540,6,90,2020-10-21,TeamB-789547e7-1325-4153-a98d-5ecd497f3668,TeamB,540,0,True
300,5,60,2020-10-23,TeamB-789547e7-1325-4153-a98d-5ecd497f3668,TeamB,300,0,True
540,6,90,2020-10-26,TeamB-789547e7-1325-4153-a98d-5ecd497f3668,TeamB,540,0,True
880,8,110,2020-10-27,TeamB-789547e7-1325-4153-a98d-5ecd497f3668,TeamB,880,0,True
540,6,90,2020-10-29,TeamB-789547e7-1325-4153-a98d-5ecd497f3668,TeamB,540,0,True
320,4,80,2020-10-30,TeamB-789547e7-1325-4153-a98d-5ecd497f3668,TeamB,320,0,True
400,5,80,2020-10-31,TeamB-789547e7-1325-4153-a98d-5ecd497f3668,TeamB,400,0,True
350,5,70,2020-11-02,TeamB-789547e7-1325-4153-a98d-5ecd497f3668,TeamB,350,0,True
450,5,90,2020-11-03,TeamB-789547e7-1325-4153-a98d-5ecd497f3668,TeamB,450,0,True
270,3,90,2020-11-04,TeamB-789547e7-1325-4153-a98d-5ecd497f3668,TeamB,270,0,True
240,4,60,2020-11-05,TeamB-789547e7-1325-4153-a98d-5ecd497f3668,TeamB,240,0,True
450,5,90,2020-11-06,TeamB-789547e7-1325-4153-a98d-5ecd497f3668,TeamB,450,0,True
160,4,40,2020-11-09,TeamB-789547e7-1325-4153-a98d-5ecd497f3668,TeamB,160,0,True
300,5,60,2020-11-10,TeamB-789547e7-1325-4153-a98d-5ecd497f3668,TeamB,300,0,True
540,6,90,2020-11-11,TeamB-789547e7-1325-4153-a98d-5ecd497f3668,TeamB,540,0,True
300,5,60,2020-11-12,TeamB-789547e7-1325-4153-a98d-5ecd497f3668,TeamB,300,0,True
300,5,60,2020-11-13,TeamB-789547e7-1325-4153-a98d-5ecd497f3668,TeamB,300,0,True
660,6,110,2020-11-14,TeamB-789547e7-1325-4153-a98d-5ecd497f3668,TeamB,660,0,True
600,6,100,2020-11-15,TeamB-789547e7-1325-4153-a98d-5ecd497f3668,TeamB,600,0,True
240,4,60,2020-11-16,TeamB-789547e7-1325-4153-a98d-5ecd497f3668,TeamB,240,0,True
100,5,20,2020-11-20,TeamB-789547e7-1325-4153-a98d-5ecd497f3668,TeamB,100,0,True
300,5,60,2020-11-21,TeamB-789547e7-1325-4153-a98d-5ecd497f3668,TeamB,300,0,True
540,6,90,2020-11-22,TeamB-789547e7-1325-4153-a98d-5ecd497f3668,TeamB,540,0,True
350,7,50,2020-11-24,TeamB-789547e7-1325-4153-a98d-5ecd497f3668,TeamB,350,0,True
1000,10,100,2020-11-26,TeamB-789547e7-1325-4153-a98d-5ecd497f3668,TeamB,1000,0,True
180,6,30,2020-11-28,TeamB-789547e7-1325-4153-a98d-5ecd497f3668,TeamB,180,0,True
560,7,80,2020-11-30,TeamB-789547e7-1325-4153-a98d-5ecd497f3668,TeamB,560,0,True
420,6,70,2020-12-01,TeamB-789547e7-1325-4153-a98d-5ecd497f3668,TeamB,420,0,True
300,5,60,2020-12-02,TeamB-789547e7-1325-4153-a98d-5ecd497f3668,TeamB,300,0,True
540,6,90,2020-12-04,TeamB-789547e7-1325-4153-a98d-5ecd497f3668,TeamB,540,0,True
400,5,80,2020-12-05,TeamB-789547e7-1325-4153-a98d-5ecd497f3668,TeamB,400,0,True
420,6,70,2020-12-08,TeamB-789547e7-1325-4153-a98d-5ecd497f3668,TeamB,420,0,True
300,5,60,2020-12-09,TeamB-789547e7-1325-4153-a98d-5ecd497f3668,TeamB,300,0,True
420,6,70,2020-12-10,TeamB-789547e7-1325-4153-a98d-5ecd497f3668,TeamB,420,0,True
480,6,80,2021-01-20,TeamB-789547e7-1325-4153-a98d-5ecd497f3668,TeamB,480,0,True
120,4,30,2021-01-21,TeamB-789547e7-1325-4153-a98d-5ecd497f3668,TeamB,120,0,True
800,8,100,2021-01-22,TeamB-789547e7-1325-4153-a98d-5ecd497f3668,TeamB,800,0,True
810,9,90,2021-01-24,TeamB-789547e7-1325-4153-a98d-5ecd497f3668,TeamB,810,0,True
300,5,60,2021-01-25,TeamB-789547e7-1325-4153-a98d-5ecd497f3668,TeamB,300,0,True
240,6,40,2021-01-26,TeamB-789547e7-1325-4153-a98d-5ecd497f3668,TeamB,240,0,True
490,7,70,2021-01-26,TeamB-789547e7-1325-4153-a98d-5ecd497f3668,TeamB,490,0,True
300,5,60,2021-01-28,TeamB-789547e7-1325-4153-a98d-5ecd497f3668,TeamB,300,0,True
700,7,100,2021-01-29,TeamB-789547e7-1325-4153-a98d-5ecd497f3668,TeamB,700,0,True
300,5,60,2021-01-30,TeamB-789547e7-1325-4153-a98d-5ecd497f3668,TeamB,300,0,True
700,7,100,2021-02-01,TeamB-789547e7-1325-4153-a98d-5ecd497f3668,TeamB,700,0,True
630,7,90,2021-02-02,TeamB-789547e7-1325-4153-a98d-5ecd497f3668,TeamB,630,0,True
180,3,60,2021-02-03,TeamB-789547e7-1325-4153-a98d-5ecd497f3668,TeamB,180,0,True
200,4,50,2021-02-04,TeamB-789547e7-1325-4153-a98d-5ecd497f3668,TeamB,200,0,True
350,5,70,2021-02-05,TeamB-789547e7-1325-4153-a98d-5ecd497f3668,TeamB,350,0,True
550,5,110,2021-02-07,TeamB-789547e7-1325-4153-a98d-5ecd497f3668,TeamB,550,0,True
540,6,90,2021-02-08,TeamB-789547e7-1325-4153-a98d-5ecd497f3668,TeamB,540,0,True
300,5,60,2021-02-10,TeamB-789547e7-1325-4153-a98d-5ecd497f3668,TeamB,300,0,True
960,8,120,2021-02-11,TeamB-789547e7-1325-4153-a98d-5ecd497f3668,TeamB,960,0,True
280,7,40,2021-02-15,TeamB-789547e7-1325-4153-a98d-5ecd497f3668,TeamB,280,0,True
250,5,50,2021-02-17,TeamB-789547e7-1325-4153-a98d-5ecd497f3668,TeamB,250,0,True
210,7,30,2021-02-18,TeamB-789547e7-1325-4153-a98d-5ecd497f3668,TeamB,210,0,True
480,6,80,2021-02-20,TeamB-789547e7-1325-4153-a98d-5ecd497f3668,TeamB,480,0,True
450,5,90,2021-02-21,TeamB-789547e7-1325-4153-a98d-5ecd497f3668,TeamB,450,0,True
360,6,60,2021-02-21,TeamB-789547e7-1325-4153-a98d-5ecd497f3668,TeamB,360,0,True
560,7,80,2021-02-22,TeamB-789547e7-1325-4153-a98d-5ecd497f3668,TeamB,560,0,True
630,7,90,2021-02-24,TeamB-789547e7-1325-4153-a98d-5ecd497f3668,TeamB,630,0,True
250,5,50,2021-02-24,TeamB-789547e7-1325-4153-a98d-5ecd497f3668,TeamB,250,0,True
800,8,100,2021-02-25,TeamB-789547e7-1325-4153-a98d-5ecd497f3668,TeamB,800,0,True
900,9,100,2021-02-26,TeamB-789547e7-1325-4153-a98d-5ecd497f3668,TeamB,900,0,True
420,7,60,2021-02-26,TeamB-789547e7-1325-4153-a98d-5ecd497f3668,TeamB,420,0,True
450,5,90,2021-03-01,TeamB-789547e7-1325-4153-a98d-5ecd497f3668,TeamB,450,0,True
300,5,60,2021-03-01,TeamB-789547e7-1325-4153-a98d-5ecd497f3668,TeamB,300,0,True
1260,7,180,2021-03-02,TeamB-789547e7-1325-4153-a98d-5ecd497f3668,TeamB,1260,0,True
540,6,90,2021-03-04,TeamB-789547e7-1325-4153-a98d-5ecd497f3668,TeamB,540,0,True
360,6,60,2021-03-04,TeamB-789547e7-1325-4153-a98d-5ecd497f3668,TeamB,360,0,True
840,7,120,2021-03-05,TeamB-789547e7-1325-4153-a98d-5ecd497f3668,TeamB,840,0,True
540,6,90,2021-03-06,TeamB-789547e7-1325-4153-a98d-5ecd497f3668,TeamB,540,0,True
450,5,90,2021-03-08,TeamB-789547e7-1325-4153-a98d-5ecd497f3668,TeamB,450,0,True
420,6,70,2021-03-08,TeamB-789547e7-1325-4153-a98d-5ecd497f3668,TeamB,420,0,True
660,6,110,2021-03-09,TeamB-789547e7-1325-4153-a98d-5ecd497f3668,TeamB,660,0,True
720,8,90,2021-03-11,TeamB-789547e7-1325-4153-a98d-5ecd497f3668,TeamB,720,0,True
450,5,90,2021-03-12,TeamB-789547e7-1325-4153-a98d-5ecd497f3668,TeamB,450,0,True
1440,8,180,2021-03-13,TeamB-789547e7-1325-4153-a98d-5ecd497f3668,TeamB,1440,0,True
630,7,90,2021-03-15,TeamB-789547e7-1325-4153-a98d-5ecd497f3668,TeamB,630,0,True
420,7,60,2021-03-15,TeamB-789547e7-1325-4153-a98d-5ecd497f3668,TeamB,420,0,True
450,5,90,2021-03-16,TeamB-789547e7-1325-4153-a98d-5ecd497f3668,TeamB,450,0,True
360,6,60,2021-03-18,TeamB-789547e7-1325-4153-a98d-5ecd497f3668,TeamB,360,0,True
450,5,90,2021-03-18,TeamB-789547e7-1325-4153-a98d-5ecd497f3668,TeamB,450,0,True
600,6,100,2021-03-19,TeamB-789547e7-1325-4153-a98d-5ecd497f3668,TeamB,600,0,True
600,5,120,2021-03-20,TeamB-789547e7-1325-4153-a98d-5ecd497f3668,TeamB,600,0,True
550,5,110,2021-03-22,TeamB-789547e7-1325-4153-a98d-5ecd497f3668,TeamB,550,0,True
720,6,120,2021-03-23,TeamB-789547e7-1325-4153-a98d-5ecd497f3668,TeamB,720,0,True
550,5,110,2021-03-25,TeamB-789547e7-1325-4153-a98d-5ecd497f3668,TeamB,550,0,True
300,5,60,2021-03-26,TeamB-789547e7-1325-4153-a98d-5ecd497f3668,TeamB,300,0,True
480,4,120,2021-03-29,TeamB-789547e7-1325-4153-a98d-5ecd497f3668,TeamB,480,0,True
1260,7,180,2021-03-30,TeamB-789547e7-1325-4153-a98d-5ecd497f3668,TeamB,1260,0,True
480,6,80,2021-03-31,TeamB-789547e7-1325-4153-a98d-5ecd497f3668,TeamB,480,0,True
960,8,120,2021-04-06,TeamB-789547e7-1325-4153-a98d-5ecd497f3668,TeamB,960,0,True
500,5,100,2021-04-08,TeamB-789547e7-1325-4153-a98d-5ecd497f3668,TeamB,500,0,True
360,6,60,2021-04-09,TeamB-789547e7-1325-4153-a98d-5ecd497f3668,TeamB,360,0,True
770,7,110,2021-04-10,TeamB-789547e7-1325-4153-a98d-5ecd497f3668,TeamB,770,0,True
800,8,100,2021-04-12,TeamB-789547e7-1325-4153-a98d-5ecd497f3668,TeamB,800,0,True
660,6,110,2021-04-13,TeamB-789547e7-1325-4153-a98d-5ecd497f3668,TeamB,660,0,True
600,6,100,2021-04-15,TeamB-789547e7-1325-4153-a98d-5ecd497f3668,TeamB,600,0,True
500,5,100,2021-04-16,TeamB-789547e7-1325-4153-a98d-5ecd497f3668,TeamB,500,0,True
360,4,90,2021-04-17,TeamB-789547e7-1325-4153-a98d-5ecd497f3668,TeamB,360,0,True
360,4,90,2021-04-19,TeamB-789547e7-1325-4153-a98d-5ecd497f3668,TeamB,360,0,True
180,6,30,2021-04-20,TeamB-789547e7-1325-4153-a98d-5ecd497f3668,TeamB,180,0,True
360,4,90,2021-04-26,TeamB-789547e7-1325-4153-a98d-5ecd497f3668,TeamB,360,0,True
960,8,120,2021-04-27,TeamB-789547e7-1325-4153-a98d-5ecd497f3668,TeamB,960,0,True
420,7,60,2021-04-28,TeamB-789547e7-1325-4153-a98d-5ecd497f3668,TeamB,420,0,True
600,6,100,2021-04-29,TeamB-789547e7-1325-4153-a98d-5ecd497f3668,TeamB,600,0,True
450,5,90,2021-04-30,TeamB-789547e7-1325-4153-a98d-5ecd497f3668,TeamB,450,0,True
540,6,90,2021-05-01,TeamB-789547e7-1325-4153-a98d-5ecd497f3668,TeamB,540,0,True
350,5,70,2021-05-03,TeamB-789547e7-1325-4153-a98d-5ecd497f3668,TeamB,350,0,True
540,6,90,2021-05-04,TeamB-789547e7-1325-4153-a98d-5ecd497f3668,TeamB,540,0,True
720,6,120,2021-05-05,TeamB-789547e7-1325-4153-a98d-5ecd497f3668,TeamB,720,0,True
240,4,60,2021-05-06,TeamB-789547e7-1325-4153-a98d-5ecd497f3668,TeamB,240,0,True
450,5,90,2021-05-07,TeamB-789547e7-1325-4153-a98d-5ecd497f3668,TeamB,450,0,True
120,4,30,2021-05-08,TeamB-789547e7-1325-4153-a98d-5ecd497f3668,TeamB,120,0,True
360,4,90,2021-05-10,TeamB-789547e7-1325-4153-a98d-5ecd497f3668,TeamB,360,0,True
630,7,90,2021-05-11,TeamB-789547e7-1325-4153-a98d-5ecd497f3668,TeamB,630,0,True
540,6,90,2021-05-15,TeamB-789547e7-1325-4153-a98d-5ecd497f3668,TeamB,540,0,True
630,7,90,2021-05-16,TeamB-789547e7-1325-4153-a98d-5ecd497f3668,TeamB,630,0,True
660,6,110,2021-05-19,TeamB-789547e7-1325-4153-a98d-5ecd497f3668,TeamB,660,0,True
450,5,90,2021-05-21,TeamB-789547e7-1325-4153-a98d-5ecd497f3668,TeamB,450,0,True
540,6,90,2021-05-22,TeamB-789547e7-1325-4153-a98d-5ecd497f3668,TeamB,540,0,True
720,6,120,2021-05-26,TeamB-789547e7-1325-4153-a98d-5ecd497f3668,TeamB,720,0,True
400,5,80,2021-05-28,TeamB-789547e7-1325-4153-a98d-5ecd497f3668,TeamB,400,0,True
540,6,90,2021-05-29,TeamB-789547e7-1325-4153-a98d-5ecd497f3668,TeamB,540,0,True
420,6,70,2021-05-31,TeamB-789547e7-1325-4153-a98d-5ecd497f3668,TeamB,420,0,True
350,5,70,2021-05-31,TeamB-789547e7-1325-4153-a98d-5ecd497f3668,TeamB,350,0,True
700,7,100,2021-06-01,TeamB-789547e7-1325-4153-a98d-5ecd497f3668,TeamB,700,0,True
300,5,60,2021-06-02,TeamB-789547e7-1325-4153-a98d-5ecd497f3668,TeamB,300,0,True
540,6,90,2021-06-04,TeamB-789547e7-1325-4153-a98d-5ecd497f3668,TeamB,540,0,True
540,6,90,2021-06-05,TeamB-789547e7-1325-4153-a98d-5ecd497f3668,TeamB,540,0,True
360,6,60,2021-06-07,TeamB-789547e7-1325-4153-a98d-5ecd497f3668,TeamB,360,0,True
420,7,60,2021-06-08,TeamB-789547e7-1325-4153-a98d-5ecd497f3668,TeamB,420,0,True
490,7,70,2021-06-09,TeamB-789547e7-1325-4153-a98d-5ecd497f3668,TeamB,490,0,True
360,6,60,2021-06-14,TeamB-789547e7-1325-4153-a98d-5ecd497f3668,TeamB,360,0,True
350,5,70,2021-06-14,TeamB-789547e7-1325-4153-a98d-5ecd497f3668,TeamB,350,0,True
480,6,80,2021-06-16,TeamB-789547e7-1325-4153-a98d-5ecd497f3668,TeamB,480,0,True
540,6,90,2021-06-17,TeamB-789547e7-1325-4153-a98d-5ecd497f3668,TeamB,540,0,True
300,5,60,2021-06-18,TeamB-789547e7-1325-4153-a98d-5ecd497f3668,TeamB,300,0,True
660,6,110,2021-06-20,TeamB-789547e7-1325-4153-a98d-5ecd497f3668,TeamB,660,0,True
420,7,60,2021-06-23,TeamB-789547e7-1325-4153-a98d-5ecd497f3668,TeamB,420,0,True
240,6,40,2021-06-24,TeamB-789547e7-1325-4153-a98d-5ecd497f3668,TeamB,240,0,True
540,6,90,2021-06-25,TeamB-789547e7-1325-4153-a98d-5ecd497f3668,TeamB,540,0,True
540,6,90,2021-06-27,TeamB-789547e7-1325-4153-a98d-5ecd497f3668,TeamB,540,0,True
480,6,80,2021-06-29,TeamB-789547e7-1325-4153-a98d-5ecd497f3668,TeamB,480,0,True
420,7,60,2021-07-01,TeamB-789547e7-1325-4153-a98d-5ecd497f3668,TeamB,420,0,True
360,6,60,2021-07-02,TeamB-789547e7-1325-4153-a98d-5ecd497f3668,TeamB,360,0,True
420,6,70,2021-07-04,TeamB-789547e7-1325-4153-a98d-5ecd497f3668,TeamB,420,0,True
400,5,80,2021-07-06,TeamB-789547e7-1325-4153-a98d-5ecd497f3668,TeamB,400,0,True
420,7,60,2021-07-06,TeamB-789547e7-1325-4153-a98d-5ecd497f3668,TeamB,420,0,True
180,6,30,2021-07-08,TeamB-789547e7-1325-4153-a98d-5ecd497f3668,TeamB,180,0,True
320,8,40,2021-08-02,TeamB-789547e7-1325-4153-a98d-5ecd497f3668,TeamB,320,0,True
180,6,30,2021-08-02,TeamB-789547e7-1325-4153-a98d-5ecd497f3668,TeamB,180,0,True
540,6,90,2021-08-03,TeamB-789547e7-1325-4153-a98d-5ecd497f3668,TeamB,540,0,True
450,5,90,2021-08-05,TeamB-789547e7-1325-4153-a98d-5ecd497f3668,TeamB,450,0,True
480,6,80,2021-08-06,TeamB-789547e7-1325-4153-a98d-5ecd497f3668,TeamB,480,0,True
180,6,30,2021-08-08,TeamB-789547e7-1325-4153-a98d-5ecd497f3668,TeamB,180,0,True
630,7,90,2021-08-08,TeamB-789547e7-1325-4153-a98d-5ecd497f3668,TeamB,630,0,True
660,6,110,2021-08-10,TeamB-789547e7-1325-4153-a98d-5ecd497f3668,TeamB,660,0,True
360,4,90,2021-08-11,TeamB-789547e7-1325-4153-a98d-5ecd497f3668,TeamB,360,0,True
420,7,60,2021-08-14,TeamB-789547e7-1325-4153-a98d-5ecd497f3668,TeamB,420,0,True
300,5,60,2021-08-17,TeamB-789547e7-1325-4153-a98d-5ecd497f3668,TeamB,300,0,True
540,6,90,2021-08-18,TeamB-789547e7-1325-4153-a98d-5ecd497f3668,TeamB,540,0,True
420,7,60,2021-08-19,TeamB-789547e7-1325-4153-a98d-5ecd497f3668,TeamB,420,0,True
300,5,60,2021-08-20,TeamB-789547e7-1325-4153-a98d-5ecd497f3668,TeamB,300,0,True
480,6,80,2021-08-23,TeamB-789547e7-1325-4153-a98d-5ecd497f3668,TeamB,480,0,True
360,4,90,2021-08-24,TeamB-789547e7-1325-4153-a98d-5ecd497f3668,TeamB,360,0,True
450,5,90,2021-08-26,TeamB-789547e7-1325-4153-a98d-5ecd497f3668,TeamB,450,0,True
400,5,80,2021-08-27,TeamB-789547e7-1325-4153-a98d-5ecd497f3668,TeamB,400,0,True
300,6,50,2021-08-29,TeamB-789547e7-1325-4153-a98d-5ecd497f3668,TeamB,300,0,True
540,6,90,2021-08-30,TeamB-789547e7-1325-4153-a98d-5ecd497f3668,TeamB,540,0,True
400,5,80,2021-08-31,TeamB-789547e7-1325-4153-a98d-5ecd497f3668,TeamB,400,0,True
630,7,90,2021-09-01,TeamB-789547e7-1325-4153-a98d-5ecd497f3668,TeamB,630,0,True
540,6,90,2021-09-03,TeamB-789547e7-1325-4153-a98d-5ecd497f3668,TeamB,540,0,True
450,5,90,2021-09-04,TeamB-789547e7-1325-4153-a98d-5ecd497f3668,TeamB,450,0,True
180,3,60,2021-09-05,TeamB-789547e7-1325-4153-a98d-5ecd497f3668,TeamB,180,0,True
240,4,60,2021-09-07,TeamB-789547e7-1325-4153-a98d-5ecd497f3668,TeamB,240,0,True
540,6,90,2021-09-08,TeamB-789547e7-1325-4153-a98d-5ecd497f3668,TeamB,540,0,True
350,5,70,2021-09-10,TeamB-789547e7-1325-4153-a98d-5ecd497f3668,TeamB,350,0,True
240,6,40,2021-09-12,TeamB-789547e7-1325-4153-a98d-5ecd497f3668,TeamB,240,0,True
280,7,40,2021-09-14,TeamB-789547e7-1325-4153-a98d-5ecd497f3668,TeamB,280,0,True
540,6,90,2021-09-16,TeamB-789547e7-1325-4153-a98d-5ecd497f3668,TeamB,540,0,True
490,7,70,2021-09-17,TeamB-789547e7-1325-4153-a98d-5ecd497f3668,TeamB,490,0,True
420,7,60,2021-09-17,TeamB-789547e7-1325-4153-a98d-5ecd497f3668,TeamB,420,0,True
490,7,70,2021-09-21,TeamB-789547e7-1325-4153-a98d-5ecd497f3668,TeamB,490,0,True
480,8,60,2021-09-22,TeamB-789547e7-1325-4153-a98d-5ecd497f3668,TeamB,480,0,True
450,5,90,2021-09-24,TeamB-789547e7-1325-4153-a98d-5ecd497f3668,TeamB,450,0,True
480,6,80,2021-09-25,TeamB-789547e7-1325-4153-a98d-5ecd497f3668,TeamB,480,0,True
200,5,40,2021-09-27,TeamB-789547e7-1325-4153-a98d-5ecd497f3668,TeamB,200,0,True
660,6,110,2021-09-28,TeamB-789547e7-1325-4153-a98d-5ecd497f3668,TeamB,660,0,True
120,4,30,2021-09-29,TeamB-789547e7-1325-4153-a98d-5ecd497f3668,TeamB,120,0,True
540,6,90,2021-09-29,TeamB-789547e7-1325-4153-a98d-5ecd497f3668,TeamB,540,0,True
630,7,90,2021-10-02,TeamB-789547e7-1325-4153-a98d-5ecd497f3668,TeamB,630,0,True
660,6,110,2021-10-05,TeamB-789547e7-1325-4153-a98d-5ecd497f3668,TeamB,660,0,True
320,8,40,2021-10-05,TeamB-789547e7-1325-4153-a98d-5ecd497f3668,TeamB,320,0,True
600,6,100,2021-10-06,TeamB-789547e7-1325-4153-a98d-5ecd497f3668,TeamB,600,0,True
500,5,100,2021-10-08,TeamB-789547e7-1325-4153-a98d-5ecd497f3668,TeamB,500,0,True
540,6,90,2021-10-09,TeamB-789547e7-1325-4153-a98d-5ecd497f3668,TeamB,540,0,True
350,5,70,2021-10-10,TeamB-789547e7-1325-4153-a98d-5ecd497f3668,TeamB,350,0,True
300,6,50,2021-10-12,TeamB-789547e7-1325-4153-a98d-5ecd497f3668,TeamB,300,0,True
540,6,90,2021-10-12,TeamB-789547e7-1325-4153-a98d-5ecd497f3668,TeamB,540,0,True
660,6,110,2021-10-14,TeamB-789547e7-1325-4153-a98d-5ecd497f3668,TeamB,660,0,True
450,5,90,2021-10-15,TeamB-789547e7-1325-4153-a98d-5ecd497f3668,TeamB,450,0,True
300,5,60,2021-10-16,TeamB-789547e7-1325-4153-a98d-5ecd497f3668,TeamB,300,0,True
450,5,90,2021-10-17,TeamB-789547e7-1325-4153-a98d-5ecd497f3668,TeamB,450,0,True
300,6,50,2021-10-22,TeamB-789547e7-1325-4153-a98d-5ecd497f3668,TeamB,300,0,True
350,7,50,2021-10-24,TeamB-789547e7-1325-4153-a98d-5ecd497f3668,TeamB,350,0,True
630,7,90,2021-10-26,TeamB-789547e7-1325-4153-a98d-5ecd497f3668,TeamB,630,0,True
720,8,90,2021-10-27,TeamB-789547e7-1325-4153-a98d-5ecd497f3668,TeamB,720,0,True
600,6,100,2021-10-29,TeamB-789547e7-1325-4153-a98d-5ecd497f3668,TeamB,600,0,True
700,7,100,2021-10-30,TeamB-789547e7-1325-4153-a98d-5ecd497f3668,TeamB,700,0,True
600,6,100,2021-11-04,TeamB-789547e7-1325-4153-a98d-5ecd497f3668,TeamB,600,0,True
450,5,90,2021-11-06,TeamB-789547e7-1325-4153-a98d-5ecd497f3668,TeamB,450,0,True
540,6,90,2021-11-07,TeamB-789547e7-1325-4153-a98d-5ecd497f3668,TeamB,540,0,True
540,6,90,2021-11-09,TeamB-789547e7-1325-4153-a98d-5ecd497f3668,TeamB,540,0,True
540,6,90,2021-11-10,TeamB-789547e7-1325-4153-a98d-5ecd497f3668,TeamB,540,0,True
450,5,90,2020-01-21,TeamB-7ab47f4e-6eca-4793-880f-6a0dad3459c3,TeamB,450,0,True
270,3,90,2020-01-22,TeamB-7ab47f4e-6eca-4793-880f-6a0dad3459c3,TeamB,270,0,True
810,9,90,2020-01-24,TeamB-7ab47f4e-6eca-4793-880f-6a0dad3459c3,TeamB,810,0,True
540,6,90,2020-01-24,TeamB-7ab47f4e-6eca-4793-880f-6a0dad3459c3,TeamB,540,0,True
400,8,50,2020-01-26,TeamB-7ab47f4e-6eca-4793-880f-6a0dad3459c3,TeamB,400,0,True
630,7,90,2020-01-28,TeamB-7ab47f4e-6eca-4793-880f-6a0dad3459c3,TeamB,630,0,True
500,5,100,2020-01-30,TeamB-7ab47f4e-6eca-4793-880f-6a0dad3459c3,TeamB,500,0,True
360,6,60,2020-01-31,TeamB-7ab47f4e-6eca-4793-880f-6a0dad3459c3,TeamB,360,0,True
450,5,90,2020-01-31,TeamB-7ab47f4e-6eca-4793-880f-6a0dad3459c3,TeamB,450,0,True
640,8,80,2020-02-02,TeamB-7ab47f4e-6eca-4793-880f-6a0dad3459c3,TeamB,640,0,True
210,3,70,2020-02-03,TeamB-7ab47f4e-6eca-4793-880f-6a0dad3459c3,TeamB,210,0,True
540,6,90,2020-02-04,TeamB-7ab47f4e-6eca-4793-880f-6a0dad3459c3,TeamB,540,0,True
1080,9,120,2020-02-06,TeamB-7ab47f4e-6eca-4793-880f-6a0dad3459c3,TeamB,1080,0,True
300,5,60,2020-02-07,TeamB-7ab47f4e-6eca-4793-880f-6a0dad3459c3,TeamB,300,0,True
270,3,90,2020-02-08,TeamB-7ab47f4e-6eca-4793-880f-6a0dad3459c3,TeamB,270,0,True
800,10,80,2020-02-09,TeamB-7ab47f4e-6eca-4793-880f-6a0dad3459c3,TeamB,800,0,True
720,9,80,2020-02-09,TeamB-7ab47f4e-6eca-4793-880f-6a0dad3459c3,TeamB,720,0,True
270,3,90,2020-02-10,TeamB-7ab47f4e-6eca-4793-880f-6a0dad3459c3,TeamB,270,0,True
540,6,90,2020-02-11,TeamB-7ab47f4e-6eca-4793-880f-6a0dad3459c3,TeamB,540,0,True
480,6,80,2020-02-16,TeamB-7ab47f4e-6eca-4793-880f-6a0dad3459c3,TeamB,480,0,True
480,8,60,2020-02-18,TeamB-7ab47f4e-6eca-4793-880f-6a0dad3459c3,TeamB,480,0,True
420,7,60,2020-02-20,TeamB-7ab47f4e-6eca-4793-880f-6a0dad3459c3,TeamB,420,0,True
540,6,90,2020-02-23,TeamB-7ab47f4e-6eca-4793-880f-6a0dad3459c3,TeamB,540,0,True
540,6,90,2020-02-25,TeamB-7ab47f4e-6eca-4793-880f-6a0dad3459c3,TeamB,540,0,True
540,6,90,2020-02-26,TeamB-7ab47f4e-6eca-4793-880f-6a0dad3459c3,TeamB,540,0,True
360,4,90,2020-02-28,TeamB-7ab47f4e-6eca-4793-880f-6a0dad3459c3,TeamB,360,0,True
300,5,60,2020-02-28,TeamB-7ab47f4e-6eca-4793-880f-6a0dad3459c3,TeamB,300,0,True
630,7,90,2020-03-03,TeamB-7ab47f4e-6eca-4793-880f-6a0dad3459c3,TeamB,630,0,True
270,3,90,2020-03-04,TeamB-7ab47f4e-6eca-4793-880f-6a0dad3459c3,TeamB,270,0,True
630,7,90,2020-03-05,TeamB-7ab47f4e-6eca-4793-880f-6a0dad3459c3,TeamB,630,0,True
800,10,80,2020-03-07,TeamB-7ab47f4e-6eca-4793-880f-6a0dad3459c3,TeamB,800,0,True
80,1,80,2020-03-09,TeamB-7ab47f4e-6eca-4793-880f-6a0dad3459c3,TeamB,80,0,True
360,6,60,2020-03-11,TeamB-7ab47f4e-6eca-4793-880f-6a0dad3459c3,TeamB,360,0,True
720,4,180,2020-03-13,TeamB-7ab47f4e-6eca-4793-880f-6a0dad3459c3,TeamB,720,0,True
600,5,120,2020-03-14,TeamB-7ab47f4e-6eca-4793-880f-6a0dad3459c3,TeamB,600,0,True
480,4,120,2020-03-15,TeamB-7ab47f4e-6eca-4793-880f-6a0dad3459c3,TeamB,480,0,True
420,7,60,2020-03-16,TeamB-7ab47f4e-6eca-4793-880f-6a0dad3459c3,TeamB,420,0,True
60,1,60,2020-03-16,TeamB-7ab47f4e-6eca-4793-880f-6a0dad3459c3,TeamB,60,0,True
900,5,180,2020-03-17,TeamB-7ab47f4e-6eca-4793-880f-6a0dad3459c3,TeamB,900,0,True
300,5,60,2020-03-18,TeamB-7ab47f4e-6eca-4793-880f-6a0dad3459c3,TeamB,300,0,True
400,5,80,2020-03-21,TeamB-7ab47f4e-6eca-4793-880f-6a0dad3459c3,TeamB,400,0,True
540,3,180,2020-03-21,TeamB-7ab47f4e-6eca-4793-880f-6a0dad3459c3,TeamB,540,0,True
900,5,180,2020-03-22,TeamB-7ab47f4e-6eca-4793-880f-6a0dad3459c3,TeamB,900,0,True
720,4,180,2020-03-22,TeamB-7ab47f4e-6eca-4793-880f-6a0dad3459c3,TeamB,720,0,True
420,7,60,2020-03-23,TeamB-7ab47f4e-6eca-4793-880f-6a0dad3459c3,TeamB,420,0,True
630,7,90,2020-03-24,TeamB-7ab47f4e-6eca-4793-880f-6a0dad3459c3,TeamB,630,0,True
240,4,60,2020-03-25,TeamB-7ab47f4e-6eca-4793-880f-6a0dad3459c3,TeamB,240,0,True
200,5,40,2021-01-24,TeamB-7ab47f4e-6eca-4793-880f-6a0dad3459c3,TeamB,200,0,True
360,6,60,2021-01-25,TeamB-7ab47f4e-6eca-4793-880f-6a0dad3459c3,TeamB,360,0,True
450,5,90,2021-01-26,TeamB-7ab47f4e-6eca-4793-880f-6a0dad3459c3,TeamB,450,0,True
360,6,60,2021-01-27,TeamB-7ab47f4e-6eca-4793-880f-6a0dad3459c3,TeamB,360,0,True
960,8,120,2021-01-29,TeamB-7ab47f4e-6eca-4793-880f-6a0dad3459c3,TeamB,960,0,True
700,7,100,2021-02-01,TeamB-7ab47f4e-6eca-4793-880f-6a0dad3459c3,TeamB,700,0,True
480,6,80,2021-02-02,TeamB-7ab47f4e-6eca-4793-880f-6a0dad3459c3,TeamB,480,0,True
140,7,20,2021-02-04,TeamB-7ab47f4e-6eca-4793-880f-6a0dad3459c3,TeamB,140,0,True
720,8,90,2021-02-05,TeamB-7ab47f4e-6eca-4793-880f-6a0dad3459c3,TeamB,720,0,True
800,8,100,2021-02-07,TeamB-7ab47f4e-6eca-4793-880f-6a0dad3459c3,TeamB,800,0,True
840,7,120,2021-02-08,TeamB-7ab47f4e-6eca-4793-880f-6a0dad3459c3,TeamB,840,0,True
1080,6,180,2021-02-10,TeamB-7ab47f4e-6eca-4793-880f-6a0dad3459c3,TeamB,1080,0,True
490,7,70,2021-02-12,TeamB-7ab47f4e-6eca-4793-880f-6a0dad3459c3,TeamB,490,0,True
600,5,120,2021-02-17,TeamB-7ab47f4e-6eca-4793-880f-6a0dad3459c3,TeamB,600,0,True
660,6,110,2021-02-20,TeamB-7ab47f4e-6eca-4793-880f-6a0dad3459c3,TeamB,660,0,True
1260,7,180,2021-02-21,TeamB-7ab47f4e-6eca-4793-880f-6a0dad3459c3,TeamB,1260,0,True
240,4,60,2021-02-26,TeamB-7ab47f4e-6eca-4793-880f-6a0dad3459c3,TeamB,240,0,True
450,5,90,2021-02-26,TeamB-7ab47f4e-6eca-4793-880f-6a0dad3459c3,TeamB,450,0,True
630,7,90,2021-03-02,TeamB-7ab47f4e-6eca-4793-880f-6a0dad3459c3,TeamB,630,0,True
450,5,90,2021-03-04,TeamB-7ab47f4e-6eca-4793-880f-6a0dad3459c3,TeamB,450,0,True
360,4,90,2021-03-05,TeamB-7ab47f4e-6eca-4793-880f-6a0dad3459c3,TeamB,360,0,True
540,6,90,2021-03-08,TeamB-7ab47f4e-6eca-4793-880f-6a0dad3459c3,TeamB,540,0,True
450,5,90,2021-03-09,TeamB-7ab47f4e-6eca-4793-880f-6a0dad3459c3,TeamB,450,0,True
540,6,90,2021-03-11,TeamB-7ab47f4e-6eca-4793-880f-6a0dad3459c3,TeamB,540,0,True
720,8,90,2021-03-12,TeamB-7ab47f4e-6eca-4793-880f-6a0dad3459c3,TeamB,720,0,True
450,5,90,2021-03-13,TeamB-7ab47f4e-6eca-4793-880f-6a0dad3459c3,TeamB,450,0,True
300,5,60,2021-03-15,TeamB-7ab47f4e-6eca-4793-880f-6a0dad3459c3,TeamB,300,0,True
990,9,110,2021-03-18,TeamB-7ab47f4e-6eca-4793-880f-6a0dad3459c3,TeamB,990,0,True
550,5,110,2021-03-20,TeamB-7ab47f4e-6eca-4793-880f-6a0dad3459c3,TeamB,550,0,True
350,5,70,2021-03-26,TeamB-7ab47f4e-6eca-4793-880f-6a0dad3459c3,TeamB,350,0,True
770,7,110,2021-03-27,TeamB-7ab47f4e-6eca-4793-880f-6a0dad3459c3,TeamB,770,0,True
720,6,120,2021-03-30,TeamB-7ab47f4e-6eca-4793-880f-6a0dad3459c3,TeamB,720,0,True
720,6,120,2021-03-31,TeamB-7ab47f4e-6eca-4793-880f-6a0dad3459c3,TeamB,720,0,True
700,7,100,2021-04-08,TeamB-7ab47f4e-6eca-4793-880f-6a0dad3459c3,TeamB,700,0,True
720,6,120,2021-04-12,TeamB-7ab47f4e-6eca-4793-880f-6a0dad3459c3,TeamB,720,0,True
1080,9,120,2021-04-13,TeamB-7ab47f4e-6eca-4793-880f-6a0dad3459c3,TeamB,1080,0,True
540,9,60,2021-05-11,TeamB-7ab47f4e-6eca-4793-880f-6a0dad3459c3,TeamB,540,0,True
630,7,90,2021-05-25,TeamB-7ab47f4e-6eca-4793-880f-6a0dad3459c3,TeamB,630,0,True
420,6,70,2021-05-31,TeamB-7ab47f4e-6eca-4793-880f-6a0dad3459c3,TeamB,420,0,True
880,8,110,2021-06-01,TeamB-7ab47f4e-6eca-4793-880f-6a0dad3459c3,TeamB,880,0,True
500,5,100,2021-06-21,TeamB-7ab47f4e-6eca-4793-880f-6a0dad3459c3,TeamB,500,0,True
630,7,90,2021-06-23,TeamB-7ab47f4e-6eca-4793-880f-6a0dad3459c3,TeamB,630,0,True
700,7,100,2021-07-31,TeamB-7ab47f4e-6eca-4793-880f-6a0dad3459c3,TeamB,700,0,True
540,6,90,2021-08-01,TeamB-7ab47f4e-6eca-4793-880f-6a0dad3459c3,TeamB,540,0,True
420,7,60,2021-08-17,TeamB-7ab47f4e-6eca-4793-880f-6a0dad3459c3,TeamB,420,0,True
700,7,100,2021-10-05,TeamB-7ab47f4e-6eca-4793-880f-6a0dad3459c3,TeamB,700,0,True
630,7,90,2021-11-04,TeamB-7ab47f4e-6eca-4793-880f-6a0dad3459c3,TeamB,630,0,True
490,7,70,2021-01-11,TeamB-7d41e602-eece-328b-ff7b-118e820865d6,TeamB,490,0,True
630,7,90,2021-01-12,TeamB-7d41e602-eece-328b-ff7b-118e820865d6,TeamB,630,0,True
300,5,60,2021-01-12,TeamB-7d41e602-eece-328b-ff7b-118e820865d6,TeamB,300,0,True
420,7,60,2021-01-14,TeamB-7d41e602-eece-328b-ff7b-118e820865d6,TeamB,420,0,True
300,5,60,2021-01-15,TeamB-7d41e602-eece-328b-ff7b-118e820865d6,TeamB,300,0,True
720,8,90,2021-01-15,TeamB-7d41e602-eece-328b-ff7b-118e820865d6,TeamB,720,0,True
630,7,90,2021-01-17,TeamB-7d41e602-eece-328b-ff7b-118e820865d6,TeamB,630,0,True
720,8,90,2021-01-18,TeamB-7d41e602-eece-328b-ff7b-118e820865d6,TeamB,720,0,True
420,6,70,2021-01-18,TeamB-7d41e602-eece-328b-ff7b-118e820865d6,TeamB,420,0,True
630,7,90,2021-01-20,TeamB-7d41e602-eece-328b-ff7b-118e820865d6,TeamB,630,0,True
400,8,50,2021-01-21,TeamB-7d41e602-eece-328b-ff7b-118e820865d6,TeamB,400,0,True
400,5,80,2021-01-22,TeamB-7d41e602-eece-328b-ff7b-118e820865d6,TeamB,400,0,True
490,7,70,2021-01-24,TeamB-7d41e602-eece-328b-ff7b-118e820865d6,TeamB,490,0,True
720,8,90,2021-01-24,TeamB-7d41e602-eece-328b-ff7b-118e820865d6,TeamB,720,0,True
300,5,60,2021-01-25,TeamB-7d41e602-eece-328b-ff7b-118e820865d6,TeamB,300,0,True
840,7,120,2021-01-25,TeamB-7d41e602-eece-328b-ff7b-118e820865d6,TeamB,840,0,True
490,7,70,2021-01-26,TeamB-7d41e602-eece-328b-ff7b-118e820865d6,TeamB,490,0,True
900,9,100,2021-01-26,TeamB-7d41e602-eece-328b-ff7b-118e820865d6,TeamB,900,0,True
360,6,60,2021-01-27,TeamB-7d41e602-eece-328b-ff7b-118e820865d6,TeamB,360,0,True
300,6,50,2021-01-27,TeamB-7d41e602-eece-328b-ff7b-118e820865d6,TeamB,300,0,True
770,7,110,2021-01-28,TeamB-7d41e602-eece-328b-ff7b-118e820865d6,TeamB,770,0,True
540,9,60,2021-01-29,TeamB-7d41e602-eece-328b-ff7b-118e820865d6,TeamB,540,0,True
420,7,60,2021-01-29,TeamB-7d41e602-eece-328b-ff7b-118e820865d6,TeamB,420,0,True
630,7,90,2021-01-30,TeamB-7d41e602-eece-328b-ff7b-118e820865d6,TeamB,630,0,True
600,6,100,2021-02-01,TeamB-7d41e602-eece-328b-ff7b-118e820865d6,TeamB,600,0,True
200,5,40,2021-02-01,TeamB-7d41e602-eece-328b-ff7b-118e820865d6,TeamB,200,0,True
360,6,60,2021-02-02,TeamB-7d41e602-eece-328b-ff7b-118e820865d6,TeamB,360,0,True
630,7,90,2021-02-02,TeamB-7d41e602-eece-328b-ff7b-118e820865d6,TeamB,630,0,True
240,4,60,2021-02-03,TeamB-7d41e602-eece-328b-ff7b-118e820865d6,TeamB,240,0,True
60,3,20,2021-02-03,TeamB-7d41e602-eece-328b-ff7b-118e820865d6,TeamB,60,0,True
150,5,30,2021-02-04,TeamB-7d41e602-eece-328b-ff7b-118e820865d6,TeamB,150,0,True
300,6,50,2021-02-04,TeamB-7d41e602-eece-328b-ff7b-118e820865d6,TeamB,300,0,True
720,8,90,2021-02-05,TeamB-7d41e602-eece-328b-ff7b-118e820865d6,TeamB,720,0,True
770,7,110,2021-02-07,TeamB-7d41e602-eece-328b-ff7b-118e820865d6,TeamB,770,0,True
360,6,60,2021-02-08,TeamB-7d41e602-eece-328b-ff7b-118e820865d6,TeamB,360,0,True
490,7,70,2021-02-08,TeamB-7d41e602-eece-328b-ff7b-118e820865d6,TeamB,490,0,True
420,6,70,2021-02-09,TeamB-7d41e602-eece-328b-ff7b-118e820865d6,TeamB,420,0,True
560,8,70,2021-02-10,TeamB-7d41e602-eece-328b-ff7b-118e820865d6,TeamB,560,0,True
490,7,70,2021-02-11,TeamB-7d41e602-eece-328b-ff7b-118e820865d6,TeamB,490,0,True
560,8,70,2021-02-11,TeamB-7d41e602-eece-328b-ff7b-118e820865d6,TeamB,560,0,True
200,4,50,2021-02-12,TeamB-7d41e602-eece-328b-ff7b-118e820865d6,TeamB,200,0,True
490,7,70,2021-02-12,TeamB-7d41e602-eece-328b-ff7b-118e820865d6,TeamB,490,0,True
300,6,50,2021-02-14,TeamB-7d41e602-eece-328b-ff7b-118e820865d6,TeamB,300,0,True
280,4,70,2021-02-14,TeamB-7d41e602-eece-328b-ff7b-118e820865d6,TeamB,280,0,True
120,4,30,2021-02-15,TeamB-7d41e602-eece-328b-ff7b-118e820865d6,TeamB,120,0,True
160,4,40,2021-02-16,TeamB-7d41e602-eece-328b-ff7b-118e820865d6,TeamB,160,0,True
120,4,30,2021-02-16,TeamB-7d41e602-eece-328b-ff7b-118e820865d6,TeamB,120,0,True
540,6,90,2021-02-17,TeamB-7d41e602-eece-328b-ff7b-118e820865d6,TeamB,540,0,True
160,4,40,2021-02-18,TeamB-7d41e602-eece-328b-ff7b-118e820865d6,TeamB,160,0,True
630,7,90,2021-02-18,TeamB-7d41e602-eece-328b-ff7b-118e820865d6,TeamB,630,0,True
540,6,90,2021-02-20,TeamB-7d41e602-eece-328b-ff7b-118e820865d6,TeamB,540,0,True
300,5,60,2021-02-21,TeamB-7d41e602-eece-328b-ff7b-118e820865d6,TeamB,300,0,True
420,6,70,2021-02-21,TeamB-7d41e602-eece-328b-ff7b-118e820865d6,TeamB,420,0,True
560,8,70,2021-02-22,TeamB-7d41e602-eece-328b-ff7b-118e820865d6,TeamB,560,0,True
240,4,60,2021-02-22,TeamB-7d41e602-eece-328b-ff7b-118e820865d6,TeamB,240,0,True
120,3,40,2021-02-23,TeamB-7d41e602-eece-328b-ff7b-118e820865d6,TeamB,120,0,True
800,8,100,2021-02-24,TeamB-7d41e602-eece-328b-ff7b-118e820865d6,TeamB,800,0,True
200,4,50,2021-02-24,TeamB-7d41e602-eece-328b-ff7b-118e820865d6,TeamB,200,0,True
700,7,100,2021-02-25,TeamB-7d41e602-eece-328b-ff7b-118e820865d6,TeamB,700,0,True
360,6,60,2021-02-26,TeamB-7d41e602-eece-328b-ff7b-118e820865d6,TeamB,360,0,True
720,8,90,2021-02-26,TeamB-7d41e602-eece-328b-ff7b-118e820865d6,TeamB,720,0,True
350,5,70,2021-02-28,TeamB-7d41e602-eece-328b-ff7b-118e820865d6,TeamB,350,0,True
300,5,60,2021-03-01,TeamB-7d41e602-eece-328b-ff7b-118e820865d6,TeamB,300,0,True
800,8,100,2021-03-01,TeamB-7d41e602-eece-328b-ff7b-118e820865d6,TeamB,800,0,True
800,8,100,2021-03-02,TeamB-7d41e602-eece-328b-ff7b-118e820865d6,TeamB,800,0,True
200,4,50,2021-03-02,TeamB-7d41e602-eece-328b-ff7b-118e820865d6,TeamB,200,0,True
200,5,40,2021-03-03,TeamB-7d41e602-eece-328b-ff7b-118e820865d6,TeamB,200,0,True
700,7,100,2021-03-04,TeamB-7d41e602-eece-328b-ff7b-118e820865d6,TeamB,700,0,True
420,6,70,2021-03-04,TeamB-7d41e602-eece-328b-ff7b-118e820865d6,TeamB,420,0,True
540,6,90,2021-03-05,TeamB-7d41e602-eece-328b-ff7b-118e820865d6,TeamB,540,0,True
90,3,30,2021-03-05,TeamB-7d41e602-eece-328b-ff7b-118e820865d6,TeamB,90,0,True
800,8,100,2021-03-06,TeamB-7d41e602-eece-328b-ff7b-118e820865d6,TeamB,800,0,True
240,6,40,2021-03-06,TeamB-7d41e602-eece-328b-ff7b-118e820865d6,TeamB,240,0,True
200,4,50,2021-03-07,TeamB-7d41e602-eece-328b-ff7b-118e820865d6,TeamB,200,0,True
490,7,70,2021-03-08,TeamB-7d41e602-eece-328b-ff7b-118e820865d6,TeamB,490,0,True
630,7,90,2021-03-08,TeamB-7d41e602-eece-328b-ff7b-118e820865d6,TeamB,630,0,True
250,5,50,2021-03-09,TeamB-7d41e602-eece-328b-ff7b-118e820865d6,TeamB,250,0,True
700,7,100,2021-03-09,TeamB-7d41e602-eece-328b-ff7b-118e820865d6,TeamB,700,0,True
250,5,50,2021-03-10,TeamB-7d41e602-eece-328b-ff7b-118e820865d6,TeamB,250,0,True
540,6,90,2021-03-11,TeamB-7d41e602-eece-328b-ff7b-118e820865d6,TeamB,540,0,True
200,5,40,2021-03-11,TeamB-7d41e602-eece-328b-ff7b-118e820865d6,TeamB,200,0,True
630,7,90,2021-03-12,TeamB-7d41e602-eece-328b-ff7b-118e820865d6,TeamB,630,0,True
540,6,90,2021-03-13,TeamB-7d41e602-eece-328b-ff7b-118e820865d6,TeamB,540,0,True
200,5,40,2021-03-13,TeamB-7d41e602-eece-328b-ff7b-118e820865d6,TeamB,200,0,True
240,4,60,2021-03-14,TeamB-7d41e602-eece-328b-ff7b-118e820865d6,TeamB,240,0,True
360,6,60,2021-03-15,TeamB-7d41e602-eece-328b-ff7b-118e820865d6,TeamB,360,0,True
700,7,100,2021-03-15,TeamB-7d41e602-eece-328b-ff7b-118e820865d6,TeamB,700,0,True
300,5,60,2021-03-16,TeamB-7d41e602-eece-328b-ff7b-118e820865d6,TeamB,300,0,True
630,7,90,2021-03-16,TeamB-7d41e602-eece-328b-ff7b-118e820865d6,TeamB,630,0,True
300,5,60,2021-03-17,TeamB-7d41e602-eece-328b-ff7b-118e820865d6,TeamB,300,0,True
800,8,100,2021-03-18,TeamB-7d41e602-eece-328b-ff7b-118e820865d6,TeamB,800,0,True
360,6,60,2021-03-18,TeamB-7d41e602-eece-328b-ff7b-118e820865d6,TeamB,360,0,True
300,5,60,2021-03-19,TeamB-7d41e602-eece-328b-ff7b-118e820865d6,TeamB,300,0,True
800,8,100,2021-03-20,TeamB-7d41e602-eece-328b-ff7b-118e820865d6,TeamB,800,0,True
250,5,50,2021-03-20,TeamB-7d41e602-eece-328b-ff7b-118e820865d6,TeamB,250,0,True
300,5,60,2021-03-21,TeamB-7d41e602-eece-328b-ff7b-118e820865d6,TeamB,300,0,True
840,7,120,2021-03-22,TeamB-7d41e602-eece-328b-ff7b-118e820865d6,TeamB,840,0,True
700,7,100,2021-03-23,TeamB-7d41e602-eece-328b-ff7b-118e820865d6,TeamB,700,0,True
250,5,50,2021-03-23,TeamB-7d41e602-eece-328b-ff7b-118e820865d6,TeamB,250,0,True
300,5,60,2021-03-24,TeamB-7d41e602-eece-328b-ff7b-118e820865d6,TeamB,300,0,True
840,7,120,2021-03-25,TeamB-7d41e602-eece-328b-ff7b-118e820865d6,TeamB,840,0,True
450,5,90,2021-03-26,TeamB-7d41e602-eece-328b-ff7b-118e820865d6,TeamB,450,0,True
720,8,90,2021-03-27,TeamB-7d41e602-eece-328b-ff7b-118e820865d6,TeamB,720,0,True
350,5,70,2021-03-28,TeamB-7d41e602-eece-328b-ff7b-118e820865d6,TeamB,350,0,True
300,5,60,2021-03-29,TeamB-7d41e602-eece-328b-ff7b-118e820865d6,TeamB,300,0,True
540,6,90,2021-03-29,TeamB-7d41e602-eece-328b-ff7b-118e820865d6,TeamB,540,0,True
700,7,100,2021-03-30,TeamB-7d41e602-eece-328b-ff7b-118e820865d6,TeamB,700,0,True
200,5,40,2021-03-30,TeamB-7d41e602-eece-328b-ff7b-118e820865d6,TeamB,200,0,True
360,6,60,2021-03-31,TeamB-7d41e602-eece-328b-ff7b-118e820865d6,TeamB,360,0,True
360,6,60,2021-04-01,TeamB-7d41e602-eece-328b-ff7b-118e820865d6,TeamB,360,0,True
420,7,60,2021-04-02,TeamB-7d41e602-eece-328b-ff7b-118e820865d6,TeamB,420,0,True
150,5,30,2021-04-03,TeamB-7d41e602-eece-328b-ff7b-118e820865d6,TeamB,150,0,True
400,8,50,2021-04-03,TeamB-7d41e602-eece-328b-ff7b-118e820865d6,TeamB,400,0,True
360,6,60,2021-04-04,TeamB-7d41e602-eece-328b-ff7b-118e820865d6,TeamB,360,0,True
350,7,50,2021-04-05,TeamB-7d41e602-eece-328b-ff7b-118e820865d6,TeamB,350,0,True
300,6,50,2021-04-06,TeamB-7d41e602-eece-328b-ff7b-118e820865d6,TeamB,300,0,True
560,8,70,2021-04-06,TeamB-7d41e602-eece-328b-ff7b-118e820865d6,TeamB,560,0,True
300,5,60,2021-04-07,TeamB-7d41e602-eece-328b-ff7b-118e820865d6,TeamB,300,0,True
180,6,30,2021-04-08,TeamB-7d41e602-eece-328b-ff7b-118e820865d6,TeamB,180,0,True
560,8,70,2021-04-08,TeamB-7d41e602-eece-328b-ff7b-118e820865d6,TeamB,560,0,True
600,6,100,2021-04-09,TeamB-7d41e602-eece-328b-ff7b-118e820865d6,TeamB,600,0,True
120,4,30,2021-04-09,TeamB-7d41e602-eece-328b-ff7b-118e820865d6,TeamB,120,0,True
240,6,40,2021-04-10,TeamB-7d41e602-eece-328b-ff7b-118e820865d6,TeamB,240,0,True
800,8,100,2021-04-10,TeamB-7d41e602-eece-328b-ff7b-118e820865d6,TeamB,800,0,True
150,5,30,2021-04-11,TeamB-7d41e602-eece-328b-ff7b-118e820865d6,TeamB,150,0,True
160,4,40,2021-04-12,TeamB-7d41e602-eece-328b-ff7b-118e820865d6,TeamB,160,0,True
600,6,100,2021-04-12,TeamB-7d41e602-eece-328b-ff7b-118e820865d6,TeamB,600,0,True
800,8,100,2021-04-13,TeamB-7d41e602-eece-328b-ff7b-118e820865d6,TeamB,800,0,True
300,6,50,2021-04-14,TeamB-7d41e602-eece-328b-ff7b-118e820865d6,TeamB,300,0,True
600,6,100,2021-04-15,TeamB-7d41e602-eece-328b-ff7b-118e820865d6,TeamB,600,0,True
540,6,90,2021-04-16,TeamB-7d41e602-eece-328b-ff7b-118e820865d6,TeamB,540,0,True
420,7,60,2021-04-17,TeamB-7d41e602-eece-328b-ff7b-118e820865d6,TeamB,420,0,True
200,4,50,2021-04-18,TeamB-7d41e602-eece-328b-ff7b-118e820865d6,TeamB,200,0,True
540,6,90,2021-04-19,TeamB-7d41e602-eece-328b-ff7b-118e820865d6,TeamB,540,0,True
350,7,50,2021-04-20,TeamB-7d41e602-eece-328b-ff7b-118e820865d6,TeamB,350,0,True
490,7,70,2021-04-21,TeamB-7d41e602-eece-328b-ff7b-118e820865d6,TeamB,490,0,True
250,5,50,2021-04-22,TeamB-7d41e602-eece-328b-ff7b-118e820865d6,TeamB,250,0,True
540,6,90,2021-04-23,TeamB-7d41e602-eece-328b-ff7b-118e820865d6,TeamB,540,0,True
200,4,50,2021-04-24,TeamB-7d41e602-eece-328b-ff7b-118e820865d6,TeamB,200,0,True
540,6,90,2021-04-25,TeamB-7d41e602-eece-328b-ff7b-118e820865d6,TeamB,540,0,True
200,5,40,2021-04-25,TeamB-7d41e602-eece-328b-ff7b-118e820865d6,TeamB,200,0,True
250,5,50,2021-04-26,TeamB-7d41e602-eece-328b-ff7b-118e820865d6,TeamB,250,0,True
450,5,90,2021-04-26,TeamB-7d41e602-eece-328b-ff7b-118e820865d6,TeamB,450,0,True
960,8,120,2021-04-27,TeamB-7d41e602-eece-328b-ff7b-118e820865d6,TeamB,960,0,True
420,6,70,2021-04-28,TeamB-7d41e602-eece-328b-ff7b-118e820865d6,TeamB,420,0,True
250,5,50,2021-04-28,TeamB-7d41e602-eece-328b-ff7b-118e820865d6,TeamB,250,0,True
630,7,90,2021-04-29,TeamB-7d41e602-eece-328b-ff7b-118e820865d6,TeamB,630,0,True
540,6,90,2021-04-30,TeamB-7d41e602-eece-328b-ff7b-118e820865d6,TeamB,540,0,True
810,9,90,2021-05-01,TeamB-7d41e602-eece-328b-ff7b-118e820865d6,TeamB,810,0,True
120,3,40,2021-05-02,TeamB-7d41e602-eece-328b-ff7b-118e820865d6,TeamB,120,0,True
600,6,100,2021-05-03,TeamB-7d41e602-eece-328b-ff7b-118e820865d6,TeamB,600,0,True
960,8,120,2021-05-04,TeamB-7d41e602-eece-328b-ff7b-118e820865d6,TeamB,960,0,True
960,8,120,2021-05-05,TeamB-7d41e602-eece-328b-ff7b-118e820865d6,TeamB,960,0,True
350,5,70,2021-05-07,TeamB-7d41e602-eece-328b-ff7b-118e820865d6,TeamB,350,0,True
280,7,40,2021-05-08,TeamB-7d41e602-eece-328b-ff7b-118e820865d6,TeamB,280,0,True
300,5,60,2021-05-09,TeamB-7d41e602-eece-328b-ff7b-118e820865d6,TeamB,300,0,True
280,4,70,2021-05-10,TeamB-7d41e602-eece-328b-ff7b-118e820865d6,TeamB,280,0,True
810,9,90,2021-05-11,TeamB-7d41e602-eece-328b-ff7b-118e820865d6,TeamB,810,0,True
500,5,100,2021-05-12,TeamB-7d41e602-eece-328b-ff7b-118e820865d6,TeamB,500,0,True
450,5,90,2021-05-14,TeamB-7d41e602-eece-328b-ff7b-118e820865d6,TeamB,450,0,True
240,8,30,2021-05-15,TeamB-7d41e602-eece-328b-ff7b-118e820865d6,TeamB,240,0,True
400,8,50,2021-05-15,TeamB-7d41e602-eece-328b-ff7b-118e820865d6,TeamB,400,0,True
560,7,80,2021-05-16,TeamB-7d41e602-eece-328b-ff7b-118e820865d6,TeamB,560,0,True
200,5,40,2021-05-17,TeamB-7d41e602-eece-328b-ff7b-118e820865d6,TeamB,200,0,True
960,8,120,2021-05-18,TeamB-7d41e602-eece-328b-ff7b-118e820865d6,TeamB,960,0,True
840,7,120,2021-05-19,TeamB-7d41e602-eece-328b-ff7b-118e820865d6,TeamB,840,0,True
540,6,90,2021-05-21,TeamB-7d41e602-eece-328b-ff7b-118e820865d6,TeamB,540,0,True
150,5,30,2021-05-22,TeamB-7d41e602-eece-328b-ff7b-118e820865d6,TeamB,150,0,True
630,7,90,2021-05-23,TeamB-7d41e602-eece-328b-ff7b-118e820865d6,TeamB,630,0,True
840,7,120,2021-05-24,TeamB-7d41e602-eece-328b-ff7b-118e820865d6,TeamB,840,0,True
880,8,110,2021-05-25,TeamB-7d41e602-eece-328b-ff7b-118e820865d6,TeamB,880,0,True
630,7,90,2021-05-26,TeamB-7d41e602-eece-328b-ff7b-118e820865d6,TeamB,630,0,True
540,6,90,2021-05-28,TeamB-7d41e602-eece-328b-ff7b-118e820865d6,TeamB,540,0,True
350,7,50,2021-05-29,TeamB-7d41e602-eece-328b-ff7b-118e820865d6,TeamB,350,0,True
420,6,70,2021-05-31,TeamB-7d41e602-eece-328b-ff7b-118e820865d6,TeamB,420,0,True
420,6,70,2021-05-31,TeamB-7d41e602-eece-328b-ff7b-118e820865d6,TeamB,420,0,True
800,8,100,2021-06-01,TeamB-7d41e602-eece-328b-ff7b-118e820865d6,TeamB,800,0,True
240,6,40,2021-06-02,TeamB-7d41e602-eece-328b-ff7b-118e820865d6,TeamB,240,0,True
990,9,110,2021-06-02,TeamB-7d41e602-eece-328b-ff7b-118e820865d6,TeamB,990,0,True
450,5,90,2021-06-04,TeamB-7d41e602-eece-328b-ff7b-118e820865d6,TeamB,450,0,True
480,8,60,2021-06-05,TeamB-7d41e602-eece-328b-ff7b-118e820865d6,TeamB,480,0,True
420,6,70,2021-06-07,TeamB-7d41e602-eece-328b-ff7b-118e820865d6,TeamB,420,0,True
540,6,90,2021-06-07,TeamB-7d41e602-eece-328b-ff7b-118e820865d6,TeamB,540,0,True
560,7,80,2021-06-08,TeamB-7d41e602-eece-328b-ff7b-118e820865d6,TeamB,560,0,True
630,7,90,2021-06-09,TeamB-7d41e602-eece-328b-ff7b-118e820865d6,TeamB,630,0,True
400,8,50,2021-06-10,TeamB-7d41e602-eece-328b-ff7b-118e820865d6,TeamB,400,0,True
720,8,90,2021-06-10,TeamB-7d41e602-eece-328b-ff7b-118e820865d6,TeamB,720,0,True
250,5,50,2021-06-11,TeamB-7d41e602-eece-328b-ff7b-118e820865d6,TeamB,250,0,True
630,7,90,2021-06-12,TeamB-7d41e602-eece-328b-ff7b-118e820865d6,TeamB,630,0,True
300,5,60,2021-06-13,TeamB-7d41e602-eece-328b-ff7b-118e820865d6,TeamB,300,0,True
350,5,70,2021-06-14,TeamB-7d41e602-eece-328b-ff7b-118e820865d6,TeamB,350,0,True
480,6,80,2021-06-14,TeamB-7d41e602-eece-328b-ff7b-118e820865d6,TeamB,480,0,True
720,8,90,2021-06-15,TeamB-7d41e602-eece-328b-ff7b-118e820865d6,TeamB,720,0,True
250,5,50,2021-06-16,TeamB-7d41e602-eece-328b-ff7b-118e820865d6,TeamB,250,0,True
630,7,90,2021-06-17,TeamB-7d41e602-eece-328b-ff7b-118e820865d6,TeamB,630,0,True
300,5,60,2021-06-18,TeamB-7d41e602-eece-328b-ff7b-118e820865d6,TeamB,300,0,True
800,8,100,2021-06-18,TeamB-7d41e602-eece-328b-ff7b-118e820865d6,TeamB,800,0,True
800,8,100,2021-06-20,TeamB-7d41e602-eece-328b-ff7b-118e820865d6,TeamB,800,0,True
300,5,60,2021-06-21,TeamB-7d41e602-eece-328b-ff7b-118e820865d6,TeamB,300,0,True
140,7,20,2021-06-22,TeamB-7d41e602-eece-328b-ff7b-118e820865d6,TeamB,140,0,True
560,7,80,2021-06-23,TeamB-7d41e602-eece-328b-ff7b-118e820865d6,TeamB,560,0,True
150,5,30,2021-06-24,TeamB-7d41e602-eece-328b-ff7b-118e820865d6,TeamB,150,0,True
540,6,90,2021-06-25,TeamB-7d41e602-eece-328b-ff7b-118e820865d6,TeamB,540,0,True
350,7,50,2021-06-26,TeamB-7d41e602-eece-328b-ff7b-118e820865d6,TeamB,350,0,True
180,3,60,2021-06-27,TeamB-7d41e602-eece-328b-ff7b-118e820865d6,TeamB,180,0,True
480,6,80,2021-06-29,TeamB-7d41e602-eece-328b-ff7b-118e820865d6,TeamB,480,0,True
720,9,80,2021-06-30,TeamB-7d41e602-eece-328b-ff7b-118e820865d6,TeamB,720,0,True
180,3,60,2021-07-01,TeamB-7d41e602-eece-328b-ff7b-118e820865d6,TeamB,180,0,True
250,5,50,2021-07-02,TeamB-7d41e602-eece-328b-ff7b-118e820865d6,TeamB,250,0,True
400,5,80,2021-07-03,TeamB-7d41e602-eece-328b-ff7b-118e820865d6,TeamB,400,0,True
240,8,30,2021-07-04,TeamB-7d41e602-eece-328b-ff7b-118e820865d6,TeamB,240,0,True
720,8,90,2021-07-05,TeamB-7d41e602-eece-328b-ff7b-118e820865d6,TeamB,720,0,True
400,5,80,2021-07-06,TeamB-7d41e602-eece-328b-ff7b-118e820865d6,TeamB,400,0,True
560,7,80,2021-07-06,TeamB-7d41e602-eece-328b-ff7b-118e820865d6,TeamB,560,0,True
560,7,80,2021-07-07,TeamB-7d41e602-eece-328b-ff7b-118e820865d6,TeamB,560,0,True
240,3,80,2021-07-09,TeamB-7d41e602-eece-328b-ff7b-118e820865d6,TeamB,240,0,True
140,7,20,2021-07-10,TeamB-7d41e602-eece-328b-ff7b-118e820865d6,TeamB,140,0,True
630,7,90,2021-07-11,TeamB-7d41e602-eece-328b-ff7b-118e820865d6,TeamB,630,0,True
300,5,60,2021-07-12,TeamB-7d41e602-eece-328b-ff7b-118e820865d6,TeamB,300,0,True
420,6,70,2021-07-13,TeamB-7d41e602-eece-328b-ff7b-118e820865d6,TeamB,420,0,True
560,8,70,2021-07-14,TeamB-7d41e602-eece-328b-ff7b-118e820865d6,TeamB,560,0,True
350,5,70,2021-07-16,TeamB-7d41e602-eece-328b-ff7b-118e820865d6,TeamB,350,0,True
630,7,90,2021-07-17,TeamB-7d41e602-eece-328b-ff7b-118e820865d6,TeamB,630,0,True
240,4,60,2021-07-18,TeamB-7d41e602-eece-328b-ff7b-118e820865d6,TeamB,240,0,True
540,6,90,2021-07-18,TeamB-7d41e602-eece-328b-ff7b-118e820865d6,TeamB,540,0,True
560,7,80,2021-07-20,TeamB-7d41e602-eece-328b-ff7b-118e820865d6,TeamB,560,0,True
400,5,80,2021-07-21,TeamB-7d41e602-eece-328b-ff7b-118e820865d6,TeamB,400,0,True
280,4,70,2021-07-22,TeamB-7d41e602-eece-328b-ff7b-118e820865d6,TeamB,280,0,True
630,7,90,2021-07-23,TeamB-7d41e602-eece-328b-ff7b-118e820865d6,TeamB,630,0,True
300,6,50,2021-07-24,TeamB-7d41e602-eece-328b-ff7b-118e820865d6,TeamB,300,0,True
150,3,50,2021-07-25,TeamB-7d41e602-eece-328b-ff7b-118e820865d6,TeamB,150,0,True
200,5,40,2021-07-26,TeamB-7d41e602-eece-328b-ff7b-118e820865d6,TeamB,200,0,True
720,8,90,2021-07-26,TeamB-7d41e602-eece-328b-ff7b-118e820865d6,TeamB,720,0,True
480,6,80,2021-07-27,TeamB-7d41e602-eece-328b-ff7b-118e820865d6,TeamB,480,0,True
180,3,60,2021-07-28,TeamB-7d41e602-eece-328b-ff7b-118e820865d6,TeamB,180,0,True
720,8,90,2021-07-29,TeamB-7d41e602-eece-328b-ff7b-118e820865d6,TeamB,720,0,True
700,7,100,2021-07-31,TeamB-7d41e602-eece-328b-ff7b-118e820865d6,TeamB,700,0,True
400,5,80,2021-08-01,TeamB-7d41e602-eece-328b-ff7b-118e820865d6,TeamB,400,0,True
350,7,50,2021-08-02,TeamB-7d41e602-eece-328b-ff7b-118e820865d6,TeamB,350,0,True
480,6,80,2021-08-03,TeamB-7d41e602-eece-328b-ff7b-118e820865d6,TeamB,480,0,True
300,5,60,2021-08-04,TeamB-7d41e602-eece-328b-ff7b-118e820865d6,TeamB,300,0,True
700,7,100,2021-08-05,TeamB-7d41e602-eece-328b-ff7b-118e820865d6,TeamB,700,0,True
400,5,80,2021-08-06,TeamB-7d41e602-eece-328b-ff7b-118e820865d6,TeamB,400,0,True
210,7,30,2021-08-07,TeamB-7d41e602-eece-328b-ff7b-118e820865d6,TeamB,210,0,True
770,7,110,2021-08-08,TeamB-7d41e602-eece-328b-ff7b-118e820865d6,TeamB,770,0,True
630,7,90,2021-08-10,TeamB-7d41e602-eece-328b-ff7b-118e820865d6,TeamB,630,0,True
720,8,90,2021-08-11,TeamB-7d41e602-eece-328b-ff7b-118e820865d6,TeamB,720,0,True
560,7,80,2021-08-13,TeamB-7d41e602-eece-328b-ff7b-118e820865d6,TeamB,560,0,True
560,7,80,2021-08-14,TeamB-7d41e602-eece-328b-ff7b-118e820865d6,TeamB,560,0,True
300,5,60,2021-08-14,TeamB-7d41e602-eece-328b-ff7b-118e820865d6,TeamB,300,0,True
640,8,80,2021-08-15,TeamB-7d41e602-eece-328b-ff7b-118e820865d6,TeamB,640,0,True
120,3,40,2021-08-17,TeamB-7d41e602-eece-328b-ff7b-118e820865d6,TeamB,120,0,True
160,4,40,2021-08-18,TeamB-7d41e602-eece-328b-ff7b-118e820865d6,TeamB,160,0,True
420,7,60,2021-08-18,TeamB-7d41e602-eece-328b-ff7b-118e820865d6,TeamB,420,0,True
240,6,40,2021-08-18,TeamB-7d41e602-eece-328b-ff7b-118e820865d6,TeamB,240,0,True
360,6,60,2021-08-19,TeamB-7d41e602-eece-328b-ff7b-118e820865d6,TeamB,360,0,True
640,8,80,2021-08-20,TeamB-7d41e602-eece-328b-ff7b-118e820865d6,TeamB,640,0,True
720,8,90,2021-08-21,TeamB-7d41e602-eece-328b-ff7b-118e820865d6,TeamB,720,0,True
240,4,60,2021-08-22,TeamB-7d41e602-eece-328b-ff7b-118e820865d6,TeamB,240,0,True
880,8,110,2021-08-23,TeamB-7d41e602-eece-328b-ff7b-118e820865d6,TeamB,880,0,True
800,8,100,2021-08-24,TeamB-7d41e602-eece-328b-ff7b-118e820865d6,TeamB,800,0,True
960,8,120,2021-08-26,TeamB-7d41e602-eece-328b-ff7b-118e820865d6,TeamB,960,0,True
490,7,70,2021-08-27,TeamB-7d41e602-eece-328b-ff7b-118e820865d6,TeamB,490,0,True
360,6,60,2021-08-28,TeamB-7d41e602-eece-328b-ff7b-118e820865d6,TeamB,360,0,True
960,8,120,2021-08-30,TeamB-7d41e602-eece-328b-ff7b-118e820865d6,TeamB,960,0,True
490,7,70,2021-08-31,TeamB-7d41e602-eece-328b-ff7b-118e820865d6,TeamB,490,0,True
480,6,80,2021-09-01,TeamB-7d41e602-eece-328b-ff7b-118e820865d6,TeamB,480,0,True
880,8,110,2021-09-02,TeamB-7d41e602-eece-328b-ff7b-118e820865d6,TeamB,880,0,True
770,7,110,2021-09-02,TeamB-7d41e602-eece-328b-ff7b-118e820865d6,TeamB,770,0,True
420,7,60,2021-09-03,TeamB-7d41e602-eece-328b-ff7b-118e820865d6,TeamB,420,0,True
300,5,60,2021-09-04,TeamB-7d41e602-eece-328b-ff7b-118e820865d6,TeamB,300,0,True
350,5,70,2021-09-06,TeamB-7d41e602-eece-328b-ff7b-118e820865d6,TeamB,350,0,True
560,8,70,2021-09-06,TeamB-7d41e602-eece-328b-ff7b-118e820865d6,TeamB,560,0,True
300,5,60,2021-09-07,TeamB-7d41e602-eece-328b-ff7b-118e820865d6,TeamB,300,0,True
420,7,60,2021-09-07,TeamB-7d41e602-eece-328b-ff7b-118e820865d6,TeamB,420,0,True
700,7,100,2021-09-08,TeamB-7d41e602-eece-328b-ff7b-118e820865d6,TeamB,700,0,True
300,5,60,2021-09-09,TeamB-7d41e602-eece-328b-ff7b-118e820865d6,TeamB,300,0,True
560,7,80,2021-09-10,TeamB-7d41e602-eece-328b-ff7b-118e820865d6,TeamB,560,0,True
880,8,110,2021-09-11,TeamB-7d41e602-eece-328b-ff7b-118e820865d6,TeamB,880,0,True
630,7,90,2021-09-13,TeamB-7d41e602-eece-328b-ff7b-118e820865d6,TeamB,630,0,True
630,7,90,2021-09-14,TeamB-7d41e602-eece-328b-ff7b-118e820865d6,TeamB,630,0,True
360,6,60,2021-09-14,TeamB-7d41e602-eece-328b-ff7b-118e820865d6,TeamB,360,0,True
360,6,60,2021-09-14,TeamB-7d41e602-eece-328b-ff7b-118e820865d6,TeamB,360,0,True
300,5,60,2021-09-15,TeamB-7d41e602-eece-328b-ff7b-118e820865d6,TeamB,300,0,True
630,7,90,2021-09-16,TeamB-7d41e602-eece-328b-ff7b-118e820865d6,TeamB,630,0,True
300,5,60,2021-09-17,TeamB-7d41e602-eece-328b-ff7b-118e820865d6,TeamB,300,0,True
250,5,50,2021-09-17,TeamB-7d41e602-eece-328b-ff7b-118e820865d6,TeamB,250,0,True
700,7,100,2021-09-19,TeamB-7d41e602-eece-328b-ff7b-118e820865d6,TeamB,700,0,True
490,7,70,2021-09-20,TeamB-7d41e602-eece-328b-ff7b-118e820865d6,TeamB,490,0,True
480,6,80,2021-09-21,TeamB-7d41e602-eece-328b-ff7b-118e820865d6,TeamB,480,0,True
350,5,70,2021-09-22,TeamB-7d41e602-eece-328b-ff7b-118e820865d6,TeamB,350,0,True
600,6,100,2021-09-22,TeamB-7d41e602-eece-328b-ff7b-118e820865d6,TeamB,600,0,True
150,5,30,2021-09-23,TeamB-7d41e602-eece-328b-ff7b-118e820865d6,TeamB,150,0,True
700,7,100,2021-09-24,TeamB-7d41e602-eece-328b-ff7b-118e820865d6,TeamB,700,0,True
360,6,60,2021-09-25,TeamB-7d41e602-eece-328b-ff7b-118e820865d6,TeamB,360,0,True
300,5,60,2021-09-26,TeamB-7d41e602-eece-328b-ff7b-118e820865d6,TeamB,300,0,True
400,8,50,2021-09-26,TeamB-7d41e602-eece-328b-ff7b-118e820865d6,TeamB,400,0,True
90,3,30,2021-09-26,TeamB-7d41e602-eece-328b-ff7b-118e820865d6,TeamB,90,0,True
120,3,40,2021-09-27,TeamB-7d41e602-eece-328b-ff7b-118e820865d6,TeamB,120,0,True
300,5,60,2021-09-28,TeamB-7d41e602-eece-328b-ff7b-118e820865d6,TeamB,300,0,True
300,5,60,2021-09-29,TeamB-7d41e602-eece-328b-ff7b-118e820865d6,TeamB,300,0,True
540,6,90,2021-09-29,TeamB-7d41e602-eece-328b-ff7b-118e820865d6,TeamB,540,0,True
350,5,70,2021-10-01,TeamB-7d41e602-eece-328b-ff7b-118e820865d6,TeamB,350,0,True
350,7,50,2021-10-02,TeamB-7d41e602-eece-328b-ff7b-118e820865d6,TeamB,350,0,True
630,7,90,2021-10-03,TeamB-7d41e602-eece-328b-ff7b-118e820865d6,TeamB,630,0,True
200,4,50,2021-10-04,TeamB-7d41e602-eece-328b-ff7b-118e820865d6,TeamB,200,0,True
420,6,70,2021-10-05,TeamB-7d41e602-eece-328b-ff7b-118e820865d6,TeamB,420,0,True
420,6,70,2021-10-05,TeamB-7d41e602-eece-328b-ff7b-118e820865d6,TeamB,420,0,True
490,7,70,2021-10-06,TeamB-7d41e602-eece-328b-ff7b-118e820865d6,TeamB,490,0,True
160,4,40,2021-10-07,TeamB-7d41e602-eece-328b-ff7b-118e820865d6,TeamB,160,0,True
450,5,90,2021-10-08,TeamB-7d41e602-eece-328b-ff7b-118e820865d6,TeamB,450,0,True
350,7,50,2021-10-09,TeamB-7d41e602-eece-328b-ff7b-118e820865d6,TeamB,350,0,True
250,5,50,2021-10-10,TeamB-7d41e602-eece-328b-ff7b-118e820865d6,TeamB,250,0,True
480,6,80,2021-10-10,TeamB-7d41e602-eece-328b-ff7b-118e820865d6,TeamB,480,0,True
630,7,90,2021-10-12,TeamB-7d41e602-eece-328b-ff7b-118e820865d6,TeamB,630,0,True
300,5,60,2021-10-12,TeamB-7d41e602-eece-328b-ff7b-118e820865d6,TeamB,300,0,True
880,8,110,2021-10-13,TeamB-7d41e602-eece-328b-ff7b-118e820865d6,TeamB,880,0,True
240,4,60,2021-10-15,TeamB-7d41e602-eece-328b-ff7b-118e820865d6,TeamB,240,0,True
360,6,60,2021-10-16,TeamB-7d41e602-eece-328b-ff7b-118e820865d6,TeamB,360,0,True
700,7,100,2021-10-18,TeamB-7d41e602-eece-328b-ff7b-118e820865d6,TeamB,700,0,True
490,7,70,2021-10-19,TeamB-7d41e602-eece-328b-ff7b-118e820865d6,TeamB,490,0,True
490,7,70,2021-10-20,TeamB-7d41e602-eece-328b-ff7b-118e820865d6,TeamB,490,0,True
540,6,90,2021-10-21,TeamB-7d41e602-eece-328b-ff7b-118e820865d6,TeamB,540,0,True
720,8,90,2021-10-22,TeamB-7d41e602-eece-328b-ff7b-118e820865d6,TeamB,720,0,True
540,6,90,2021-10-23,TeamB-7d41e602-eece-328b-ff7b-118e820865d6,TeamB,540,0,True
540,6,90,2021-10-26,TeamB-7d41e602-eece-328b-ff7b-118e820865d6,TeamB,540,0,True
300,5,60,2021-10-27,TeamB-7d41e602-eece-328b-ff7b-118e820865d6,TeamB,300,0,True
200,5,40,2021-10-29,TeamB-7d41e602-eece-328b-ff7b-118e820865d6,TeamB,200,0,True
480,6,80,2021-10-30,TeamB-7d41e602-eece-328b-ff7b-118e820865d6,TeamB,480,0,True
490,7,70,2021-11-02,TeamB-7d41e602-eece-328b-ff7b-118e820865d6,TeamB,490,0,True
480,6,80,2021-11-03,TeamB-7d41e602-eece-328b-ff7b-118e820865d6,TeamB,480,0,True
300,5,60,2021-11-03,TeamB-7d41e602-eece-328b-ff7b-118e820865d6,TeamB,300,0,True
300,5,60,2021-11-04,TeamB-7d41e602-eece-328b-ff7b-118e820865d6,TeamB,300,0,True
630,7,90,2021-11-04,TeamB-7d41e602-eece-328b-ff7b-118e820865d6,TeamB,630,0,True
420,6,70,2021-11-06,TeamB-7d41e602-eece-328b-ff7b-118e820865d6,TeamB,420,0,True
420,6,70,2021-11-08,TeamB-7d41e602-eece-328b-ff7b-118e820865d6,TeamB,420,0,True
300,5,60,2021-11-09,TeamB-7d41e602-eece-328b-ff7b-118e820865d6,TeamB,300,0,True
120,4,30,2021-11-10,TeamB-7d41e602-eece-328b-ff7b-118e820865d6,TeamB,120,0,True
560,7,80,2021-11-10,TeamB-7d41e602-eece-328b-ff7b-118e820865d6,TeamB,560,0,True
420,6,70,2021-11-12,TeamB-7d41e602-eece-328b-ff7b-118e820865d6,TeamB,420,0,True
300,5,60,2021-11-15,TeamB-7d41e602-eece-328b-ff7b-118e820865d6,TeamB,300,0,True
990,9,110,2020-10-01,TeamB-9c845827-99f9-47f4-977d-2200a107a013,TeamB,990,0,True
180,2,90,2021-01-24,TeamB-9c845827-99f9-47f4-977d-2200a107a013,TeamB,180,0,True
420,6,70,2021-01-27,TeamB-9c845827-99f9-47f4-977d-2200a107a013,TeamB,420,0,True
800,8,100,2021-02-02,TeamB-9c845827-99f9-47f4-977d-2200a107a013,TeamB,800,0,True
200,4,50,2021-03-05,TeamB-9c845827-99f9-47f4-977d-2200a107a013,TeamB,200,0,True
720,8,90,2021-03-06,TeamB-9c845827-99f9-47f4-977d-2200a107a013,TeamB,720,0,True
630,7,90,2021-03-09,TeamB-9c845827-99f9-47f4-977d-2200a107a013,TeamB,630,0,True
630,7,90,2021-03-11,TeamB-9c845827-99f9-47f4-977d-2200a107a013,TeamB,630,0,True
500,5,100,2020-01-23,TeamB-a7126274-c2d2-4f4e-9b67-35d376aefacc,TeamB,500,0,True
720,8,90,2020-02-03,TeamB-a7126274-c2d2-4f4e-9b67-35d376aefacc,TeamB,720,0,True
450,5,90,2020-02-13,TeamB-a7126274-c2d2-4f4e-9b67-35d376aefacc,TeamB,450,0,True
540,6,90,2020-02-23,TeamB-a7126274-c2d2-4f4e-9b67-35d376aefacc,TeamB,540,0,True
810,9,90,2020-02-24,TeamB-a7126274-c2d2-4f4e-9b67-35d376aefacc,TeamB,810,0,True
270,3,90,2020-02-25,TeamB-a7126274-c2d2-4f4e-9b67-35d376aefacc,TeamB,270,0,True
540,6,90,2020-02-26,TeamB-a7126274-c2d2-4f4e-9b67-35d376aefacc,TeamB,540,0,True
720,8,90,2020-02-28,TeamB-a7126274-c2d2-4f4e-9b67-35d376aefacc,TeamB,720,0,True
300,5,60,2020-03-01,TeamB-a7126274-c2d2-4f4e-9b67-35d376aefacc,TeamB,300,0,True
420,6,70,2020-03-02,TeamB-a7126274-c2d2-4f4e-9b67-35d376aefacc,TeamB,420,0,True
300,5,60,2020-03-03,TeamB-a7126274-c2d2-4f4e-9b67-35d376aefacc,TeamB,300,0,True
630,7,90,2020-03-05,TeamB-a7126274-c2d2-4f4e-9b67-35d376aefacc,TeamB,630,0,True
630,7,90,2020-03-06,TeamB-a7126274-c2d2-4f4e-9b67-35d376aefacc,TeamB,630,0,True
540,6,90,2020-03-07,TeamB-a7126274-c2d2-4f4e-9b67-35d376aefacc,TeamB,540,0,True
480,8,60,2020-03-16,TeamB-a7126274-c2d2-4f4e-9b67-35d376aefacc,TeamB,480,0,True
480,8,60,2020-03-18,TeamB-a7126274-c2d2-4f4e-9b67-35d376aefacc,TeamB,480,0,True
480,8,60,2020-03-21,TeamB-a7126274-c2d2-4f4e-9b67-35d376aefacc,TeamB,480,0,True
150,5,30,2020-03-23,TeamB-a7126274-c2d2-4f4e-9b67-35d376aefacc,TeamB,150,0,True
240,8,30,2020-03-24,TeamB-a7126274-c2d2-4f4e-9b67-35d376aefacc,TeamB,240,0,True
240,4,60,2020-03-25,TeamB-a7126274-c2d2-4f4e-9b67-35d376aefacc,TeamB,240,0,True
160,4,40,2020-03-26,TeamB-a7126274-c2d2-4f4e-9b67-35d376aefacc,TeamB,160,0,True
420,6,70,2020-03-28,TeamB-a7126274-c2d2-4f4e-9b67-35d376aefacc,TeamB,420,0,True
420,7,60,2020-03-30,TeamB-a7126274-c2d2-4f4e-9b67-35d376aefacc,TeamB,420,0,True
360,6,60,2020-03-31,TeamB-a7126274-c2d2-4f4e-9b67-35d376aefacc,TeamB,360,0,True
280,7,40,2020-04-01,TeamB-a7126274-c2d2-4f4e-9b67-35d376aefacc,TeamB,280,0,True
350,5,70,2020-04-02,TeamB-a7126274-c2d2-4f4e-9b67-35d376aefacc,TeamB,350,0,True
540,6,90,2020-04-04,TeamB-a7126274-c2d2-4f4e-9b67-35d376aefacc,TeamB,540,0,True
420,6,70,2020-04-10,TeamB-a7126274-c2d2-4f4e-9b67-35d376aefacc,TeamB,420,0,True
240,6,40,2020-04-14,TeamB-a7126274-c2d2-4f4e-9b67-35d376aefacc,TeamB,240,0,True
360,6,60,2020-04-15,TeamB-a7126274-c2d2-4f4e-9b67-35d376aefacc,TeamB,360,0,True
0,0,60,2020-04-16,TeamB-a7126274-c2d2-4f4e-9b67-35d376aefacc,TeamB,0,0,True
250,5,50,2020-04-17,TeamB-a7126274-c2d2-4f4e-9b67-35d376aefacc,TeamB,250,0,True
420,7,60,2020-04-18,TeamB-a7126274-c2d2-4f4e-9b67-35d376aefacc,TeamB,420,0,True
720,6,120,2020-04-20,TeamB-a7126274-c2d2-4f4e-9b67-35d376aefacc,TeamB,720,0,True
420,7,60,2020-04-24,TeamB-a7126274-c2d2-4f4e-9b67-35d376aefacc,TeamB,420,0,True
240,6,40,2020-04-25,TeamB-a7126274-c2d2-4f4e-9b67-35d376aefacc,TeamB,240,0,True
360,6,60,2020-04-26,TeamB-a7126274-c2d2-4f4e-9b67-35d376aefacc,TeamB,360,0,True
200,5,40,2020-04-30,TeamB-a7126274-c2d2-4f4e-9b67-35d376aefacc,TeamB,200,0,True
120,3,40,2020-05-01,TeamB-a7126274-c2d2-4f4e-9b67-35d376aefacc,TeamB,120,0,True
700,10,70,2020-05-02,TeamB-a7126274-c2d2-4f4e-9b67-35d376aefacc,TeamB,700,0,True
700,10,70,2020-05-07,TeamB-a7126274-c2d2-4f4e-9b67-35d376aefacc,TeamB,700,0,True
480,6,80,2020-05-09,TeamB-a7126274-c2d2-4f4e-9b67-35d376aefacc,TeamB,480,0,True
120,3,40,2020-05-11,TeamB-a7126274-c2d2-4f4e-9b67-35d376aefacc,TeamB,120,0,True
420,6,70,2020-05-12,TeamB-a7126274-c2d2-4f4e-9b67-35d376aefacc,TeamB,420,0,True
700,10,70,2020-05-14,TeamB-a7126274-c2d2-4f4e-9b67-35d376aefacc,TeamB,700,0,True
600,6,100,2020-05-18,TeamB-a7126274-c2d2-4f4e-9b67-35d376aefacc,TeamB,600,0,True
770,7,110,2020-05-19,TeamB-a7126274-c2d2-4f4e-9b67-35d376aefacc,TeamB,770,0,True
630,7,90,2020-05-21,TeamB-a7126274-c2d2-4f4e-9b67-35d376aefacc,TeamB,630,0,True
420,6,70,2020-05-22,TeamB-a7126274-c2d2-4f4e-9b67-35d376aefacc,TeamB,420,0,True
350,7,50,2020-05-23,TeamB-a7126274-c2d2-4f4e-9b67-35d376aefacc,TeamB,350,0,True
640,8,80,2020-05-25,TeamB-a7126274-c2d2-4f4e-9b67-35d376aefacc,TeamB,640,0,True
900,9,100,2020-05-26,TeamB-a7126274-c2d2-4f4e-9b67-35d376aefacc,TeamB,900,0,True
720,8,90,2020-05-28,TeamB-a7126274-c2d2-4f4e-9b67-35d376aefacc,TeamB,720,0,True
540,6,90,2020-05-29,TeamB-a7126274-c2d2-4f4e-9b67-35d376aefacc,TeamB,540,0,True
250,5,50,2020-05-30,TeamB-a7126274-c2d2-4f4e-9b67-35d376aefacc,TeamB,250,0,True
700,7,100,2020-06-01,TeamB-a7126274-c2d2-4f4e-9b67-35d376aefacc,TeamB,700,0,True
720,9,80,2020-06-02,TeamB-a7126274-c2d2-4f4e-9b67-35d376aefacc,TeamB,720,0,True
640,8,80,2020-06-04,TeamB-a7126274-c2d2-4f4e-9b67-35d376aefacc,TeamB,640,0,True
900,10,90,2020-06-05,TeamB-a7126274-c2d2-4f4e-9b67-35d376aefacc,TeamB,900,0,True
360,6,60,2020-06-06,TeamB-a7126274-c2d2-4f4e-9b67-35d376aefacc,TeamB,360,0,True
720,9,80,2020-06-08,TeamB-a7126274-c2d2-4f4e-9b67-35d376aefacc,TeamB,720,0,True
30,1,30,2020-06-09,TeamB-a7126274-c2d2-4f4e-9b67-35d376aefacc,TeamB,30,0,True
90,3,30,2020-06-10,TeamB-a7126274-c2d2-4f4e-9b67-35d376aefacc,TeamB,90,0,True
300,5,60,2020-06-11,TeamB-a7126274-c2d2-4f4e-9b67-35d376aefacc,TeamB,300,0,True
160,4,40,2020-06-15,TeamB-a7126274-c2d2-4f4e-9b67-35d376aefacc,TeamB,160,0,True
540,6,90,2020-06-16,TeamB-a7126274-c2d2-4f4e-9b67-35d376aefacc,TeamB,540,0,True
700,7,100,2020-06-17,TeamB-a7126274-c2d2-4f4e-9b67-35d376aefacc,TeamB,700,0,True
630,7,90,2020-06-18,TeamB-a7126274-c2d2-4f4e-9b67-35d376aefacc,TeamB,630,0,True
540,6,90,2020-06-22,TeamB-a7126274-c2d2-4f4e-9b67-35d376aefacc,TeamB,540,0,True
350,7,50,2020-06-23,TeamB-a7126274-c2d2-4f4e-9b67-35d376aefacc,TeamB,350,0,True
350,5,70,2020-06-25,TeamB-a7126274-c2d2-4f4e-9b67-35d376aefacc,TeamB,350,0,True
420,6,70,2020-06-26,TeamB-a7126274-c2d2-4f4e-9b67-35d376aefacc,TeamB,420,0,True
700,10,70,2020-06-27,TeamB-a7126274-c2d2-4f4e-9b67-35d376aefacc,TeamB,700,0,True
160,4,40,2020-06-29,TeamB-a7126274-c2d2-4f4e-9b67-35d376aefacc,TeamB,160,0,True
720,8,90,2020-06-30,TeamB-a7126274-c2d2-4f4e-9b67-35d376aefacc,TeamB,720,0,True
240,4,60,2020-07-02,TeamB-a7126274-c2d2-4f4e-9b67-35d376aefacc,TeamB,240,0,True
800,10,80,2020-07-04,TeamB-a7126274-c2d2-4f4e-9b67-35d376aefacc,TeamB,800,0,True
360,6,60,2020-07-06,TeamB-a7126274-c2d2-4f4e-9b67-35d376aefacc,TeamB,360,0,True
160,4,40,2020-07-08,TeamB-a7126274-c2d2-4f4e-9b67-35d376aefacc,TeamB,160,0,True
150,5,30,2020-07-09,TeamB-a7126274-c2d2-4f4e-9b67-35d376aefacc,TeamB,150,0,True
160,4,40,2020-07-11,TeamB-a7126274-c2d2-4f4e-9b67-35d376aefacc,TeamB,160,0,True
300,5,60,2020-07-11,TeamB-a7126274-c2d2-4f4e-9b67-35d376aefacc,TeamB,300,0,True
200,4,50,2020-07-12,TeamB-a7126274-c2d2-4f4e-9b67-35d376aefacc,TeamB,200,0,True
420,7,60,2020-07-13,TeamB-a7126274-c2d2-4f4e-9b67-35d376aefacc,TeamB,420,0,True
630,7,90,2020-07-14,TeamB-a7126274-c2d2-4f4e-9b67-35d376aefacc,TeamB,630,0,True
420,6,70,2020-07-15,TeamB-a7126274-c2d2-4f4e-9b67-35d376aefacc,TeamB,420,0,True
420,6,70,2020-07-16,TeamB-a7126274-c2d2-4f4e-9b67-35d376aefacc,TeamB,420,0,True
630,7,90,2020-07-17,TeamB-a7126274-c2d2-4f4e-9b67-35d376aefacc,TeamB,630,0,True
270,9,30,2020-07-18,TeamB-a7126274-c2d2-4f4e-9b67-35d376aefacc,TeamB,270,0,True
360,6,60,2020-07-21,TeamB-a7126274-c2d2-4f4e-9b67-35d376aefacc,TeamB,360,0,True
400,5,80,2020-07-22,TeamB-a7126274-c2d2-4f4e-9b67-35d376aefacc,TeamB,400,0,True
420,6,70,2020-07-29,TeamB-a7126274-c2d2-4f4e-9b67-35d376aefacc,TeamB,420,0,True
300,6,50,2020-07-31,TeamB-a7126274-c2d2-4f4e-9b67-35d376aefacc,TeamB,300,0,True
450,5,90,2020-08-02,TeamB-a7126274-c2d2-4f4e-9b67-35d376aefacc,TeamB,450,0,True
420,6,70,2020-08-09,TeamB-a7126274-c2d2-4f4e-9b67-35d376aefacc,TeamB,420,0,True
490,7,70,2020-08-14,TeamB-a7126274-c2d2-4f4e-9b67-35d376aefacc,TeamB,490,0,True
720,8,90,2020-09-21,TeamB-a7126274-c2d2-4f4e-9b67-35d376aefacc,TeamB,720,0,True
720,8,90,2020-09-30,TeamB-a7126274-c2d2-4f4e-9b67-35d376aefacc,TeamB,720,0,True
240,6,40,2020-10-02,TeamB-a7126274-c2d2-4f4e-9b67-35d376aefacc,TeamB,240,0,True
900,10,90,2020-10-02,TeamB-a7126274-c2d2-4f4e-9b67-35d376aefacc,TeamB,900,0,True
720,8,90,2020-10-05,TeamB-a7126274-c2d2-4f4e-9b67-35d376aefacc,TeamB,720,0,True
720,9,80,2020-11-07,TeamB-a7126274-c2d2-4f4e-9b67-35d376aefacc,TeamB,720,0,True
210,7,30,2020-11-11,TeamB-a7126274-c2d2-4f4e-9b67-35d376aefacc,TeamB,210,0,True
990,9,110,2020-11-14,TeamB-a7126274-c2d2-4f4e-9b67-35d376aefacc,TeamB,990,0,True
300,5,60,2020-11-16,TeamB-a7126274-c2d2-4f4e-9b67-35d376aefacc,TeamB,300,0,True
490,7,70,2021-01-14,TeamB-a7126274-c2d2-4f4e-9b67-35d376aefacc,TeamB,490,0,True
810,9,90,2021-01-18,TeamB-a7126274-c2d2-4f4e-9b67-35d376aefacc,TeamB,810,0,True
640,8,80,2021-01-20,TeamB-a7126274-c2d2-4f4e-9b67-35d376aefacc,TeamB,640,0,True
400,8,50,2021-01-21,TeamB-a7126274-c2d2-4f4e-9b67-35d376aefacc,TeamB,400,0,True
240,4,60,2021-01-22,TeamB-a7126274-c2d2-4f4e-9b67-35d376aefacc,TeamB,240,0,True
420,6,70,2020-02-03,TeamB-ab5ec6e5-b0f3-401e-8dc5-aa6c5070e255,TeamB,420,0,True
640,8,80,2020-02-04,TeamB-ab5ec6e5-b0f3-401e-8dc5-aa6c5070e255,TeamB,640,0,True
420,7,60,2020-02-04,TeamB-ab5ec6e5-b0f3-401e-8dc5-aa6c5070e255,TeamB,420,0,True
800,8,100,2020-02-06,TeamB-ab5ec6e5-b0f3-401e-8dc5-aa6c5070e255,TeamB,800,0,True
540,6,90,2020-02-07,TeamB-ab5ec6e5-b0f3-401e-8dc5-aa6c5070e255,TeamB,540,0,True
400,8,50,2020-02-08,TeamB-ab5ec6e5-b0f3-401e-8dc5-aa6c5070e255,TeamB,400,0,True
600,6,100,2020-02-10,TeamB-ab5ec6e5-b0f3-401e-8dc5-aa6c5070e255,TeamB,600,0,True
1000,10,100,2020-02-11,TeamB-ab5ec6e5-b0f3-401e-8dc5-aa6c5070e255,TeamB,1000,0,True
420,7,60,2020-02-11,TeamB-ab5ec6e5-b0f3-401e-8dc5-aa6c5070e255,TeamB,420,0,True
1100,10,110,2020-02-13,TeamB-ab5ec6e5-b0f3-401e-8dc5-aa6c5070e255,TeamB,1100,0,True
350,7,50,2020-02-13,TeamB-ab5ec6e5-b0f3-401e-8dc5-aa6c5070e255,TeamB,350,0,True
360,4,90,2020-02-14,TeamB-ab5ec6e5-b0f3-401e-8dc5-aa6c5070e255,TeamB,360,0,True
800,8,100,2020-02-15,TeamB-ab5ec6e5-b0f3-401e-8dc5-aa6c5070e255,TeamB,800,0,True
630,7,90,2020-02-17,TeamB-ab5ec6e5-b0f3-401e-8dc5-aa6c5070e255,TeamB,630,0,True
630,7,90,2020-02-18,TeamB-ab5ec6e5-b0f3-401e-8dc5-aa6c5070e255,TeamB,630,0,True
630,7,90,2020-02-18,TeamB-ab5ec6e5-b0f3-401e-8dc5-aa6c5070e255,TeamB,630,0,True
540,6,90,2020-02-19,TeamB-ab5ec6e5-b0f3-401e-8dc5-aa6c5070e255,TeamB,540,0,True
1080,9,120,2020-02-20,TeamB-ab5ec6e5-b0f3-401e-8dc5-aa6c5070e255,TeamB,1080,0,True
450,5,90,2020-02-22,TeamB-ab5ec6e5-b0f3-401e-8dc5-aa6c5070e255,TeamB,450,0,True
540,6,90,2020-02-23,TeamB-ab5ec6e5-b0f3-401e-8dc5-aa6c5070e255,TeamB,540,0,True
180,2,90,2020-02-23,TeamB-ab5ec6e5-b0f3-401e-8dc5-aa6c5070e255,TeamB,180,0,True
300,6,50,2020-02-24,TeamB-ab5ec6e5-b0f3-401e-8dc5-aa6c5070e255,TeamB,300,0,True
900,9,100,2020-02-24,TeamB-ab5ec6e5-b0f3-401e-8dc5-aa6c5070e255,TeamB,900,0,True
360,4,90,2020-02-25,TeamB-ab5ec6e5-b0f3-401e-8dc5-aa6c5070e255,TeamB,360,0,True
720,6,120,2020-02-25,TeamB-ab5ec6e5-b0f3-401e-8dc5-aa6c5070e255,TeamB,720,0,True
400,5,80,2020-02-26,TeamB-ab5ec6e5-b0f3-401e-8dc5-aa6c5070e255,TeamB,400,0,True
960,8,120,2020-02-27,TeamB-ab5ec6e5-b0f3-401e-8dc5-aa6c5070e255,TeamB,960,0,True
360,4,90,2020-03-02,TeamB-ab5ec6e5-b0f3-401e-8dc5-aa6c5070e255,TeamB,360,0,True
270,3,90,2020-03-03,TeamB-ab5ec6e5-b0f3-401e-8dc5-aa6c5070e255,TeamB,270,0,True
810,9,90,2020-03-04,TeamB-ab5ec6e5-b0f3-401e-8dc5-aa6c5070e255,TeamB,810,0,True
140,2,70,2020-03-06,TeamB-ab5ec6e5-b0f3-401e-8dc5-aa6c5070e255,TeamB,140,0,True
630,7,90,2020-03-07,TeamB-ab5ec6e5-b0f3-401e-8dc5-aa6c5070e255,TeamB,630,0,True
240,3,80,2020-03-09,TeamB-ab5ec6e5-b0f3-401e-8dc5-aa6c5070e255,TeamB,240,0,True
630,7,90,2020-03-10,TeamB-ab5ec6e5-b0f3-401e-8dc5-aa6c5070e255,TeamB,630,0,True
200,4,50,2020-03-14,TeamB-ab5ec6e5-b0f3-401e-8dc5-aa6c5070e255,TeamB,200,0,True
300,5,60,2020-03-16,TeamB-ab5ec6e5-b0f3-401e-8dc5-aa6c5070e255,TeamB,300,0,True
280,7,40,2020-03-17,TeamB-ab5ec6e5-b0f3-401e-8dc5-aa6c5070e255,TeamB,280,0,True
490,7,70,2020-03-18,TeamB-ab5ec6e5-b0f3-401e-8dc5-aa6c5070e255,TeamB,490,0,True
300,6,50,2020-03-20,TeamB-ab5ec6e5-b0f3-401e-8dc5-aa6c5070e255,TeamB,300,0,True
420,7,60,2020-03-21,TeamB-ab5ec6e5-b0f3-401e-8dc5-aa6c5070e255,TeamB,420,0,True
240,6,40,2020-03-23,TeamB-ab5ec6e5-b0f3-401e-8dc5-aa6c5070e255,TeamB,240,0,True
420,7,60,2020-03-24,TeamB-ab5ec6e5-b0f3-401e-8dc5-aa6c5070e255,TeamB,420,0,True
480,6,80,2020-03-26,TeamB-ab5ec6e5-b0f3-401e-8dc5-aa6c5070e255,TeamB,480,0,True
300,5,60,2020-03-27,TeamB-ab5ec6e5-b0f3-401e-8dc5-aa6c5070e255,TeamB,300,0,True
560,7,80,2020-03-28,TeamB-ab5ec6e5-b0f3-401e-8dc5-aa6c5070e255,TeamB,560,0,True
360,6,60,2020-03-30,TeamB-ab5ec6e5-b0f3-401e-8dc5-aa6c5070e255,TeamB,360,0,True
480,6,80,2020-03-31,TeamB-ab5ec6e5-b0f3-401e-8dc5-aa6c5070e255,TeamB,480,0,True
360,6,60,2020-04-01,TeamB-ab5ec6e5-b0f3-401e-8dc5-aa6c5070e255,TeamB,360,0,True
360,6,60,2020-04-02,TeamB-ab5ec6e5-b0f3-401e-8dc5-aa6c5070e255,TeamB,360,0,True
420,7,60,2020-04-03,TeamB-ab5ec6e5-b0f3-401e-8dc5-aa6c5070e255,TeamB,420,0,True
420,7,60,2020-04-04,TeamB-ab5ec6e5-b0f3-401e-8dc5-aa6c5070e255,TeamB,420,0,True
420,7,60,2020-04-06,TeamB-ab5ec6e5-b0f3-401e-8dc5-aa6c5070e255,TeamB,420,0,True
80,4,20,2020-04-07,TeamB-ab5ec6e5-b0f3-401e-8dc5-aa6c5070e255,TeamB,80,0,True
420,7,60,2020-04-07,TeamB-ab5ec6e5-b0f3-401e-8dc5-aa6c5070e255,TeamB,420,0,True
630,7,90,2020-04-08,TeamB-ab5ec6e5-b0f3-401e-8dc5-aa6c5070e255,TeamB,630,0,True
420,7,60,2020-04-09,TeamB-ab5ec6e5-b0f3-401e-8dc5-aa6c5070e255,TeamB,420,0,True
630,7,90,2020-04-10,TeamB-ab5ec6e5-b0f3-401e-8dc5-aa6c5070e255,TeamB,630,0,True
480,8,60,2020-04-11,TeamB-ab5ec6e5-b0f3-401e-8dc5-aa6c5070e255,TeamB,480,0,True
150,5,30,2020-04-14,TeamB-ab5ec6e5-b0f3-401e-8dc5-aa6c5070e255,TeamB,150,0,True
180,6,30,2020-04-14,TeamB-ab5ec6e5-b0f3-401e-8dc5-aa6c5070e255,TeamB,180,0,True
420,7,60,2020-04-15,TeamB-ab5ec6e5-b0f3-401e-8dc5-aa6c5070e255,TeamB,420,0,True
350,7,50,2020-04-16,TeamB-ab5ec6e5-b0f3-401e-8dc5-aa6c5070e255,TeamB,350,0,True
300,5,60,2020-04-17,TeamB-ab5ec6e5-b0f3-401e-8dc5-aa6c5070e255,TeamB,300,0,True
180,6,30,2020-04-18,TeamB-ab5ec6e5-b0f3-401e-8dc5-aa6c5070e255,TeamB,180,0,True
420,7,60,2020-04-19,TeamB-ab5ec6e5-b0f3-401e-8dc5-aa6c5070e255,TeamB,420,0,True
240,6,40,2020-04-20,TeamB-ab5ec6e5-b0f3-401e-8dc5-aa6c5070e255,TeamB,240,0,True
300,6,50,2020-04-20,TeamB-ab5ec6e5-b0f3-401e-8dc5-aa6c5070e255,TeamB,300,0,True
490,7,70,2020-04-21,TeamB-ab5ec6e5-b0f3-401e-8dc5-aa6c5070e255,TeamB,490,0,True
210,7,30,2020-04-22,TeamB-ab5ec6e5-b0f3-401e-8dc5-aa6c5070e255,TeamB,210,0,True
560,7,80,2020-04-24,TeamB-ab5ec6e5-b0f3-401e-8dc5-aa6c5070e255,TeamB,560,0,True
630,7,90,2020-04-25,TeamB-ab5ec6e5-b0f3-401e-8dc5-aa6c5070e255,TeamB,630,0,True
250,5,50,2020-04-26,TeamB-ab5ec6e5-b0f3-401e-8dc5-aa6c5070e255,TeamB,250,0,True
630,7,90,2020-04-27,TeamB-ab5ec6e5-b0f3-401e-8dc5-aa6c5070e255,TeamB,630,0,True
240,4,60,2020-04-28,TeamB-ab5ec6e5-b0f3-401e-8dc5-aa6c5070e255,TeamB,240,0,True
140,7,20,2020-04-29,TeamB-ab5ec6e5-b0f3-401e-8dc5-aa6c5070e255,TeamB,140,0,True
360,6,60,2020-04-30,TeamB-ab5ec6e5-b0f3-401e-8dc5-aa6c5070e255,TeamB,360,0,True
300,6,50,2020-05-01,TeamB-ab5ec6e5-b0f3-401e-8dc5-aa6c5070e255,TeamB,300,0,True
400,8,50,2020-05-04,TeamB-ab5ec6e5-b0f3-401e-8dc5-aa6c5070e255,TeamB,400,0,True
120,6,20,2020-05-04,TeamB-ab5ec6e5-b0f3-401e-8dc5-aa6c5070e255,TeamB,120,0,True
420,7,60,2020-05-06,TeamB-ab5ec6e5-b0f3-401e-8dc5-aa6c5070e255,TeamB,420,0,True
280,7,40,2020-05-07,TeamB-ab5ec6e5-b0f3-401e-8dc5-aa6c5070e255,TeamB,280,0,True
210,7,30,2020-05-08,TeamB-ab5ec6e5-b0f3-401e-8dc5-aa6c5070e255,TeamB,210,0,True
480,8,60,2020-05-09,TeamB-ab5ec6e5-b0f3-401e-8dc5-aa6c5070e255,TeamB,480,0,True
480,4,120,2020-05-10,TeamB-ab5ec6e5-b0f3-401e-8dc5-aa6c5070e255,TeamB,480,0,True
360,6,60,2020-08-10,TeamB-ab5ec6e5-b0f3-401e-8dc5-aa6c5070e255,TeamB,360,0,True
420,7,60,2020-08-13,TeamB-ab5ec6e5-b0f3-401e-8dc5-aa6c5070e255,TeamB,420,0,True
420,7,60,2020-08-15,TeamB-ab5ec6e5-b0f3-401e-8dc5-aa6c5070e255,TeamB,420,0,True
480,8,60,2020-08-17,TeamB-ab5ec6e5-b0f3-401e-8dc5-aa6c5070e255,TeamB,480,0,True
280,7,40,2020-08-19,TeamB-ab5ec6e5-b0f3-401e-8dc5-aa6c5070e255,TeamB,280,0,True
300,6,50,2020-08-21,TeamB-ab5ec6e5-b0f3-401e-8dc5-aa6c5070e255,TeamB,300,0,True
420,7,60,2020-08-24,TeamB-ab5ec6e5-b0f3-401e-8dc5-aa6c5070e255,TeamB,420,0,True
150,3,50,2020-08-27,TeamB-ab5ec6e5-b0f3-401e-8dc5-aa6c5070e255,TeamB,150,0,True
300,6,50,2020-08-29,TeamB-ab5ec6e5-b0f3-401e-8dc5-aa6c5070e255,TeamB,300,0,True
540,6,90,2020-08-31,TeamB-ab5ec6e5-b0f3-401e-8dc5-aa6c5070e255,TeamB,540,0,True
240,6,40,2020-09-01,TeamB-ab5ec6e5-b0f3-401e-8dc5-aa6c5070e255,TeamB,240,0,True
490,7,70,2020-09-02,TeamB-ab5ec6e5-b0f3-401e-8dc5-aa6c5070e255,TeamB,490,0,True
200,4,50,2020-09-03,TeamB-ab5ec6e5-b0f3-401e-8dc5-aa6c5070e255,TeamB,200,0,True
350,7,50,2020-09-04,TeamB-ab5ec6e5-b0f3-401e-8dc5-aa6c5070e255,TeamB,350,0,True
840,7,120,2020-09-05,TeamB-ab5ec6e5-b0f3-401e-8dc5-aa6c5070e255,TeamB,840,0,True
360,6,60,2020-09-07,TeamB-ab5ec6e5-b0f3-401e-8dc5-aa6c5070e255,TeamB,360,0,True
560,7,80,2020-09-08,TeamB-ab5ec6e5-b0f3-401e-8dc5-aa6c5070e255,TeamB,560,0,True
720,8,90,2020-09-09,TeamB-ab5ec6e5-b0f3-401e-8dc5-aa6c5070e255,TeamB,720,0,True
420,6,70,2020-09-11,TeamB-ab5ec6e5-b0f3-401e-8dc5-aa6c5070e255,TeamB,420,0,True
60,6,10,2020-09-12,TeamB-ab5ec6e5-b0f3-401e-8dc5-aa6c5070e255,TeamB,60,0,True
450,5,90,2020-09-14,TeamB-ab5ec6e5-b0f3-401e-8dc5-aa6c5070e255,TeamB,450,0,True
490,7,70,2020-09-15,TeamB-ab5ec6e5-b0f3-401e-8dc5-aa6c5070e255,TeamB,490,0,True
480,8,60,2020-09-19,TeamB-ab5ec6e5-b0f3-401e-8dc5-aa6c5070e255,TeamB,480,0,True
880,8,110,2020-09-21,TeamB-ab5ec6e5-b0f3-401e-8dc5-aa6c5070e255,TeamB,880,0,True
720,8,90,2020-09-22,TeamB-ab5ec6e5-b0f3-401e-8dc5-aa6c5070e255,TeamB,720,0,True
200,5,40,2020-09-22,TeamB-ab5ec6e5-b0f3-401e-8dc5-aa6c5070e255,TeamB,200,0,True
600,6,100,2020-09-24,TeamB-ab5ec6e5-b0f3-401e-8dc5-aa6c5070e255,TeamB,600,0,True
150,5,30,2020-09-24,TeamB-ab5ec6e5-b0f3-401e-8dc5-aa6c5070e255,TeamB,150,0,True
280,4,70,2020-09-26,TeamB-ab5ec6e5-b0f3-401e-8dc5-aa6c5070e255,TeamB,280,0,True
210,7,30,2020-09-27,TeamB-ab5ec6e5-b0f3-401e-8dc5-aa6c5070e255,TeamB,210,0,True
360,6,60,2020-09-29,TeamB-ab5ec6e5-b0f3-401e-8dc5-aa6c5070e255,TeamB,360,0,True
280,4,70,2020-09-29,TeamB-ab5ec6e5-b0f3-401e-8dc5-aa6c5070e255,TeamB,280,0,True
960,8,120,2020-09-30,TeamB-ab5ec6e5-b0f3-401e-8dc5-aa6c5070e255,TeamB,960,0,True
360,6,60,2020-10-01,TeamB-ab5ec6e5-b0f3-401e-8dc5-aa6c5070e255,TeamB,360,0,True
360,6,60,2020-10-02,TeamB-ab5ec6e5-b0f3-401e-8dc5-aa6c5070e255,TeamB,360,0,True
700,7,100,2020-10-05,TeamB-ab5ec6e5-b0f3-401e-8dc5-aa6c5070e255,TeamB,700,0,True
420,6,70,2020-10-06,TeamB-ab5ec6e5-b0f3-401e-8dc5-aa6c5070e255,TeamB,420,0,True
420,7,60,2020-10-07,TeamB-ab5ec6e5-b0f3-401e-8dc5-aa6c5070e255,TeamB,420,0,True
300,6,50,2020-10-08,TeamB-ab5ec6e5-b0f3-401e-8dc5-aa6c5070e255,TeamB,300,0,True
540,6,90,2020-10-10,TeamB-ab5ec6e5-b0f3-401e-8dc5-aa6c5070e255,TeamB,540,0,True
360,6,60,2020-10-10,TeamB-ab5ec6e5-b0f3-401e-8dc5-aa6c5070e255,TeamB,360,0,True
540,6,90,2020-10-11,TeamB-ab5ec6e5-b0f3-401e-8dc5-aa6c5070e255,TeamB,540,0,True
540,6,90,2020-10-13,TeamB-ab5ec6e5-b0f3-401e-8dc5-aa6c5070e255,TeamB,540,0,True
240,6,40,2020-10-13,TeamB-ab5ec6e5-b0f3-401e-8dc5-aa6c5070e255,TeamB,240,0,True
250,5,50,2020-10-14,TeamB-ab5ec6e5-b0f3-401e-8dc5-aa6c5070e255,TeamB,250,0,True
180,6,30,2020-10-16,TeamB-ab5ec6e5-b0f3-401e-8dc5-aa6c5070e255,TeamB,180,0,True
80,4,20,2020-10-16,TeamB-ab5ec6e5-b0f3-401e-8dc5-aa6c5070e255,TeamB,80,0,True
480,8,60,2020-10-17,TeamB-ab5ec6e5-b0f3-401e-8dc5-aa6c5070e255,TeamB,480,0,True
540,6,90,2020-10-18,TeamB-ab5ec6e5-b0f3-401e-8dc5-aa6c5070e255,TeamB,540,0,True
480,6,80,2020-10-20,TeamB-ab5ec6e5-b0f3-401e-8dc5-aa6c5070e255,TeamB,480,0,True
420,6,70,2020-10-21,TeamB-ab5ec6e5-b0f3-401e-8dc5-aa6c5070e255,TeamB,420,0,True
880,8,110,2020-10-22,TeamB-ab5ec6e5-b0f3-401e-8dc5-aa6c5070e255,TeamB,880,0,True
300,5,60,2020-10-23,TeamB-ab5ec6e5-b0f3-401e-8dc5-aa6c5070e255,TeamB,300,0,True
630,7,90,2020-10-26,TeamB-ab5ec6e5-b0f3-401e-8dc5-aa6c5070e255,TeamB,630,0,True
360,6,60,2020-10-27,TeamB-ab5ec6e5-b0f3-401e-8dc5-aa6c5070e255,TeamB,360,0,True
880,8,110,2020-10-27,TeamB-ab5ec6e5-b0f3-401e-8dc5-aa6c5070e255,TeamB,880,0,True
720,8,90,2020-10-29,TeamB-ab5ec6e5-b0f3-401e-8dc5-aa6c5070e255,TeamB,720,0,True
560,7,80,2020-10-30,TeamB-ab5ec6e5-b0f3-401e-8dc5-aa6c5070e255,TeamB,560,0,True
300,5,60,2020-10-31,TeamB-ab5ec6e5-b0f3-401e-8dc5-aa6c5070e255,TeamB,300,0,True
70,7,10,2020-11-01,TeamB-ab5ec6e5-b0f3-401e-8dc5-aa6c5070e255,TeamB,70,0,True
360,6,60,2020-11-02,TeamB-ab5ec6e5-b0f3-401e-8dc5-aa6c5070e255,TeamB,360,0,True
280,4,70,2020-11-03,TeamB-ab5ec6e5-b0f3-401e-8dc5-aa6c5070e255,TeamB,280,0,True
630,7,90,2020-11-04,TeamB-ab5ec6e5-b0f3-401e-8dc5-aa6c5070e255,TeamB,630,0,True
180,3,60,2020-11-05,TeamB-ab5ec6e5-b0f3-401e-8dc5-aa6c5070e255,TeamB,180,0,True
300,5,60,2020-11-06,TeamB-ab5ec6e5-b0f3-401e-8dc5-aa6c5070e255,TeamB,300,0,True
630,7,90,2020-11-09,TeamB-ab5ec6e5-b0f3-401e-8dc5-aa6c5070e255,TeamB,630,0,True
360,6,60,2020-11-10,TeamB-ab5ec6e5-b0f3-401e-8dc5-aa6c5070e255,TeamB,360,0,True
630,7,90,2020-11-11,TeamB-ab5ec6e5-b0f3-401e-8dc5-aa6c5070e255,TeamB,630,0,True
120,2,60,2020-11-12,TeamB-ab5ec6e5-b0f3-401e-8dc5-aa6c5070e255,TeamB,120,0,True
360,6,60,2020-11-13,TeamB-ab5ec6e5-b0f3-401e-8dc5-aa6c5070e255,TeamB,360,0,True
880,8,110,2020-11-14,TeamB-ab5ec6e5-b0f3-401e-8dc5-aa6c5070e255,TeamB,880,0,True
360,6,60,2020-11-15,TeamB-ab5ec6e5-b0f3-401e-8dc5-aa6c5070e255,TeamB,360,0,True
60,3,20,2020-11-16,TeamB-ab5ec6e5-b0f3-401e-8dc5-aa6c5070e255,TeamB,60,0,True
300,5,60,2020-11-18,TeamB-ab5ec6e5-b0f3-401e-8dc5-aa6c5070e255,TeamB,300,0,True
210,7,30,2020-11-19,TeamB-ab5ec6e5-b0f3-401e-8dc5-aa6c5070e255,TeamB,210,0,True
360,6,60,2020-11-21,TeamB-ab5ec6e5-b0f3-401e-8dc5-aa6c5070e255,TeamB,360,0,True
180,6,30,2020-11-22,TeamB-ab5ec6e5-b0f3-401e-8dc5-aa6c5070e255,TeamB,180,0,True
250,5,50,2020-11-23,TeamB-ab5ec6e5-b0f3-401e-8dc5-aa6c5070e255,TeamB,250,0,True
1000,10,100,2020-11-26,TeamB-ab5ec6e5-b0f3-401e-8dc5-aa6c5070e255,TeamB,1000,0,True
180,6,30,2020-11-28,TeamB-ab5ec6e5-b0f3-401e-8dc5-aa6c5070e255,TeamB,180,0,True
540,6,90,2020-11-30,TeamB-ab5ec6e5-b0f3-401e-8dc5-aa6c5070e255,TeamB,540,0,True
360,6,60,2020-12-02,TeamB-ab5ec6e5-b0f3-401e-8dc5-aa6c5070e255,TeamB,360,0,True
630,7,90,2020-12-04,TeamB-ab5ec6e5-b0f3-401e-8dc5-aa6c5070e255,TeamB,630,0,True
420,6,70,2020-12-05,TeamB-ab5ec6e5-b0f3-401e-8dc5-aa6c5070e255,TeamB,420,0,True
360,6,60,2020-12-09,TeamB-ab5ec6e5-b0f3-401e-8dc5-aa6c5070e255,TeamB,360,0,True
360,6,60,2020-12-12,TeamB-ab5ec6e5-b0f3-401e-8dc5-aa6c5070e255,TeamB,360,0,True
900,9,100,2020-12-13,TeamB-ab5ec6e5-b0f3-401e-8dc5-aa6c5070e255,TeamB,900,0,True
480,8,60,2021-01-11,TeamB-ab5ec6e5-b0f3-401e-8dc5-aa6c5070e255,TeamB,480,0,True
540,6,90,2021-01-12,TeamB-ab5ec6e5-b0f3-401e-8dc5-aa6c5070e255,TeamB,540,0,True
560,8,70,2021-01-12,TeamB-ab5ec6e5-b0f3-401e-8dc5-aa6c5070e255,TeamB,560,0,True
420,7,60,2021-01-14,TeamB-ab5ec6e5-b0f3-401e-8dc5-aa6c5070e255,TeamB,420,0,True
720,8,90,2021-01-15,TeamB-ab5ec6e5-b0f3-401e-8dc5-aa6c5070e255,TeamB,720,0,True
240,6,40,2021-01-15,TeamB-ab5ec6e5-b0f3-401e-8dc5-aa6c5070e255,TeamB,240,0,True
300,5,60,2021-01-17,TeamB-ab5ec6e5-b0f3-401e-8dc5-aa6c5070e255,TeamB,300,0,True
800,8,100,2021-01-18,TeamB-ab5ec6e5-b0f3-401e-8dc5-aa6c5070e255,TeamB,800,0,True
630,7,90,2021-01-18,TeamB-ab5ec6e5-b0f3-401e-8dc5-aa6c5070e255,TeamB,630,0,True
540,6,90,2021-01-20,TeamB-ab5ec6e5-b0f3-401e-8dc5-aa6c5070e255,TeamB,540,0,True
420,7,60,2021-01-21,TeamB-ab5ec6e5-b0f3-401e-8dc5-aa6c5070e255,TeamB,420,0,True
450,5,90,2021-01-22,TeamB-ab5ec6e5-b0f3-401e-8dc5-aa6c5070e255,TeamB,450,0,True
320,8,40,2021-01-24,TeamB-ab5ec6e5-b0f3-401e-8dc5-aa6c5070e255,TeamB,320,0,True
360,6,60,2021-01-24,TeamB-ab5ec6e5-b0f3-401e-8dc5-aa6c5070e255,TeamB,360,0,True
360,6,60,2021-01-25,TeamB-ab5ec6e5-b0f3-401e-8dc5-aa6c5070e255,TeamB,360,0,True
480,8,60,2021-01-26,TeamB-ab5ec6e5-b0f3-401e-8dc5-aa6c5070e255,TeamB,480,0,True
360,6,60,2021-01-28,TeamB-ab5ec6e5-b0f3-401e-8dc5-aa6c5070e255,TeamB,360,0,True
360,6,60,2021-01-28,TeamB-ab5ec6e5-b0f3-401e-8dc5-aa6c5070e255,TeamB,360,0,True
480,8,60,2021-01-29,TeamB-ab5ec6e5-b0f3-401e-8dc5-aa6c5070e255,TeamB,480,0,True
350,7,50,2021-01-29,TeamB-ab5ec6e5-b0f3-401e-8dc5-aa6c5070e255,TeamB,350,0,True
360,6,60,2021-01-30,TeamB-ab5ec6e5-b0f3-401e-8dc5-aa6c5070e255,TeamB,360,0,True
700,7,100,2021-02-01,TeamB-ab5ec6e5-b0f3-401e-8dc5-aa6c5070e255,TeamB,700,0,True
600,6,100,2021-02-02,TeamB-ab5ec6e5-b0f3-401e-8dc5-aa6c5070e255,TeamB,600,0,True
150,3,50,2021-02-03,TeamB-ab5ec6e5-b0f3-401e-8dc5-aa6c5070e255,TeamB,150,0,True
560,8,70,2021-02-04,TeamB-ab5ec6e5-b0f3-401e-8dc5-aa6c5070e255,TeamB,560,0,True
180,3,60,2021-02-05,TeamB-ab5ec6e5-b0f3-401e-8dc5-aa6c5070e255,TeamB,180,0,True
700,7,100,2021-02-07,TeamB-ab5ec6e5-b0f3-401e-8dc5-aa6c5070e255,TeamB,700,0,True
540,6,90,2021-02-08,TeamB-ab5ec6e5-b0f3-401e-8dc5-aa6c5070e255,TeamB,540,0,True
360,6,60,2021-02-10,TeamB-ab5ec6e5-b0f3-401e-8dc5-aa6c5070e255,TeamB,360,0,True
560,8,70,2021-02-11,TeamB-ab5ec6e5-b0f3-401e-8dc5-aa6c5070e255,TeamB,560,0,True
360,6,60,2021-02-16,TeamB-ab5ec6e5-b0f3-401e-8dc5-aa6c5070e255,TeamB,360,0,True
360,6,60,2021-02-18,TeamB-ab5ec6e5-b0f3-401e-8dc5-aa6c5070e255,TeamB,360,0,True
180,3,60,2021-02-20,TeamB-ab5ec6e5-b0f3-401e-8dc5-aa6c5070e255,TeamB,180,0,True
560,8,70,2021-02-21,TeamB-ab5ec6e5-b0f3-401e-8dc5-aa6c5070e255,TeamB,560,0,True
720,9,80,2021-02-22,TeamB-ab5ec6e5-b0f3-401e-8dc5-aa6c5070e255,TeamB,720,0,True
300,5,60,2021-02-24,TeamB-ab5ec6e5-b0f3-401e-8dc5-aa6c5070e255,TeamB,300,0,True
400,8,50,2021-02-24,TeamB-ab5ec6e5-b0f3-401e-8dc5-aa6c5070e255,TeamB,400,0,True
200,5,40,2021-02-25,TeamB-ab5ec6e5-b0f3-401e-8dc5-aa6c5070e255,TeamB,200,0,True
420,7,60,2021-02-26,TeamB-ab5ec6e5-b0f3-401e-8dc5-aa6c5070e255,TeamB,420,0,True
300,5,60,2021-03-01,TeamB-ab5ec6e5-b0f3-401e-8dc5-aa6c5070e255,TeamB,300,0,True
300,5,60,2021-03-01,TeamB-ab5ec6e5-b0f3-401e-8dc5-aa6c5070e255,TeamB,300,0,True
420,7,60,2021-03-02,TeamB-ab5ec6e5-b0f3-401e-8dc5-aa6c5070e255,TeamB,420,0,True
420,7,60,2021-03-04,TeamB-ab5ec6e5-b0f3-401e-8dc5-aa6c5070e255,TeamB,420,0,True
360,6,60,2021-03-04,TeamB-ab5ec6e5-b0f3-401e-8dc5-aa6c5070e255,TeamB,360,0,True
560,7,80,2021-03-05,TeamB-ab5ec6e5-b0f3-401e-8dc5-aa6c5070e255,TeamB,560,0,True
560,7,80,2021-03-06,TeamB-ab5ec6e5-b0f3-401e-8dc5-aa6c5070e255,TeamB,560,0,True
240,6,40,2021-03-06,TeamB-ab5ec6e5-b0f3-401e-8dc5-aa6c5070e255,TeamB,240,0,True
360,6,60,2021-03-08,TeamB-ab5ec6e5-b0f3-401e-8dc5-aa6c5070e255,TeamB,360,0,True
630,7,90,2021-03-08,TeamB-ab5ec6e5-b0f3-401e-8dc5-aa6c5070e255,TeamB,630,0,True
350,5,70,2021-03-09,TeamB-ab5ec6e5-b0f3-401e-8dc5-aa6c5070e255,TeamB,350,0,True
720,8,90,2021-03-11,TeamB-ab5ec6e5-b0f3-401e-8dc5-aa6c5070e255,TeamB,720,0,True
720,8,90,2021-03-12,TeamB-ab5ec6e5-b0f3-401e-8dc5-aa6c5070e255,TeamB,720,0,True
450,5,90,2021-03-13,TeamB-ab5ec6e5-b0f3-401e-8dc5-aa6c5070e255,TeamB,450,0,True
360,6,60,2021-03-13,TeamB-ab5ec6e5-b0f3-401e-8dc5-aa6c5070e255,TeamB,360,0,True
560,7,80,2021-03-15,TeamB-ab5ec6e5-b0f3-401e-8dc5-aa6c5070e255,TeamB,560,0,True
720,8,90,2021-03-15,TeamB-ab5ec6e5-b0f3-401e-8dc5-aa6c5070e255,TeamB,720,0,True
540,6,90,2021-03-16,TeamB-ab5ec6e5-b0f3-401e-8dc5-aa6c5070e255,TeamB,540,0,True
420,6,70,2021-03-18,TeamB-ab5ec6e5-b0f3-401e-8dc5-aa6c5070e255,TeamB,420,0,True
700,7,100,2021-03-18,TeamB-ab5ec6e5-b0f3-401e-8dc5-aa6c5070e255,TeamB,700,0,True
450,5,90,2021-03-19,TeamB-ab5ec6e5-b0f3-401e-8dc5-aa6c5070e255,TeamB,450,0,True
700,7,100,2021-03-22,TeamB-ab5ec6e5-b0f3-401e-8dc5-aa6c5070e255,TeamB,700,0,True
840,7,120,2021-03-23,TeamB-ab5ec6e5-b0f3-401e-8dc5-aa6c5070e255,TeamB,840,0,True
960,8,120,2021-03-25,TeamB-ab5ec6e5-b0f3-401e-8dc5-aa6c5070e255,TeamB,960,0,True
500,5,100,2021-03-26,TeamB-ab5ec6e5-b0f3-401e-8dc5-aa6c5070e255,TeamB,500,0,True
720,6,120,2021-03-27,TeamB-ab5ec6e5-b0f3-401e-8dc5-aa6c5070e255,TeamB,720,0,True
720,6,120,2021-03-29,TeamB-ab5ec6e5-b0f3-401e-8dc5-aa6c5070e255,TeamB,720,0,True
600,5,120,2021-03-30,TeamB-ab5ec6e5-b0f3-401e-8dc5-aa6c5070e255,TeamB,600,0,True
960,8,120,2021-04-06,TeamB-ab5ec6e5-b0f3-401e-8dc5-aa6c5070e255,TeamB,960,0,True
150,5,30,2021-04-06,TeamB-ab5ec6e5-b0f3-401e-8dc5-aa6c5070e255,TeamB,150,0,True
600,6,100,2021-04-08,TeamB-ab5ec6e5-b0f3-401e-8dc5-aa6c5070e255,TeamB,600,0,True
480,6,80,2021-04-09,TeamB-ab5ec6e5-b0f3-401e-8dc5-aa6c5070e255,TeamB,480,0,True
840,7,120,2021-04-10,TeamB-ab5ec6e5-b0f3-401e-8dc5-aa6c5070e255,TeamB,840,0,True
840,7,120,2021-04-12,TeamB-ab5ec6e5-b0f3-401e-8dc5-aa6c5070e255,TeamB,840,0,True
700,7,100,2021-04-13,TeamB-ab5ec6e5-b0f3-401e-8dc5-aa6c5070e255,TeamB,700,0,True
500,5,100,2021-04-15,TeamB-ab5ec6e5-b0f3-401e-8dc5-aa6c5070e255,TeamB,500,0,True
540,6,90,2021-04-16,TeamB-ab5ec6e5-b0f3-401e-8dc5-aa6c5070e255,TeamB,540,0,True
540,6,90,2021-04-17,TeamB-ab5ec6e5-b0f3-401e-8dc5-aa6c5070e255,TeamB,540,0,True
320,4,80,2021-04-19,TeamB-ab5ec6e5-b0f3-401e-8dc5-aa6c5070e255,TeamB,320,0,True
200,5,40,2021-04-20,TeamB-ab5ec6e5-b0f3-401e-8dc5-aa6c5070e255,TeamB,200,0,True
560,7,80,2021-04-26,TeamB-ab5ec6e5-b0f3-401e-8dc5-aa6c5070e255,TeamB,560,0,True
420,7,60,2021-04-27,TeamB-ab5ec6e5-b0f3-401e-8dc5-aa6c5070e255,TeamB,420,0,True
420,6,70,2021-04-28,TeamB-ab5ec6e5-b0f3-401e-8dc5-aa6c5070e255,TeamB,420,0,True
560,7,80,2021-04-29,TeamB-ab5ec6e5-b0f3-401e-8dc5-aa6c5070e255,TeamB,560,0,True
240,4,60,2021-04-30,TeamB-ab5ec6e5-b0f3-401e-8dc5-aa6c5070e255,TeamB,240,0,True
500,5,100,2021-05-03,TeamB-ab5ec6e5-b0f3-401e-8dc5-aa6c5070e255,TeamB,500,0,True
480,6,80,2021-05-04,TeamB-ab5ec6e5-b0f3-401e-8dc5-aa6c5070e255,TeamB,480,0,True
600,6,100,2021-05-05,TeamB-ab5ec6e5-b0f3-401e-8dc5-aa6c5070e255,TeamB,600,0,True
200,4,50,2021-05-06,TeamB-ab5ec6e5-b0f3-401e-8dc5-aa6c5070e255,TeamB,200,0,True
300,5,60,2021-05-07,TeamB-ab5ec6e5-b0f3-401e-8dc5-aa6c5070e255,TeamB,300,0,True
350,7,50,2021-05-08,TeamB-ab5ec6e5-b0f3-401e-8dc5-aa6c5070e255,TeamB,350,0,True
630,7,90,2021-05-11,TeamB-ab5ec6e5-b0f3-401e-8dc5-aa6c5070e255,TeamB,630,0,True
400,5,80,2021-05-12,TeamB-ab5ec6e5-b0f3-401e-8dc5-aa6c5070e255,TeamB,400,0,True
480,6,80,2021-05-14,TeamB-ab5ec6e5-b0f3-401e-8dc5-aa6c5070e255,TeamB,480,0,True
300,5,60,2021-05-15,TeamB-ab5ec6e5-b0f3-401e-8dc5-aa6c5070e255,TeamB,300,0,True
210,7,30,2021-05-16,TeamB-ab5ec6e5-b0f3-401e-8dc5-aa6c5070e255,TeamB,210,0,True
630,7,90,2021-05-18,TeamB-ab5ec6e5-b0f3-401e-8dc5-aa6c5070e255,TeamB,630,0,True
880,8,110,2021-05-19,TeamB-ab5ec6e5-b0f3-401e-8dc5-aa6c5070e255,TeamB,880,0,True
360,6,60,2021-05-24,TeamB-ab5ec6e5-b0f3-401e-8dc5-aa6c5070e255,TeamB,360,0,True
300,5,60,2021-05-25,TeamB-ab5ec6e5-b0f3-401e-8dc5-aa6c5070e255,TeamB,300,0,True
720,6,120,2021-05-26,TeamB-ab5ec6e5-b0f3-401e-8dc5-aa6c5070e255,TeamB,720,0,True
480,6,80,2021-05-28,TeamB-ab5ec6e5-b0f3-401e-8dc5-aa6c5070e255,TeamB,480,0,True
350,7,50,2021-05-29,TeamB-ab5ec6e5-b0f3-401e-8dc5-aa6c5070e255,TeamB,350,0,True
420,7,60,2021-05-31,TeamB-ab5ec6e5-b0f3-401e-8dc5-aa6c5070e255,TeamB,420,0,True
300,5,60,2021-05-31,TeamB-ab5ec6e5-b0f3-401e-8dc5-aa6c5070e255,TeamB,300,0,True
800,8,100,2021-06-01,TeamB-ab5ec6e5-b0f3-401e-8dc5-aa6c5070e255,TeamB,800,0,True
840,7,120,2021-06-02,TeamB-ab5ec6e5-b0f3-401e-8dc5-aa6c5070e255,TeamB,840,0,True
360,6,60,2021-06-02,TeamB-ab5ec6e5-b0f3-401e-8dc5-aa6c5070e255,TeamB,360,0,True
480,6,80,2021-06-04,TeamB-ab5ec6e5-b0f3-401e-8dc5-aa6c5070e255,TeamB,480,0,True
490,7,70,2021-06-05,TeamB-ab5ec6e5-b0f3-401e-8dc5-aa6c5070e255,TeamB,490,0,True
420,6,70,2021-06-07,TeamB-ab5ec6e5-b0f3-401e-8dc5-aa6c5070e255,TeamB,420,0,True
450,5,90,2021-06-07,TeamB-ab5ec6e5-b0f3-401e-8dc5-aa6c5070e255,TeamB,450,0,True
640,8,80,2021-06-08,TeamB-ab5ec6e5-b0f3-401e-8dc5-aa6c5070e255,TeamB,640,0,True
400,5,80,2021-06-09,TeamB-ab5ec6e5-b0f3-401e-8dc5-aa6c5070e255,TeamB,400,0,True
420,6,70,2021-06-14,TeamB-ab5ec6e5-b0f3-401e-8dc5-aa6c5070e255,TeamB,420,0,True
420,6,70,2021-06-14,TeamB-ab5ec6e5-b0f3-401e-8dc5-aa6c5070e255,TeamB,420,0,True
800,8,100,2021-06-15,TeamB-ab5ec6e5-b0f3-401e-8dc5-aa6c5070e255,TeamB,800,0,True
280,7,40,2021-06-16,TeamB-ab5ec6e5-b0f3-401e-8dc5-aa6c5070e255,TeamB,280,0,True
320,8,40,2021-06-17,TeamB-ab5ec6e5-b0f3-401e-8dc5-aa6c5070e255,TeamB,320,0,True
720,8,90,2021-06-17,TeamB-ab5ec6e5-b0f3-401e-8dc5-aa6c5070e255,TeamB,720,0,True
540,6,90,2021-06-18,TeamB-ab5ec6e5-b0f3-401e-8dc5-aa6c5070e255,TeamB,540,0,True
300,5,60,2021-06-18,TeamB-ab5ec6e5-b0f3-401e-8dc5-aa6c5070e255,TeamB,300,0,True
770,7,110,2021-06-20,TeamB-ab5ec6e5-b0f3-401e-8dc5-aa6c5070e255,TeamB,770,0,True
400,5,80,2021-06-21,TeamB-ab5ec6e5-b0f3-401e-8dc5-aa6c5070e255,TeamB,400,0,True
420,7,60,2021-06-22,TeamB-ab5ec6e5-b0f3-401e-8dc5-aa6c5070e255,TeamB,420,0,True
90,3,30,2021-06-23,TeamB-ab5ec6e5-b0f3-401e-8dc5-aa6c5070e255,TeamB,90,0,True
300,5,60,2021-06-25,TeamB-ab5ec6e5-b0f3-401e-8dc5-aa6c5070e255,TeamB,300,0,True
630,7,90,2021-06-26,TeamB-ab5ec6e5-b0f3-401e-8dc5-aa6c5070e255,TeamB,630,0,True
80,2,40,2021-06-27,TeamB-ab5ec6e5-b0f3-401e-8dc5-aa6c5070e255,TeamB,80,0,True
350,5,70,2021-06-29,TeamB-ab5ec6e5-b0f3-401e-8dc5-aa6c5070e255,TeamB,350,0,True
560,7,80,2021-06-30,TeamB-ab5ec6e5-b0f3-401e-8dc5-aa6c5070e255,TeamB,560,0,True
120,3,40,2021-07-01,TeamB-ab5ec6e5-b0f3-401e-8dc5-aa6c5070e255,TeamB,120,0,True
420,6,70,2021-07-03,TeamB-ab5ec6e5-b0f3-401e-8dc5-aa6c5070e255,TeamB,420,0,True
630,7,90,2021-07-04,TeamB-ab5ec6e5-b0f3-401e-8dc5-aa6c5070e255,TeamB,630,0,True
40,2,20,2021-08-01,TeamB-ab5ec6e5-b0f3-401e-8dc5-aa6c5070e255,TeamB,40,0,True
240,4,60,2021-08-06,TeamB-ab5ec6e5-b0f3-401e-8dc5-aa6c5070e255,TeamB,240,0,True
60,3,20,2021-08-08,TeamB-ab5ec6e5-b0f3-401e-8dc5-aa6c5070e255,TeamB,60,0,True
540,6,90,2021-08-08,TeamB-ab5ec6e5-b0f3-401e-8dc5-aa6c5070e255,TeamB,540,0,True
240,4,60,2021-08-18,TeamB-ab5ec6e5-b0f3-401e-8dc5-aa6c5070e255,TeamB,240,0,True
360,6,60,2021-08-19,TeamB-ab5ec6e5-b0f3-401e-8dc5-aa6c5070e255,TeamB,360,0,True
400,5,80,2021-08-23,TeamB-ab5ec6e5-b0f3-401e-8dc5-aa6c5070e255,TeamB,400,0,True
20,2,10,2021-08-23,TeamB-ab5ec6e5-b0f3-401e-8dc5-aa6c5070e255,TeamB,20,0,True
300,6,50,2021-08-24,TeamB-ab5ec6e5-b0f3-401e-8dc5-aa6c5070e255,TeamB,300,0,True
320,4,80,2021-08-27,TeamB-ab5ec6e5-b0f3-401e-8dc5-aa6c5070e255,TeamB,320,0,True
420,7,60,2021-08-29,TeamB-ab5ec6e5-b0f3-401e-8dc5-aa6c5070e255,TeamB,420,0,True
240,4,60,2021-08-30,TeamB-ab5ec6e5-b0f3-401e-8dc5-aa6c5070e255,TeamB,240,0,True
480,6,80,2021-08-31,TeamB-ab5ec6e5-b0f3-401e-8dc5-aa6c5070e255,TeamB,480,0,True
180,6,30,2021-09-01,TeamB-ab5ec6e5-b0f3-401e-8dc5-aa6c5070e255,TeamB,180,0,True
420,6,70,2021-09-03,TeamB-ab5ec6e5-b0f3-401e-8dc5-aa6c5070e255,TeamB,420,0,True
420,7,60,2021-09-04,TeamB-ab5ec6e5-b0f3-401e-8dc5-aa6c5070e255,TeamB,420,0,True
80,2,40,2021-09-05,TeamB-ab5ec6e5-b0f3-401e-8dc5-aa6c5070e255,TeamB,80,0,True
360,6,60,2021-09-07,TeamB-ab5ec6e5-b0f3-401e-8dc5-aa6c5070e255,TeamB,360,0,True
140,7,20,2021-09-08,TeamB-ab5ec6e5-b0f3-401e-8dc5-aa6c5070e255,TeamB,140,0,True
300,5,60,2021-09-10,TeamB-ab5ec6e5-b0f3-401e-8dc5-aa6c5070e255,TeamB,300,0,True
630,7,90,2021-09-16,TeamB-ab5ec6e5-b0f3-401e-8dc5-aa6c5070e255,TeamB,630,0,True
560,8,70,2021-09-17,TeamB-ab5ec6e5-b0f3-401e-8dc5-aa6c5070e255,TeamB,560,0,True
660,6,110,2021-09-22,TeamB-ab5ec6e5-b0f3-401e-8dc5-aa6c5070e255,TeamB,660,0,True
840,7,120,2021-09-22,TeamB-ab5ec6e5-b0f3-401e-8dc5-aa6c5070e255,TeamB,840,0,True
420,6,70,2021-09-25,TeamB-ab5ec6e5-b0f3-401e-8dc5-aa6c5070e255,TeamB,420,0,True
720,8,90,2021-09-26,TeamB-ab5ec6e5-b0f3-401e-8dc5-aa6c5070e255,TeamB,720,0,True
360,6,60,2021-09-29,TeamB-ab5ec6e5-b0f3-401e-8dc5-aa6c5070e255,TeamB,360,0,True
720,6,120,2021-09-29,TeamB-ab5ec6e5-b0f3-401e-8dc5-aa6c5070e255,TeamB,720,0,True
630,7,90,2021-10-03,TeamB-ab5ec6e5-b0f3-401e-8dc5-aa6c5070e255,TeamB,630,0,True
770,7,110,2021-10-05,TeamB-ab5ec6e5-b0f3-401e-8dc5-aa6c5070e255,TeamB,770,0,True
300,5,60,2021-10-05,TeamB-ab5ec6e5-b0f3-401e-8dc5-aa6c5070e255,TeamB,300,0,True
600,6,100,2021-10-06,TeamB-ab5ec6e5-b0f3-401e-8dc5-aa6c5070e255,TeamB,600,0,True
360,4,90,2021-10-08,TeamB-ab5ec6e5-b0f3-401e-8dc5-aa6c5070e255,TeamB,360,0,True
360,4,90,2021-10-10,TeamB-ab5ec6e5-b0f3-401e-8dc5-aa6c5070e255,TeamB,360,0,True
500,5,100,2021-10-16,TeamB-ab5ec6e5-b0f3-401e-8dc5-aa6c5070e255,TeamB,500,0,True
720,8,90,2020-02-20,TeamB-ab691983-3544-4a0e-8f70-db44d85cb907,TeamB,720,0,True
400,5,80,2020-02-22,TeamB-ab691983-3544-4a0e-8f70-db44d85cb907,TeamB,400,0,True
360,4,90,2020-02-23,TeamB-ab691983-3544-4a0e-8f70-db44d85cb907,TeamB,360,0,True
800,8,100,2020-02-24,TeamB-ab691983-3544-4a0e-8f70-db44d85cb907,TeamB,800,0,True
180,3,60,2020-02-24,TeamB-ab691983-3544-4a0e-8f70-db44d85cb907,TeamB,180,0,True
330,3,110,2020-02-25,TeamB-ab691983-3544-4a0e-8f70-db44d85cb907,TeamB,330,0,True
180,2,90,2020-02-25,TeamB-ab691983-3544-4a0e-8f70-db44d85cb907,TeamB,180,0,True
320,4,80,2020-02-26,TeamB-ab691983-3544-4a0e-8f70-db44d85cb907,TeamB,320,0,True
120,2,60,2020-02-29,TeamB-ab691983-3544-4a0e-8f70-db44d85cb907,TeamB,120,0,True
420,7,60,2020-03-02,TeamB-ab691983-3544-4a0e-8f70-db44d85cb907,TeamB,420,0,True
500,5,100,2020-03-03,TeamB-ab691983-3544-4a0e-8f70-db44d85cb907,TeamB,500,0,True
810,9,90,2020-03-04,TeamB-ab691983-3544-4a0e-8f70-db44d85cb907,TeamB,810,0,True
500,5,100,2020-03-06,TeamB-ab691983-3544-4a0e-8f70-db44d85cb907,TeamB,500,0,True
720,8,90,2020-03-07,TeamB-ab691983-3544-4a0e-8f70-db44d85cb907,TeamB,720,0,True
320,4,80,2020-03-08,TeamB-ab691983-3544-4a0e-8f70-db44d85cb907,TeamB,320,0,True
500,5,100,2020-03-09,TeamB-ab691983-3544-4a0e-8f70-db44d85cb907,TeamB,500,0,True
350,7,50,2020-03-10,TeamB-ab691983-3544-4a0e-8f70-db44d85cb907,TeamB,350,0,True
360,6,60,2020-03-13,TeamB-ab691983-3544-4a0e-8f70-db44d85cb907,TeamB,360,0,True
360,6,60,2020-03-14,TeamB-ab691983-3544-4a0e-8f70-db44d85cb907,TeamB,360,0,True
160,4,40,2020-03-16,TeamB-ab691983-3544-4a0e-8f70-db44d85cb907,TeamB,160,0,True
560,7,80,2020-03-16,TeamB-ab691983-3544-4a0e-8f70-db44d85cb907,TeamB,560,0,True
720,9,80,2020-03-17,TeamB-ab691983-3544-4a0e-8f70-db44d85cb907,TeamB,720,0,True
960,8,120,2020-03-19,TeamB-ab691983-3544-4a0e-8f70-db44d85cb907,TeamB,960,0,True
300,5,60,2020-03-20,TeamB-ab691983-3544-4a0e-8f70-db44d85cb907,TeamB,300,0,True
240,3,80,2020-03-21,TeamB-ab691983-3544-4a0e-8f70-db44d85cb907,TeamB,240,0,True
490,7,70,2020-03-22,TeamB-ab691983-3544-4a0e-8f70-db44d85cb907,TeamB,490,0,True
560,8,70,2020-03-23,TeamB-ab691983-3544-4a0e-8f70-db44d85cb907,TeamB,560,0,True
630,7,90,2020-03-24,TeamB-ab691983-3544-4a0e-8f70-db44d85cb907,TeamB,630,0,True
1080,9,120,2020-03-26,TeamB-ab691983-3544-4a0e-8f70-db44d85cb907,TeamB,1080,0,True
300,5,60,2020-03-27,TeamB-ab691983-3544-4a0e-8f70-db44d85cb907,TeamB,300,0,True
700,7,100,2020-03-28,TeamB-ab691983-3544-4a0e-8f70-db44d85cb907,TeamB,700,0,True
810,9,90,2020-03-30,TeamB-ab691983-3544-4a0e-8f70-db44d85cb907,TeamB,810,0,True
800,8,100,2020-03-31,TeamB-ab691983-3544-4a0e-8f70-db44d85cb907,TeamB,800,0,True
120,3,40,2020-04-01,TeamB-ab691983-3544-4a0e-8f70-db44d85cb907,TeamB,120,0,True
630,7,90,2020-04-02,TeamB-ab691983-3544-4a0e-8f70-db44d85cb907,TeamB,630,0,True
540,6,90,2020-04-03,TeamB-ab691983-3544-4a0e-8f70-db44d85cb907,TeamB,540,0,True
840,7,120,2020-04-04,TeamB-ab691983-3544-4a0e-8f70-db44d85cb907,TeamB,840,0,True
300,6,50,2020-04-05,TeamB-ab691983-3544-4a0e-8f70-db44d85cb907,TeamB,300,0,True
630,7,90,2020-04-06,TeamB-ab691983-3544-4a0e-8f70-db44d85cb907,TeamB,630,0,True
630,7,90,2020-04-07,TeamB-ab691983-3544-4a0e-8f70-db44d85cb907,TeamB,630,0,True
480,8,60,2020-04-08,TeamB-ab691983-3544-4a0e-8f70-db44d85cb907,TeamB,480,0,True
880,8,110,2020-04-09,TeamB-ab691983-3544-4a0e-8f70-db44d85cb907,TeamB,880,0,True
210,7,30,2020-04-10,TeamB-ab691983-3544-4a0e-8f70-db44d85cb907,TeamB,210,0,True
540,6,90,2020-04-11,TeamB-ab691983-3544-4a0e-8f70-db44d85cb907,TeamB,540,0,True
250,5,50,2020-04-13,TeamB-ab691983-3544-4a0e-8f70-db44d85cb907,TeamB,250,0,True
480,6,80,2020-04-14,TeamB-ab691983-3544-4a0e-8f70-db44d85cb907,TeamB,480,0,True
280,7,40,2020-04-16,TeamB-ab691983-3544-4a0e-8f70-db44d85cb907,TeamB,280,0,True
360,6,60,2020-04-18,TeamB-ab691983-3544-4a0e-8f70-db44d85cb907,TeamB,360,0,True
900,10,90,2020-04-20,TeamB-ab691983-3544-4a0e-8f70-db44d85cb907,TeamB,900,0,True
300,5,60,2020-04-21,TeamB-ab691983-3544-4a0e-8f70-db44d85cb907,TeamB,300,0,True
480,8,60,2020-04-22,TeamB-ab691983-3544-4a0e-8f70-db44d85cb907,TeamB,480,0,True
560,7,80,2020-04-24,TeamB-ab691983-3544-4a0e-8f70-db44d85cb907,TeamB,560,0,True
880,8,110,2020-04-25,TeamB-ab691983-3544-4a0e-8f70-db44d85cb907,TeamB,880,0,True
630,7,90,2020-04-27,TeamB-ab691983-3544-4a0e-8f70-db44d85cb907,TeamB,630,0,True
630,7,90,2020-04-28,TeamB-ab691983-3544-4a0e-8f70-db44d85cb907,TeamB,630,0,True
700,7,100,2020-04-29,TeamB-ab691983-3544-4a0e-8f70-db44d85cb907,TeamB,700,0,True
540,6,90,2020-04-30,TeamB-ab691983-3544-4a0e-8f70-db44d85cb907,TeamB,540,0,True
630,7,90,2020-05-05,TeamB-ab691983-3544-4a0e-8f70-db44d85cb907,TeamB,630,0,True
480,8,60,2020-05-06,TeamB-ab691983-3544-4a0e-8f70-db44d85cb907,TeamB,480,0,True
480,6,80,2020-05-07,TeamB-ab691983-3544-4a0e-8f70-db44d85cb907,TeamB,480,0,True
550,5,110,2020-05-18,TeamB-ab691983-3544-4a0e-8f70-db44d85cb907,TeamB,550,0,True
880,8,110,2020-05-19,TeamB-ab691983-3544-4a0e-8f70-db44d85cb907,TeamB,880,0,True
960,8,120,2020-05-21,TeamB-ab691983-3544-4a0e-8f70-db44d85cb907,TeamB,960,0,True
300,5,60,2020-05-22,TeamB-ab691983-3544-4a0e-8f70-db44d85cb907,TeamB,300,0,True
250,5,50,2020-05-23,TeamB-ab691983-3544-4a0e-8f70-db44d85cb907,TeamB,250,0,True
240,4,60,2020-05-25,TeamB-ab691983-3544-4a0e-8f70-db44d85cb907,TeamB,240,0,True
630,7,90,2020-05-28,TeamB-ab691983-3544-4a0e-8f70-db44d85cb907,TeamB,630,0,True
600,6,100,2020-06-01,TeamB-ab691983-3544-4a0e-8f70-db44d85cb907,TeamB,600,0,True
640,8,80,2020-06-02,TeamB-ab691983-3544-4a0e-8f70-db44d85cb907,TeamB,640,0,True
180,3,60,2020-06-03,TeamB-ab691983-3544-4a0e-8f70-db44d85cb907,TeamB,180,0,True
480,6,80,2020-06-04,TeamB-ab691983-3544-4a0e-8f70-db44d85cb907,TeamB,480,0,True
450,5,90,2020-06-05,TeamB-ab691983-3544-4a0e-8f70-db44d85cb907,TeamB,450,0,True
200,4,50,2020-06-06,TeamB-ab691983-3544-4a0e-8f70-db44d85cb907,TeamB,200,0,True
720,9,80,2020-06-08,TeamB-ab691983-3544-4a0e-8f70-db44d85cb907,TeamB,720,0,True
480,6,80,2020-06-09,TeamB-ab691983-3544-4a0e-8f70-db44d85cb907,TeamB,480,0,True
720,8,90,2020-06-10,TeamB-ab691983-3544-4a0e-8f70-db44d85cb907,TeamB,720,0,True
300,5,60,2020-06-11,TeamB-ab691983-3544-4a0e-8f70-db44d85cb907,TeamB,300,0,True
240,3,80,2020-06-12,TeamB-ab691983-3544-4a0e-8f70-db44d85cb907,TeamB,240,0,True
640,8,80,2020-06-13,TeamB-ab691983-3544-4a0e-8f70-db44d85cb907,TeamB,640,0,True
240,4,60,2020-06-15,TeamB-ab691983-3544-4a0e-8f70-db44d85cb907,TeamB,240,0,True
900,9,100,2020-06-16,TeamB-ab691983-3544-4a0e-8f70-db44d85cb907,TeamB,900,0,True
480,6,80,2020-06-17,TeamB-ab691983-3544-4a0e-8f70-db44d85cb907,TeamB,480,0,True
900,10,90,2020-06-18,TeamB-ab691983-3544-4a0e-8f70-db44d85cb907,TeamB,900,0,True
630,7,90,2020-06-22,TeamB-ab691983-3544-4a0e-8f70-db44d85cb907,TeamB,630,0,True
810,9,90,2020-06-23,TeamB-ab691983-3544-4a0e-8f70-db44d85cb907,TeamB,810,0,True
280,4,70,2020-06-25,TeamB-ab691983-3544-4a0e-8f70-db44d85cb907,TeamB,280,0,True
300,5,60,2020-06-26,TeamB-ab691983-3544-4a0e-8f70-db44d85cb907,TeamB,300,0,True
720,8,90,2020-06-27,TeamB-ab691983-3544-4a0e-8f70-db44d85cb907,TeamB,720,0,True
200,4,50,2020-06-29,TeamB-ab691983-3544-4a0e-8f70-db44d85cb907,TeamB,200,0,True
810,9,90,2020-06-30,TeamB-ab691983-3544-4a0e-8f70-db44d85cb907,TeamB,810,0,True
630,7,90,2020-07-01,TeamB-ab691983-3544-4a0e-8f70-db44d85cb907,TeamB,630,0,True
900,10,90,2020-07-04,TeamB-ab691983-3544-4a0e-8f70-db44d85cb907,TeamB,900,0,True
540,6,90,2020-07-05,TeamB-ab691983-3544-4a0e-8f70-db44d85cb907,TeamB,540,0,True
810,9,90,2020-07-07,TeamB-ab691983-3544-4a0e-8f70-db44d85cb907,TeamB,810,0,True
240,4,60,2020-07-08,TeamB-ab691983-3544-4a0e-8f70-db44d85cb907,TeamB,240,0,True
540,6,90,2020-07-09,TeamB-ab691983-3544-4a0e-8f70-db44d85cb907,TeamB,540,0,True
810,9,90,2020-07-10,TeamB-ab691983-3544-4a0e-8f70-db44d85cb907,TeamB,810,0,True
630,7,90,2020-07-13,TeamB-ab691983-3544-4a0e-8f70-db44d85cb907,TeamB,630,0,True
630,7,90,2020-07-14,TeamB-ab691983-3544-4a0e-8f70-db44d85cb907,TeamB,630,0,True
630,7,90,2020-07-15,TeamB-ab691983-3544-4a0e-8f70-db44d85cb907,TeamB,630,0,True
300,5,60,2020-07-16,TeamB-ab691983-3544-4a0e-8f70-db44d85cb907,TeamB,300,0,True
490,7,70,2020-07-17,TeamB-ab691983-3544-4a0e-8f70-db44d85cb907,TeamB,490,0,True
900,10,90,2020-07-18,TeamB-ab691983-3544-4a0e-8f70-db44d85cb907,TeamB,900,0,True
180,3,60,2020-07-20,TeamB-ab691983-3544-4a0e-8f70-db44d85cb907,TeamB,180,0,True
900,10,90,2020-07-21,TeamB-ab691983-3544-4a0e-8f70-db44d85cb907,TeamB,900,0,True
210,3,70,2020-07-22,TeamB-ab691983-3544-4a0e-8f70-db44d85cb907,TeamB,210,0,True
300,5,60,2020-07-23,TeamB-ab691983-3544-4a0e-8f70-db44d85cb907,TeamB,300,0,True
900,10,90,2020-07-24,TeamB-ab691983-3544-4a0e-8f70-db44d85cb907,TeamB,900,0,True
420,7,60,2020-07-27,TeamB-ab691983-3544-4a0e-8f70-db44d85cb907,TeamB,420,0,True
240,6,40,2020-07-27,TeamB-ab691983-3544-4a0e-8f70-db44d85cb907,TeamB,240,0,True
900,9,100,2020-07-28,TeamB-ab691983-3544-4a0e-8f70-db44d85cb907,TeamB,900,0,True
560,7,80,2020-07-29,TeamB-ab691983-3544-4a0e-8f70-db44d85cb907,TeamB,560,0,True
720,8,90,2020-07-31,TeamB-ab691983-3544-4a0e-8f70-db44d85cb907,TeamB,720,0,True
900,10,90,2020-08-01,TeamB-ab691983-3544-4a0e-8f70-db44d85cb907,TeamB,900,0,True
120,3,40,2020-08-03,TeamB-ab691983-3544-4a0e-8f70-db44d85cb907,TeamB,120,0,True
720,8,90,2020-08-04,TeamB-ab691983-3544-4a0e-8f70-db44d85cb907,TeamB,720,0,True
240,4,60,2020-08-05,TeamB-ab691983-3544-4a0e-8f70-db44d85cb907,TeamB,240,0,True
490,7,70,2020-08-06,TeamB-ab691983-3544-4a0e-8f70-db44d85cb907,TeamB,490,0,True
900,10,90,2020-08-07,TeamB-ab691983-3544-4a0e-8f70-db44d85cb907,TeamB,900,0,True
630,7,90,2020-08-10,TeamB-ab691983-3544-4a0e-8f70-db44d85cb907,TeamB,630,0,True
560,8,70,2020-08-11,TeamB-ab691983-3544-4a0e-8f70-db44d85cb907,TeamB,560,0,True
900,10,90,2020-08-12,TeamB-ab691983-3544-4a0e-8f70-db44d85cb907,TeamB,900,0,True
180,3,60,2020-08-14,TeamB-ab691983-3544-4a0e-8f70-db44d85cb907,TeamB,180,0,True
490,7,70,2020-08-15,TeamB-ab691983-3544-4a0e-8f70-db44d85cb907,TeamB,490,0,True
810,9,90,2020-08-16,TeamB-ab691983-3544-4a0e-8f70-db44d85cb907,TeamB,810,0,True
300,5,60,2020-08-18,TeamB-ab691983-3544-4a0e-8f70-db44d85cb907,TeamB,300,0,True
720,8,90,2020-08-19,TeamB-ab691983-3544-4a0e-8f70-db44d85cb907,TeamB,720,0,True
360,4,90,2020-08-20,TeamB-ab691983-3544-4a0e-8f70-db44d85cb907,TeamB,360,0,True
360,6,60,2020-08-21,TeamB-ab691983-3544-4a0e-8f70-db44d85cb907,TeamB,360,0,True
810,9,90,2020-08-22,TeamB-ab691983-3544-4a0e-8f70-db44d85cb907,TeamB,810,0,True
180,3,60,2020-08-24,TeamB-ab691983-3544-4a0e-8f70-db44d85cb907,TeamB,180,0,True
420,6,70,2020-08-25,TeamB-ab691983-3544-4a0e-8f70-db44d85cb907,TeamB,420,0,True
640,8,80,2020-08-26,TeamB-ab691983-3544-4a0e-8f70-db44d85cb907,TeamB,640,0,True
490,7,70,2020-09-03,TeamB-ab691983-3544-4a0e-8f70-db44d85cb907,TeamB,490,0,True
560,7,80,2020-09-04,TeamB-ab691983-3544-4a0e-8f70-db44d85cb907,TeamB,560,0,True
810,9,90,2020-09-05,TeamB-ab691983-3544-4a0e-8f70-db44d85cb907,TeamB,810,0,True
420,7,60,2020-09-07,TeamB-ab691983-3544-4a0e-8f70-db44d85cb907,TeamB,420,0,True
100,2,50,2020-09-07,TeamB-ab691983-3544-4a0e-8f70-db44d85cb907,TeamB,100,0,True
160,4,40,2020-09-08,TeamB-ab691983-3544-4a0e-8f70-db44d85cb907,TeamB,160,0,True
490,7,70,2020-09-11,TeamB-ab691983-3544-4a0e-8f70-db44d85cb907,TeamB,490,0,True
900,10,90,2020-09-12,TeamB-ab691983-3544-4a0e-8f70-db44d85cb907,TeamB,900,0,True
490,7,70,2020-09-21,TeamB-ab691983-3544-4a0e-8f70-db44d85cb907,TeamB,490,0,True
900,10,90,2020-09-22,TeamB-ab691983-3544-4a0e-8f70-db44d85cb907,TeamB,900,0,True
80,2,40,2020-09-24,TeamB-ab691983-3544-4a0e-8f70-db44d85cb907,TeamB,80,0,True
800,8,100,2020-09-25,TeamB-ab691983-3544-4a0e-8f70-db44d85cb907,TeamB,800,0,True
490,7,70,2020-09-26,TeamB-ab691983-3544-4a0e-8f70-db44d85cb907,TeamB,490,0,True
900,10,90,2020-09-27,TeamB-ab691983-3544-4a0e-8f70-db44d85cb907,TeamB,900,0,True
180,3,60,2020-09-29,TeamB-ab691983-3544-4a0e-8f70-db44d85cb907,TeamB,180,0,True
1200,10,120,2020-09-30,TeamB-ab691983-3544-4a0e-8f70-db44d85cb907,TeamB,1200,0,True
1200,10,120,2020-10-02,TeamB-ab691983-3544-4a0e-8f70-db44d85cb907,TeamB,1200,0,True
120,3,40,2020-10-02,TeamB-ab691983-3544-4a0e-8f70-db44d85cb907,TeamB,120,0,True
770,7,110,2020-10-05,TeamB-ab691983-3544-4a0e-8f70-db44d85cb907,TeamB,770,0,True
350,5,70,2020-10-06,TeamB-ab691983-3544-4a0e-8f70-db44d85cb907,TeamB,350,0,True
1200,10,120,2020-10-07,TeamB-ab691983-3544-4a0e-8f70-db44d85cb907,TeamB,1200,0,True
120,2,60,2020-10-08,TeamB-ab691983-3544-4a0e-8f70-db44d85cb907,TeamB,120,0,True
480,6,80,2020-10-10,TeamB-ab691983-3544-4a0e-8f70-db44d85cb907,TeamB,480,0,True
490,7,70,2020-10-11,TeamB-ab691983-3544-4a0e-8f70-db44d85cb907,TeamB,490,0,True
150,3,50,2020-10-13,TeamB-ab691983-3544-4a0e-8f70-db44d85cb907,TeamB,150,0,True
540,6,90,2020-10-13,TeamB-ab691983-3544-4a0e-8f70-db44d85cb907,TeamB,540,0,True
560,7,80,2020-10-14,TeamB-ab691983-3544-4a0e-8f70-db44d85cb907,TeamB,560,0,True
490,7,70,2020-10-17,TeamB-ab691983-3544-4a0e-8f70-db44d85cb907,TeamB,490,0,True
900,10,90,2020-10-18,TeamB-ab691983-3544-4a0e-8f70-db44d85cb907,TeamB,900,0,True
540,6,90,2020-10-21,TeamB-ab691983-3544-4a0e-8f70-db44d85cb907,TeamB,540,0,True
480,8,60,2020-10-22,TeamB-ab691983-3544-4a0e-8f70-db44d85cb907,TeamB,480,0,True
420,7,60,2020-10-23,TeamB-ab691983-3544-4a0e-8f70-db44d85cb907,TeamB,420,0,True
640,8,80,2020-10-24,TeamB-ab691983-3544-4a0e-8f70-db44d85cb907,TeamB,640,0,True
560,7,80,2020-10-25,TeamB-ab691983-3544-4a0e-8f70-db44d85cb907,TeamB,560,0,True
900,10,90,2020-10-27,TeamB-ab691983-3544-4a0e-8f70-db44d85cb907,TeamB,900,0,True
120,3,40,2020-10-29,TeamB-ab691983-3544-4a0e-8f70-db44d85cb907,TeamB,120,0,True
420,7,60,2020-10-30,TeamB-ab691983-3544-4a0e-8f70-db44d85cb907,TeamB,420,0,True
280,4,70,2020-10-30,TeamB-ab691983-3544-4a0e-8f70-db44d85cb907,TeamB,280,0,True
810,9,90,2020-11-01,TeamB-ab691983-3544-4a0e-8f70-db44d85cb907,TeamB,810,0,True
180,3,60,2020-11-02,TeamB-ab691983-3544-4a0e-8f70-db44d85cb907,TeamB,180,0,True
360,6,60,2020-11-03,TeamB-ab691983-3544-4a0e-8f70-db44d85cb907,TeamB,360,0,True
10,1,10,2020-11-04,TeamB-ab691983-3544-4a0e-8f70-db44d85cb907,TeamB,10,0,True
120,4,30,2020-11-05,TeamB-ab691983-3544-4a0e-8f70-db44d85cb907,TeamB,120,0,True
420,7,60,2020-11-06,TeamB-ab691983-3544-4a0e-8f70-db44d85cb907,TeamB,420,0,True
810,9,90,2020-11-08,TeamB-ab691983-3544-4a0e-8f70-db44d85cb907,TeamB,810,0,True
360,6,60,2020-11-10,TeamB-ab691983-3544-4a0e-8f70-db44d85cb907,TeamB,360,0,True
810,9,90,2020-11-11,TeamB-ab691983-3544-4a0e-8f70-db44d85cb907,TeamB,810,0,True
240,4,60,2020-11-12,TeamB-ab691983-3544-4a0e-8f70-db44d85cb907,TeamB,240,0,True
880,8,110,2020-11-14,TeamB-ab691983-3544-4a0e-8f70-db44d85cb907,TeamB,880,0,True
180,3,60,2020-11-16,TeamB-ab691983-3544-4a0e-8f70-db44d85cb907,TeamB,180,0,True
300,6,50,2020-11-19,TeamB-ab691983-3544-4a0e-8f70-db44d85cb907,TeamB,300,0,True
360,6,60,2020-11-19,TeamB-ab691983-3544-4a0e-8f70-db44d85cb907,TeamB,360,0,True
420,7,60,2020-11-21,TeamB-ab691983-3544-4a0e-8f70-db44d85cb907,TeamB,420,0,True
720,8,90,2020-11-22,TeamB-ab691983-3544-4a0e-8f70-db44d85cb907,TeamB,720,0,True
420,7,60,2020-11-24,TeamB-ab691983-3544-4a0e-8f70-db44d85cb907,TeamB,420,0,True
420,7,60,2020-11-25,TeamB-ab691983-3544-4a0e-8f70-db44d85cb907,TeamB,420,0,True
810,9,90,2020-11-26,TeamB-ab691983-3544-4a0e-8f70-db44d85cb907,TeamB,810,0,True
150,3,50,2020-11-27,TeamB-ab691983-3544-4a0e-8f70-db44d85cb907,TeamB,150,0,True
420,6,70,2020-11-28,TeamB-ab691983-3544-4a0e-8f70-db44d85cb907,TeamB,420,0,True
420,6,70,2020-11-29,TeamB-ab691983-3544-4a0e-8f70-db44d85cb907,TeamB,420,0,True
490,7,70,2020-11-30,TeamB-ab691983-3544-4a0e-8f70-db44d85cb907,TeamB,490,0,True
720,8,90,2020-12-01,TeamB-ab691983-3544-4a0e-8f70-db44d85cb907,TeamB,720,0,True
640,8,80,2020-12-04,TeamB-ab691983-3544-4a0e-8f70-db44d85cb907,TeamB,640,0,True
360,6,60,2020-12-05,TeamB-ab691983-3544-4a0e-8f70-db44d85cb907,TeamB,360,0,True
900,10,90,2020-12-06,TeamB-ab691983-3544-4a0e-8f70-db44d85cb907,TeamB,900,0,True
450,5,90,2021-01-17,TeamB-ab691983-3544-4a0e-8f70-db44d85cb907,TeamB,450,0,True
630,7,90,2021-01-18,TeamB-ab691983-3544-4a0e-8f70-db44d85cb907,TeamB,630,0,True
800,8,100,2021-01-18,TeamB-ab691983-3544-4a0e-8f70-db44d85cb907,TeamB,800,0,True
630,7,90,2021-01-20,TeamB-ab691983-3544-4a0e-8f70-db44d85cb907,TeamB,630,0,True
280,7,40,2021-01-21,TeamB-ab691983-3544-4a0e-8f70-db44d85cb907,TeamB,280,0,True
420,6,70,2021-01-22,TeamB-ab691983-3544-4a0e-8f70-db44d85cb907,TeamB,420,0,True
360,6,60,2021-01-24,TeamB-ab691983-3544-4a0e-8f70-db44d85cb907,TeamB,360,0,True
540,9,60,2021-01-24,TeamB-ab691983-3544-4a0e-8f70-db44d85cb907,TeamB,540,0,True
360,6,60,2021-01-25,TeamB-ab691983-3544-4a0e-8f70-db44d85cb907,TeamB,360,0,True
300,5,60,2021-01-26,TeamB-ab691983-3544-4a0e-8f70-db44d85cb907,TeamB,300,0,True
360,6,60,2021-01-28,TeamB-ab691983-3544-4a0e-8f70-db44d85cb907,TeamB,360,0,True
490,7,70,2021-01-29,TeamB-ab691983-3544-4a0e-8f70-db44d85cb907,TeamB,490,0,True
720,9,80,2021-01-30,TeamB-ab691983-3544-4a0e-8f70-db44d85cb907,TeamB,720,0,True
770,7,110,2021-02-01,TeamB-ab691983-3544-4a0e-8f70-db44d85cb907,TeamB,770,0,True
240,4,60,2021-02-03,TeamB-ab691983-3544-4a0e-8f70-db44d85cb907,TeamB,240,0,True
630,7,90,2021-02-04,TeamB-ab691983-3544-4a0e-8f70-db44d85cb907,TeamB,630,0,True
180,3,60,2021-02-05,TeamB-ab691983-3544-4a0e-8f70-db44d85cb907,TeamB,180,0,True
880,8,110,2021-02-07,TeamB-ab691983-3544-4a0e-8f70-db44d85cb907,TeamB,880,0,True
1200,10,120,2021-02-11,TeamB-ab691983-3544-4a0e-8f70-db44d85cb907,TeamB,1200,0,True
360,6,60,2021-02-15,TeamB-ab691983-3544-4a0e-8f70-db44d85cb907,TeamB,360,0,True
350,7,50,2021-02-15,TeamB-ab691983-3544-4a0e-8f70-db44d85cb907,TeamB,350,0,True
420,7,60,2021-02-16,TeamB-ab691983-3544-4a0e-8f70-db44d85cb907,TeamB,420,0,True
360,6,60,2021-02-18,TeamB-ab691983-3544-4a0e-8f70-db44d85cb907,TeamB,360,0,True
90,3,30,2021-02-18,TeamB-ab691983-3544-4a0e-8f70-db44d85cb907,TeamB,90,0,True
420,6,70,2021-02-20,TeamB-ab691983-3544-4a0e-8f70-db44d85cb907,TeamB,420,0,True
300,5,60,2021-02-21,TeamB-ab691983-3544-4a0e-8f70-db44d85cb907,TeamB,300,0,True
540,6,90,2021-02-21,TeamB-ab691983-3544-4a0e-8f70-db44d85cb907,TeamB,540,0,True
420,7,60,2021-02-24,TeamB-ab691983-3544-4a0e-8f70-db44d85cb907,TeamB,420,0,True
120,2,60,2021-02-24,TeamB-ab691983-3544-4a0e-8f70-db44d85cb907,TeamB,120,0,True
240,4,60,2021-02-26,TeamB-ab691983-3544-4a0e-8f70-db44d85cb907,TeamB,240,0,True
720,8,90,2021-02-26,TeamB-ab691983-3544-4a0e-8f70-db44d85cb907,TeamB,720,0,True
540,6,90,2021-03-01,TeamB-ab691983-3544-4a0e-8f70-db44d85cb907,TeamB,540,0,True
180,3,60,2021-03-01,TeamB-ab691983-3544-4a0e-8f70-db44d85cb907,TeamB,180,0,True
700,7,100,2021-03-02,TeamB-ab691983-3544-4a0e-8f70-db44d85cb907,TeamB,700,0,True
630,7,90,2021-03-04,TeamB-ab691983-3544-4a0e-8f70-db44d85cb907,TeamB,630,0,True
240,4,60,2021-03-04,TeamB-ab691983-3544-4a0e-8f70-db44d85cb907,TeamB,240,0,True
700,7,100,2021-03-05,TeamB-ab691983-3544-4a0e-8f70-db44d85cb907,TeamB,700,0,True
360,6,60,2021-03-06,TeamB-ab691983-3544-4a0e-8f70-db44d85cb907,TeamB,360,0,True
640,8,80,2021-03-06,TeamB-ab691983-3544-4a0e-8f70-db44d85cb907,TeamB,640,0,True
490,7,70,2021-03-08,TeamB-ab691983-3544-4a0e-8f70-db44d85cb907,TeamB,490,0,True
400,5,80,2021-03-08,TeamB-ab691983-3544-4a0e-8f70-db44d85cb907,TeamB,400,0,True
880,8,110,2021-03-09,TeamB-ab691983-3544-4a0e-8f70-db44d85cb907,TeamB,880,0,True
720,8,90,2021-03-11,TeamB-ab691983-3544-4a0e-8f70-db44d85cb907,TeamB,720,0,True
540,6,90,2021-03-12,TeamB-ab691983-3544-4a0e-8f70-db44d85cb907,TeamB,540,0,True
360,6,60,2021-03-13,TeamB-ab691983-3544-4a0e-8f70-db44d85cb907,TeamB,360,0,True
540,6,90,2021-03-13,TeamB-ab691983-3544-4a0e-8f70-db44d85cb907,TeamB,540,0,True
560,7,80,2021-03-15,TeamB-ab691983-3544-4a0e-8f70-db44d85cb907,TeamB,560,0,True
810,9,90,2021-03-15,TeamB-ab691983-3544-4a0e-8f70-db44d85cb907,TeamB,810,0,True
300,5,60,2021-03-18,TeamB-ab691983-3544-4a0e-8f70-db44d85cb907,TeamB,300,0,True
660,6,110,2021-03-18,TeamB-ab691983-3544-4a0e-8f70-db44d85cb907,TeamB,660,0,True
450,5,90,2021-03-19,TeamB-ab691983-3544-4a0e-8f70-db44d85cb907,TeamB,450,0,True
960,8,120,2021-03-22,TeamB-ab691983-3544-4a0e-8f70-db44d85cb907,TeamB,960,0,True
1440,8,180,2021-03-23,TeamB-ab691983-3544-4a0e-8f70-db44d85cb907,TeamB,1440,0,True
1080,9,120,2021-03-25,TeamB-ab691983-3544-4a0e-8f70-db44d85cb907,TeamB,1080,0,True
540,6,90,2021-03-26,TeamB-ab691983-3544-4a0e-8f70-db44d85cb907,TeamB,540,0,True
960,8,120,2021-03-27,TeamB-ab691983-3544-4a0e-8f70-db44d85cb907,TeamB,960,0,True
630,7,90,2021-03-29,TeamB-ab691983-3544-4a0e-8f70-db44d85cb907,TeamB,630,0,True
1440,8,180,2021-03-30,TeamB-ab691983-3544-4a0e-8f70-db44d85cb907,TeamB,1440,0,True
1080,9,120,2021-04-06,TeamB-ab691983-3544-4a0e-8f70-db44d85cb907,TeamB,1080,0,True
960,8,120,2021-04-08,TeamB-ab691983-3544-4a0e-8f70-db44d85cb907,TeamB,960,0,True
450,5,90,2021-04-09,TeamB-ab691983-3544-4a0e-8f70-db44d85cb907,TeamB,450,0,True
1620,9,180,2021-04-10,TeamB-ab691983-3544-4a0e-8f70-db44d85cb907,TeamB,1620,0,True
1440,8,180,2021-04-12,TeamB-ab691983-3544-4a0e-8f70-db44d85cb907,TeamB,1440,0,True
840,7,120,2021-04-13,TeamB-ab691983-3544-4a0e-8f70-db44d85cb907,TeamB,840,0,True
700,7,100,2021-04-15,TeamB-ab691983-3544-4a0e-8f70-db44d85cb907,TeamB,700,0,True
540,6,90,2021-04-16,TeamB-ab691983-3544-4a0e-8f70-db44d85cb907,TeamB,540,0,True
720,8,90,2021-04-17,TeamB-ab691983-3544-4a0e-8f70-db44d85cb907,TeamB,720,0,True
720,6,120,2021-04-19,TeamB-ab691983-3544-4a0e-8f70-db44d85cb907,TeamB,720,0,True
810,9,90,2021-04-20,TeamB-ab691983-3544-4a0e-8f70-db44d85cb907,TeamB,810,0,True
360,4,90,2021-04-26,TeamB-ab691983-3544-4a0e-8f70-db44d85cb907,TeamB,360,0,True
420,7,60,2021-04-26,TeamB-ab691983-3544-4a0e-8f70-db44d85cb907,TeamB,420,0,True
1200,10,120,2021-04-27,TeamB-ab691983-3544-4a0e-8f70-db44d85cb907,TeamB,1200,0,True
300,5,60,2021-04-28,TeamB-ab691983-3544-4a0e-8f70-db44d85cb907,TeamB,300,0,True
420,7,60,2021-04-29,TeamB-ab691983-3544-4a0e-8f70-db44d85cb907,TeamB,420,0,True
420,7,60,2021-05-01,TeamB-ab691983-3544-4a0e-8f70-db44d85cb907,TeamB,420,0,True
420,7,60,2021-05-04,TeamB-ab691983-3544-4a0e-8f70-db44d85cb907,TeamB,420,0,True
960,8,120,2021-05-05,TeamB-ab691983-3544-4a0e-8f70-db44d85cb907,TeamB,960,0,True
240,4,60,2021-05-07,TeamB-ab691983-3544-4a0e-8f70-db44d85cb907,TeamB,240,0,True
560,7,80,2021-05-08,TeamB-ab691983-3544-4a0e-8f70-db44d85cb907,TeamB,560,0,True
120,2,60,2021-05-10,TeamB-ab691983-3544-4a0e-8f70-db44d85cb907,TeamB,120,0,True
720,8,90,2021-05-11,TeamB-ab691983-3544-4a0e-8f70-db44d85cb907,TeamB,720,0,True
360,6,60,2021-05-12,TeamB-ab691983-3544-4a0e-8f70-db44d85cb907,TeamB,360,0,True
240,4,60,2021-05-14,TeamB-ab691983-3544-4a0e-8f70-db44d85cb907,TeamB,240,0,True
810,9,90,2021-05-15,TeamB-ab691983-3544-4a0e-8f70-db44d85cb907,TeamB,810,0,True
720,8,90,2021-05-18,TeamB-ab691983-3544-4a0e-8f70-db44d85cb907,TeamB,720,0,True
630,7,90,2021-05-19,TeamB-ab691983-3544-4a0e-8f70-db44d85cb907,TeamB,630,0,True
420,7,60,2021-05-21,TeamB-ab691983-3544-4a0e-8f70-db44d85cb907,TeamB,420,0,True
900,10,90,2021-05-22,TeamB-ab691983-3544-4a0e-8f70-db44d85cb907,TeamB,900,0,True
360,6,60,2021-05-24,TeamB-ab691983-3544-4a0e-8f70-db44d85cb907,TeamB,360,0,True
800,8,100,2021-05-25,TeamB-ab691983-3544-4a0e-8f70-db44d85cb907,TeamB,800,0,True
630,7,90,2021-05-26,TeamB-ab691983-3544-4a0e-8f70-db44d85cb907,TeamB,630,0,True
360,6,60,2021-05-28,TeamB-ab691983-3544-4a0e-8f70-db44d85cb907,TeamB,360,0,True
810,9,90,2021-05-29,TeamB-ab691983-3544-4a0e-8f70-db44d85cb907,TeamB,810,0,True
360,6,60,2021-05-31,TeamB-ab691983-3544-4a0e-8f70-db44d85cb907,TeamB,360,0,True
480,6,80,2021-05-31,TeamB-ab691983-3544-4a0e-8f70-db44d85cb907,TeamB,480,0,True
800,8,100,2021-06-01,TeamB-ab691983-3544-4a0e-8f70-db44d85cb907,TeamB,800,0,True
300,5,60,2021-06-02,TeamB-ab691983-3544-4a0e-8f70-db44d85cb907,TeamB,300,0,True
840,7,120,2021-06-02,TeamB-ab691983-3544-4a0e-8f70-db44d85cb907,TeamB,840,0,True
300,5,60,2021-06-04,TeamB-ab691983-3544-4a0e-8f70-db44d85cb907,TeamB,300,0,True
300,5,60,2021-06-07,TeamB-ab691983-3544-4a0e-8f70-db44d85cb907,TeamB,300,0,True
640,8,80,2021-06-08,TeamB-ab691983-3544-4a0e-8f70-db44d85cb907,TeamB,640,0,True
420,7,60,2021-06-08,TeamB-ab691983-3544-4a0e-8f70-db44d85cb907,TeamB,420,0,True
770,7,110,2021-06-20,TeamB-ab691983-3544-4a0e-8f70-db44d85cb907,TeamB,770,0,True
810,9,90,2021-06-22,TeamB-ab691983-3544-4a0e-8f70-db44d85cb907,TeamB,810,0,True
120,2,60,2021-06-23,TeamB-ab691983-3544-4a0e-8f70-db44d85cb907,TeamB,120,0,True
360,6,60,2021-06-25,TeamB-ab691983-3544-4a0e-8f70-db44d85cb907,TeamB,360,0,True
300,6,50,2021-06-26,TeamB-ab691983-3544-4a0e-8f70-db44d85cb907,TeamB,300,0,True
420,7,60,2021-06-27,TeamB-ab691983-3544-4a0e-8f70-db44d85cb907,TeamB,420,0,True
490,7,70,2021-06-29,TeamB-ab691983-3544-4a0e-8f70-db44d85cb907,TeamB,490,0,True
720,8,90,2021-06-30,TeamB-ab691983-3544-4a0e-8f70-db44d85cb907,TeamB,720,0,True
80,2,40,2021-07-01,TeamB-ab691983-3544-4a0e-8f70-db44d85cb907,TeamB,80,0,True
810,9,90,2021-07-04,TeamB-ab691983-3544-4a0e-8f70-db44d85cb907,TeamB,810,0,True
420,7,60,2021-07-06,TeamB-ab691983-3544-4a0e-8f70-db44d85cb907,TeamB,420,0,True
480,6,80,2021-07-09,TeamB-ab691983-3544-4a0e-8f70-db44d85cb907,TeamB,480,0,True
900,10,90,2021-07-10,TeamB-ab691983-3544-4a0e-8f70-db44d85cb907,TeamB,900,0,True
180,3,60,2021-07-11,TeamB-ab691983-3544-4a0e-8f70-db44d85cb907,TeamB,180,0,True
480,8,60,2021-07-23,TeamB-ab691983-3544-4a0e-8f70-db44d85cb907,TeamB,480,0,True
600,6,100,2021-07-31,TeamB-ab691983-3544-4a0e-8f70-db44d85cb907,TeamB,600,0,True
540,6,90,2021-08-01,TeamB-ab691983-3544-4a0e-8f70-db44d85cb907,TeamB,540,0,True
810,9,90,2021-08-02,TeamB-ab691983-3544-4a0e-8f70-db44d85cb907,TeamB,810,0,True
240,4,60,2021-08-03,TeamB-ab691983-3544-4a0e-8f70-db44d85cb907,TeamB,240,0,True
630,7,90,2021-08-05,TeamB-ab691983-3544-4a0e-8f70-db44d85cb907,TeamB,630,0,True
490,7,70,2021-08-06,TeamB-ab691983-3544-4a0e-8f70-db44d85cb907,TeamB,490,0,True
720,8,90,2021-08-07,TeamB-ab691983-3544-4a0e-8f70-db44d85cb907,TeamB,720,0,True
630,7,90,2021-08-10,TeamB-ab691983-3544-4a0e-8f70-db44d85cb907,TeamB,630,0,True
630,7,90,2021-08-10,TeamB-ab691983-3544-4a0e-8f70-db44d85cb907,TeamB,630,0,True
300,6,50,2021-08-11,TeamB-ab691983-3544-4a0e-8f70-db44d85cb907,TeamB,300,0,True
630,7,90,2021-08-13,TeamB-ab691983-3544-4a0e-8f70-db44d85cb907,TeamB,630,0,True
810,9,90,2021-08-14,TeamB-ab691983-3544-4a0e-8f70-db44d85cb907,TeamB,810,0,True
360,6,60,2021-08-15,TeamB-ab691983-3544-4a0e-8f70-db44d85cb907,TeamB,360,0,True
420,7,60,2021-08-17,TeamB-ab691983-3544-4a0e-8f70-db44d85cb907,TeamB,420,0,True
810,9,90,2021-08-18,TeamB-ab691983-3544-4a0e-8f70-db44d85cb907,TeamB,810,0,True
80,2,40,2021-08-19,TeamB-ab691983-3544-4a0e-8f70-db44d85cb907,TeamB,80,0,True
420,7,60,2021-08-20,TeamB-ab691983-3544-4a0e-8f70-db44d85cb907,TeamB,420,0,True
630,7,90,2021-08-21,TeamB-ab691983-3544-4a0e-8f70-db44d85cb907,TeamB,630,0,True
480,6,80,2021-08-23,TeamB-ab691983-3544-4a0e-8f70-db44d85cb907,TeamB,480,0,True
350,7,50,2021-08-24,TeamB-ab691983-3544-4a0e-8f70-db44d85cb907,TeamB,350,0,True
300,5,60,2021-08-26,TeamB-ab691983-3544-4a0e-8f70-db44d85cb907,TeamB,300,0,True
300,5,60,2021-08-27,TeamB-ab691983-3544-4a0e-8f70-db44d85cb907,TeamB,300,0,True
900,10,90,2021-08-28,TeamB-ab691983-3544-4a0e-8f70-db44d85cb907,TeamB,900,0,True
810,9,90,2021-09-01,TeamB-ab691983-3544-4a0e-8f70-db44d85cb907,TeamB,810,0,True
360,6,60,2021-09-03,TeamB-ab691983-3544-4a0e-8f70-db44d85cb907,TeamB,360,0,True
810,9,90,2021-09-04,TeamB-ab691983-3544-4a0e-8f70-db44d85cb907,TeamB,810,0,True
120,2,60,2021-09-05,TeamB-ab691983-3544-4a0e-8f70-db44d85cb907,TeamB,120,0,True
360,6,60,2021-09-07,TeamB-ab691983-3544-4a0e-8f70-db44d85cb907,TeamB,360,0,True
810,9,90,2021-09-08,TeamB-ab691983-3544-4a0e-8f70-db44d85cb907,TeamB,810,0,True
420,7,60,2021-09-10,TeamB-ab691983-3544-4a0e-8f70-db44d85cb907,TeamB,420,0,True
720,8,90,2021-09-11,TeamB-ab691983-3544-4a0e-8f70-db44d85cb907,TeamB,720,0,True
360,6,60,2021-09-13,TeamB-ab691983-3544-4a0e-8f70-db44d85cb907,TeamB,360,0,True
700,7,100,2021-09-15,TeamB-ab691983-3544-4a0e-8f70-db44d85cb907,TeamB,700,0,True
630,7,90,2021-09-16,TeamB-ab691983-3544-4a0e-8f70-db44d85cb907,TeamB,630,0,True
840,7,120,2021-09-18,TeamB-ab691983-3544-4a0e-8f70-db44d85cb907,TeamB,840,0,True
540,6,90,2021-09-19,TeamB-ab691983-3544-4a0e-8f70-db44d85cb907,TeamB,540,0,True
300,5,60,2021-09-20,TeamB-ab691983-3544-4a0e-8f70-db44d85cb907,TeamB,300,0,True
810,9,90,2021-09-26,TeamB-ab691983-3544-4a0e-8f70-db44d85cb907,TeamB,810,0,True
360,6,60,2021-09-28,TeamB-ab691983-3544-4a0e-8f70-db44d85cb907,TeamB,360,0,True
360,6,60,2021-09-29,TeamB-ab691983-3544-4a0e-8f70-db44d85cb907,TeamB,360,0,True
960,8,120,2021-09-29,TeamB-ab691983-3544-4a0e-8f70-db44d85cb907,TeamB,960,0,True
720,8,90,2021-10-02,TeamB-ab691983-3544-4a0e-8f70-db44d85cb907,TeamB,720,0,True
630,7,90,2021-10-05,TeamB-ab691983-3544-4a0e-8f70-db44d85cb907,TeamB,630,0,True
300,5,60,2021-10-05,TeamB-ab691983-3544-4a0e-8f70-db44d85cb907,TeamB,300,0,True
800,8,100,2021-10-06,TeamB-ab691983-3544-4a0e-8f70-db44d85cb907,TeamB,800,0,True
480,6,80,2021-10-06,TeamB-ab691983-3544-4a0e-8f70-db44d85cb907,TeamB,480,0,True
540,6,90,2021-10-08,TeamB-ab691983-3544-4a0e-8f70-db44d85cb907,TeamB,540,0,True
900,9,100,2021-10-09,TeamB-ab691983-3544-4a0e-8f70-db44d85cb907,TeamB,900,0,True
240,4,60,2021-10-10,TeamB-ab691983-3544-4a0e-8f70-db44d85cb907,TeamB,240,0,True
300,5,60,2021-10-12,TeamB-ab691983-3544-4a0e-8f70-db44d85cb907,TeamB,300,0,True
770,7,110,2021-10-12,TeamB-ab691983-3544-4a0e-8f70-db44d85cb907,TeamB,770,0,True
770,7,110,2021-10-13,TeamB-ab691983-3544-4a0e-8f70-db44d85cb907,TeamB,770,0,True
540,6,90,2021-10-15,TeamB-ab691983-3544-4a0e-8f70-db44d85cb907,TeamB,540,0,True
300,5,60,2021-10-16,TeamB-ab691983-3544-4a0e-8f70-db44d85cb907,TeamB,300,0,True
560,7,80,2021-10-17,TeamB-ab691983-3544-4a0e-8f70-db44d85cb907,TeamB,560,0,True
630,7,90,2021-11-03,TeamB-ab691983-3544-4a0e-8f70-db44d85cb907,TeamB,630,0,True
720,8,90,2021-11-04,TeamB-ab691983-3544-4a0e-8f70-db44d85cb907,TeamB,720,0,True
960,8,120,2021-12-20,TeamB-ab691983-3544-4a0e-8f70-db44d85cb907,TeamB,960,0,True
900,9,100,2021-12-22,TeamB-ab691983-3544-4a0e-8f70-db44d85cb907,TeamB,900,0,True
420,7,60,2021-12-24,TeamB-ab691983-3544-4a0e-8f70-db44d85cb907,TeamB,420,0,True
600,10,60,2021-12-25,TeamB-ab691983-3544-4a0e-8f70-db44d85cb907,TeamB,600,0,True
420,7,60,2021-12-27,TeamB-ab691983-3544-4a0e-8f70-db44d85cb907,TeamB,420,0,True
1080,9,120,2020-01-09,TeamB-afc13e53-2c77-48cb-8a78-743663bbb84f,TeamB,1080,0,True
420,7,60,2020-01-09,TeamB-afc13e53-2c77-48cb-8a78-743663bbb84f,TeamB,420,0,True
810,9,90,2020-01-10,TeamB-afc13e53-2c77-48cb-8a78-743663bbb84f,TeamB,810,0,True
360,4,90,2020-01-13,TeamB-afc13e53-2c77-48cb-8a78-743663bbb84f,TeamB,360,0,True
420,7,60,2020-01-14,TeamB-afc13e53-2c77-48cb-8a78-743663bbb84f,TeamB,420,0,True
1080,9,120,2020-01-14,TeamB-afc13e53-2c77-48cb-8a78-743663bbb84f,TeamB,1080,0,True
200,5,40,2020-01-16,TeamB-afc13e53-2c77-48cb-8a78-743663bbb84f,TeamB,200,0,True
1080,9,120,2020-01-16,TeamB-afc13e53-2c77-48cb-8a78-743663bbb84f,TeamB,1080,0,True
960,8,120,2020-01-17,TeamB-afc13e53-2c77-48cb-8a78-743663bbb84f,TeamB,960,0,True
150,3,50,2020-01-20,TeamB-afc13e53-2c77-48cb-8a78-743663bbb84f,TeamB,150,0,True
1080,9,120,2020-01-20,TeamB-afc13e53-2c77-48cb-8a78-743663bbb84f,TeamB,1080,0,True
990,9,110,2020-01-21,TeamB-afc13e53-2c77-48cb-8a78-743663bbb84f,TeamB,990,0,True
200,4,50,2020-01-21,TeamB-afc13e53-2c77-48cb-8a78-743663bbb84f,TeamB,200,0,True
840,7,120,2020-01-23,TeamB-afc13e53-2c77-48cb-8a78-743663bbb84f,TeamB,840,0,True
1100,10,110,2020-01-24,TeamB-afc13e53-2c77-48cb-8a78-743663bbb84f,TeamB,1100,0,True
720,8,90,2020-01-26,TeamB-afc13e53-2c77-48cb-8a78-743663bbb84f,TeamB,720,0,True
360,4,90,2020-01-28,TeamB-afc13e53-2c77-48cb-8a78-743663bbb84f,TeamB,360,0,True
160,4,40,2020-01-28,TeamB-afc13e53-2c77-48cb-8a78-743663bbb84f,TeamB,160,0,True
100,5,20,2020-01-29,TeamB-afc13e53-2c77-48cb-8a78-743663bbb84f,TeamB,100,0,True
700,7,100,2020-01-30,TeamB-afc13e53-2c77-48cb-8a78-743663bbb84f,TeamB,700,0,True
1080,9,120,2020-01-31,TeamB-afc13e53-2c77-48cb-8a78-743663bbb84f,TeamB,1080,0,True
200,4,50,2020-02-02,TeamB-afc13e53-2c77-48cb-8a78-743663bbb84f,TeamB,200,0,True
810,9,90,2020-02-03,TeamB-afc13e53-2c77-48cb-8a78-743663bbb84f,TeamB,810,0,True
250,5,50,2020-02-04,TeamB-afc13e53-2c77-48cb-8a78-743663bbb84f,TeamB,250,0,True
1080,9,120,2020-02-04,TeamB-afc13e53-2c77-48cb-8a78-743663bbb84f,TeamB,1080,0,True
1080,9,120,2020-02-06,TeamB-afc13e53-2c77-48cb-8a78-743663bbb84f,TeamB,1080,0,True
720,6,120,2020-02-07,TeamB-afc13e53-2c77-48cb-8a78-743663bbb84f,TeamB,720,0,True
1080,9,120,2020-02-08,TeamB-afc13e53-2c77-48cb-8a78-743663bbb84f,TeamB,1080,0,True
540,6,90,2020-02-10,TeamB-afc13e53-2c77-48cb-8a78-743663bbb84f,TeamB,540,0,True
40,2,20,2020-02-10,TeamB-afc13e53-2c77-48cb-8a78-743663bbb84f,TeamB,40,0,True
300,6,50,2020-02-11,TeamB-afc13e53-2c77-48cb-8a78-743663bbb84f,TeamB,300,0,True
900,9,100,2020-02-11,TeamB-afc13e53-2c77-48cb-8a78-743663bbb84f,TeamB,900,0,True
120,2,60,2020-02-12,TeamB-afc13e53-2c77-48cb-8a78-743663bbb84f,TeamB,120,0,True
250,5,50,2020-02-13,TeamB-afc13e53-2c77-48cb-8a78-743663bbb84f,TeamB,250,0,True
880,8,110,2020-02-13,TeamB-afc13e53-2c77-48cb-8a78-743663bbb84f,TeamB,880,0,True
270,3,90,2020-02-14,TeamB-afc13e53-2c77-48cb-8a78-743663bbb84f,TeamB,270,0,True
1080,9,120,2020-02-15,TeamB-afc13e53-2c77-48cb-8a78-743663bbb84f,TeamB,1080,0,True
540,6,90,2020-02-17,TeamB-afc13e53-2c77-48cb-8a78-743663bbb84f,TeamB,540,0,True
40,2,20,2020-02-17,TeamB-afc13e53-2c77-48cb-8a78-743663bbb84f,TeamB,40,0,True
630,7,90,2020-02-18,TeamB-afc13e53-2c77-48cb-8a78-743663bbb84f,TeamB,630,0,True
300,6,50,2020-02-18,TeamB-afc13e53-2c77-48cb-8a78-743663bbb84f,TeamB,300,0,True
360,4,90,2020-02-19,TeamB-afc13e53-2c77-48cb-8a78-743663bbb84f,TeamB,360,0,True
960,8,120,2020-02-20,TeamB-afc13e53-2c77-48cb-8a78-743663bbb84f,TeamB,960,0,True
300,3,100,2020-02-21,TeamB-afc13e53-2c77-48cb-8a78-743663bbb84f,TeamB,300,0,True
540,6,90,2020-02-22,TeamB-afc13e53-2c77-48cb-8a78-743663bbb84f,TeamB,540,0,True
540,6,90,2020-02-23,TeamB-afc13e53-2c77-48cb-8a78-743663bbb84f,TeamB,540,0,True
240,3,80,2020-02-23,TeamB-afc13e53-2c77-48cb-8a78-743663bbb84f,TeamB,240,0,True
250,5,50,2020-02-24,TeamB-afc13e53-2c77-48cb-8a78-743663bbb84f,TeamB,250,0,True
450,5,90,2020-02-24,TeamB-afc13e53-2c77-48cb-8a78-743663bbb84f,TeamB,450,0,True
480,4,120,2020-02-25,TeamB-afc13e53-2c77-48cb-8a78-743663bbb84f,TeamB,480,0,True
210,3,70,2020-02-25,TeamB-afc13e53-2c77-48cb-8a78-743663bbb84f,TeamB,210,0,True
350,5,70,2020-02-26,TeamB-afc13e53-2c77-48cb-8a78-743663bbb84f,TeamB,350,0,True
1080,9,120,2020-02-27,TeamB-afc13e53-2c77-48cb-8a78-743663bbb84f,TeamB,1080,0,True
630,7,90,2020-03-03,TeamB-afc13e53-2c77-48cb-8a78-743663bbb84f,TeamB,630,0,True
90,3,30,2020-03-04,TeamB-afc13e53-2c77-48cb-8a78-743663bbb84f,TeamB,90,0,True
540,6,90,2020-03-05,TeamB-afc13e53-2c77-48cb-8a78-743663bbb84f,TeamB,540,0,True
560,7,80,2020-03-06,TeamB-afc13e53-2c77-48cb-8a78-743663bbb84f,TeamB,560,0,True
60,2,30,2020-03-07,TeamB-afc13e53-2c77-48cb-8a78-743663bbb84f,TeamB,60,0,True
560,8,70,2020-03-08,TeamB-afc13e53-2c77-48cb-8a78-743663bbb84f,TeamB,560,0,True
80,2,40,2020-03-08,TeamB-afc13e53-2c77-48cb-8a78-743663bbb84f,TeamB,80,0,True
540,6,90,2020-03-09,TeamB-afc13e53-2c77-48cb-8a78-743663bbb84f,TeamB,540,0,True
720,8,90,2020-03-10,TeamB-afc13e53-2c77-48cb-8a78-743663bbb84f,TeamB,720,0,True
350,5,70,2020-03-11,TeamB-afc13e53-2c77-48cb-8a78-743663bbb84f,TeamB,350,0,True
180,3,60,2020-03-13,TeamB-afc13e53-2c77-48cb-8a78-743663bbb84f,TeamB,180,0,True
280,4,70,2020-03-14,TeamB-afc13e53-2c77-48cb-8a78-743663bbb84f,TeamB,280,0,True
90,3,30,2020-03-15,TeamB-afc13e53-2c77-48cb-8a78-743663bbb84f,TeamB,90,0,True
300,5,60,2020-03-15,TeamB-afc13e53-2c77-48cb-8a78-743663bbb84f,TeamB,300,0,True
400,8,50,2020-03-16,TeamB-afc13e53-2c77-48cb-8a78-743663bbb84f,TeamB,400,0,True
360,6,60,2020-03-17,TeamB-afc13e53-2c77-48cb-8a78-743663bbb84f,TeamB,360,0,True
600,5,120,2020-03-18,TeamB-afc13e53-2c77-48cb-8a78-743663bbb84f,TeamB,600,0,True
960,8,120,2020-03-20,TeamB-afc13e53-2c77-48cb-8a78-743663bbb84f,TeamB,960,0,True
420,7,60,2020-03-23,TeamB-afc13e53-2c77-48cb-8a78-743663bbb84f,TeamB,420,0,True
400,8,50,2020-03-24,TeamB-afc13e53-2c77-48cb-8a78-743663bbb84f,TeamB,400,0,True
600,5,120,2020-03-26,TeamB-afc13e53-2c77-48cb-8a78-743663bbb84f,TeamB,600,0,True
320,8,40,2020-03-27,TeamB-afc13e53-2c77-48cb-8a78-743663bbb84f,TeamB,320,0,True
200,5,40,2020-03-28,TeamB-afc13e53-2c77-48cb-8a78-743663bbb84f,TeamB,200,0,True
240,4,60,2020-03-29,TeamB-afc13e53-2c77-48cb-8a78-743663bbb84f,TeamB,240,0,True
240,8,30,2020-03-30,TeamB-afc13e53-2c77-48cb-8a78-743663bbb84f,TeamB,240,0,True
360,6,60,2020-03-30,TeamB-afc13e53-2c77-48cb-8a78-743663bbb84f,TeamB,360,0,True
150,5,30,2020-03-31,TeamB-afc13e53-2c77-48cb-8a78-743663bbb84f,TeamB,150,0,True
630,7,90,2020-03-31,TeamB-afc13e53-2c77-48cb-8a78-743663bbb84f,TeamB,630,0,True
630,7,90,2020-04-01,TeamB-afc13e53-2c77-48cb-8a78-743663bbb84f,TeamB,630,0,True
180,6,30,2020-04-01,TeamB-afc13e53-2c77-48cb-8a78-743663bbb84f,TeamB,180,0,True
210,7,30,2020-04-02,TeamB-afc13e53-2c77-48cb-8a78-743663bbb84f,TeamB,210,0,True
300,5,60,2020-04-02,TeamB-afc13e53-2c77-48cb-8a78-743663bbb84f,TeamB,300,0,True
200,5,40,2020-04-02,TeamB-afc13e53-2c77-48cb-8a78-743663bbb84f,TeamB,200,0,True
270,9,30,2020-04-03,TeamB-afc13e53-2c77-48cb-8a78-743663bbb84f,TeamB,270,0,True
180,6,30,2020-04-03,TeamB-afc13e53-2c77-48cb-8a78-743663bbb84f,TeamB,180,0,True
100,2,50,2020-04-04,TeamB-afc13e53-2c77-48cb-8a78-743663bbb84f,TeamB,100,0,True
400,5,80,2020-04-06,TeamB-afc13e53-2c77-48cb-8a78-743663bbb84f,TeamB,400,0,True
280,4,70,2020-04-07,TeamB-afc13e53-2c77-48cb-8a78-743663bbb84f,TeamB,280,0,True
200,5,40,2020-04-09,TeamB-afc13e53-2c77-48cb-8a78-743663bbb84f,TeamB,200,0,True
350,5,70,2020-04-09,TeamB-afc13e53-2c77-48cb-8a78-743663bbb84f,TeamB,350,0,True
360,9,40,2020-04-10,TeamB-afc13e53-2c77-48cb-8a78-743663bbb84f,TeamB,360,0,True
280,4,70,2020-04-11,TeamB-afc13e53-2c77-48cb-8a78-743663bbb84f,TeamB,280,0,True
320,4,80,2020-04-12,TeamB-afc13e53-2c77-48cb-8a78-743663bbb84f,TeamB,320,0,True
540,6,90,2020-04-14,TeamB-afc13e53-2c77-48cb-8a78-743663bbb84f,TeamB,540,0,True
400,8,50,2020-04-15,TeamB-afc13e53-2c77-48cb-8a78-743663bbb84f,TeamB,400,0,True
320,4,80,2020-04-16,TeamB-afc13e53-2c77-48cb-8a78-743663bbb84f,TeamB,320,0,True
630,7,90,2020-04-18,TeamB-afc13e53-2c77-48cb-8a78-743663bbb84f,TeamB,630,0,True
720,9,80,2020-04-20,TeamB-afc13e53-2c77-48cb-8a78-743663bbb84f,TeamB,720,0,True
560,7,80,2020-04-22,TeamB-afc13e53-2c77-48cb-8a78-743663bbb84f,TeamB,560,0,True
80,2,40,2020-04-22,TeamB-afc13e53-2c77-48cb-8a78-743663bbb84f,TeamB,80,0,True
450,9,50,2020-04-23,TeamB-afc13e53-2c77-48cb-8a78-743663bbb84f,TeamB,450,0,True
640,8,80,2020-04-24,TeamB-afc13e53-2c77-48cb-8a78-743663bbb84f,TeamB,640,0,True
360,4,90,2020-04-25,TeamB-afc13e53-2c77-48cb-8a78-743663bbb84f,TeamB,360,0,True
210,3,70,2020-04-26,TeamB-afc13e53-2c77-48cb-8a78-743663bbb84f,TeamB,210,0,True
720,8,90,2020-04-27,TeamB-afc13e53-2c77-48cb-8a78-743663bbb84f,TeamB,720,0,True
480,8,60,2020-04-28,TeamB-afc13e53-2c77-48cb-8a78-743663bbb84f,TeamB,480,0,True
490,7,70,2020-04-28,TeamB-afc13e53-2c77-48cb-8a78-743663bbb84f,TeamB,490,0,True
450,5,90,2020-04-29,TeamB-afc13e53-2c77-48cb-8a78-743663bbb84f,TeamB,450,0,True
770,7,110,2020-04-30,TeamB-afc13e53-2c77-48cb-8a78-743663bbb84f,TeamB,770,0,True
360,6,60,2020-05-01,TeamB-afc13e53-2c77-48cb-8a78-743663bbb84f,TeamB,360,0,True
490,7,70,2020-05-01,TeamB-afc13e53-2c77-48cb-8a78-743663bbb84f,TeamB,490,0,True
490,7,70,2020-05-03,TeamB-afc13e53-2c77-48cb-8a78-743663bbb84f,TeamB,490,0,True
700,7,100,2020-05-04,TeamB-afc13e53-2c77-48cb-8a78-743663bbb84f,TeamB,700,0,True
360,4,90,2020-05-07,TeamB-afc13e53-2c77-48cb-8a78-743663bbb84f,TeamB,360,0,True
360,6,60,2020-05-08,TeamB-afc13e53-2c77-48cb-8a78-743663bbb84f,TeamB,360,0,True
450,5,90,2020-05-09,TeamB-afc13e53-2c77-48cb-8a78-743663bbb84f,TeamB,450,0,True
160,2,80,2020-05-09,TeamB-afc13e53-2c77-48cb-8a78-743663bbb84f,TeamB,160,0,True
540,9,60,2020-05-10,TeamB-afc13e53-2c77-48cb-8a78-743663bbb84f,TeamB,540,0,True
630,7,90,2020-05-11,TeamB-afc13e53-2c77-48cb-8a78-743663bbb84f,TeamB,630,0,True
200,5,40,2020-05-12,TeamB-afc13e53-2c77-48cb-8a78-743663bbb84f,TeamB,200,0,True
360,4,90,2020-05-12,TeamB-afc13e53-2c77-48cb-8a78-743663bbb84f,TeamB,360,0,True
600,5,120,2020-05-13,TeamB-afc13e53-2c77-48cb-8a78-743663bbb84f,TeamB,600,0,True
270,3,90,2020-05-14,TeamB-afc13e53-2c77-48cb-8a78-743663bbb84f,TeamB,270,0,True
50,5,10,2020-05-14,TeamB-afc13e53-2c77-48cb-8a78-743663bbb84f,TeamB,50,0,True
1260,7,180,2020-05-15,TeamB-afc13e53-2c77-48cb-8a78-743663bbb84f,TeamB,1260,0,True
60,3,20,2020-05-18,TeamB-afc13e53-2c77-48cb-8a78-743663bbb84f,TeamB,60,0,True
720,6,120,2020-05-18,TeamB-afc13e53-2c77-48cb-8a78-743663bbb84f,TeamB,720,0,True
840,7,120,2020-05-19,TeamB-afc13e53-2c77-48cb-8a78-743663bbb84f,TeamB,840,0,True
840,7,120,2020-05-21,TeamB-afc13e53-2c77-48cb-8a78-743663bbb84f,TeamB,840,0,True
400,4,100,2020-05-22,TeamB-afc13e53-2c77-48cb-8a78-743663bbb84f,TeamB,400,0,True
350,7,50,2020-05-23,TeamB-afc13e53-2c77-48cb-8a78-743663bbb84f,TeamB,350,0,True
880,8,110,2020-05-25,TeamB-afc13e53-2c77-48cb-8a78-743663bbb84f,TeamB,880,0,True
800,8,100,2020-05-26,TeamB-afc13e53-2c77-48cb-8a78-743663bbb84f,TeamB,800,0,True
800,8,100,2020-05-28,TeamB-afc13e53-2c77-48cb-8a78-743663bbb84f,TeamB,800,0,True
720,6,120,2020-05-29,TeamB-afc13e53-2c77-48cb-8a78-743663bbb84f,TeamB,720,0,True
250,5,50,2020-05-30,TeamB-afc13e53-2c77-48cb-8a78-743663bbb84f,TeamB,250,0,True
700,7,100,2020-06-01,TeamB-afc13e53-2c77-48cb-8a78-743663bbb84f,TeamB,700,0,True
480,6,80,2020-06-02,TeamB-afc13e53-2c77-48cb-8a78-743663bbb84f,TeamB,480,0,True
210,3,70,2020-06-03,TeamB-afc13e53-2c77-48cb-8a78-743663bbb84f,TeamB,210,0,True
400,5,80,2020-06-04,TeamB-afc13e53-2c77-48cb-8a78-743663bbb84f,TeamB,400,0,True
810,9,90,2020-06-05,TeamB-afc13e53-2c77-48cb-8a78-743663bbb84f,TeamB,810,0,True
240,4,60,2020-06-06,TeamB-afc13e53-2c77-48cb-8a78-743663bbb84f,TeamB,240,0,True
640,8,80,2020-06-08,TeamB-afc13e53-2c77-48cb-8a78-743663bbb84f,TeamB,640,0,True
400,4,100,2020-06-09,TeamB-afc13e53-2c77-48cb-8a78-743663bbb84f,TeamB,400,0,True
900,9,100,2020-06-10,TeamB-afc13e53-2c77-48cb-8a78-743663bbb84f,TeamB,900,0,True
240,3,80,2020-06-11,TeamB-afc13e53-2c77-48cb-8a78-743663bbb84f,TeamB,240,0,True
240,3,80,2020-06-12,TeamB-afc13e53-2c77-48cb-8a78-743663bbb84f,TeamB,240,0,True
720,9,80,2020-06-13,TeamB-afc13e53-2c77-48cb-8a78-743663bbb84f,TeamB,720,0,True
120,2,60,2020-06-14,TeamB-afc13e53-2c77-48cb-8a78-743663bbb84f,TeamB,120,0,True
450,5,90,2020-06-15,TeamB-afc13e53-2c77-48cb-8a78-743663bbb84f,TeamB,450,0,True
720,8,90,2020-06-16,TeamB-afc13e53-2c77-48cb-8a78-743663bbb84f,TeamB,720,0,True
660,6,110,2020-06-17,TeamB-afc13e53-2c77-48cb-8a78-743663bbb84f,TeamB,660,0,True
810,9,90,2020-06-18,TeamB-afc13e53-2c77-48cb-8a78-743663bbb84f,TeamB,810,0,True
420,7,60,2020-06-19,TeamB-afc13e53-2c77-48cb-8a78-743663bbb84f,TeamB,420,0,True
240,3,80,2020-06-22,TeamB-afc13e53-2c77-48cb-8a78-743663bbb84f,TeamB,240,0,True
720,8,90,2020-06-23,TeamB-afc13e53-2c77-48cb-8a78-743663bbb84f,TeamB,720,0,True
240,3,80,2020-06-25,TeamB-afc13e53-2c77-48cb-8a78-743663bbb84f,TeamB,240,0,True
240,3,80,2020-06-26,TeamB-afc13e53-2c77-48cb-8a78-743663bbb84f,TeamB,240,0,True
810,9,90,2020-06-27,TeamB-afc13e53-2c77-48cb-8a78-743663bbb84f,TeamB,810,0,True
60,2,30,2020-06-29,TeamB-afc13e53-2c77-48cb-8a78-743663bbb84f,TeamB,60,0,True
200,4,50,2020-06-29,TeamB-afc13e53-2c77-48cb-8a78-743663bbb84f,TeamB,200,0,True
990,9,110,2020-06-30,TeamB-afc13e53-2c77-48cb-8a78-743663bbb84f,TeamB,990,0,True
630,7,90,2020-07-01,TeamB-afc13e53-2c77-48cb-8a78-743663bbb84f,TeamB,630,0,True
360,4,90,2020-07-02,TeamB-afc13e53-2c77-48cb-8a78-743663bbb84f,TeamB,360,0,True
360,4,90,2020-07-03,TeamB-afc13e53-2c77-48cb-8a78-743663bbb84f,TeamB,360,0,True
480,8,60,2020-07-04,TeamB-afc13e53-2c77-48cb-8a78-743663bbb84f,TeamB,480,0,True
490,7,70,2020-07-06,TeamB-afc13e53-2c77-48cb-8a78-743663bbb84f,TeamB,490,0,True
630,7,90,2020-07-07,TeamB-afc13e53-2c77-48cb-8a78-743663bbb84f,TeamB,630,0,True
320,4,80,2020-07-08,TeamB-afc13e53-2c77-48cb-8a78-743663bbb84f,TeamB,320,0,True
480,6,80,2020-07-09,TeamB-afc13e53-2c77-48cb-8a78-743663bbb84f,TeamB,480,0,True
810,9,90,2020-07-10,TeamB-afc13e53-2c77-48cb-8a78-743663bbb84f,TeamB,810,0,True
300,3,100,2020-07-12,TeamB-afc13e53-2c77-48cb-8a78-743663bbb84f,TeamB,300,0,True
420,6,70,2020-07-13,TeamB-afc13e53-2c77-48cb-8a78-743663bbb84f,TeamB,420,0,True
990,9,110,2020-07-14,TeamB-afc13e53-2c77-48cb-8a78-743663bbb84f,TeamB,990,0,True
630,7,90,2020-07-15,TeamB-afc13e53-2c77-48cb-8a78-743663bbb84f,TeamB,630,0,True
120,2,60,2020-07-15,TeamB-afc13e53-2c77-48cb-8a78-743663bbb84f,TeamB,120,0,True
540,6,90,2020-07-17,TeamB-afc13e53-2c77-48cb-8a78-743663bbb84f,TeamB,540,0,True
720,9,80,2020-07-18,TeamB-afc13e53-2c77-48cb-8a78-743663bbb84f,TeamB,720,0,True
300,5,60,2020-07-20,TeamB-afc13e53-2c77-48cb-8a78-743663bbb84f,TeamB,300,0,True
720,8,90,2020-07-21,TeamB-afc13e53-2c77-48cb-8a78-743663bbb84f,TeamB,720,0,True
540,6,90,2020-07-22,TeamB-afc13e53-2c77-48cb-8a78-743663bbb84f,TeamB,540,0,True
360,6,60,2020-07-23,TeamB-afc13e53-2c77-48cb-8a78-743663bbb84f,TeamB,360,0,True
350,7,50,2020-07-25,TeamB-afc13e53-2c77-48cb-8a78-743663bbb84f,TeamB,350,0,True
420,6,70,2020-07-25,TeamB-afc13e53-2c77-48cb-8a78-743663bbb84f,TeamB,420,0,True
480,8,60,2020-07-27,TeamB-afc13e53-2c77-48cb-8a78-743663bbb84f,TeamB,480,0,True
840,7,120,2020-07-28,TeamB-afc13e53-2c77-48cb-8a78-743663bbb84f,TeamB,840,0,True
720,8,90,2020-07-29,TeamB-afc13e53-2c77-48cb-8a78-743663bbb84f,TeamB,720,0,True
630,7,90,2020-07-31,TeamB-afc13e53-2c77-48cb-8a78-743663bbb84f,TeamB,630,0,True
720,9,80,2020-08-01,TeamB-afc13e53-2c77-48cb-8a78-743663bbb84f,TeamB,720,0,True
180,3,60,2020-08-03,TeamB-afc13e53-2c77-48cb-8a78-743663bbb84f,TeamB,180,0,True
280,4,70,2020-08-03,TeamB-afc13e53-2c77-48cb-8a78-743663bbb84f,TeamB,280,0,True
990,9,110,2020-08-04,TeamB-afc13e53-2c77-48cb-8a78-743663bbb84f,TeamB,990,0,True
560,7,80,2020-08-05,TeamB-afc13e53-2c77-48cb-8a78-743663bbb84f,TeamB,560,0,True
600,6,100,2020-08-06,TeamB-afc13e53-2c77-48cb-8a78-743663bbb84f,TeamB,600,0,True
810,9,90,2020-08-07,TeamB-afc13e53-2c77-48cb-8a78-743663bbb84f,TeamB,810,0,True
600,6,100,2020-08-10,TeamB-afc13e53-2c77-48cb-8a78-743663bbb84f,TeamB,600,0,True
480,6,80,2020-08-11,TeamB-afc13e53-2c77-48cb-8a78-743663bbb84f,TeamB,480,0,True
350,7,50,2020-08-12,TeamB-afc13e53-2c77-48cb-8a78-743663bbb84f,TeamB,350,0,True
240,4,60,2020-08-13,TeamB-afc13e53-2c77-48cb-8a78-743663bbb84f,TeamB,240,0,True
200,4,50,2020-08-14,TeamB-afc13e53-2c77-48cb-8a78-743663bbb84f,TeamB,200,0,True
240,3,80,2020-08-14,TeamB-afc13e53-2c77-48cb-8a78-743663bbb84f,TeamB,240,0,True
560,7,80,2020-08-15,TeamB-afc13e53-2c77-48cb-8a78-743663bbb84f,TeamB,560,0,True
540,9,60,2020-08-16,TeamB-afc13e53-2c77-48cb-8a78-743663bbb84f,TeamB,540,0,True
240,4,60,2020-08-17,TeamB-afc13e53-2c77-48cb-8a78-743663bbb84f,TeamB,240,0,True
200,4,50,2020-08-18,TeamB-afc13e53-2c77-48cb-8a78-743663bbb84f,TeamB,200,0,True
700,7,100,2020-08-19,TeamB-afc13e53-2c77-48cb-8a78-743663bbb84f,TeamB,700,0,True
450,5,90,2020-08-21,TeamB-afc13e53-2c77-48cb-8a78-743663bbb84f,TeamB,450,0,True
720,8,90,2020-08-22,TeamB-afc13e53-2c77-48cb-8a78-743663bbb84f,TeamB,720,0,True
400,5,80,2020-08-24,TeamB-afc13e53-2c77-48cb-8a78-743663bbb84f,TeamB,400,0,True
360,4,90,2020-08-26,TeamB-afc13e53-2c77-48cb-8a78-743663bbb84f,TeamB,360,0,True
180,2,90,2020-08-27,TeamB-afc13e53-2c77-48cb-8a78-743663bbb84f,TeamB,180,0,True
320,4,80,2020-08-29,TeamB-afc13e53-2c77-48cb-8a78-743663bbb84f,TeamB,320,0,True
630,7,90,2020-08-30,TeamB-afc13e53-2c77-48cb-8a78-743663bbb84f,TeamB,630,0,True
100,2,50,2020-08-31,TeamB-afc13e53-2c77-48cb-8a78-743663bbb84f,TeamB,100,0,True
150,3,50,2020-09-01,TeamB-afc13e53-2c77-48cb-8a78-743663bbb84f,TeamB,150,0,True
480,6,80,2020-09-02,TeamB-afc13e53-2c77-48cb-8a78-743663bbb84f,TeamB,480,0,True
360,4,90,2020-09-03,TeamB-afc13e53-2c77-48cb-8a78-743663bbb84f,TeamB,360,0,True
810,9,90,2020-09-05,TeamB-afc13e53-2c77-48cb-8a78-743663bbb84f,TeamB,810,0,True
200,4,50,2020-09-07,TeamB-afc13e53-2c77-48cb-8a78-743663bbb84f,TeamB,200,0,True
630,7,90,2020-09-08,TeamB-afc13e53-2c77-48cb-8a78-743663bbb84f,TeamB,630,0,True
720,8,90,2020-09-09,TeamB-afc13e53-2c77-48cb-8a78-743663bbb84f,TeamB,720,0,True
540,6,90,2020-09-11,TeamB-afc13e53-2c77-48cb-8a78-743663bbb84f,TeamB,540,0,True
560,8,70,2020-09-12,TeamB-afc13e53-2c77-48cb-8a78-743663bbb84f,TeamB,560,0,True
420,6,70,2020-09-15,TeamB-afc13e53-2c77-48cb-8a78-743663bbb84f,TeamB,420,0,True
810,9,90,2020-09-16,TeamB-afc13e53-2c77-48cb-8a78-743663bbb84f,TeamB,810,0,True
200,4,50,2020-09-16,TeamB-afc13e53-2c77-48cb-8a78-743663bbb84f,TeamB,200,0,True
960,8,120,2020-09-17,TeamB-afc13e53-2c77-48cb-8a78-743663bbb84f,TeamB,960,0,True
320,4,80,2020-09-18,TeamB-afc13e53-2c77-48cb-8a78-743663bbb84f,TeamB,320,0,True
960,8,120,2020-09-19,TeamB-afc13e53-2c77-48cb-8a78-743663bbb84f,TeamB,960,0,True
200,4,50,2020-09-19,TeamB-afc13e53-2c77-48cb-8a78-743663bbb84f,TeamB,200,0,True
600,6,100,2020-09-20,TeamB-afc13e53-2c77-48cb-8a78-743663bbb84f,TeamB,600,0,True
420,6,70,2020-09-21,TeamB-afc13e53-2c77-48cb-8a78-743663bbb84f,TeamB,420,0,True
880,8,110,2020-09-24,TeamB-afc13e53-2c77-48cb-8a78-743663bbb84f,TeamB,880,0,True
720,8,90,2020-09-25,TeamB-afc13e53-2c77-48cb-8a78-743663bbb84f,TeamB,720,0,True
360,4,90,2020-09-26,TeamB-afc13e53-2c77-48cb-8a78-743663bbb84f,TeamB,360,0,True
640,8,80,2020-09-27,TeamB-afc13e53-2c77-48cb-8a78-743663bbb84f,TeamB,640,0,True
700,7,100,2020-10-01,TeamB-afc13e53-2c77-48cb-8a78-743663bbb84f,TeamB,700,0,True
300,5,60,2020-10-02,TeamB-afc13e53-2c77-48cb-8a78-743663bbb84f,TeamB,300,0,True
840,7,120,2020-10-02,TeamB-afc13e53-2c77-48cb-8a78-743663bbb84f,TeamB,840,0,True
700,7,100,2020-10-05,TeamB-afc13e53-2c77-48cb-8a78-743663bbb84f,TeamB,700,0,True
280,4,70,2020-10-06,TeamB-afc13e53-2c77-48cb-8a78-743663bbb84f,TeamB,280,0,True
960,8,120,2020-10-07,TeamB-afc13e53-2c77-48cb-8a78-743663bbb84f,TeamB,960,0,True
270,3,90,2020-10-08,TeamB-afc13e53-2c77-48cb-8a78-743663bbb84f,TeamB,270,0,True
720,8,90,2020-10-11,TeamB-afc13e53-2c77-48cb-8a78-743663bbb84f,TeamB,720,0,True
660,6,110,2020-10-13,TeamB-afc13e53-2c77-48cb-8a78-743663bbb84f,TeamB,660,0,True
1100,10,110,2020-10-14,TeamB-afc13e53-2c77-48cb-8a78-743663bbb84f,TeamB,1100,0,True
700,7,100,2020-10-16,TeamB-afc13e53-2c77-48cb-8a78-743663bbb84f,TeamB,700,0,True
500,5,100,2020-10-17,TeamB-afc13e53-2c77-48cb-8a78-743663bbb84f,TeamB,500,0,True
560,7,80,2020-10-18,TeamB-afc13e53-2c77-48cb-8a78-743663bbb84f,TeamB,560,0,True
840,7,120,2020-10-20,TeamB-afc13e53-2c77-48cb-8a78-743663bbb84f,TeamB,840,0,True
1080,9,120,2020-10-21,TeamB-afc13e53-2c77-48cb-8a78-743663bbb84f,TeamB,1080,0,True
560,8,70,2020-10-22,TeamB-afc13e53-2c77-48cb-8a78-743663bbb84f,TeamB,560,0,True
630,7,90,2020-10-25,TeamB-afc13e53-2c77-48cb-8a78-743663bbb84f,TeamB,630,0,True
630,7,90,2020-10-25,TeamB-afc13e53-2c77-48cb-8a78-743663bbb84f,TeamB,630,0,True
420,6,70,2020-10-26,TeamB-afc13e53-2c77-48cb-8a78-743663bbb84f,TeamB,420,0,True
60,2,30,2020-10-27,TeamB-afc13e53-2c77-48cb-8a78-743663bbb84f,TeamB,60,0,True
880,8,110,2020-10-29,TeamB-afc13e53-2c77-48cb-8a78-743663bbb84f,TeamB,880,0,True
630,9,70,2020-10-30,TeamB-afc13e53-2c77-48cb-8a78-743663bbb84f,TeamB,630,0,True
560,8,70,2020-11-01,TeamB-afc13e53-2c77-48cb-8a78-743663bbb84f,TeamB,560,0,True
280,4,70,2020-11-01,TeamB-afc13e53-2c77-48cb-8a78-743663bbb84f,TeamB,280,0,True
120,2,60,2020-11-02,TeamB-afc13e53-2c77-48cb-8a78-743663bbb84f,TeamB,120,0,True
240,4,60,2020-11-03,TeamB-afc13e53-2c77-48cb-8a78-743663bbb84f,TeamB,240,0,True
140,2,70,2020-11-05,TeamB-afc13e53-2c77-48cb-8a78-743663bbb84f,TeamB,140,0,True
280,4,70,2020-11-06,TeamB-afc13e53-2c77-48cb-8a78-743663bbb84f,TeamB,280,0,True
630,7,90,2020-11-07,TeamB-afc13e53-2c77-48cb-8a78-743663bbb84f,TeamB,630,0,True
280,4,70,2020-11-10,TeamB-afc13e53-2c77-48cb-8a78-743663bbb84f,TeamB,280,0,True
400,8,50,2020-11-11,TeamB-afc13e53-2c77-48cb-8a78-743663bbb84f,TeamB,400,0,True
350,5,70,2020-11-12,TeamB-afc13e53-2c77-48cb-8a78-743663bbb84f,TeamB,350,0,True
990,9,110,2020-11-14,TeamB-afc13e53-2c77-48cb-8a78-743663bbb84f,TeamB,990,0,True
700,7,100,2020-11-15,TeamB-afc13e53-2c77-48cb-8a78-743663bbb84f,TeamB,700,0,True
240,4,60,2020-11-16,TeamB-afc13e53-2c77-48cb-8a78-743663bbb84f,TeamB,240,0,True
240,4,60,2020-11-18,TeamB-afc13e53-2c77-48cb-8a78-743663bbb84f,TeamB,240,0,True
810,9,90,2020-11-19,TeamB-afc13e53-2c77-48cb-8a78-743663bbb84f,TeamB,810,0,True
60,2,30,2020-11-20,TeamB-afc13e53-2c77-48cb-8a78-743663bbb84f,TeamB,60,0,True
240,4,60,2020-11-21,TeamB-afc13e53-2c77-48cb-8a78-743663bbb84f,TeamB,240,0,True
720,9,80,2020-11-22,TeamB-afc13e53-2c77-48cb-8a78-743663bbb84f,TeamB,720,0,True
240,4,60,2020-11-24,TeamB-afc13e53-2c77-48cb-8a78-743663bbb84f,TeamB,240,0,True
400,5,80,2020-11-25,TeamB-afc13e53-2c77-48cb-8a78-743663bbb84f,TeamB,400,0,True
150,5,30,2020-11-29,TeamB-afc13e53-2c77-48cb-8a78-743663bbb84f,TeamB,150,0,True
60,3,20,2020-11-29,TeamB-afc13e53-2c77-48cb-8a78-743663bbb84f,TeamB,60,0,True
630,7,90,2020-11-30,TeamB-afc13e53-2c77-48cb-8a78-743663bbb84f,TeamB,630,0,True
450,5,90,2020-12-01,TeamB-afc13e53-2c77-48cb-8a78-743663bbb84f,TeamB,450,0,True
490,7,70,2020-12-02,TeamB-afc13e53-2c77-48cb-8a78-743663bbb84f,TeamB,490,0,True
630,7,90,2020-12-04,TeamB-afc13e53-2c77-48cb-8a78-743663bbb84f,TeamB,630,0,True
630,7,90,2020-12-05,TeamB-afc13e53-2c77-48cb-8a78-743663bbb84f,TeamB,630,0,True
720,8,90,2020-12-06,TeamB-afc13e53-2c77-48cb-8a78-743663bbb84f,TeamB,720,0,True
90,3,30,2020-12-07,TeamB-afc13e53-2c77-48cb-8a78-743663bbb84f,TeamB,90,0,True
320,4,80,2020-12-08,TeamB-afc13e53-2c77-48cb-8a78-743663bbb84f,TeamB,320,0,True
320,4,80,2020-12-09,TeamB-afc13e53-2c77-48cb-8a78-743663bbb84f,TeamB,320,0,True
720,8,90,2020-12-10,TeamB-afc13e53-2c77-48cb-8a78-743663bbb84f,TeamB,720,0,True
280,4,70,2020-12-12,TeamB-afc13e53-2c77-48cb-8a78-743663bbb84f,TeamB,280,0,True
1080,9,120,2020-12-13,TeamB-afc13e53-2c77-48cb-8a78-743663bbb84f,TeamB,1080,0,True
180,3,60,2021-01-10,TeamB-afc13e53-2c77-48cb-8a78-743663bbb84f,TeamB,180,0,True
490,7,70,2021-01-11,TeamB-afc13e53-2c77-48cb-8a78-743663bbb84f,TeamB,490,0,True
630,7,90,2021-01-12,TeamB-afc13e53-2c77-48cb-8a78-743663bbb84f,TeamB,630,0,True
300,5,60,2021-01-12,TeamB-afc13e53-2c77-48cb-8a78-743663bbb84f,TeamB,300,0,True
490,7,70,2021-01-14,TeamB-afc13e53-2c77-48cb-8a78-743663bbb84f,TeamB,490,0,True
200,4,50,2021-01-15,TeamB-afc13e53-2c77-48cb-8a78-743663bbb84f,TeamB,200,0,True
720,8,90,2021-01-15,TeamB-afc13e53-2c77-48cb-8a78-743663bbb84f,TeamB,720,0,True
720,8,90,2021-01-17,TeamB-afc13e53-2c77-48cb-8a78-743663bbb84f,TeamB,720,0,True
810,9,90,2021-01-18,TeamB-afc13e53-2c77-48cb-8a78-743663bbb84f,TeamB,810,0,True
450,5,90,2021-01-18,TeamB-afc13e53-2c77-48cb-8a78-743663bbb84f,TeamB,450,0,True
630,7,90,2021-01-20,TeamB-afc13e53-2c77-48cb-8a78-743663bbb84f,TeamB,630,0,True
420,7,60,2021-01-21,TeamB-afc13e53-2c77-48cb-8a78-743663bbb84f,TeamB,420,0,True
400,4,100,2021-01-22,TeamB-afc13e53-2c77-48cb-8a78-743663bbb84f,TeamB,400,0,True
180,3,60,2021-01-23,TeamB-afc13e53-2c77-48cb-8a78-743663bbb84f,TeamB,180,0,True
300,5,60,2021-01-24,TeamB-afc13e53-2c77-48cb-8a78-743663bbb84f,TeamB,300,0,True
480,8,60,2021-01-25,TeamB-afc13e53-2c77-48cb-8a78-743663bbb84f,TeamB,480,0,True
400,5,80,2021-01-26,TeamB-afc13e53-2c77-48cb-8a78-743663bbb84f,TeamB,400,0,True
360,6,60,2021-01-26,TeamB-afc13e53-2c77-48cb-8a78-743663bbb84f,TeamB,360,0,True
480,8,60,2021-01-27,TeamB-afc13e53-2c77-48cb-8a78-743663bbb84f,TeamB,480,0,True
300,5,60,2021-01-28,TeamB-afc13e53-2c77-48cb-8a78-743663bbb84f,TeamB,300,0,True
240,6,40,2021-01-29,TeamB-afc13e53-2c77-48cb-8a78-743663bbb84f,TeamB,240,0,True
420,7,60,2021-01-29,TeamB-afc13e53-2c77-48cb-8a78-743663bbb84f,TeamB,420,0,True
300,5,60,2021-01-30,TeamB-afc13e53-2c77-48cb-8a78-743663bbb84f,TeamB,300,0,True
300,5,60,2021-01-30,TeamB-afc13e53-2c77-48cb-8a78-743663bbb84f,TeamB,300,0,True
770,7,110,2021-02-01,TeamB-afc13e53-2c77-48cb-8a78-743663bbb84f,TeamB,770,0,True
40,4,10,2021-02-01,TeamB-afc13e53-2c77-48cb-8a78-743663bbb84f,TeamB,40,0,True
720,8,90,2021-02-02,TeamB-afc13e53-2c77-48cb-8a78-743663bbb84f,TeamB,720,0,True
360,4,90,2021-02-03,TeamB-afc13e53-2c77-48cb-8a78-743663bbb84f,TeamB,360,0,True
630,9,70,2021-02-04,TeamB-afc13e53-2c77-48cb-8a78-743663bbb84f,TeamB,630,0,True
360,4,90,2021-02-05,TeamB-afc13e53-2c77-48cb-8a78-743663bbb84f,TeamB,360,0,True
900,9,100,2021-02-07,TeamB-afc13e53-2c77-48cb-8a78-743663bbb84f,TeamB,900,0,True
770,7,110,2021-02-08,TeamB-afc13e53-2c77-48cb-8a78-743663bbb84f,TeamB,770,0,True
490,7,70,2021-02-10,TeamB-afc13e53-2c77-48cb-8a78-743663bbb84f,TeamB,490,0,True
1080,9,120,2021-02-11,TeamB-afc13e53-2c77-48cb-8a78-743663bbb84f,TeamB,1080,0,True
450,9,50,2021-02-14,TeamB-afc13e53-2c77-48cb-8a78-743663bbb84f,TeamB,450,0,True
120,4,30,2021-02-14,TeamB-afc13e53-2c77-48cb-8a78-743663bbb84f,TeamB,120,0,True
360,6,60,2021-02-15,TeamB-afc13e53-2c77-48cb-8a78-743663bbb84f,TeamB,360,0,True
360,6,60,2021-02-16,TeamB-afc13e53-2c77-48cb-8a78-743663bbb84f,TeamB,360,0,True
480,8,60,2021-02-17,TeamB-afc13e53-2c77-48cb-8a78-743663bbb84f,TeamB,480,0,True
300,5,60,2021-02-18,TeamB-afc13e53-2c77-48cb-8a78-743663bbb84f,TeamB,300,0,True
300,5,60,2021-02-18,TeamB-afc13e53-2c77-48cb-8a78-743663bbb84f,TeamB,300,0,True
480,8,60,2021-02-20,TeamB-afc13e53-2c77-48cb-8a78-743663bbb84f,TeamB,480,0,True
540,6,90,2021-02-20,TeamB-afc13e53-2c77-48cb-8a78-743663bbb84f,TeamB,540,0,True
540,6,90,2021-02-21,TeamB-afc13e53-2c77-48cb-8a78-743663bbb84f,TeamB,540,0,True
360,6,60,2021-02-22,TeamB-afc13e53-2c77-48cb-8a78-743663bbb84f,TeamB,360,0,True
200,5,40,2021-02-24,TeamB-afc13e53-2c77-48cb-8a78-743663bbb84f,TeamB,200,0,True
420,7,60,2021-02-24,TeamB-afc13e53-2c77-48cb-8a78-743663bbb84f,TeamB,420,0,True
140,7,20,2021-02-25,TeamB-afc13e53-2c77-48cb-8a78-743663bbb84f,TeamB,140,0,True
630,7,90,2021-02-25,TeamB-afc13e53-2c77-48cb-8a78-743663bbb84f,TeamB,630,0,True
720,8,90,2021-02-26,TeamB-afc13e53-2c77-48cb-8a78-743663bbb84f,TeamB,720,0,True
300,5,60,2021-02-26,TeamB-afc13e53-2c77-48cb-8a78-743663bbb84f,TeamB,300,0,True
630,7,90,2021-02-27,TeamB-afc13e53-2c77-48cb-8a78-743663bbb84f,TeamB,630,0,True
300,5,60,2021-03-01,TeamB-afc13e53-2c77-48cb-8a78-743663bbb84f,TeamB,300,0,True
90,3,30,2021-03-01,TeamB-afc13e53-2c77-48cb-8a78-743663bbb84f,TeamB,90,0,True
450,5,90,2021-03-01,TeamB-afc13e53-2c77-48cb-8a78-743663bbb84f,TeamB,450,0,True
40,4,10,2021-03-02,TeamB-afc13e53-2c77-48cb-8a78-743663bbb84f,TeamB,40,0,True
720,8,90,2021-03-02,TeamB-afc13e53-2c77-48cb-8a78-743663bbb84f,TeamB,720,0,True
240,4,60,2021-03-02,TeamB-afc13e53-2c77-48cb-8a78-743663bbb84f,TeamB,240,0,True
180,3,60,2021-03-03,TeamB-afc13e53-2c77-48cb-8a78-743663bbb84f,TeamB,180,0,True
180,3,60,2021-03-03,TeamB-afc13e53-2c77-48cb-8a78-743663bbb84f,TeamB,180,0,True
240,4,60,2021-03-04,TeamB-afc13e53-2c77-48cb-8a78-743663bbb84f,TeamB,240,0,True
720,8,90,2021-03-04,TeamB-afc13e53-2c77-48cb-8a78-743663bbb84f,TeamB,720,0,True
630,7,90,2021-03-05,TeamB-afc13e53-2c77-48cb-8a78-743663bbb84f,TeamB,630,0,True
30,3,10,2021-03-05,TeamB-afc13e53-2c77-48cb-8a78-743663bbb84f,TeamB,30,0,True
270,3,90,2021-03-05,TeamB-afc13e53-2c77-48cb-8a78-743663bbb84f,TeamB,270,0,True
720,8,90,2021-03-06,TeamB-afc13e53-2c77-48cb-8a78-743663bbb84f,TeamB,720,0,True
240,4,60,2021-03-06,TeamB-afc13e53-2c77-48cb-8a78-743663bbb84f,TeamB,240,0,True
20,2,10,2021-03-06,TeamB-afc13e53-2c77-48cb-8a78-743663bbb84f,TeamB,20,0,True
480,8,60,2021-03-08,TeamB-afc13e53-2c77-48cb-8a78-743663bbb84f,TeamB,480,0,True
20,2,10,2021-03-08,TeamB-afc13e53-2c77-48cb-8a78-743663bbb84f,TeamB,20,0,True
540,6,90,2021-03-08,TeamB-afc13e53-2c77-48cb-8a78-743663bbb84f,TeamB,540,0,True
80,4,20,2021-03-10,TeamB-afc13e53-2c77-48cb-8a78-743663bbb84f,TeamB,80,0,True
640,8,80,2021-03-11,TeamB-afc13e53-2c77-48cb-8a78-743663bbb84f,TeamB,640,0,True
720,8,90,2021-03-12,TeamB-afc13e53-2c77-48cb-8a78-743663bbb84f,TeamB,720,0,True
450,5,90,2021-03-13,TeamB-afc13e53-2c77-48cb-8a78-743663bbb84f,TeamB,450,0,True
200,4,50,2021-03-14,TeamB-afc13e53-2c77-48cb-8a78-743663bbb84f,TeamB,200,0,True
630,7,90,2021-03-15,TeamB-afc13e53-2c77-48cb-8a78-743663bbb84f,TeamB,630,0,True
420,7,60,2021-03-15,TeamB-afc13e53-2c77-48cb-8a78-743663bbb84f,TeamB,420,0,True
60,3,20,2021-03-15,TeamB-afc13e53-2c77-48cb-8a78-743663bbb84f,TeamB,60,0,True
180,3,60,2021-03-16,TeamB-afc13e53-2c77-48cb-8a78-743663bbb84f,TeamB,180,0,True
540,6,90,2021-03-16,TeamB-afc13e53-2c77-48cb-8a78-743663bbb84f,TeamB,540,0,True
240,4,60,2021-03-18,TeamB-afc13e53-2c77-48cb-8a78-743663bbb84f,TeamB,240,0,True
770,7,110,2021-03-18,TeamB-afc13e53-2c77-48cb-8a78-743663bbb84f,TeamB,770,0,True
360,4,90,2021-03-19,TeamB-afc13e53-2c77-48cb-8a78-743663bbb84f,TeamB,360,0,True
720,8,90,2021-03-20,TeamB-afc13e53-2c77-48cb-8a78-743663bbb84f,TeamB,720,0,True
200,4,50,2021-03-20,TeamB-afc13e53-2c77-48cb-8a78-743663bbb84f,TeamB,200,0,True
630,7,90,2021-03-22,TeamB-afc13e53-2c77-48cb-8a78-743663bbb84f,TeamB,630,0,True
60,3,20,2021-03-23,TeamB-afc13e53-2c77-48cb-8a78-743663bbb84f,TeamB,60,0,True
720,6,120,2021-03-25,TeamB-afc13e53-2c77-48cb-8a78-743663bbb84f,TeamB,720,0,True
270,3,90,2021-03-26,TeamB-afc13e53-2c77-48cb-8a78-743663bbb84f,TeamB,270,0,True
60,2,30,2021-03-26,TeamB-afc13e53-2c77-48cb-8a78-743663bbb84f,TeamB,60,0,True
630,7,90,2021-03-27,TeamB-afc13e53-2c77-48cb-8a78-743663bbb84f,TeamB,630,0,True
20,2,10,2021-03-27,TeamB-afc13e53-2c77-48cb-8a78-743663bbb84f,TeamB,20,0,True
300,5,60,2021-03-27,TeamB-afc13e53-2c77-48cb-8a78-743663bbb84f,TeamB,300,0,True
540,6,90,2021-03-29,TeamB-afc13e53-2c77-48cb-8a78-743663bbb84f,TeamB,540,0,True
90,3,30,2021-03-29,TeamB-afc13e53-2c77-48cb-8a78-743663bbb84f,TeamB,90,0,True
810,9,90,2021-03-30,TeamB-afc13e53-2c77-48cb-8a78-743663bbb84f,TeamB,810,0,True
90,3,30,2021-03-30,TeamB-afc13e53-2c77-48cb-8a78-743663bbb84f,TeamB,90,0,True
720,8,90,2021-03-31,TeamB-afc13e53-2c77-48cb-8a78-743663bbb84f,TeamB,720,0,True
120,4,30,2021-03-31,TeamB-afc13e53-2c77-48cb-8a78-743663bbb84f,TeamB,120,0,True
210,3,70,2021-04-02,TeamB-afc13e53-2c77-48cb-8a78-743663bbb84f,TeamB,210,0,True
200,5,40,2021-04-04,TeamB-afc13e53-2c77-48cb-8a78-743663bbb84f,TeamB,200,0,True
640,8,80,2021-04-06,TeamB-afc13e53-2c77-48cb-8a78-743663bbb84f,TeamB,640,0,True
160,4,40,2021-04-06,TeamB-afc13e53-2c77-48cb-8a78-743663bbb84f,TeamB,160,0,True
270,3,90,2021-04-07,TeamB-afc13e53-2c77-48cb-8a78-743663bbb84f,TeamB,270,0,True
200,5,40,2021-04-09,TeamB-afc13e53-2c77-48cb-8a78-743663bbb84f,TeamB,200,0,True
280,7,40,2021-04-10,TeamB-afc13e53-2c77-48cb-8a78-743663bbb84f,TeamB,280,0,True
960,8,120,2021-04-12,TeamB-afc13e53-2c77-48cb-8a78-743663bbb84f,TeamB,960,0,True
770,7,110,2021-04-13,TeamB-afc13e53-2c77-48cb-8a78-743663bbb84f,TeamB,770,0,True
60,3,20,2021-04-13,TeamB-afc13e53-2c77-48cb-8a78-743663bbb84f,TeamB,60,0,True
160,4,40,2021-04-14,TeamB-afc13e53-2c77-48cb-8a78-743663bbb84f,TeamB,160,0,True
540,6,90,2021-04-15,TeamB-afc13e53-2c77-48cb-8a78-743663bbb84f,TeamB,540,0,True
60,3,20,2021-04-15,TeamB-afc13e53-2c77-48cb-8a78-743663bbb84f,TeamB,60,0,True
630,7,90,2021-04-16,TeamB-afc13e53-2c77-48cb-8a78-743663bbb84f,TeamB,630,0,True
720,8,90,2021-04-17,TeamB-afc13e53-2c77-48cb-8a78-743663bbb84f,TeamB,720,0,True
360,4,90,2021-04-19,TeamB-afc13e53-2c77-48cb-8a78-743663bbb84f,TeamB,360,0,True
350,7,50,2021-04-20,TeamB-afc13e53-2c77-48cb-8a78-743663bbb84f,TeamB,350,0,True
640,8,80,2021-04-21,TeamB-afc13e53-2c77-48cb-8a78-743663bbb84f,TeamB,640,0,True
420,6,70,2021-04-23,TeamB-afc13e53-2c77-48cb-8a78-743663bbb84f,TeamB,420,0,True
600,5,120,2021-04-26,TeamB-afc13e53-2c77-48cb-8a78-743663bbb84f,TeamB,600,0,True
1080,9,120,2021-04-27,TeamB-afc13e53-2c77-48cb-8a78-743663bbb84f,TeamB,1080,0,True
60,3,20,2021-04-28,TeamB-afc13e53-2c77-48cb-8a78-743663bbb84f,TeamB,60,0,True
770,7,110,2021-04-28,TeamB-afc13e53-2c77-48cb-8a78-743663bbb84f,TeamB,770,0,True
770,7,110,2021-04-29,TeamB-afc13e53-2c77-48cb-8a78-743663bbb84f,TeamB,770,0,True
360,4,90,2021-04-30,TeamB-afc13e53-2c77-48cb-8a78-743663bbb84f,TeamB,360,0,True
720,8,90,2021-05-01,TeamB-afc13e53-2c77-48cb-8a78-743663bbb84f,TeamB,720,0,True
450,5,90,2021-05-03,TeamB-afc13e53-2c77-48cb-8a78-743663bbb84f,TeamB,450,0,True
720,8,90,2021-05-04,TeamB-afc13e53-2c77-48cb-8a78-743663bbb84f,TeamB,720,0,True
60,3,20,2021-05-04,TeamB-afc13e53-2c77-48cb-8a78-743663bbb84f,TeamB,60,0,True
810,9,90,2021-05-05,TeamB-afc13e53-2c77-48cb-8a78-743663bbb84f,TeamB,810,0,True
450,5,90,2021-05-06,TeamB-afc13e53-2c77-48cb-8a78-743663bbb84f,TeamB,450,0,True
360,4,90,2021-05-07,TeamB-afc13e53-2c77-48cb-8a78-743663bbb84f,TeamB,360,0,True
810,9,90,2021-05-08,TeamB-afc13e53-2c77-48cb-8a78-743663bbb84f,TeamB,810,0,True
360,4,90,2021-05-10,TeamB-afc13e53-2c77-48cb-8a78-743663bbb84f,TeamB,360,0,True
810,9,90,2021-05-11,TeamB-afc13e53-2c77-48cb-8a78-743663bbb84f,TeamB,810,0,True
360,4,90,2021-05-12,TeamB-afc13e53-2c77-48cb-8a78-743663bbb84f,TeamB,360,0,True
360,4,90,2021-05-14,TeamB-afc13e53-2c77-48cb-8a78-743663bbb84f,TeamB,360,0,True
810,9,90,2021-05-15,TeamB-afc13e53-2c77-48cb-8a78-743663bbb84f,TeamB,810,0,True
60,3,20,2021-05-17,TeamB-afc13e53-2c77-48cb-8a78-743663bbb84f,TeamB,60,0,True
800,8,100,2021-05-18,TeamB-afc13e53-2c77-48cb-8a78-743663bbb84f,TeamB,800,0,True
960,8,120,2021-05-19,TeamB-afc13e53-2c77-48cb-8a78-743663bbb84f,TeamB,960,0,True
80,4,20,2021-05-20,TeamB-afc13e53-2c77-48cb-8a78-743663bbb84f,TeamB,80,0,True
360,4,90,2021-05-21,TeamB-afc13e53-2c77-48cb-8a78-743663bbb84f,TeamB,360,0,True
810,9,90,2021-05-22,TeamB-afc13e53-2c77-48cb-8a78-743663bbb84f,TeamB,810,0,True
600,5,120,2021-05-24,TeamB-afc13e53-2c77-48cb-8a78-743663bbb84f,TeamB,600,0,True
810,9,90,2021-05-25,TeamB-afc13e53-2c77-48cb-8a78-743663bbb84f,TeamB,810,0,True
720,8,90,2021-05-26,TeamB-afc13e53-2c77-48cb-8a78-743663bbb84f,TeamB,720,0,True
360,4,90,2021-05-28,TeamB-afc13e53-2c77-48cb-8a78-743663bbb84f,TeamB,360,0,True
810,9,90,2021-05-29,TeamB-afc13e53-2c77-48cb-8a78-743663bbb84f,TeamB,810,0,True
240,4,60,2021-05-31,TeamB-afc13e53-2c77-48cb-8a78-743663bbb84f,TeamB,240,0,True
420,7,60,2021-05-31,TeamB-afc13e53-2c77-48cb-8a78-743663bbb84f,TeamB,420,0,True
30,3,10,2021-06-01,TeamB-afc13e53-2c77-48cb-8a78-743663bbb84f,TeamB,30,0,True
720,8,90,2021-06-01,TeamB-afc13e53-2c77-48cb-8a78-743663bbb84f,TeamB,720,0,True
280,4,70,2021-06-02,TeamB-afc13e53-2c77-48cb-8a78-743663bbb84f,TeamB,280,0,True
960,8,120,2021-06-04,TeamB-afc13e53-2c77-48cb-8a78-743663bbb84f,TeamB,960,0,True
720,8,90,2021-06-05,TeamB-afc13e53-2c77-48cb-8a78-743663bbb84f,TeamB,720,0,True
360,4,90,2021-06-07,TeamB-afc13e53-2c77-48cb-8a78-743663bbb84f,TeamB,360,0,True
630,7,90,2021-06-20,TeamB-afc13e53-2c77-48cb-8a78-743663bbb84f,TeamB,630,0,True
450,5,90,2021-06-21,TeamB-afc13e53-2c77-48cb-8a78-743663bbb84f,TeamB,450,0,True
810,9,90,2021-06-22,TeamB-afc13e53-2c77-48cb-8a78-743663bbb84f,TeamB,810,0,True
270,3,90,2021-06-23,TeamB-afc13e53-2c77-48cb-8a78-743663bbb84f,TeamB,270,0,True
480,8,60,2021-06-26,TeamB-afc13e53-2c77-48cb-8a78-743663bbb84f,TeamB,480,0,True
240,3,80,2021-06-27,TeamB-afc13e53-2c77-48cb-8a78-743663bbb84f,TeamB,240,0,True
360,4,90,2021-06-29,TeamB-afc13e53-2c77-48cb-8a78-743663bbb84f,TeamB,360,0,True
640,8,80,2021-06-30,TeamB-afc13e53-2c77-48cb-8a78-743663bbb84f,TeamB,640,0,True
270,3,90,2021-07-01,TeamB-afc13e53-2c77-48cb-8a78-743663bbb84f,TeamB,270,0,True
270,3,90,2021-07-03,TeamB-afc13e53-2c77-48cb-8a78-743663bbb84f,TeamB,270,0,True
300,5,60,2021-07-06,TeamB-afc13e53-2c77-48cb-8a78-743663bbb84f,TeamB,300,0,True
810,9,90,2021-07-07,TeamB-afc13e53-2c77-48cb-8a78-743663bbb84f,TeamB,810,0,True
360,4,90,2021-07-09,TeamB-afc13e53-2c77-48cb-8a78-743663bbb84f,TeamB,360,0,True
630,9,70,2021-07-10,TeamB-afc13e53-2c77-48cb-8a78-743663bbb84f,TeamB,630,0,True
180,2,90,2021-07-11,TeamB-afc13e53-2c77-48cb-8a78-743663bbb84f,TeamB,180,0,True
540,6,90,2021-07-13,TeamB-afc13e53-2c77-48cb-8a78-743663bbb84f,TeamB,540,0,True
630,7,90,2021-07-31,TeamB-afc13e53-2c77-48cb-8a78-743663bbb84f,TeamB,630,0,True
360,4,90,2021-08-01,TeamB-afc13e53-2c77-48cb-8a78-743663bbb84f,TeamB,360,0,True
360,6,60,2021-08-03,TeamB-afc13e53-2c77-48cb-8a78-743663bbb84f,TeamB,360,0,True
720,8,90,2021-08-03,TeamB-afc13e53-2c77-48cb-8a78-743663bbb84f,TeamB,720,0,True
400,8,50,2021-08-03,TeamB-afc13e53-2c77-48cb-8a78-743663bbb84f,TeamB,400,0,True
720,8,90,2021-08-05,TeamB-afc13e53-2c77-48cb-8a78-743663bbb84f,TeamB,720,0,True
360,4,90,2021-08-06,TeamB-afc13e53-2c77-48cb-8a78-743663bbb84f,TeamB,360,0,True
420,7,60,2021-08-07,TeamB-afc13e53-2c77-48cb-8a78-743663bbb84f,TeamB,420,0,True
720,8,90,2021-08-10,TeamB-afc13e53-2c77-48cb-8a78-743663bbb84f,TeamB,720,0,True
300,5,60,2021-08-10,TeamB-afc13e53-2c77-48cb-8a78-743663bbb84f,TeamB,300,0,True
540,6,90,2021-08-11,TeamB-afc13e53-2c77-48cb-8a78-743663bbb84f,TeamB,540,0,True
50,5,10,2021-08-11,TeamB-afc13e53-2c77-48cb-8a78-743663bbb84f,TeamB,50,0,True
360,4,90,2021-08-13,TeamB-afc13e53-2c77-48cb-8a78-743663bbb84f,TeamB,360,0,True
540,9,60,2021-08-14,TeamB-afc13e53-2c77-48cb-8a78-743663bbb84f,TeamB,540,0,True
280,4,70,2021-08-15,TeamB-afc13e53-2c77-48cb-8a78-743663bbb84f,TeamB,280,0,True
360,6,60,2021-08-17,TeamB-afc13e53-2c77-48cb-8a78-743663bbb84f,TeamB,360,0,True
810,9,90,2021-08-18,TeamB-afc13e53-2c77-48cb-8a78-743663bbb84f,TeamB,810,0,True
80,2,40,2021-08-19,TeamB-afc13e53-2c77-48cb-8a78-743663bbb84f,TeamB,80,0,True
360,6,60,2021-08-20,TeamB-afc13e53-2c77-48cb-8a78-743663bbb84f,TeamB,360,0,True
560,8,70,2021-08-21,TeamB-afc13e53-2c77-48cb-8a78-743663bbb84f,TeamB,560,0,True
810,9,90,2021-08-21,TeamB-afc13e53-2c77-48cb-8a78-743663bbb84f,TeamB,810,0,True
420,6,70,2021-08-21,TeamB-afc13e53-2c77-48cb-8a78-743663bbb84f,TeamB,420,0,True
360,4,90,2021-08-23,TeamB-afc13e53-2c77-48cb-8a78-743663bbb84f,TeamB,360,0,True
810,9,90,2021-08-24,TeamB-afc13e53-2c77-48cb-8a78-743663bbb84f,TeamB,810,0,True
450,5,90,2021-08-26,TeamB-afc13e53-2c77-48cb-8a78-743663bbb84f,TeamB,450,0,True
360,4,90,2021-08-27,TeamB-afc13e53-2c77-48cb-8a78-743663bbb84f,TeamB,360,0,True
720,9,80,2021-08-28,TeamB-afc13e53-2c77-48cb-8a78-743663bbb84f,TeamB,720,0,True
360,4,90,2021-08-31,TeamB-afc13e53-2c77-48cb-8a78-743663bbb84f,TeamB,360,0,True
350,7,50,2021-09-01,TeamB-afc13e53-2c77-48cb-8a78-743663bbb84f,TeamB,350,0,True
40,2,20,2021-09-02,TeamB-afc13e53-2c77-48cb-8a78-743663bbb84f,TeamB,40,0,True
540,6,90,2021-09-03,TeamB-afc13e53-2c77-48cb-8a78-743663bbb84f,TeamB,540,0,True
40,4,10,2021-09-04,TeamB-afc13e53-2c77-48cb-8a78-743663bbb84f,TeamB,40,0,True
300,5,60,2021-09-07,TeamB-afc13e53-2c77-48cb-8a78-743663bbb84f,TeamB,300,0,True
240,4,60,2021-09-07,TeamB-afc13e53-2c77-48cb-8a78-743663bbb84f,TeamB,240,0,True
140,7,20,2021-09-08,TeamB-afc13e53-2c77-48cb-8a78-743663bbb84f,TeamB,140,0,True
540,6,90,2021-09-10,TeamB-afc13e53-2c77-48cb-8a78-743663bbb84f,TeamB,540,0,True
640,8,80,2021-09-12,TeamB-afc13e53-2c77-48cb-8a78-743663bbb84f,TeamB,640,0,True
490,7,70,2021-09-15,TeamB-afc13e53-2c77-48cb-8a78-743663bbb84f,TeamB,490,0,True
630,7,90,2021-09-16,TeamB-afc13e53-2c77-48cb-8a78-743663bbb84f,TeamB,630,0,True
360,6,60,2021-09-21,TeamB-afc13e53-2c77-48cb-8a78-743663bbb84f,TeamB,360,0,True
960,8,120,2021-09-22,TeamB-afc13e53-2c77-48cb-8a78-743663bbb84f,TeamB,960,0,True
300,5,60,2021-09-22,TeamB-afc13e53-2c77-48cb-8a78-743663bbb84f,TeamB,300,0,True
630,7,90,2021-09-24,TeamB-afc13e53-2c77-48cb-8a78-743663bbb84f,TeamB,630,0,True
360,4,90,2021-09-25,TeamB-afc13e53-2c77-48cb-8a78-743663bbb84f,TeamB,360,0,True
420,7,60,2021-09-26,TeamB-afc13e53-2c77-48cb-8a78-743663bbb84f,TeamB,420,0,True
300,5,60,2021-09-27,TeamB-afc13e53-2c77-48cb-8a78-743663bbb84f,TeamB,300,0,True
630,7,90,2021-09-28,TeamB-afc13e53-2c77-48cb-8a78-743663bbb84f,TeamB,630,0,True
210,7,30,2021-10-02,TeamB-afc13e53-2c77-48cb-8a78-743663bbb84f,TeamB,210,0,True
480,8,60,2021-10-03,TeamB-afc13e53-2c77-48cb-8a78-743663bbb84f,TeamB,480,0,True
720,8,90,2021-10-05,TeamB-afc13e53-2c77-48cb-8a78-743663bbb84f,TeamB,720,0,True
600,6,100,2021-10-06,TeamB-afc13e53-2c77-48cb-8a78-743663bbb84f,TeamB,600,0,True
240,3,80,2021-10-06,TeamB-afc13e53-2c77-48cb-8a78-743663bbb84f,TeamB,240,0,True
180,3,60,2021-10-07,TeamB-afc13e53-2c77-48cb-8a78-743663bbb84f,TeamB,180,0,True
80,8,10,2021-10-09,TeamB-afc13e53-2c77-48cb-8a78-743663bbb84f,TeamB,80,0,True
140,7,20,2021-10-09,TeamB-afc13e53-2c77-48cb-8a78-743663bbb84f,TeamB,140,0,True
360,4,90,2021-10-10,TeamB-afc13e53-2c77-48cb-8a78-743663bbb84f,TeamB,360,0,True
240,4,60,2021-10-12,TeamB-afc13e53-2c77-48cb-8a78-743663bbb84f,TeamB,240,0,True
630,7,90,2021-10-13,TeamB-afc13e53-2c77-48cb-8a78-743663bbb84f,TeamB,630,0,True
180,3,60,2021-10-14,TeamB-afc13e53-2c77-48cb-8a78-743663bbb84f,TeamB,180,0,True
720,8,90,2021-10-15,TeamB-afc13e53-2c77-48cb-8a78-743663bbb84f,TeamB,720,0,True
540,6,90,2021-10-16,TeamB-afc13e53-2c77-48cb-8a78-743663bbb84f,TeamB,540,0,True
490,7,70,2021-10-19,TeamB-afc13e53-2c77-48cb-8a78-743663bbb84f,TeamB,490,0,True
630,7,90,2021-10-20,TeamB-afc13e53-2c77-48cb-8a78-743663bbb84f,TeamB,630,0,True
720,8,90,2021-10-21,TeamB-afc13e53-2c77-48cb-8a78-743663bbb84f,TeamB,720,0,True
720,8,90,2021-10-22,TeamB-afc13e53-2c77-48cb-8a78-743663bbb84f,TeamB,720,0,True
240,4,60,2021-10-24,TeamB-afc13e53-2c77-48cb-8a78-743663bbb84f,TeamB,240,0,True
540,6,90,2021-10-25,TeamB-afc13e53-2c77-48cb-8a78-743663bbb84f,TeamB,540,0,True
770,7,110,2021-10-26,TeamB-afc13e53-2c77-48cb-8a78-743663bbb84f,TeamB,770,0,True
240,4,60,2021-10-26,TeamB-afc13e53-2c77-48cb-8a78-743663bbb84f,TeamB,240,0,True
630,7,90,2021-10-27,TeamB-afc13e53-2c77-48cb-8a78-743663bbb84f,TeamB,630,0,True
630,7,90,2021-10-27,TeamB-afc13e53-2c77-48cb-8a78-743663bbb84f,TeamB,630,0,True
960,8,120,2021-10-29,TeamB-afc13e53-2c77-48cb-8a78-743663bbb84f,TeamB,960,0,True
360,4,90,2021-10-30,TeamB-afc13e53-2c77-48cb-8a78-743663bbb84f,TeamB,360,0,True
810,9,90,2021-10-31,TeamB-afc13e53-2c77-48cb-8a78-743663bbb84f,TeamB,810,0,True
60,2,30,2021-11-03,TeamB-afc13e53-2c77-48cb-8a78-743663bbb84f,TeamB,60,0,True
630,7,90,2021-11-03,TeamB-afc13e53-2c77-48cb-8a78-743663bbb84f,TeamB,630,0,True
180,6,30,2021-11-05,TeamB-afc13e53-2c77-48cb-8a78-743663bbb84f,TeamB,180,0,True
360,4,90,2021-11-06,TeamB-afc13e53-2c77-48cb-8a78-743663bbb84f,TeamB,360,0,True
630,7,90,2021-11-07,TeamB-afc13e53-2c77-48cb-8a78-743663bbb84f,TeamB,630,0,True
540,6,90,2021-11-10,TeamB-afc13e53-2c77-48cb-8a78-743663bbb84f,TeamB,540,0,True
360,6,60,2021-11-10,TeamB-afc13e53-2c77-48cb-8a78-743663bbb84f,TeamB,360,0,True
420,7,60,2021-01-17,TeamB-d9501f3a-aaa1-4311-8b8b-3a8d3f21480f,TeamB,420,0,True
560,7,80,2021-01-18,TeamB-d9501f3a-aaa1-4311-8b8b-3a8d3f21480f,TeamB,560,0,True
150,3,50,2021-01-18,TeamB-d9501f3a-aaa1-4311-8b8b-3a8d3f21480f,TeamB,150,0,True
560,7,80,2021-01-20,TeamB-d9501f3a-aaa1-4311-8b8b-3a8d3f21480f,TeamB,560,0,True
420,7,60,2021-01-21,TeamB-d9501f3a-aaa1-4311-8b8b-3a8d3f21480f,TeamB,420,0,True
180,3,60,2021-01-22,TeamB-d9501f3a-aaa1-4311-8b8b-3a8d3f21480f,TeamB,180,0,True
80,2,40,2021-01-24,TeamB-d9501f3a-aaa1-4311-8b8b-3a8d3f21480f,TeamB,80,0,True
200,4,50,2021-01-25,TeamB-d9501f3a-aaa1-4311-8b8b-3a8d3f21480f,TeamB,200,0,True
350,7,50,2021-01-26,TeamB-d9501f3a-aaa1-4311-8b8b-3a8d3f21480f,TeamB,350,0,True
400,8,50,2021-01-27,TeamB-d9501f3a-aaa1-4311-8b8b-3a8d3f21480f,TeamB,400,0,True
400,8,50,2021-02-10,TeamB-d9501f3a-aaa1-4311-8b8b-3a8d3f21480f,TeamB,400,0,True
270,3,90,2021-03-05,TeamB-d9501f3a-aaa1-4311-8b8b-3a8d3f21480f,TeamB,270,0,True
300,6,50,2021-03-08,TeamB-d9501f3a-aaa1-4311-8b8b-3a8d3f21480f,TeamB,300,0,True
700,7,100,2021-03-09,TeamB-d9501f3a-aaa1-4311-8b8b-3a8d3f21480f,TeamB,700,0,True
720,8,90,2021-03-11,TeamB-d9501f3a-aaa1-4311-8b8b-3a8d3f21480f,TeamB,720,0,True
270,3,90,2021-03-12,TeamB-d9501f3a-aaa1-4311-8b8b-3a8d3f21480f,TeamB,270,0,True
270,3,90,2021-03-12,TeamB-d9501f3a-aaa1-4311-8b8b-3a8d3f21480f,TeamB,270,0,True
450,5,90,2021-03-13,TeamB-d9501f3a-aaa1-4311-8b8b-3a8d3f21480f,TeamB,450,0,True
450,5,90,2021-03-15,TeamB-d9501f3a-aaa1-4311-8b8b-3a8d3f21480f,TeamB,450,0,True
150,3,50,2021-03-20,TeamB-d9501f3a-aaa1-4311-8b8b-3a8d3f21480f,TeamB,150,0,True
360,4,90,2021-03-22,TeamB-d9501f3a-aaa1-4311-8b8b-3a8d3f21480f,TeamB,360,0,True
700,7,100,2021-03-25,TeamB-d9501f3a-aaa1-4311-8b8b-3a8d3f21480f,TeamB,700,0,True
450,5,90,2021-03-26,TeamB-d9501f3a-aaa1-4311-8b8b-3a8d3f21480f,TeamB,450,0,True
0,5,0,2021-03-27,TeamB-d9501f3a-aaa1-4311-8b8b-3a8d3f21480f,TeamB,0,0,True
450,5,90,2021-03-29,TeamB-d9501f3a-aaa1-4311-8b8b-3a8d3f21480f,TeamB,450,0,True
1080,6,180,2021-03-30,TeamB-d9501f3a-aaa1-4311-8b8b-3a8d3f21480f,TeamB,1080,0,True
60,2,30,2021-03-31,TeamB-d9501f3a-aaa1-4311-8b8b-3a8d3f21480f,TeamB,60,0,True
800,8,100,2021-04-08,TeamB-d9501f3a-aaa1-4311-8b8b-3a8d3f21480f,TeamB,800,0,True
360,4,90,2021-04-10,TeamB-d9501f3a-aaa1-4311-8b8b-3a8d3f21480f,TeamB,360,0,True
630,7,90,2021-04-12,TeamB-d9501f3a-aaa1-4311-8b8b-3a8d3f21480f,TeamB,630,0,True
450,5,90,2021-04-14,TeamB-d9501f3a-aaa1-4311-8b8b-3a8d3f21480f,TeamB,450,0,True
540,6,90,2021-04-16,TeamB-d9501f3a-aaa1-4311-8b8b-3a8d3f21480f,TeamB,540,0,True
420,7,60,2021-04-17,TeamB-d9501f3a-aaa1-4311-8b8b-3a8d3f21480f,TeamB,420,0,True
360,4,90,2021-04-29,TeamB-d9501f3a-aaa1-4311-8b8b-3a8d3f21480f,TeamB,360,0,True
1080,9,120,2021-05-01,TeamB-d9501f3a-aaa1-4311-8b8b-3a8d3f21480f,TeamB,1080,0,True
270,3,90,2021-05-14,TeamB-d9501f3a-aaa1-4311-8b8b-3a8d3f21480f,TeamB,270,0,True
350,7,50,2021-05-29,TeamB-d9501f3a-aaa1-4311-8b8b-3a8d3f21480f,TeamB,350,0,True
150,3,50,2021-05-31,TeamB-d9501f3a-aaa1-4311-8b8b-3a8d3f21480f,TeamB,150,0,True
320,4,80,2021-06-01,TeamB-d9501f3a-aaa1-4311-8b8b-3a8d3f21480f,TeamB,320,0,True
540,6,90,2021-06-20,TeamB-d9501f3a-aaa1-4311-8b8b-3a8d3f21480f,TeamB,540,0,True
360,4,90,2021-06-22,TeamB-d9501f3a-aaa1-4311-8b8b-3a8d3f21480f,TeamB,360,0,True
720,8,90,2021-08-11,TeamB-d9501f3a-aaa1-4311-8b8b-3a8d3f21480f,TeamB,720,0,True
150,5,30,2021-08-14,TeamB-d9501f3a-aaa1-4311-8b8b-3a8d3f21480f,TeamB,150,0,True
150,5,30,2021-08-18,TeamB-d9501f3a-aaa1-4311-8b8b-3a8d3f21480f,TeamB,150,0,True
300,6,50,2021-08-21,TeamB-d9501f3a-aaa1-4311-8b8b-3a8d3f21480f,TeamB,300,0,True
810,9,90,2021-08-24,TeamB-d9501f3a-aaa1-4311-8b8b-3a8d3f21480f,TeamB,810,0,True
560,7,80,2021-08-28,TeamB-d9501f3a-aaa1-4311-8b8b-3a8d3f21480f,TeamB,560,0,True
1080,9,120,2020-01-14,TeamB-e4321aef-964a-4fdd-88bd-0bd548b0e93b,TeamB,1080,0,True
720,6,120,2020-01-15,TeamB-e4321aef-964a-4fdd-88bd-0bd548b0e93b,TeamB,720,0,True
1080,9,120,2020-01-16,TeamB-e4321aef-964a-4fdd-88bd-0bd548b0e93b,TeamB,1080,0,True
180,6,30,2020-01-16,TeamB-e4321aef-964a-4fdd-88bd-0bd548b0e93b,TeamB,180,0,True
1080,9,120,2020-01-17,TeamB-e4321aef-964a-4fdd-88bd-0bd548b0e93b,TeamB,1080,0,True
350,5,70,2020-01-18,TeamB-e4321aef-964a-4fdd-88bd-0bd548b0e93b,TeamB,350,0,True
1080,9,120,2020-01-20,TeamB-e4321aef-964a-4fdd-88bd-0bd548b0e93b,TeamB,1080,0,True
960,8,120,2020-01-21,TeamB-e4321aef-964a-4fdd-88bd-0bd548b0e93b,TeamB,960,0,True
320,4,80,2020-01-22,TeamB-e4321aef-964a-4fdd-88bd-0bd548b0e93b,TeamB,320,0,True
630,7,90,2020-01-23,TeamB-e4321aef-964a-4fdd-88bd-0bd548b0e93b,TeamB,630,0,True
630,7,90,2020-01-24,TeamB-e4321aef-964a-4fdd-88bd-0bd548b0e93b,TeamB,630,0,True
90,3,30,2020-01-26,TeamB-e4321aef-964a-4fdd-88bd-0bd548b0e93b,TeamB,90,0,True
640,8,80,2020-01-27,TeamB-e4321aef-964a-4fdd-88bd-0bd548b0e93b,TeamB,640,0,True
480,6,80,2020-01-28,TeamB-e4321aef-964a-4fdd-88bd-0bd548b0e93b,TeamB,480,0,True
490,7,70,2020-01-28,TeamB-e4321aef-964a-4fdd-88bd-0bd548b0e93b,TeamB,490,0,True
630,7,90,2020-01-29,TeamB-e4321aef-964a-4fdd-88bd-0bd548b0e93b,TeamB,630,0,True
420,6,70,2020-01-30,TeamB-e4321aef-964a-4fdd-88bd-0bd548b0e93b,TeamB,420,0,True
540,6,90,2020-01-31,TeamB-e4321aef-964a-4fdd-88bd-0bd548b0e93b,TeamB,540,0,True
630,7,90,2020-02-01,TeamB-e4321aef-964a-4fdd-88bd-0bd548b0e93b,TeamB,630,0,True
630,7,90,2020-02-01,TeamB-e4321aef-964a-4fdd-88bd-0bd548b0e93b,TeamB,630,0,True
540,6,90,2020-02-03,TeamB-e4321aef-964a-4fdd-88bd-0bd548b0e93b,TeamB,540,0,True
630,7,90,2020-02-04,TeamB-e4321aef-964a-4fdd-88bd-0bd548b0e93b,TeamB,630,0,True
420,6,70,2020-02-05,TeamB-e4321aef-964a-4fdd-88bd-0bd548b0e93b,TeamB,420,0,True
560,7,80,2020-02-06,TeamB-e4321aef-964a-4fdd-88bd-0bd548b0e93b,TeamB,560,0,True
450,5,90,2020-02-07,TeamB-e4321aef-964a-4fdd-88bd-0bd548b0e93b,TeamB,450,0,True
560,7,80,2020-02-09,TeamB-e4321aef-964a-4fdd-88bd-0bd548b0e93b,TeamB,560,0,True
720,8,90,2020-02-10,TeamB-e4321aef-964a-4fdd-88bd-0bd548b0e93b,TeamB,720,0,True
720,8,90,2020-02-11,TeamB-e4321aef-964a-4fdd-88bd-0bd548b0e93b,TeamB,720,0,True
630,7,90,2020-02-12,TeamB-e4321aef-964a-4fdd-88bd-0bd548b0e93b,TeamB,630,0,True
250,5,50,2020-02-13,TeamB-e4321aef-964a-4fdd-88bd-0bd548b0e93b,TeamB,250,0,True
640,8,80,2020-02-13,TeamB-e4321aef-964a-4fdd-88bd-0bd548b0e93b,TeamB,640,0,True
280,4,70,2020-02-14,TeamB-e4321aef-964a-4fdd-88bd-0bd548b0e93b,TeamB,280,0,True
180,3,60,2020-02-17,TeamB-e4321aef-964a-4fdd-88bd-0bd548b0e93b,TeamB,180,0,True
720,8,90,2020-02-17,TeamB-e4321aef-964a-4fdd-88bd-0bd548b0e93b,TeamB,720,0,True
630,7,90,2020-02-18,TeamB-e4321aef-964a-4fdd-88bd-0bd548b0e93b,TeamB,630,0,True
630,7,90,2020-02-18,TeamB-e4321aef-964a-4fdd-88bd-0bd548b0e93b,TeamB,630,0,True
360,4,90,2020-02-19,TeamB-e4321aef-964a-4fdd-88bd-0bd548b0e93b,TeamB,360,0,True
630,7,90,2020-02-20,TeamB-e4321aef-964a-4fdd-88bd-0bd548b0e93b,TeamB,630,0,True
540,6,90,2020-02-22,TeamB-e4321aef-964a-4fdd-88bd-0bd548b0e93b,TeamB,540,0,True
480,6,80,2020-02-23,TeamB-e4321aef-964a-4fdd-88bd-0bd548b0e93b,TeamB,480,0,True
280,4,70,2020-02-23,TeamB-e4321aef-964a-4fdd-88bd-0bd548b0e93b,TeamB,280,0,True
360,6,60,2020-02-24,TeamB-e4321aef-964a-4fdd-88bd-0bd548b0e93b,TeamB,360,0,True
800,8,100,2020-02-24,TeamB-e4321aef-964a-4fdd-88bd-0bd548b0e93b,TeamB,800,0,True
440,4,110,2020-02-25,TeamB-e4321aef-964a-4fdd-88bd-0bd548b0e93b,TeamB,440,0,True
320,4,80,2020-02-26,TeamB-e4321aef-964a-4fdd-88bd-0bd548b0e93b,TeamB,320,0,True
140,7,20,2020-02-27,TeamB-e4321aef-964a-4fdd-88bd-0bd548b0e93b,TeamB,140,0,True
560,8,70,2020-02-29,TeamB-e4321aef-964a-4fdd-88bd-0bd548b0e93b,TeamB,560,0,True
540,6,90,2020-03-01,TeamB-e4321aef-964a-4fdd-88bd-0bd548b0e93b,TeamB,540,0,True
960,8,120,2020-03-03,TeamB-e4321aef-964a-4fdd-88bd-0bd548b0e93b,TeamB,960,0,True
360,6,60,2020-03-03,TeamB-e4321aef-964a-4fdd-88bd-0bd548b0e93b,TeamB,360,0,True
540,6,90,2020-03-05,TeamB-e4321aef-964a-4fdd-88bd-0bd548b0e93b,TeamB,540,0,True
450,9,50,2020-03-07,TeamB-e4321aef-964a-4fdd-88bd-0bd548b0e93b,TeamB,450,0,True
80,2,40,2020-03-08,TeamB-e4321aef-964a-4fdd-88bd-0bd548b0e93b,TeamB,80,0,True
300,5,60,2020-03-09,TeamB-e4321aef-964a-4fdd-88bd-0bd548b0e93b,TeamB,300,0,True
480,6,80,2020-03-10,TeamB-e4321aef-964a-4fdd-88bd-0bd548b0e93b,TeamB,480,0,True
400,5,80,2020-03-11,TeamB-e4321aef-964a-4fdd-88bd-0bd548b0e93b,TeamB,400,0,True
490,7,70,2020-03-12,TeamB-e4321aef-964a-4fdd-88bd-0bd548b0e93b,TeamB,490,0,True
560,7,80,2020-03-13,TeamB-e4321aef-964a-4fdd-88bd-0bd548b0e93b,TeamB,560,0,True
490,7,70,2020-03-14,TeamB-e4321aef-964a-4fdd-88bd-0bd548b0e93b,TeamB,490,0,True
810,9,90,2020-03-16,TeamB-e4321aef-964a-4fdd-88bd-0bd548b0e93b,TeamB,810,0,True
640,8,80,2020-03-17,TeamB-e4321aef-964a-4fdd-88bd-0bd548b0e93b,TeamB,640,0,True
540,6,90,2020-03-19,TeamB-e4321aef-964a-4fdd-88bd-0bd548b0e93b,TeamB,540,0,True
560,8,70,2020-03-20,TeamB-e4321aef-964a-4fdd-88bd-0bd548b0e93b,TeamB,560,0,True
280,4,70,2020-03-21,TeamB-e4321aef-964a-4fdd-88bd-0bd548b0e93b,TeamB,280,0,True
720,8,90,2020-03-23,TeamB-e4321aef-964a-4fdd-88bd-0bd548b0e93b,TeamB,720,0,True
420,6,70,2020-03-24,TeamB-e4321aef-964a-4fdd-88bd-0bd548b0e93b,TeamB,420,0,True
420,6,70,2020-03-26,TeamB-e4321aef-964a-4fdd-88bd-0bd548b0e93b,TeamB,420,0,True
560,8,70,2020-03-27,TeamB-e4321aef-964a-4fdd-88bd-0bd548b0e93b,TeamB,560,0,True
300,5,60,2020-03-28,TeamB-e4321aef-964a-4fdd-88bd-0bd548b0e93b,TeamB,300,0,True
720,8,90,2020-03-30,TeamB-e4321aef-964a-4fdd-88bd-0bd548b0e93b,TeamB,720,0,True
540,9,60,2020-03-31,TeamB-e4321aef-964a-4fdd-88bd-0bd548b0e93b,TeamB,540,0,True
420,6,70,2020-04-02,TeamB-e4321aef-964a-4fdd-88bd-0bd548b0e93b,TeamB,420,0,True
630,9,70,2020-04-03,TeamB-e4321aef-964a-4fdd-88bd-0bd548b0e93b,TeamB,630,0,True
420,6,70,2020-04-04,TeamB-e4321aef-964a-4fdd-88bd-0bd548b0e93b,TeamB,420,0,True
560,7,80,2020-04-06,TeamB-e4321aef-964a-4fdd-88bd-0bd548b0e93b,TeamB,560,0,True
640,8,80,2020-04-07,TeamB-e4321aef-964a-4fdd-88bd-0bd548b0e93b,TeamB,640,0,True
770,7,110,2020-04-09,TeamB-e4321aef-964a-4fdd-88bd-0bd548b0e93b,TeamB,770,0,True
560,7,80,2020-04-10,TeamB-e4321aef-964a-4fdd-88bd-0bd548b0e93b,TeamB,560,0,True
480,6,80,2020-04-11,TeamB-e4321aef-964a-4fdd-88bd-0bd548b0e93b,TeamB,480,0,True
540,9,60,2020-04-13,TeamB-e4321aef-964a-4fdd-88bd-0bd548b0e93b,TeamB,540,0,True
300,5,60,2020-04-14,TeamB-e4321aef-964a-4fdd-88bd-0bd548b0e93b,TeamB,300,0,True
300,5,60,2020-04-16,TeamB-e4321aef-964a-4fdd-88bd-0bd548b0e93b,TeamB,300,0,True
300,5,60,2020-04-17,TeamB-e4321aef-964a-4fdd-88bd-0bd548b0e93b,TeamB,300,0,True
300,5,60,2020-04-18,TeamB-e4321aef-964a-4fdd-88bd-0bd548b0e93b,TeamB,300,0,True
880,8,110,2020-04-20,TeamB-e4321aef-964a-4fdd-88bd-0bd548b0e93b,TeamB,880,0,True
420,6,70,2020-04-21,TeamB-e4321aef-964a-4fdd-88bd-0bd548b0e93b,TeamB,420,0,True
400,10,40,2020-04-22,TeamB-e4321aef-964a-4fdd-88bd-0bd548b0e93b,TeamB,400,0,True
90,3,30,2020-04-23,TeamB-e4321aef-964a-4fdd-88bd-0bd548b0e93b,TeamB,90,0,True
240,4,60,2020-04-24,TeamB-e4321aef-964a-4fdd-88bd-0bd548b0e93b,TeamB,240,0,True
720,9,80,2020-04-25,TeamB-e4321aef-964a-4fdd-88bd-0bd548b0e93b,TeamB,720,0,True
480,6,80,2020-04-27,TeamB-e4321aef-964a-4fdd-88bd-0bd548b0e93b,TeamB,480,0,True
450,9,50,2020-04-28,TeamB-e4321aef-964a-4fdd-88bd-0bd548b0e93b,TeamB,450,0,True
360,6,60,2020-04-29,TeamB-e4321aef-964a-4fdd-88bd-0bd548b0e93b,TeamB,360,0,True
200,4,50,2020-04-30,TeamB-e4321aef-964a-4fdd-88bd-0bd548b0e93b,TeamB,200,0,True
250,5,50,2020-04-30,TeamB-e4321aef-964a-4fdd-88bd-0bd548b0e93b,TeamB,250,0,True
600,10,60,2020-05-02,TeamB-e4321aef-964a-4fdd-88bd-0bd548b0e93b,TeamB,600,0,True
480,6,80,2020-05-04,TeamB-e4321aef-964a-4fdd-88bd-0bd548b0e93b,TeamB,480,0,True
240,4,60,2020-05-05,TeamB-e4321aef-964a-4fdd-88bd-0bd548b0e93b,TeamB,240,0,True
600,10,60,2020-05-07,TeamB-e4321aef-964a-4fdd-88bd-0bd548b0e93b,TeamB,600,0,True
240,4,60,2020-05-08,TeamB-e4321aef-964a-4fdd-88bd-0bd548b0e93b,TeamB,240,0,True
450,5,90,2020-05-09,TeamB-e4321aef-964a-4fdd-88bd-0bd548b0e93b,TeamB,450,0,True
640,8,80,2020-05-11,TeamB-e4321aef-964a-4fdd-88bd-0bd548b0e93b,TeamB,640,0,True
240,4,60,2020-05-13,TeamB-e4321aef-964a-4fdd-88bd-0bd548b0e93b,TeamB,240,0,True
600,10,60,2020-05-14,TeamB-e4321aef-964a-4fdd-88bd-0bd548b0e93b,TeamB,600,0,True
240,4,60,2020-05-15,TeamB-e4321aef-964a-4fdd-88bd-0bd548b0e93b,TeamB,240,0,True
420,7,60,2020-05-16,TeamB-e4321aef-964a-4fdd-88bd-0bd548b0e93b,TeamB,420,0,True
560,7,80,2020-05-18,TeamB-e4321aef-964a-4fdd-88bd-0bd548b0e93b,TeamB,560,0,True
880,8,110,2020-05-19,TeamB-e4321aef-964a-4fdd-88bd-0bd548b0e93b,TeamB,880,0,True
770,7,110,2020-05-21,TeamB-e4321aef-964a-4fdd-88bd-0bd548b0e93b,TeamB,770,0,True
280,4,70,2020-05-22,TeamB-e4321aef-964a-4fdd-88bd-0bd548b0e93b,TeamB,280,0,True
420,7,60,2020-05-23,TeamB-e4321aef-964a-4fdd-88bd-0bd548b0e93b,TeamB,420,0,True
400,5,80,2020-05-25,TeamB-e4321aef-964a-4fdd-88bd-0bd548b0e93b,TeamB,400,0,True
630,7,90,2020-05-26,TeamB-e4321aef-964a-4fdd-88bd-0bd548b0e93b,TeamB,630,0,True
300,6,50,2020-05-27,TeamB-e4321aef-964a-4fdd-88bd-0bd548b0e93b,TeamB,300,0,True
420,6,70,2020-05-28,TeamB-e4321aef-964a-4fdd-88bd-0bd548b0e93b,TeamB,420,0,True
400,5,80,2020-05-29,TeamB-e4321aef-964a-4fdd-88bd-0bd548b0e93b,TeamB,400,0,True
350,7,50,2020-05-30,TeamB-e4321aef-964a-4fdd-88bd-0bd548b0e93b,TeamB,350,0,True
630,7,90,2020-06-01,TeamB-e4321aef-964a-4fdd-88bd-0bd548b0e93b,TeamB,630,0,True
640,8,80,2020-06-02,TeamB-e4321aef-964a-4fdd-88bd-0bd548b0e93b,TeamB,640,0,True
150,3,50,2020-06-03,TeamB-e4321aef-964a-4fdd-88bd-0bd548b0e93b,TeamB,150,0,True
720,8,90,2020-06-04,TeamB-e4321aef-964a-4fdd-88bd-0bd548b0e93b,TeamB,720,0,True
200,4,50,2020-06-06,TeamB-e4321aef-964a-4fdd-88bd-0bd548b0e93b,TeamB,200,0,True
100,2,50,2020-06-07,TeamB-e4321aef-964a-4fdd-88bd-0bd548b0e93b,TeamB,100,0,True
720,9,80,2020-06-08,TeamB-e4321aef-964a-4fdd-88bd-0bd548b0e93b,TeamB,720,0,True
560,7,80,2020-06-09,TeamB-e4321aef-964a-4fdd-88bd-0bd548b0e93b,TeamB,560,0,True
300,5,60,2020-06-10,TeamB-e4321aef-964a-4fdd-88bd-0bd548b0e93b,TeamB,300,0,True
180,3,60,2020-06-11,TeamB-e4321aef-964a-4fdd-88bd-0bd548b0e93b,TeamB,180,0,True
360,6,60,2020-06-12,TeamB-e4321aef-964a-4fdd-88bd-0bd548b0e93b,TeamB,360,0,True
450,9,50,2020-06-13,TeamB-e4321aef-964a-4fdd-88bd-0bd548b0e93b,TeamB,450,0,True
240,4,60,2020-06-15,TeamB-e4321aef-964a-4fdd-88bd-0bd548b0e93b,TeamB,240,0,True
200,4,50,2020-06-16,TeamB-e4321aef-964a-4fdd-88bd-0bd548b0e93b,TeamB,200,0,True
180,3,60,2020-06-17,TeamB-e4321aef-964a-4fdd-88bd-0bd548b0e93b,TeamB,180,0,True
490,7,70,2020-06-18,TeamB-e4321aef-964a-4fdd-88bd-0bd548b0e93b,TeamB,490,0,True
420,7,60,2020-06-19,TeamB-e4321aef-964a-4fdd-88bd-0bd548b0e93b,TeamB,420,0,True
540,6,90,2020-06-22,TeamB-e4321aef-964a-4fdd-88bd-0bd548b0e93b,TeamB,540,0,True
450,9,50,2020-06-23,TeamB-e4321aef-964a-4fdd-88bd-0bd548b0e93b,TeamB,450,0,True
270,3,90,2020-06-25,TeamB-e4321aef-964a-4fdd-88bd-0bd548b0e93b,TeamB,270,0,True
280,4,70,2020-06-26,TeamB-e4321aef-964a-4fdd-88bd-0bd548b0e93b,TeamB,280,0,True
800,10,80,2020-06-27,TeamB-e4321aef-964a-4fdd-88bd-0bd548b0e93b,TeamB,800,0,True
120,2,60,2020-06-28,TeamB-e4321aef-964a-4fdd-88bd-0bd548b0e93b,TeamB,120,0,True
150,3,50,2020-06-29,TeamB-e4321aef-964a-4fdd-88bd-0bd548b0e93b,TeamB,150,0,True
630,7,90,2020-06-30,TeamB-e4321aef-964a-4fdd-88bd-0bd548b0e93b,TeamB,630,0,True
450,5,90,2020-07-01,TeamB-e4321aef-964a-4fdd-88bd-0bd548b0e93b,TeamB,450,0,True
240,3,80,2020-07-02,TeamB-e4321aef-964a-4fdd-88bd-0bd548b0e93b,TeamB,240,0,True
350,5,70,2020-07-03,TeamB-e4321aef-964a-4fdd-88bd-0bd548b0e93b,TeamB,350,0,True
900,10,90,2020-07-04,TeamB-e4321aef-964a-4fdd-88bd-0bd548b0e93b,TeamB,900,0,True
540,6,90,2020-07-05,TeamB-e4321aef-964a-4fdd-88bd-0bd548b0e93b,TeamB,540,0,True
720,8,90,2020-07-07,TeamB-e4321aef-964a-4fdd-88bd-0bd548b0e93b,TeamB,720,0,True
180,3,60,2020-07-08,TeamB-e4321aef-964a-4fdd-88bd-0bd548b0e93b,TeamB,180,0,True
900,10,90,2020-07-10,TeamB-e4321aef-964a-4fdd-88bd-0bd548b0e93b,TeamB,900,0,True
180,3,60,2020-07-11,TeamB-e4321aef-964a-4fdd-88bd-0bd548b0e93b,TeamB,180,0,True
420,7,60,2020-07-13,TeamB-e4321aef-964a-4fdd-88bd-0bd548b0e93b,TeamB,420,0,True
810,9,90,2020-07-14,TeamB-e4321aef-964a-4fdd-88bd-0bd548b0e93b,TeamB,810,0,True
450,5,90,2020-07-15,TeamB-e4321aef-964a-4fdd-88bd-0bd548b0e93b,TeamB,450,0,True
80,2,40,2020-07-16,TeamB-e4321aef-964a-4fdd-88bd-0bd548b0e93b,TeamB,80,0,True
420,6,70,2020-07-17,TeamB-e4321aef-964a-4fdd-88bd-0bd548b0e93b,TeamB,420,0,True
900,10,90,2020-07-18,TeamB-e4321aef-964a-4fdd-88bd-0bd548b0e93b,TeamB,900,0,True
300,5,60,2020-07-20,TeamB-e4321aef-964a-4fdd-88bd-0bd548b0e93b,TeamB,300,0,True
630,7,90,2020-07-21,TeamB-e4321aef-964a-4fdd-88bd-0bd548b0e93b,TeamB,630,0,True
210,3,70,2020-07-22,TeamB-e4321aef-964a-4fdd-88bd-0bd548b0e93b,TeamB,210,0,True
300,5,60,2020-07-23,TeamB-e4321aef-964a-4fdd-88bd-0bd548b0e93b,TeamB,300,0,True
900,10,90,2020-07-24,TeamB-e4321aef-964a-4fdd-88bd-0bd548b0e93b,TeamB,900,0,True
360,6,60,2020-07-25,TeamB-e4321aef-964a-4fdd-88bd-0bd548b0e93b,TeamB,360,0,True
560,7,80,2020-07-27,TeamB-e4321aef-964a-4fdd-88bd-0bd548b0e93b,TeamB,560,0,True
720,8,90,2020-07-28,TeamB-e4321aef-964a-4fdd-88bd-0bd548b0e93b,TeamB,720,0,True
540,6,90,2020-07-29,TeamB-e4321aef-964a-4fdd-88bd-0bd548b0e93b,TeamB,540,0,True
420,6,70,2020-07-31,TeamB-e4321aef-964a-4fdd-88bd-0bd548b0e93b,TeamB,420,0,True
900,10,90,2020-08-01,TeamB-e4321aef-964a-4fdd-88bd-0bd548b0e93b,TeamB,900,0,True
350,5,70,2020-08-03,TeamB-e4321aef-964a-4fdd-88bd-0bd548b0e93b,TeamB,350,0,True
720,8,90,2020-08-04,TeamB-e4321aef-964a-4fdd-88bd-0bd548b0e93b,TeamB,720,0,True
350,5,70,2020-08-05,TeamB-e4321aef-964a-4fdd-88bd-0bd548b0e93b,TeamB,350,0,True
350,5,70,2020-08-06,TeamB-e4321aef-964a-4fdd-88bd-0bd548b0e93b,TeamB,350,0,True
900,10,90,2020-08-07,TeamB-e4321aef-964a-4fdd-88bd-0bd548b0e93b,TeamB,900,0,True
180,3,60,2020-08-08,TeamB-e4321aef-964a-4fdd-88bd-0bd548b0e93b,TeamB,180,0,True
400,5,80,2020-08-10,TeamB-e4321aef-964a-4fdd-88bd-0bd548b0e93b,TeamB,400,0,True
280,4,70,2020-08-11,TeamB-e4321aef-964a-4fdd-88bd-0bd548b0e93b,TeamB,280,0,True
810,9,90,2020-08-12,TeamB-e4321aef-964a-4fdd-88bd-0bd548b0e93b,TeamB,810,0,True
100,2,50,2020-08-13,TeamB-e4321aef-964a-4fdd-88bd-0bd548b0e93b,TeamB,100,0,True
240,3,80,2020-08-14,TeamB-e4321aef-964a-4fdd-88bd-0bd548b0e93b,TeamB,240,0,True
350,5,70,2020-08-15,TeamB-e4321aef-964a-4fdd-88bd-0bd548b0e93b,TeamB,350,0,True
810,9,90,2020-08-16,TeamB-e4321aef-964a-4fdd-88bd-0bd548b0e93b,TeamB,810,0,True
240,4,60,2020-08-18,TeamB-e4321aef-964a-4fdd-88bd-0bd548b0e93b,TeamB,240,0,True
540,6,90,2020-08-19,TeamB-e4321aef-964a-4fdd-88bd-0bd548b0e93b,TeamB,540,0,True
280,4,70,2020-08-20,TeamB-e4321aef-964a-4fdd-88bd-0bd548b0e93b,TeamB,280,0,True
240,4,60,2020-08-21,TeamB-e4321aef-964a-4fdd-88bd-0bd548b0e93b,TeamB,240,0,True
640,8,80,2020-08-22,TeamB-e4321aef-964a-4fdd-88bd-0bd548b0e93b,TeamB,640,0,True
120,2,60,2020-08-23,TeamB-e4321aef-964a-4fdd-88bd-0bd548b0e93b,TeamB,120,0,True
90,3,30,2020-08-24,TeamB-e4321aef-964a-4fdd-88bd-0bd548b0e93b,TeamB,90,0,True
240,4,60,2020-08-25,TeamB-e4321aef-964a-4fdd-88bd-0bd548b0e93b,TeamB,240,0,True
720,8,90,2020-08-26,TeamB-e4321aef-964a-4fdd-88bd-0bd548b0e93b,TeamB,720,0,True
100,2,50,2020-08-27,TeamB-e4321aef-964a-4fdd-88bd-0bd548b0e93b,TeamB,100,0,True
180,3,60,2020-08-29,TeamB-e4321aef-964a-4fdd-88bd-0bd548b0e93b,TeamB,180,0,True
720,8,90,2020-08-30,TeamB-e4321aef-964a-4fdd-88bd-0bd548b0e93b,TeamB,720,0,True
240,4,60,2020-09-01,TeamB-e4321aef-964a-4fdd-88bd-0bd548b0e93b,TeamB,240,0,True
540,6,90,2020-09-02,TeamB-e4321aef-964a-4fdd-88bd-0bd548b0e93b,TeamB,540,0,True
320,4,80,2020-09-03,TeamB-e4321aef-964a-4fdd-88bd-0bd548b0e93b,TeamB,320,0,True
810,9,90,2020-09-05,TeamB-e4321aef-964a-4fdd-88bd-0bd548b0e93b,TeamB,810,0,True
280,4,70,2020-09-07,TeamB-e4321aef-964a-4fdd-88bd-0bd548b0e93b,TeamB,280,0,True
720,8,90,2020-09-08,TeamB-e4321aef-964a-4fdd-88bd-0bd548b0e93b,TeamB,720,0,True
450,5,90,2020-09-09,TeamB-e4321aef-964a-4fdd-88bd-0bd548b0e93b,TeamB,450,0,True
240,4,60,2020-09-11,TeamB-e4321aef-964a-4fdd-88bd-0bd548b0e93b,TeamB,240,0,True
810,9,90,2020-09-12,TeamB-e4321aef-964a-4fdd-88bd-0bd548b0e93b,TeamB,810,0,True
420,6,70,2020-09-14,TeamB-e4321aef-964a-4fdd-88bd-0bd548b0e93b,TeamB,420,0,True
420,7,60,2020-09-15,TeamB-e4321aef-964a-4fdd-88bd-0bd548b0e93b,TeamB,420,0,True
360,6,60,2020-09-16,TeamB-e4321aef-964a-4fdd-88bd-0bd548b0e93b,TeamB,360,0,True
600,5,120,2020-09-18,TeamB-e4321aef-964a-4fdd-88bd-0bd548b0e93b,TeamB,600,0,True
540,6,90,2020-09-21,TeamB-e4321aef-964a-4fdd-88bd-0bd548b0e93b,TeamB,540,0,True
240,4,60,2020-09-22,TeamB-e4321aef-964a-4fdd-88bd-0bd548b0e93b,TeamB,240,0,True
880,8,110,2020-09-24,TeamB-e4321aef-964a-4fdd-88bd-0bd548b0e93b,TeamB,880,0,True
210,3,70,2020-09-25,TeamB-e4321aef-964a-4fdd-88bd-0bd548b0e93b,TeamB,210,0,True
350,5,70,2020-09-26,TeamB-e4321aef-964a-4fdd-88bd-0bd548b0e93b,TeamB,350,0,True
490,7,70,2020-09-27,TeamB-e4321aef-964a-4fdd-88bd-0bd548b0e93b,TeamB,490,0,True
360,4,90,2020-09-29,TeamB-e4321aef-964a-4fdd-88bd-0bd548b0e93b,TeamB,360,0,True
240,4,60,2020-09-30,TeamB-e4321aef-964a-4fdd-88bd-0bd548b0e93b,TeamB,240,0,True
300,5,60,2020-10-01,TeamB-e4321aef-964a-4fdd-88bd-0bd548b0e93b,TeamB,300,0,True
360,6,60,2020-10-02,TeamB-e4321aef-964a-4fdd-88bd-0bd548b0e93b,TeamB,360,0,True
630,7,90,2020-10-02,TeamB-e4321aef-964a-4fdd-88bd-0bd548b0e93b,TeamB,630,0,True
490,7,70,2020-10-05,TeamB-e4321aef-964a-4fdd-88bd-0bd548b0e93b,TeamB,490,0,True
350,5,70,2020-10-06,TeamB-e4321aef-964a-4fdd-88bd-0bd548b0e93b,TeamB,350,0,True
420,7,60,2020-10-07,TeamB-e4321aef-964a-4fdd-88bd-0bd548b0e93b,TeamB,420,0,True
180,3,60,2020-10-08,TeamB-e4321aef-964a-4fdd-88bd-0bd548b0e93b,TeamB,180,0,True
210,3,70,2020-10-09,TeamB-e4321aef-964a-4fdd-88bd-0bd548b0e93b,TeamB,210,0,True
300,5,60,2020-10-10,TeamB-e4321aef-964a-4fdd-88bd-0bd548b0e93b,TeamB,300,0,True
560,7,80,2020-10-10,TeamB-e4321aef-964a-4fdd-88bd-0bd548b0e93b,TeamB,560,0,True
180,3,60,2020-10-13,TeamB-e4321aef-964a-4fdd-88bd-0bd548b0e93b,TeamB,180,0,True
280,4,70,2020-10-13,TeamB-e4321aef-964a-4fdd-88bd-0bd548b0e93b,TeamB,280,0,True
450,5,90,2020-10-14,TeamB-e4321aef-964a-4fdd-88bd-0bd548b0e93b,TeamB,450,0,True
450,5,90,2020-10-16,TeamB-e4321aef-964a-4fdd-88bd-0bd548b0e93b,TeamB,450,0,True
120,3,40,2020-10-17,TeamB-e4321aef-964a-4fdd-88bd-0bd548b0e93b,TeamB,120,0,True
720,8,90,2020-10-18,TeamB-e4321aef-964a-4fdd-88bd-0bd548b0e93b,TeamB,720,0,True
240,4,60,2020-10-20,TeamB-e4321aef-964a-4fdd-88bd-0bd548b0e93b,TeamB,240,0,True
240,4,60,2020-10-21,TeamB-e4321aef-964a-4fdd-88bd-0bd548b0e93b,TeamB,240,0,True
770,7,110,2020-10-22,TeamB-e4321aef-964a-4fdd-88bd-0bd548b0e93b,TeamB,770,0,True
560,7,80,2020-10-23,TeamB-e4321aef-964a-4fdd-88bd-0bd548b0e93b,TeamB,560,0,True
360,6,60,2020-10-24,TeamB-e4321aef-964a-4fdd-88bd-0bd548b0e93b,TeamB,360,0,True
560,7,80,2020-10-26,TeamB-e4321aef-964a-4fdd-88bd-0bd548b0e93b,TeamB,560,0,True
990,9,110,2020-10-27,TeamB-e4321aef-964a-4fdd-88bd-0bd548b0e93b,TeamB,990,0,True
200,4,50,2020-10-27,TeamB-e4321aef-964a-4fdd-88bd-0bd548b0e93b,TeamB,200,0,True
540,6,90,2020-10-29,TeamB-e4321aef-964a-4fdd-88bd-0bd548b0e93b,TeamB,540,0,True
400,5,80,2020-10-30,TeamB-e4321aef-964a-4fdd-88bd-0bd548b0e93b,TeamB,400,0,True
280,4,70,2020-10-31,TeamB-e4321aef-964a-4fdd-88bd-0bd548b0e93b,TeamB,280,0,True
810,9,90,2020-11-01,TeamB-e4321aef-964a-4fdd-88bd-0bd548b0e93b,TeamB,810,0,True
180,3,60,2020-11-02,TeamB-e4321aef-964a-4fdd-88bd-0bd548b0e93b,TeamB,180,0,True
180,3,60,2020-11-03,TeamB-e4321aef-964a-4fdd-88bd-0bd548b0e93b,TeamB,180,0,True
350,7,50,2020-11-04,TeamB-e4321aef-964a-4fdd-88bd-0bd548b0e93b,TeamB,350,0,True
180,3,60,2020-11-05,TeamB-e4321aef-964a-4fdd-88bd-0bd548b0e93b,TeamB,180,0,True
300,5,60,2020-11-06,TeamB-e4321aef-964a-4fdd-88bd-0bd548b0e93b,TeamB,300,0,True
720,8,90,2020-11-07,TeamB-e4321aef-964a-4fdd-88bd-0bd548b0e93b,TeamB,720,0,True
240,4,60,2020-11-09,TeamB-e4321aef-964a-4fdd-88bd-0bd548b0e93b,TeamB,240,0,True
240,4,60,2020-11-10,TeamB-e4321aef-964a-4fdd-88bd-0bd548b0e93b,TeamB,240,0,True
350,7,50,2020-11-11,TeamB-e4321aef-964a-4fdd-88bd-0bd548b0e93b,TeamB,350,0,True
180,3,60,2020-11-12,TeamB-e4321aef-964a-4fdd-88bd-0bd548b0e93b,TeamB,180,0,True
770,7,110,2020-11-14,TeamB-e4321aef-964a-4fdd-88bd-0bd548b0e93b,TeamB,770,0,True
600,6,100,2020-11-15,TeamB-e4321aef-964a-4fdd-88bd-0bd548b0e93b,TeamB,600,0,True
240,4,60,2020-11-16,TeamB-e4321aef-964a-4fdd-88bd-0bd548b0e93b,TeamB,240,0,True
300,5,60,2020-11-18,TeamB-e4321aef-964a-4fdd-88bd-0bd548b0e93b,TeamB,300,0,True
400,8,50,2020-11-19,TeamB-e4321aef-964a-4fdd-88bd-0bd548b0e93b,TeamB,400,0,True
120,3,40,2020-11-20,TeamB-e4321aef-964a-4fdd-88bd-0bd548b0e93b,TeamB,120,0,True
180,3,60,2020-11-21,TeamB-e4321aef-964a-4fdd-88bd-0bd548b0e93b,TeamB,180,0,True
420,7,60,2020-11-22,TeamB-e4321aef-964a-4fdd-88bd-0bd548b0e93b,TeamB,420,0,True
240,4,60,2020-11-24,TeamB-e4321aef-964a-4fdd-88bd-0bd548b0e93b,TeamB,240,0,True
540,6,90,2020-11-25,TeamB-e4321aef-964a-4fdd-88bd-0bd548b0e93b,TeamB,540,0,True
420,7,60,2020-11-26,TeamB-e4321aef-964a-4fdd-88bd-0bd548b0e93b,TeamB,420,0,True
120,3,40,2020-11-27,TeamB-e4321aef-964a-4fdd-88bd-0bd548b0e93b,TeamB,120,0,True
180,3,60,2020-11-28,TeamB-e4321aef-964a-4fdd-88bd-0bd548b0e93b,TeamB,180,0,True
180,3,60,2020-11-29,TeamB-e4321aef-964a-4fdd-88bd-0bd548b0e93b,TeamB,180,0,True
120,3,40,2020-11-30,TeamB-e4321aef-964a-4fdd-88bd-0bd548b0e93b,TeamB,120,0,True
480,6,80,2020-12-01,TeamB-e4321aef-964a-4fdd-88bd-0bd548b0e93b,TeamB,480,0,True
560,7,80,2020-12-02,TeamB-e4321aef-964a-4fdd-88bd-0bd548b0e93b,TeamB,560,0,True
540,6,90,2020-12-04,TeamB-e4321aef-964a-4fdd-88bd-0bd548b0e93b,TeamB,540,0,True
300,5,60,2020-12-05,TeamB-e4321aef-964a-4fdd-88bd-0bd548b0e93b,TeamB,300,0,True
810,9,90,2020-12-06,TeamB-e4321aef-964a-4fdd-88bd-0bd548b0e93b,TeamB,810,0,True
120,2,60,2020-12-08,TeamB-e4321aef-964a-4fdd-88bd-0bd548b0e93b,TeamB,120,0,True
560,7,80,2020-12-10,TeamB-e4321aef-964a-4fdd-88bd-0bd548b0e93b,TeamB,560,0,True
240,4,60,2020-12-12,TeamB-e4321aef-964a-4fdd-88bd-0bd548b0e93b,TeamB,240,0,True
1200,10,120,2020-12-13,TeamB-e4321aef-964a-4fdd-88bd-0bd548b0e93b,TeamB,1200,0,True
80,2,40,2020-12-14,TeamB-e4321aef-964a-4fdd-88bd-0bd548b0e93b,TeamB,80,0,True
300,5,60,2020-12-18,TeamB-e4321aef-964a-4fdd-88bd-0bd548b0e93b,TeamB,300,0,True
120,2,60,2020-12-19,TeamB-e4321aef-964a-4fdd-88bd-0bd548b0e93b,TeamB,120,0,True
100,2,50,2020-12-20,TeamB-e4321aef-964a-4fdd-88bd-0bd548b0e93b,TeamB,100,0,True
630,7,90,2020-12-21,TeamB-e4321aef-964a-4fdd-88bd-0bd548b0e93b,TeamB,630,0,True
480,8,60,2020-12-22,TeamB-e4321aef-964a-4fdd-88bd-0bd548b0e93b,TeamB,480,0,True
400,8,50,2020-12-25,TeamB-e4321aef-964a-4fdd-88bd-0bd548b0e93b,TeamB,400,0,True
1080,6,180,2020-12-26,TeamB-e4321aef-964a-4fdd-88bd-0bd548b0e93b,TeamB,1080,0,True
420,6,70,2020-12-27,TeamB-e4321aef-964a-4fdd-88bd-0bd548b0e93b,TeamB,420,0,True
480,8,60,2020-12-28,TeamB-e4321aef-964a-4fdd-88bd-0bd548b0e93b,TeamB,480,0,True
450,5,90,2020-12-29,TeamB-e4321aef-964a-4fdd-88bd-0bd548b0e93b,TeamB,450,0,True
480,8,60,2020-12-31,TeamB-e4321aef-964a-4fdd-88bd-0bd548b0e93b,TeamB,480,0,True
300,5,60,2021-01-01,TeamB-e4321aef-964a-4fdd-88bd-0bd548b0e93b,TeamB,300,0,True
810,9,90,2021-01-02,TeamB-e4321aef-964a-4fdd-88bd-0bd548b0e93b,TeamB,810,0,True
240,4,60,2021-01-04,TeamB-e4321aef-964a-4fdd-88bd-0bd548b0e93b,TeamB,240,0,True
630,7,90,2021-01-06,TeamB-e4321aef-964a-4fdd-88bd-0bd548b0e93b,TeamB,630,0,True
480,8,60,2021-01-07,TeamB-e4321aef-964a-4fdd-88bd-0bd548b0e93b,TeamB,480,0,True
360,6,60,2021-01-09,TeamB-e4321aef-964a-4fdd-88bd-0bd548b0e93b,TeamB,360,0,True
200,4,50,2021-01-10,TeamB-e4321aef-964a-4fdd-88bd-0bd548b0e93b,TeamB,200,0,True
560,8,70,2021-01-11,TeamB-e4321aef-964a-4fdd-88bd-0bd548b0e93b,TeamB,560,0,True
720,8,90,2021-01-12,TeamB-e4321aef-964a-4fdd-88bd-0bd548b0e93b,TeamB,720,0,True
360,6,60,2021-01-12,TeamB-e4321aef-964a-4fdd-88bd-0bd548b0e93b,TeamB,360,0,True
490,7,70,2021-01-14,TeamB-e4321aef-964a-4fdd-88bd-0bd548b0e93b,TeamB,490,0,True
250,5,50,2021-01-15,TeamB-e4321aef-964a-4fdd-88bd-0bd548b0e93b,TeamB,250,0,True
720,8,90,2021-01-15,TeamB-e4321aef-964a-4fdd-88bd-0bd548b0e93b,TeamB,720,0,True
540,6,90,2021-01-17,TeamB-e4321aef-964a-4fdd-88bd-0bd548b0e93b,TeamB,540,0,True
420,6,70,2021-01-18,TeamB-e4321aef-964a-4fdd-88bd-0bd548b0e93b,TeamB,420,0,True
800,8,100,2021-01-18,TeamB-e4321aef-964a-4fdd-88bd-0bd548b0e93b,TeamB,800,0,True
630,7,90,2021-01-20,TeamB-e4321aef-964a-4fdd-88bd-0bd548b0e93b,TeamB,630,0,True
400,8,50,2021-01-21,TeamB-e4321aef-964a-4fdd-88bd-0bd548b0e93b,TeamB,400,0,True
480,6,80,2021-01-22,TeamB-e4321aef-964a-4fdd-88bd-0bd548b0e93b,TeamB,480,0,True
360,6,60,2021-01-24,TeamB-e4321aef-964a-4fdd-88bd-0bd548b0e93b,TeamB,360,0,True
400,8,50,2021-01-24,TeamB-e4321aef-964a-4fdd-88bd-0bd548b0e93b,TeamB,400,0,True
240,4,60,2021-01-25,TeamB-e4321aef-964a-4fdd-88bd-0bd548b0e93b,TeamB,240,0,True
480,8,60,2021-01-26,TeamB-e4321aef-964a-4fdd-88bd-0bd548b0e93b,TeamB,480,0,True
360,6,60,2021-01-26,TeamB-e4321aef-964a-4fdd-88bd-0bd548b0e93b,TeamB,360,0,True
350,5,70,2021-01-28,TeamB-e4321aef-964a-4fdd-88bd-0bd548b0e93b,TeamB,350,0,True
360,6,60,2021-01-29,TeamB-e4321aef-964a-4fdd-88bd-0bd548b0e93b,TeamB,360,0,True
480,8,60,2021-01-29,TeamB-e4321aef-964a-4fdd-88bd-0bd548b0e93b,TeamB,480,0,True
240,2,120,2021-01-30,TeamB-e4321aef-964a-4fdd-88bd-0bd548b0e93b,TeamB,240,0,True
350,7,50,2021-02-01,TeamB-e4321aef-964a-4fdd-88bd-0bd548b0e93b,TeamB,350,0,True
480,6,80,2021-02-02,TeamB-e4321aef-964a-4fdd-88bd-0bd548b0e93b,TeamB,480,0,True
300,5,60,2021-02-02,TeamB-e4321aef-964a-4fdd-88bd-0bd548b0e93b,TeamB,300,0,True
180,3,60,2021-02-03,TeamB-e4321aef-964a-4fdd-88bd-0bd548b0e93b,TeamB,180,0,True
350,7,50,2021-02-04,TeamB-e4321aef-964a-4fdd-88bd-0bd548b0e93b,TeamB,350,0,True
560,7,80,2021-02-05,TeamB-e4321aef-964a-4fdd-88bd-0bd548b0e93b,TeamB,560,0,True
720,8,90,2021-02-07,TeamB-e4321aef-964a-4fdd-88bd-0bd548b0e93b,TeamB,720,0,True
420,6,70,2021-02-08,TeamB-e4321aef-964a-4fdd-88bd-0bd548b0e93b,TeamB,420,0,True
300,5,60,2021-02-10,TeamB-e4321aef-964a-4fdd-88bd-0bd548b0e93b,TeamB,300,0,True
1080,9,120,2021-02-11,TeamB-e4321aef-964a-4fdd-88bd-0bd548b0e93b,TeamB,1080,0,True
480,8,60,2021-02-14,TeamB-e4321aef-964a-4fdd-88bd-0bd548b0e93b,TeamB,480,0,True
360,6,60,2021-02-15,TeamB-e4321aef-964a-4fdd-88bd-0bd548b0e93b,TeamB,360,0,True
350,7,50,2021-02-15,TeamB-e4321aef-964a-4fdd-88bd-0bd548b0e93b,TeamB,350,0,True
150,3,50,2021-02-16,TeamB-e4321aef-964a-4fdd-88bd-0bd548b0e93b,TeamB,150,0,True
400,8,50,2021-02-17,TeamB-e4321aef-964a-4fdd-88bd-0bd548b0e93b,TeamB,400,0,True
420,7,60,2021-02-18,TeamB-e4321aef-964a-4fdd-88bd-0bd548b0e93b,TeamB,420,0,True
240,4,60,2021-02-20,TeamB-e4321aef-964a-4fdd-88bd-0bd548b0e93b,TeamB,240,0,True
180,6,30,2021-02-21,TeamB-e4321aef-964a-4fdd-88bd-0bd548b0e93b,TeamB,180,0,True
420,7,60,2021-02-22,TeamB-e4321aef-964a-4fdd-88bd-0bd548b0e93b,TeamB,420,0,True
300,5,60,2021-02-24,TeamB-e4321aef-964a-4fdd-88bd-0bd548b0e93b,TeamB,300,0,True
810,9,90,2021-02-24,TeamB-e4321aef-964a-4fdd-88bd-0bd548b0e93b,TeamB,810,0,True
630,7,90,2021-02-25,TeamB-e4321aef-964a-4fdd-88bd-0bd548b0e93b,TeamB,630,0,True
630,7,90,2021-02-26,TeamB-e4321aef-964a-4fdd-88bd-0bd548b0e93b,TeamB,630,0,True
420,7,60,2021-02-26,TeamB-e4321aef-964a-4fdd-88bd-0bd548b0e93b,TeamB,420,0,True
360,4,90,2021-03-01,TeamB-e4321aef-964a-4fdd-88bd-0bd548b0e93b,TeamB,360,0,True
300,5,60,2021-03-01,TeamB-e4321aef-964a-4fdd-88bd-0bd548b0e93b,TeamB,300,0,True
700,7,100,2021-03-02,TeamB-e4321aef-964a-4fdd-88bd-0bd548b0e93b,TeamB,700,0,True
300,5,60,2021-03-04,TeamB-e4321aef-964a-4fdd-88bd-0bd548b0e93b,TeamB,300,0,True
630,7,90,2021-03-04,TeamB-e4321aef-964a-4fdd-88bd-0bd548b0e93b,TeamB,630,0,True
480,6,80,2021-03-05,TeamB-e4321aef-964a-4fdd-88bd-0bd548b0e93b,TeamB,480,0,True
840,7,120,2021-03-06,TeamB-e4321aef-964a-4fdd-88bd-0bd548b0e93b,TeamB,840,0,True
360,6,60,2021-03-08,TeamB-e4321aef-964a-4fdd-88bd-0bd548b0e93b,TeamB,360,0,True
300,5,60,2021-03-08,TeamB-e4321aef-964a-4fdd-88bd-0bd548b0e93b,TeamB,300,0,True
420,7,60,2021-03-09,TeamB-e4321aef-964a-4fdd-88bd-0bd548b0e93b,TeamB,420,0,True
300,5,60,2021-03-11,TeamB-e4321aef-964a-4fdd-88bd-0bd548b0e93b,TeamB,300,0,True
420,7,60,2021-03-12,TeamB-e4321aef-964a-4fdd-88bd-0bd548b0e93b,TeamB,420,0,True
840,7,120,2021-03-13,TeamB-e4321aef-964a-4fdd-88bd-0bd548b0e93b,TeamB,840,0,True
640,8,80,2021-03-15,TeamB-e4321aef-964a-4fdd-88bd-0bd548b0e93b,TeamB,640,0,True
540,6,90,2021-03-16,TeamB-e4321aef-964a-4fdd-88bd-0bd548b0e93b,TeamB,540,0,True
560,7,80,2021-03-18,TeamB-e4321aef-964a-4fdd-88bd-0bd548b0e93b,TeamB,560,0,True
400,5,80,2021-03-19,TeamB-e4321aef-964a-4fdd-88bd-0bd548b0e93b,TeamB,400,0,True
960,8,120,2021-03-20,TeamB-e4321aef-964a-4fdd-88bd-0bd548b0e93b,TeamB,960,0,True
960,8,120,2021-03-22,TeamB-e4321aef-964a-4fdd-88bd-0bd548b0e93b,TeamB,960,0,True
630,7,90,2021-03-23,TeamB-e4321aef-964a-4fdd-88bd-0bd548b0e93b,TeamB,630,0,True
240,4,60,2021-03-25,TeamB-e4321aef-964a-4fdd-88bd-0bd548b0e93b,TeamB,240,0,True
240,4,60,2021-03-26,TeamB-e4321aef-964a-4fdd-88bd-0bd548b0e93b,TeamB,240,0,True
300,5,60,2021-03-27,TeamB-e4321aef-964a-4fdd-88bd-0bd548b0e93b,TeamB,300,0,True
630,7,90,2021-03-29,TeamB-e4321aef-964a-4fdd-88bd-0bd548b0e93b,TeamB,630,0,True
180,3,60,2021-03-30,TeamB-e4321aef-964a-4fdd-88bd-0bd548b0e93b,TeamB,180,0,True
720,8,90,2021-03-31,TeamB-e4321aef-964a-4fdd-88bd-0bd548b0e93b,TeamB,720,0,True
720,6,120,2021-04-01,TeamB-e4321aef-964a-4fdd-88bd-0bd548b0e93b,TeamB,720,0,True
720,6,120,2021-04-03,TeamB-e4321aef-964a-4fdd-88bd-0bd548b0e93b,TeamB,720,0,True
360,6,60,2021-04-04,TeamB-e4321aef-964a-4fdd-88bd-0bd548b0e93b,TeamB,360,0,True
630,7,90,2021-04-06,TeamB-e4321aef-964a-4fdd-88bd-0bd548b0e93b,TeamB,630,0,True
320,4,80,2021-04-08,TeamB-e4321aef-964a-4fdd-88bd-0bd548b0e93b,TeamB,320,0,True
300,5,60,2021-04-09,TeamB-e4321aef-964a-4fdd-88bd-0bd548b0e93b,TeamB,300,0,True
880,8,110,2021-04-10,TeamB-e4321aef-964a-4fdd-88bd-0bd548b0e93b,TeamB,880,0,True
350,5,70,2021-04-12,TeamB-e4321aef-964a-4fdd-88bd-0bd548b0e93b,TeamB,350,0,True
450,5,90,2021-04-13,TeamB-e4321aef-964a-4fdd-88bd-0bd548b0e93b,TeamB,450,0,True
560,7,80,2021-04-15,TeamB-e4321aef-964a-4fdd-88bd-0bd548b0e93b,TeamB,560,0,True
540,6,90,2021-04-16,TeamB-e4321aef-964a-4fdd-88bd-0bd548b0e93b,TeamB,540,0,True
480,8,60,2021-04-17,TeamB-e4321aef-964a-4fdd-88bd-0bd548b0e93b,TeamB,480,0,True
280,4,70,2021-04-19,TeamB-e4321aef-964a-4fdd-88bd-0bd548b0e93b,TeamB,280,0,True
300,5,60,2021-04-20,TeamB-e4321aef-964a-4fdd-88bd-0bd548b0e93b,TeamB,300,0,True
240,4,60,2021-04-21,TeamB-e4321aef-964a-4fdd-88bd-0bd548b0e93b,TeamB,240,0,True
480,8,60,2021-04-22,TeamB-e4321aef-964a-4fdd-88bd-0bd548b0e93b,TeamB,480,0,True
480,8,60,2021-04-25,TeamB-e4321aef-964a-4fdd-88bd-0bd548b0e93b,TeamB,480,0,True
250,5,50,2021-04-26,TeamB-e4321aef-964a-4fdd-88bd-0bd548b0e93b,TeamB,250,0,True
480,8,60,2021-04-27,TeamB-e4321aef-964a-4fdd-88bd-0bd548b0e93b,TeamB,480,0,True
360,6,60,2021-04-28,TeamB-e4321aef-964a-4fdd-88bd-0bd548b0e93b,TeamB,360,0,True
640,8,80,2021-04-29,TeamB-e4321aef-964a-4fdd-88bd-0bd548b0e93b,TeamB,640,0,True
300,5,60,2021-05-01,TeamB-e4321aef-964a-4fdd-88bd-0bd548b0e93b,TeamB,300,0,True
320,4,80,2021-05-03,TeamB-e4321aef-964a-4fdd-88bd-0bd548b0e93b,TeamB,320,0,True
320,4,80,2021-05-04,TeamB-e4321aef-964a-4fdd-88bd-0bd548b0e93b,TeamB,320,0,True
420,6,70,2021-05-06,TeamB-e4321aef-964a-4fdd-88bd-0bd548b0e93b,TeamB,420,0,True
350,5,70,2021-05-07,TeamB-e4321aef-964a-4fdd-88bd-0bd548b0e93b,TeamB,350,0,True
140,7,20,2021-05-08,TeamB-e4321aef-964a-4fdd-88bd-0bd548b0e93b,TeamB,140,0,True
180,3,60,2021-05-10,TeamB-e4321aef-964a-4fdd-88bd-0bd548b0e93b,TeamB,180,0,True
210,7,30,2021-05-11,TeamB-e4321aef-964a-4fdd-88bd-0bd548b0e93b,TeamB,210,0,True
240,4,60,2021-05-12,TeamB-e4321aef-964a-4fdd-88bd-0bd548b0e93b,TeamB,240,0,True
350,5,70,2021-05-14,TeamB-e4321aef-964a-4fdd-88bd-0bd548b0e93b,TeamB,350,0,True
400,8,50,2021-05-15,TeamB-e4321aef-964a-4fdd-88bd-0bd548b0e93b,TeamB,400,0,True
180,3,60,2021-05-16,TeamB-e4321aef-964a-4fdd-88bd-0bd548b0e93b,TeamB,180,0,True
840,7,120,2021-05-18,TeamB-e4321aef-964a-4fdd-88bd-0bd548b0e93b,TeamB,840,0,True
840,7,120,2021-05-19,TeamB-e4321aef-964a-4fdd-88bd-0bd548b0e93b,TeamB,840,0,True
240,4,60,2021-05-21,TeamB-e4321aef-964a-4fdd-88bd-0bd548b0e93b,TeamB,240,0,True
560,8,70,2021-05-22,TeamB-e4321aef-964a-4fdd-88bd-0bd548b0e93b,TeamB,560,0,True
320,4,80,2021-05-24,TeamB-e4321aef-964a-4fdd-88bd-0bd548b0e93b,TeamB,320,0,True
630,7,90,2021-05-25,TeamB-e4321aef-964a-4fdd-88bd-0bd548b0e93b,TeamB,630,0,True
630,7,90,2021-05-26,TeamB-e4321aef-964a-4fdd-88bd-0bd548b0e93b,TeamB,630,0,True
280,4,70,2021-05-28,TeamB-e4321aef-964a-4fdd-88bd-0bd548b0e93b,TeamB,280,0,True
350,7,50,2021-05-29,TeamB-e4321aef-964a-4fdd-88bd-0bd548b0e93b,TeamB,350,0,True
240,4,60,2021-05-31,TeamB-e4321aef-964a-4fdd-88bd-0bd548b0e93b,TeamB,240,0,True
360,6,60,2021-05-31,TeamB-e4321aef-964a-4fdd-88bd-0bd548b0e93b,TeamB,360,0,True
630,7,90,2021-06-01,TeamB-e4321aef-964a-4fdd-88bd-0bd548b0e93b,TeamB,630,0,True
360,6,60,2021-06-02,TeamB-e4321aef-964a-4fdd-88bd-0bd548b0e93b,TeamB,360,0,True
840,7,120,2021-06-02,TeamB-e4321aef-964a-4fdd-88bd-0bd548b0e93b,TeamB,840,0,True
280,4,70,2021-06-04,TeamB-e4321aef-964a-4fdd-88bd-0bd548b0e93b,TeamB,280,0,True
420,7,60,2021-06-05,TeamB-e4321aef-964a-4fdd-88bd-0bd548b0e93b,TeamB,420,0,True
360,6,60,2021-06-07,TeamB-e4321aef-964a-4fdd-88bd-0bd548b0e93b,TeamB,360,0,True
400,5,80,2021-06-07,TeamB-e4321aef-964a-4fdd-88bd-0bd548b0e93b,TeamB,400,0,True
630,7,90,2021-06-08,TeamB-e4321aef-964a-4fdd-88bd-0bd548b0e93b,TeamB,630,0,True
400,5,80,2021-06-09,TeamB-e4321aef-964a-4fdd-88bd-0bd548b0e93b,TeamB,400,0,True
360,6,60,2021-06-10,TeamB-e4321aef-964a-4fdd-88bd-0bd548b0e93b,TeamB,360,0,True
480,8,60,2021-06-11,TeamB-e4321aef-964a-4fdd-88bd-0bd548b0e93b,TeamB,480,0,True
280,4,70,2021-06-14,TeamB-e4321aef-964a-4fdd-88bd-0bd548b0e93b,TeamB,280,0,True
560,7,80,2021-06-15,TeamB-e4321aef-964a-4fdd-88bd-0bd548b0e93b,TeamB,560,0,True
540,6,90,2021-06-16,TeamB-e4321aef-964a-4fdd-88bd-0bd548b0e93b,TeamB,540,0,True
360,6,60,2021-06-18,TeamB-e4321aef-964a-4fdd-88bd-0bd548b0e93b,TeamB,360,0,True
500,5,100,2021-06-20,TeamB-e4321aef-964a-4fdd-88bd-0bd548b0e93b,TeamB,500,0,True
540,6,90,2021-06-21,TeamB-e4321aef-964a-4fdd-88bd-0bd548b0e93b,TeamB,540,0,True
350,7,50,2021-06-22,TeamB-e4321aef-964a-4fdd-88bd-0bd548b0e93b,TeamB,350,0,True
480,6,80,2021-06-23,TeamB-e4321aef-964a-4fdd-88bd-0bd548b0e93b,TeamB,480,0,True
350,5,70,2021-06-25,TeamB-e4321aef-964a-4fdd-88bd-0bd548b0e93b,TeamB,350,0,True
720,8,90,2021-06-26,TeamB-e4321aef-964a-4fdd-88bd-0bd548b0e93b,TeamB,720,0,True
120,2,60,2021-06-27,TeamB-e4321aef-964a-4fdd-88bd-0bd548b0e93b,TeamB,120,0,True
150,3,50,2021-06-28,TeamB-e4321aef-964a-4fdd-88bd-0bd548b0e93b,TeamB,150,0,True
240,4,60,2021-06-29,TeamB-e4321aef-964a-4fdd-88bd-0bd548b0e93b,TeamB,240,0,True
210,7,30,2021-06-30,TeamB-e4321aef-964a-4fdd-88bd-0bd548b0e93b,TeamB,210,0,True
240,4,60,2021-07-01,TeamB-e4321aef-964a-4fdd-88bd-0bd548b0e93b,TeamB,240,0,True
240,4,60,2021-07-03,TeamB-e4321aef-964a-4fdd-88bd-0bd548b0e93b,TeamB,240,0,True
720,8,90,2021-07-04,TeamB-e4321aef-964a-4fdd-88bd-0bd548b0e93b,TeamB,720,0,True
300,5,60,2021-07-06,TeamB-e4321aef-964a-4fdd-88bd-0bd548b0e93b,TeamB,300,0,True
770,7,110,2021-07-07,TeamB-e4321aef-964a-4fdd-88bd-0bd548b0e93b,TeamB,770,0,True
240,4,60,2021-07-09,TeamB-e4321aef-964a-4fdd-88bd-0bd548b0e93b,TeamB,240,0,True
720,8,90,2021-07-10,TeamB-e4321aef-964a-4fdd-88bd-0bd548b0e93b,TeamB,720,0,True
180,3,60,2021-07-11,TeamB-e4321aef-964a-4fdd-88bd-0bd548b0e93b,TeamB,180,0,True
180,3,60,2021-07-13,TeamB-e4321aef-964a-4fdd-88bd-0bd548b0e93b,TeamB,180,0,True
720,8,90,2021-07-14,TeamB-e4321aef-964a-4fdd-88bd-0bd548b0e93b,TeamB,720,0,True
700,7,100,2021-07-31,TeamB-e4321aef-964a-4fdd-88bd-0bd548b0e93b,TeamB,700,0,True
280,4,70,2021-08-01,TeamB-e4321aef-964a-4fdd-88bd-0bd548b0e93b,TeamB,280,0,True
720,8,90,2021-08-02,TeamB-e4321aef-964a-4fdd-88bd-0bd548b0e93b,TeamB,720,0,True
280,4,70,2021-08-03,TeamB-e4321aef-964a-4fdd-88bd-0bd548b0e93b,TeamB,280,0,True
540,6,90,2021-08-05,TeamB-e4321aef-964a-4fdd-88bd-0bd548b0e93b,TeamB,540,0,True
300,5,60,2021-08-06,TeamB-e4321aef-964a-4fdd-88bd-0bd548b0e93b,TeamB,300,0,True
420,7,60,2021-08-07,TeamB-e4321aef-964a-4fdd-88bd-0bd548b0e93b,TeamB,420,0,True
240,4,60,2021-08-08,TeamB-e4321aef-964a-4fdd-88bd-0bd548b0e93b,TeamB,240,0,True
360,6,60,2021-08-10,TeamB-e4321aef-964a-4fdd-88bd-0bd548b0e93b,TeamB,360,0,True
630,7,90,2021-08-10,TeamB-e4321aef-964a-4fdd-88bd-0bd548b0e93b,TeamB,630,0,True
400,5,80,2021-08-11,TeamB-e4321aef-964a-4fdd-88bd-0bd548b0e93b,TeamB,400,0,True
210,3,70,2021-08-13,TeamB-e4321aef-964a-4fdd-88bd-0bd548b0e93b,TeamB,210,0,True
720,8,90,2021-08-14,TeamB-e4321aef-964a-4fdd-88bd-0bd548b0e93b,TeamB,720,0,True
180,3,60,2021-08-15,TeamB-e4321aef-964a-4fdd-88bd-0bd548b0e93b,TeamB,180,0,True
240,4,60,2021-08-17,TeamB-e4321aef-964a-4fdd-88bd-0bd548b0e93b,TeamB,240,0,True
300,5,60,2021-08-18,TeamB-e4321aef-964a-4fdd-88bd-0bd548b0e93b,TeamB,300,0,True
240,4,60,2021-08-19,TeamB-e4321aef-964a-4fdd-88bd-0bd548b0e93b,TeamB,240,0,True
90,3,30,2021-08-20,TeamB-e4321aef-964a-4fdd-88bd-0bd548b0e93b,TeamB,90,0,True
240,8,30,2021-08-21,TeamB-e4321aef-964a-4fdd-88bd-0bd548b0e93b,TeamB,240,0,True
360,6,60,2021-08-23,TeamB-e4321aef-964a-4fdd-88bd-0bd548b0e93b,TeamB,360,0,True
350,5,70,2021-08-24,TeamB-e4321aef-964a-4fdd-88bd-0bd548b0e93b,TeamB,350,0,True
150,5,30,2021-08-26,TeamB-e4321aef-964a-4fdd-88bd-0bd548b0e93b,TeamB,150,0,True
120,3,40,2021-08-26,TeamB-e4321aef-964a-4fdd-88bd-0bd548b0e93b,TeamB,120,0,True
350,5,70,2021-08-27,TeamB-e4321aef-964a-4fdd-88bd-0bd548b0e93b,TeamB,350,0,True
210,7,30,2021-08-28,TeamB-e4321aef-964a-4fdd-88bd-0bd548b0e93b,TeamB,210,0,True
480,6,80,2021-08-29,TeamB-e4321aef-964a-4fdd-88bd-0bd548b0e93b,TeamB,480,0,True
350,5,70,2021-08-30,TeamB-e4321aef-964a-4fdd-88bd-0bd548b0e93b,TeamB,350,0,True
280,4,70,2021-08-31,TeamB-e4321aef-964a-4fdd-88bd-0bd548b0e93b,TeamB,280,0,True
560,8,70,2021-09-01,TeamB-e4321aef-964a-4fdd-88bd-0bd548b0e93b,TeamB,560,0,True
180,3,60,2021-09-02,TeamB-e4321aef-964a-4fdd-88bd-0bd548b0e93b,TeamB,180,0,True
280,4,70,2021-09-03,TeamB-e4321aef-964a-4fdd-88bd-0bd548b0e93b,TeamB,280,0,True
240,4,60,2021-09-05,TeamB-e4321aef-964a-4fdd-88bd-0bd548b0e93b,TeamB,240,0,True
240,4,60,2021-09-07,TeamB-e4321aef-964a-4fdd-88bd-0bd548b0e93b,TeamB,240,0,True
560,8,70,2021-09-08,TeamB-e4321aef-964a-4fdd-88bd-0bd548b0e93b,TeamB,560,0,True
180,3,60,2021-09-10,TeamB-e4321aef-964a-4fdd-88bd-0bd548b0e93b,TeamB,180,0,True
560,8,70,2021-09-10,TeamB-e4321aef-964a-4fdd-88bd-0bd548b0e93b,TeamB,560,0,True
720,8,90,2021-09-11,TeamB-e4321aef-964a-4fdd-88bd-0bd548b0e93b,TeamB,720,0,True
400,5,80,2021-09-13,TeamB-e4321aef-964a-4fdd-88bd-0bd548b0e93b,TeamB,400,0,True
480,6,80,2021-09-14,TeamB-e4321aef-964a-4fdd-88bd-0bd548b0e93b,TeamB,480,0,True
630,7,90,2021-09-16,TeamB-e4321aef-964a-4fdd-88bd-0bd548b0e93b,TeamB,630,0,True
630,7,90,2021-09-17,TeamB-e4321aef-964a-4fdd-88bd-0bd548b0e93b,TeamB,630,0,True
540,6,90,2021-09-21,TeamB-e4321aef-964a-4fdd-88bd-0bd548b0e93b,TeamB,540,0,True
840,7,120,2021-09-22,TeamB-e4321aef-964a-4fdd-88bd-0bd548b0e93b,TeamB,840,0,True
490,7,70,2021-09-22,TeamB-e4321aef-964a-4fdd-88bd-0bd548b0e93b,TeamB,490,0,True
300,5,60,2021-09-24,TeamB-e4321aef-964a-4fdd-88bd-0bd548b0e93b,TeamB,300,0,True
350,5,70,2021-09-25,TeamB-e4321aef-964a-4fdd-88bd-0bd548b0e93b,TeamB,350,0,True
180,6,30,2021-09-26,TeamB-e4321aef-964a-4fdd-88bd-0bd548b0e93b,TeamB,180,0,True
630,7,90,2021-09-27,TeamB-e4321aef-964a-4fdd-88bd-0bd548b0e93b,TeamB,630,0,True
630,7,90,2021-09-28,TeamB-e4321aef-964a-4fdd-88bd-0bd548b0e93b,TeamB,630,0,True
700,7,100,2021-09-29,TeamB-e4321aef-964a-4fdd-88bd-0bd548b0e93b,TeamB,700,0,True
300,5,60,2021-09-29,TeamB-e4321aef-964a-4fdd-88bd-0bd548b0e93b,TeamB,300,0,True
350,5,70,2021-10-01,TeamB-e4321aef-964a-4fdd-88bd-0bd548b0e93b,TeamB,350,0,True
720,8,90,2021-10-02,TeamB-e4321aef-964a-4fdd-88bd-0bd548b0e93b,TeamB,720,0,True
300,5,60,2021-10-04,TeamB-e4321aef-964a-4fdd-88bd-0bd548b0e93b,TeamB,300,0,True
630,7,90,2021-10-05,TeamB-e4321aef-964a-4fdd-88bd-0bd548b0e93b,TeamB,630,0,True
700,7,100,2021-10-06,TeamB-e4321aef-964a-4fdd-88bd-0bd548b0e93b,TeamB,700,0,True
350,5,70,2021-10-08,TeamB-e4321aef-964a-4fdd-88bd-0bd548b0e93b,TeamB,350,0,True
630,7,90,2021-10-09,TeamB-e4321aef-964a-4fdd-88bd-0bd548b0e93b,TeamB,630,0,True
180,3,60,2021-10-10,TeamB-e4321aef-964a-4fdd-88bd-0bd548b0e93b,TeamB,180,0,True
600,6,100,2021-10-13,TeamB-e4321aef-964a-4fdd-88bd-0bd548b0e93b,TeamB,600,0,True
450,5,90,2021-10-15,TeamB-e4321aef-964a-4fdd-88bd-0bd548b0e93b,TeamB,450,0,True
300,5,60,2021-10-16,TeamB-e4321aef-964a-4fdd-88bd-0bd548b0e93b,TeamB,300,0,True
350,7,50,2021-10-17,TeamB-e4321aef-964a-4fdd-88bd-0bd548b0e93b,TeamB,350,0,True
540,6,90,2021-10-18,TeamB-e4321aef-964a-4fdd-88bd-0bd548b0e93b,TeamB,540,0,True
100,2,50,2021-10-22,TeamB-e4321aef-964a-4fdd-88bd-0bd548b0e93b,TeamB,100,0,True
150,5,30,2021-10-25,TeamB-e4321aef-964a-4fdd-88bd-0bd548b0e93b,TeamB,150,0,True
480,6,80,2021-10-26,TeamB-e4321aef-964a-4fdd-88bd-0bd548b0e93b,TeamB,480,0,True
840,7,120,2021-10-27,TeamB-e4321aef-964a-4fdd-88bd-0bd548b0e93b,TeamB,840,0,True
550,5,110,2021-10-29,TeamB-e4321aef-964a-4fdd-88bd-0bd548b0e93b,TeamB,550,0,True
300,5,60,2021-10-30,TeamB-e4321aef-964a-4fdd-88bd-0bd548b0e93b,TeamB,300,0,True
810,9,90,2021-10-31,TeamB-e4321aef-964a-4fdd-88bd-0bd548b0e93b,TeamB,810,0,True
240,4,60,2021-11-02,TeamB-e4321aef-964a-4fdd-88bd-0bd548b0e93b,TeamB,240,0,True
300,5,60,2021-11-03,TeamB-e4321aef-964a-4fdd-88bd-0bd548b0e93b,TeamB,300,0,True
700,7,100,2021-11-04,TeamB-e4321aef-964a-4fdd-88bd-0bd548b0e93b,TeamB,700,0,True
360,6,60,2021-11-06,TeamB-e4321aef-964a-4fdd-88bd-0bd548b0e93b,TeamB,360,0,True
350,5,70,2021-11-06,TeamB-e4321aef-964a-4fdd-88bd-0bd548b0e93b,TeamB,350,0,True
540,6,90,2021-11-09,TeamB-e4321aef-964a-4fdd-88bd-0bd548b0e93b,TeamB,540,0,True
630,7,90,2021-11-10,TeamB-e4321aef-964a-4fdd-88bd-0bd548b0e93b,TeamB,630,0,True
640,8,80,2021-11-10,TeamB-e4321aef-964a-4fdd-88bd-0bd548b0e93b,TeamB,640,0,True
350,5,70,2021-11-12,TeamB-e4321aef-964a-4fdd-88bd-0bd548b0e93b,TeamB,350,0,True
400,5,80,2020-02-01,TeamB-f67673c0-d467-4832-9519-55133a2647e5,TeamB,400,0,True
400,5,80,2020-02-03,TeamB-f67673c0-d467-4832-9519-55133a2647e5,TeamB,400,0,True
450,5,90,2020-02-04,TeamB-f67673c0-d467-4832-9519-55133a2647e5,TeamB,450,0,True
480,8,60,2020-02-04,TeamB-f67673c0-d467-4832-9519-55133a2647e5,TeamB,480,0,True
330,3,110,2020-02-05,TeamB-f67673c0-d467-4832-9519-55133a2647e5,TeamB,330,0,True
500,5,100,2020-02-05,TeamB-f67673c0-d467-4832-9519-55133a2647e5,TeamB,500,0,True
360,4,90,2020-02-06,TeamB-f67673c0-d467-4832-9519-55133a2647e5,TeamB,360,0,True
350,5,70,2020-02-07,TeamB-f67673c0-d467-4832-9519-55133a2647e5,TeamB,350,0,True
900,5,180,2020-02-08,TeamB-f67673c0-d467-4832-9519-55133a2647e5,TeamB,900,0,True
700,7,100,2020-02-10,TeamB-f67673c0-d467-4832-9519-55133a2647e5,TeamB,700,0,True
450,5,90,2020-02-10,TeamB-f67673c0-d467-4832-9519-55133a2647e5,TeamB,450,0,True
500,5,100,2020-02-11,TeamB-f67673c0-d467-4832-9519-55133a2647e5,TeamB,500,0,True
350,7,50,2020-02-11,TeamB-f67673c0-d467-4832-9519-55133a2647e5,TeamB,350,0,True
540,6,90,2020-02-12,TeamB-f67673c0-d467-4832-9519-55133a2647e5,TeamB,540,0,True
280,4,70,2020-02-13,TeamB-f67673c0-d467-4832-9519-55133a2647e5,TeamB,280,0,True
500,5,100,2020-02-13,TeamB-f67673c0-d467-4832-9519-55133a2647e5,TeamB,500,0,True
300,5,60,2020-02-15,TeamB-f67673c0-d467-4832-9519-55133a2647e5,TeamB,300,0,True
300,5,60,2020-02-17,TeamB-f67673c0-d467-4832-9519-55133a2647e5,TeamB,300,0,True
400,5,80,2021-08-30,TeamB-f67673c0-d467-4832-9519-55133a2647e5,TeamB,400,0,True
560,7,80,2021-08-30,TeamB-f67673c0-d467-4832-9519-55133a2647e5,TeamB,560,0,True
300,5,60,2021-08-31,TeamB-f67673c0-d467-4832-9519-55133a2647e5,TeamB,300,0,True
420,6,70,2021-08-31,TeamB-f67673c0-d467-4832-9519-55133a2647e5,TeamB,420,0,True
180,3,60,2021-09-01,TeamB-f67673c0-d467-4832-9519-55133a2647e5,TeamB,180,0,True
240,4,60,2021-09-01,TeamB-f67673c0-d467-4832-9519-55133a2647e5,TeamB,240,0,True
350,5,70,2021-09-02,TeamB-f67673c0-d467-4832-9519-55133a2647e5,TeamB,350,0,True
400,5,80,2021-09-03,TeamB-f67673c0-d467-4832-9519-55133a2647e5,TeamB,400,0,True
120,2,60,2021-09-05,TeamB-f67673c0-d467-4832-9519-55133a2647e5,TeamB,120,0,True
280,4,70,2021-09-06,TeamB-f67673c0-d467-4832-9519-55133a2647e5,TeamB,280,0,True
490,7,70,2021-09-06,TeamB-f67673c0-d467-4832-9519-55133a2647e5,TeamB,490,0,True
360,6,60,2021-09-07,TeamB-f67673c0-d467-4832-9519-55133a2647e5,TeamB,360,0,True
210,3,70,2021-09-07,TeamB-f67673c0-d467-4832-9519-55133a2647e5,TeamB,210,0,True
180,3,60,2021-09-08,TeamB-f67673c0-d467-4832-9519-55133a2647e5,TeamB,180,0,True
420,7,60,2021-09-08,TeamB-f67673c0-d467-4832-9519-55133a2647e5,TeamB,420,0,True
200,4,50,2021-09-09,TeamB-f67673c0-d467-4832-9519-55133a2647e5,TeamB,200,0,True
180,3,60,2021-09-13,TeamB-f67673c0-d467-4832-9519-55133a2647e5,TeamB,180,0,True
300,5,60,2021-09-15,TeamB-f67673c0-d467-4832-9519-55133a2647e5,TeamB,300,0,True
180,3,60,2021-09-16,TeamB-f67673c0-d467-4832-9519-55133a2647e5,TeamB,180,0,True
600,6,100,2021-09-16,TeamB-f67673c0-d467-4832-9519-55133a2647e5,TeamB,600,0,True
480,6,80,2021-09-17,TeamB-f67673c0-d467-4832-9519-55133a2647e5,TeamB,480,0,True
420,6,70,2021-09-17,TeamB-f67673c0-d467-4832-9519-55133a2647e5,TeamB,420,0,True
320,4,80,2021-09-20,TeamB-f67673c0-d467-4832-9519-55133a2647e5,TeamB,320,0,True
660,6,110,2021-09-21,TeamB-f67673c0-d467-4832-9519-55133a2647e5,TeamB,660,0,True
360,6,60,2021-09-22,TeamB-f67673c0-d467-4832-9519-55133a2647e5,TeamB,360,0,True
440,4,110,2021-09-22,TeamB-f67673c0-d467-4832-9519-55133a2647e5,TeamB,440,0,True
300,5,60,2021-09-23,TeamB-f67673c0-d467-4832-9519-55133a2647e5,TeamB,300,0,True
450,5,90,2021-09-24,TeamB-f67673c0-d467-4832-9519-55133a2647e5,TeamB,450,0,True
480,6,80,2021-09-25,TeamB-f67673c0-d467-4832-9519-55133a2647e5,TeamB,480,0,True
200,5,40,2021-09-25,TeamB-f67673c0-d467-4832-9519-55133a2647e5,TeamB,200,0,True
770,7,110,2021-09-28,TeamB-f67673c0-d467-4832-9519-55133a2647e5,TeamB,770,0,True
200,4,50,2021-09-30,TeamB-f67673c0-d467-4832-9519-55133a2647e5,TeamB,200,0,True
420,7,60,2021-09-30,TeamB-f67673c0-d467-4832-9519-55133a2647e5,TeamB,420,0,True
600,5,120,2021-09-30,TeamB-f67673c0-d467-4832-9519-55133a2647e5,TeamB,600,0,True
200,4,50,2021-09-30,TeamB-f67673c0-d467-4832-9519-55133a2647e5,TeamB,200,0,True
540,6,90,2021-10-01,TeamB-f67673c0-d467-4832-9519-55133a2647e5,TeamB,540,0,True
300,5,60,2021-10-03,TeamB-f67673c0-d467-4832-9519-55133a2647e5,TeamB,300,0,True
350,7,50,2021-10-04,TeamB-f67673c0-d467-4832-9519-55133a2647e5,TeamB,350,0,True
240,4,60,2021-10-05,TeamB-f67673c0-d467-4832-9519-55133a2647e5,TeamB,240,0,True
550,5,110,2021-10-05,TeamB-f67673c0-d467-4832-9519-55133a2647e5,TeamB,550,0,True
600,6,100,2021-10-06,TeamB-f67673c0-d467-4832-9519-55133a2647e5,TeamB,600,0,True
300,5,60,2021-10-07,TeamB-f67673c0-d467-4832-9519-55133a2647e5,TeamB,300,0,True
500,5,100,2021-10-08,TeamB-f67673c0-d467-4832-9519-55133a2647e5,TeamB,500,0,True
630,7,90,2021-10-10,TeamB-f67673c0-d467-4832-9519-55133a2647e5,TeamB,630,0,True
300,5,60,2021-10-12,TeamB-f67673c0-d467-4832-9519-55133a2647e5,TeamB,300,0,True
720,6,120,2021-10-12,TeamB-f67673c0-d467-4832-9519-55133a2647e5,TeamB,720,0,True
600,5,120,2021-10-13,TeamB-f67673c0-d467-4832-9519-55133a2647e5,TeamB,600,0,True
240,4,60,2021-10-15,TeamB-f67673c0-d467-4832-9519-55133a2647e5,TeamB,240,0,True
300,5,60,2021-10-16,TeamB-f67673c0-d467-4832-9519-55133a2647e5,TeamB,300,0,True
350,5,70,2021-10-18,TeamB-f67673c0-d467-4832-9519-55133a2647e5,TeamB,350,0,True
300,5,60,2021-10-19,TeamB-f67673c0-d467-4832-9519-55133a2647e5,TeamB,300,0,True
240,4,60,2021-10-20,TeamB-f67673c0-d467-4832-9519-55133a2647e5,TeamB,240,0,True
300,5,60,2021-10-22,TeamB-f67673c0-d467-4832-9519-55133a2647e5,TeamB,300,0,True
400,5,80,2021-10-23,TeamB-f67673c0-d467-4832-9519-55133a2647e5,TeamB,400,0,True
360,6,60,2021-10-25,TeamB-f67673c0-d467-4832-9519-55133a2647e5,TeamB,360,0,True
540,6,90,2021-10-26,TeamB-f67673c0-d467-4832-9519-55133a2647e5,TeamB,540,0,True
300,5,60,2021-10-27,TeamB-f67673c0-d467-4832-9519-55133a2647e5,TeamB,300,0,True
700,7,100,2021-10-27,TeamB-f67673c0-d467-4832-9519-55133a2647e5,TeamB,700,0,True
120,2,60,2021-10-28,TeamB-f67673c0-d467-4832-9519-55133a2647e5,TeamB,120,0,True
720,6,120,2021-10-29,TeamB-f67673c0-d467-4832-9519-55133a2647e5,TeamB,720,0,True
560,7,80,2021-10-31,TeamB-f67673c0-d467-4832-9519-55133a2647e5,TeamB,560,0,True
420,7,60,2021-11-01,TeamB-f67673c0-d467-4832-9519-55133a2647e5,TeamB,420,0,True
400,5,80,2021-11-03,TeamB-f67673c0-d467-4832-9519-55133a2647e5,TeamB,400,0,True
150,3,50,2021-11-03,TeamB-f67673c0-d467-4832-9519-55133a2647e5,TeamB,150,0,True
240,4,60,2021-11-04,TeamB-f67673c0-d467-4832-9519-55133a2647e5,TeamB,240,0,True
360,4,90,2021-11-04,TeamB-f67673c0-d467-4832-9519-55133a2647e5,TeamB,360,0,True
240,4,60,2021-11-05,TeamB-f67673c0-d467-4832-9519-55133a2647e5,TeamB,240,0,True
320,4,80,2021-11-07,TeamB-f67673c0-d467-4832-9519-55133a2647e5,TeamB,320,0,True
200,4,50,2021-11-07,TeamB-f67673c0-d467-4832-9519-55133a2647e5,TeamB,200,0,True
40,1,40,2021-11-07,TeamB-f67673c0-d467-4832-9519-55133a2647e5,TeamB,40,0,True
200,4,50,2021-11-08,TeamB-f67673c0-d467-4832-9519-55133a2647e5,TeamB,200,0,True
400,5,80,2021-11-09,TeamB-f67673c0-d467-4832-9519-55133a2647e5,TeamB,400,0,True
60,2,30,2021-11-10,TeamB-f67673c0-d467-4832-9519-55133a2647e5,TeamB,60,0,True
360,9,40,2021-11-10,TeamB-f67673c0-d467-4832-9519-55133a2647e5,TeamB,360,0,True
540,6,90,2021-11-11,TeamB-f67673c0-d467-4832-9519-55133a2647e5,TeamB,540,0,True
250,5,50,2021-11-11,TeamB-f67673c0-d467-4832-9519-55133a2647e5,TeamB,250,0,True
400,5,80,2021-11-12,TeamB-f67673c0-d467-4832-9519-55133a2647e5,TeamB,400,0,True
