player_name,team,date,session_count,rpe_mean,rpe_max,duration_total,duration_mean,srpe_total,srpe_mean,srpe_max
TeamB-08e35b7b-d2ad-411f-a0de-4e663f14c3c3,TeamB,2021-08-30,1,4.0,4,60,60.0,240,240.0,240
TeamB-08e35b7b-d2ad-411f-a0de-4e663f14c3c3,TeamB,2021-09-09,1,3.0,3,50,50.0,150,150.0,150
TeamB-08e35b7b-d2ad-411f-a0de-4e663f14c3c3,TeamB,2021-09-10,1,4.0,4,60,60.0,240,240.0,240
TeamB-08e35b7b-d2ad-411f-a0de-4e663f14c3c3,TeamB,2021-09-11,1,10.0,10,120,120.0,1200,1200.0,1200
TeamB-08e35b7b-d2ad-411f-a0de-4e663f14c3c3,TeamB,2021-09-12,1,4.0,4,60,60.0,240,240.0,240
TeamB-08e35b7b-d2ad-411f-a0de-4e663f14c3c3,TeamB,2021-09-13,1,4.0,4,60,60.0,240,240.0,240
TeamB-08e35b7b-d2ad-411f-a0de-4e663f14c3c3,TeamB,2021-09-20,1,6.0,6,90,90.0,540,540.0,540
TeamB-08e35b7b-d2ad-411f-a0de-4e663f14c3c3,TeamB,2021-09-21,1,2.0,2,40,40.0,80,80.0,80
TeamB-08e35b7b-d2ad-411f-a0de-4e663f14c3c3,TeamB,2021-09-22,1,6.0,6,60,60.0,360,360.0,360
TeamB-08e35b7b-d2ad-411f-a0de-4e663f14c3c3,TeamB,2021-09-23,1,6.0,6,80,80.0,480,480.0,480
TeamB-08e35b7b-d2ad-411f-a0de-4e663f14c3c3,TeamB,2021-09-24,1,6.0,6,90,90.0,540,540.0,540
TeamB-08e35b7b-d2ad-411f-a0de-4e663f14c3c3,TeamB,2021-09-25,1,5.0,5,80,80.0,400,400.0,400
TeamB-08e35b7b-d2ad-411f-a0de-4e663f14c3c3,TeamB,2021-09-27,1,5.0,5,60,60.0,300,300.0,300
TeamB-08e35b7b-d2ad-411f-a0de-4e663f14c3c3,TeamB,2021-09-28,1,6.0,6,100,100.0,600,600.0,600
TeamB-08e35b7b-d2ad-411f-a0de-4e663f14c3c3,TeamB,2021-09-29,2,5.5,7,160,80.0,1000,500.0,840
TeamB-08e35b7b-d2ad-411f-a0de-4e663f14c3c3,TeamB,2021-09-30,1,4.0,4,50,50.0,200,200.0,200
TeamB-08e35b7b-d2ad-411f-a0de-4e663f14c3c3,TeamB,2021-10-01,1,4.0,4,70,70.0,280,280.0,280
TeamB-08e35b7b-d2ad-411f-a0de-4e663f14c3c3,TeamB,2021-10-04,1,5.0,5,60,60.0,300,300.0,300
TeamB-08e35b7b-d2ad-411f-a0de-4e663f14c3c3,TeamB,2021-10-05,2,5.0,6,140,70.0,760,380.0,600
TeamB-08e35b7b-d2ad-411f-a0de-4e663f14c3c3,TeamB,2021-10-06,2,4.5,6,160,80.0,810,405.0,660
TeamB-08e35b7b-d2ad-411f-a0de-4e663f14c3c3,TeamB,2021-10-07,1,4.0,4,30,30.0,120,120.0,120
TeamB-08e35b7b-d2ad-411f-a0de-4e663f14c3c3,TeamB,2021-10-08,1,4.0,4,60,60.0,240,240.0,240
TeamB-08e35b7b-d2ad-411f-a0de-4e663f14c3c3,TeamB,2021-10-10,1,4.0,4,50,50.0,200,200.0,200
TeamB-08e35b7b-d2ad-411f-a0de-4e663f14c3c3,TeamB,2021-10-11,1,5.0,5,50,50.0,250,250.0,250
TeamB-08e35b7b-d2ad-411f-a0de-4e663f14c3c3,TeamB,2021-10-12,1,4.0,4,50,50.0,200,200.0,200
TeamB-08e35b7b-d2ad-411f-a0de-4e663f14c3c3,TeamB,2021-10-13,1,6.0,6,40,40.0,240,240.0,240
TeamB-08e35b7b-d2ad-411f-a0de-4e663f14c3c3,TeamB,2021-10-14,1,6.0,6,50,50.0,300,300.0,300
TeamB-08e35b7b-d2ad-411f-a0de-4e663f14c3c3,TeamB,2021-10-15,1,7.0,7,40,40.0,280,280.0,280
TeamB-08e35b7b-d2ad-411f-a0de-4e663f14c3c3,TeamB,2021-10-16,1,6.0,6,60,60.0,360,360.0,360
TeamB-08e35b7b-d2ad-411f-a0de-4e663f14c3c3,TeamB,2021-10-17,2,6.0,7,70,35.0,430,215.0,280
TeamB-08e35b7b-d2ad-411f-a0de-4e663f14c3c3,TeamB,2021-10-18,1,4.0,4,70,70.0,280,280.0,280
TeamB-08e35b7b-d2ad-411f-a0de-4e663f14c3c3,TeamB,2021-10-19,1,7.0,7,30,30.0,210,210.0,210
TeamB-08e35b7b-d2ad-411f-a0de-4e663f14c3c3,TeamB,2021-10-20,1,7.0,7,100,100.0,700,700.0,700
TeamB-08e35b7b-d2ad-411f-a0de-4e663f14c3c3,TeamB,2021-10-21,1,7.0,7,90,90.0,630,630.0,630
TeamB-08e35b7b-d2ad-411f-a0de-4e663f14c3c3,TeamB,2021-10-23,1,7.0,7,90,90.0,630,630.0,630
TeamB-08e35b7b-d2ad-411f-a0de-4e663f14c3c3,TeamB,2021-10-24,1,7.0,7,90,90.0,630,630.0,630
TeamB-08e35b7b-d2ad-411f-a0de-4e663f14c3c3,TeamB,2021-10-25,1,7.0,7,40,40.0,280,280.0,280
TeamB-08e35b7b-d2ad-411f-a0de-4e663f14c3c3,TeamB,2021-10-26,1,6.0,6,60,60.0,360,360.0,360
TeamB-08e35b7b-d2ad-411f-a0de-4e663f14c3c3,TeamB,2021-10-27,1,8.0,8,50,50.0,400,400.0,400
TeamB-08e35b7b-d2ad-411f-a0de-4e663f14c3c3,TeamB,2021-10-28,1,6.0,6,90,90.0,540,540.0,540
TeamB-08e35b7b-d2ad-411f-a0de-4e663f14c3c3,TeamB,2021-10-29,1,4.0,4,70,70.0,280,280.0,280
TeamB-08e35b7b-d2ad-411f-a0de-4e663f14c3c3,TeamB,2021-10-30,1,7.0,7,40,40.0,280,280.0,280
TeamB-08e35b7b-d2ad-411f-a0de-4e663f14c3c3,TeamB,2021-10-31,1,7.0,7,90,90.0,630,630.0,630
TeamB-08e35b7b-d2ad-411f-a0de-4e663f14c3c3,TeamB,2021-11-02,2,6.0,7,110,55.0,670,335.0,420
TeamB-08e35b7b-d2ad-411f-a0de-4e663f14c3c3,TeamB,2021-11-03,2,3.5,5,90,45.0,360,180.0,300
TeamB-08e35b7b-d2ad-411f-a0de-4e663f14c3c3,TeamB,2021-11-04,1,7.0,7,80,80.0,560,560.0,560
TeamB-08e35b7b-d2ad-411f-a0de-4e663f14c3c3,TeamB,2021-11-05,1,5.0,5,70,70.0,350,350.0,350
TeamB-08e35b7b-d2ad-411f-a0de-4e663f14c3c3,TeamB,2021-11-06,1,7.0,7,90,90.0,630,630.0,630
TeamB-08e35b7b-d2ad-411f-a0de-4e663f14c3c3,TeamB,2021-11-08,2,6.0,7,120,60.0,700,350.0,350
TeamB-08e35b7b-d2ad-411f-a0de-4e663f14c3c3,TeamB,2021-11-09,1,5.0,5,60,60.0,300,300.0,300
TeamB-08e35b7b-d2ad-411f-a0de-4e663f14c3c3,TeamB,2021-11-10,2,6.0,7,110,55.0,650,325.0,350
TeamB-08e35b7b-d2ad-411f-a0de-4e663f14c3c3,TeamB,2021-11-11,1,6.0,6,90,90.0,540,540.0,540
TeamB-08e35b7b-d2ad-411f-a0de-4e663f14c3c3,TeamB,2021-11-12,2,6.0,7,120,60.0,720,360.0,420
TeamB-29c5271b-5c46-455e-91ea-da2abfa8ff3c,TeamB,2020-07-20,1,5.0,5,60,60.0,300,300.0,300
TeamB-29c5271b-5c46-455e-91ea-da2abfa8ff3c,TeamB,2020-07-21,2,3.0,5,90,45.0,330,165.0,300
TeamB-29c5271b-5c46-455e-91ea-da2abfa8ff3c,TeamB,2020-07-22,1,3.0,3,60,60.0,180,180.0,180
TeamB-29c5271b-5c46-455e-91ea-da2abfa8ff3c,TeamB,2020-07-23,1,6.0,6,60,60.0,360,360.0,360
TeamB-29c5271b-5c46-455e-91ea-da2abfa8ff3c,TeamB,2020-07-24,1,4.0,4,70,70.0,280,280.0,280
TeamB-29c5271b-5c46-455e-91ea-da2abfa8ff3c,TeamB,2020-07-25,1,6.0,6,90,90.0,540,540.0,540
TeamB-29c5271b-5c46-455e-91ea-da2abfa8ff3c,TeamB,2020-07-27,1,6.0,6,90,90.0,540,540.0,540
TeamB-29c5271b-5c46-455e-91ea-da2abfa8ff3c,TeamB,2020-07-28,1,3.0,3,40,40.0,120,120.0,120
TeamB-29c5271b-5c46-455e-91ea-da2abfa8ff3c,TeamB,2020-07-29,1,5.0,5,60,60.0,300,300.0,300
TeamB-29c5271b-5c46-455e-91ea-da2abfa8ff3c,TeamB,2020-07-30,1,4.0,4,70,70.0,280,280.0,280
TeamB-29c5271b-5c46-455e-91ea-da2abfa8ff3c,TeamB,2020-07-31,1,5.0,5,60,60.0,300,300.0,300
TeamB-29c5271b-5c46-455e-91ea-da2abfa8ff3c,TeamB,2020-08-01,1,7.0,7,40,40.0,280,280.0,280
TeamB-29c5271b-5c46-455e-91ea-da2abfa8ff3c,TeamB,2020-08-02,1,3.0,3,60,60.0,180,180.0,180
TeamB-29c5271b-5c46-455e-91ea-da2abfa8ff3c,TeamB,2020-08-03,1,3.0,3,30,30.0,90,90.0,90
TeamB-29c5271b-5c46-455e-91ea-da2abfa8ff3c,TeamB,2020-08-04,1,5.0,5,70,70.0,350,350.0,350
TeamB-29c5271b-5c46-455e-91ea-da2abfa8ff3c,TeamB,2020-08-06,1,5.0,5,60,60.0,300,300.0,300
TeamB-29c5271b-5c46-455e-91ea-da2abfa8ff3c,TeamB,2020-08-07,1,4.0,4,60,60.0,240,240.0,240
TeamB-29c5271b-5c46-455e-91ea-da2abfa8ff3c,TeamB,2020-08-08,1,5.0,5,60,60.0,300,300.0,300
TeamB-29c5271b-5c46-455e-91ea-da2abfa8ff3c,TeamB,2020-08-10,1,4.0,4,70,70.0,280,280.0,280
TeamB-29c5271b-5c46-455e-91ea-da2abfa8ff3c,TeamB,2020-08-11,1,5.0,5,60,60.0,300,300.0,300
TeamB-29c5271b-5c46-455e-91ea-da2abfa8ff3c,TeamB,2020-08-13,1,4.0,4,60,60.0,240,240.0,240
TeamB-29c5271b-5c46-455e-91ea-da2abfa8ff3c,TeamB,2020-08-14,1,4.0,4,60,60.0,240,240.0,240
TeamB-29c5271b-5c46-455e-91ea-da2abfa8ff3c,TeamB,2020-08-15,1,4.0,4,60,60.0,240,240.0,240
TeamB-29c5271b-5c46-455e-91ea-da2abfa8ff3c,TeamB,2020-08-16,1,5.0,5,20,20.0,100,100.0,100
TeamB-29c5271b-5c46-455e-91ea-da2abfa8ff3c,TeamB,2020-08-17,1,3.0,3,60,60.0,180,180.0,180
TeamB-29c5271b-5c46-455e-91ea-da2abfa8ff3c,TeamB,2020-08-18,1,4.0,4,60,60.0,240,240.0,240
TeamB-29c5271b-5c46-455e-91ea-da2abfa8ff3c,TeamB,2020-08-19,1,5.0,5,90,90.0,450,450.0,450
TeamB-29c5271b-5c46-455e-91ea-da2abfa8ff3c,TeamB,2020-08-20,1,2.0,2,70,70.0,140,140.0,140
TeamB-29c5271b-5c46-455e-91ea-da2abfa8ff3c,TeamB,2020-08-21,1,6.0,6,60,60.0,360,360.0,360
TeamB-29c5271b-5c46-455e-91ea-da2abfa8ff3c,TeamB,2020-08-22,1,4.0,4,10,10.0,40,40.0,40
TeamB-29c5271b-5c46-455e-91ea-da2abfa8ff3c,TeamB,2020-08-24,1,5.0,5,70,70.0,350,350.0,350
TeamB-29c5271b-5c46-455e-91ea-da2abfa8ff3c,TeamB,2020-08-25,1,4.0,4,60,60.0,240,240.0,240
TeamB-29c5271b-5c46-455e-91ea-da2abfa8ff3c,TeamB,2020-08-26,1,7.0,7,70,70.0,490,490.0,490
TeamB-29c5271b-5c46-455e-91ea-da2abfa8ff3c,TeamB,2020-08-27,1,1.0,1,40,40.0,40,40.0,40
TeamB-29c5271b-5c46-455e-91ea-da2abfa8ff3c,TeamB,2020-08-29,1,2.0,2,60,60.0,120,120.0,120
TeamB-29c5271b-5c46-455e-91ea-da2abfa8ff3c,TeamB,2020-08-30,1,7.0,7,90,90.0,630,630.0,630
TeamB-29c5271b-5c46-455e-91ea-da2abfa8ff3c,TeamB,2020-08-31,1,8.0,8,90,90.0,720,720.0,720
TeamB-29c5271b-5c46-455e-91ea-da2abfa8ff3c,TeamB,2020-09-01,1,3.0,3,60,60.0,180,180.0,180
TeamB-29c5271b-5c46-455e-91ea-da2abfa8ff3c,TeamB,2020-09-02,1,5.0,5,100,100.0,500,500.0,500
TeamB-29c5271b-5c46-455e-91ea-da2abfa8ff3c,TeamB,2020-09-03,1,3.0,3,70,70.0,210,210.0,210
TeamB-29c5271b-5c46-455e-91ea-da2abfa8ff3c,TeamB,2020-09-04,2,4.5,5,130,65.0,580,290.0,300
TeamB-29c5271b-5c46-455e-91ea-da2abfa8ff3c,TeamB,2020-09-05,1,8.0,8,90,90.0,720,720.0,720
TeamB-29c5271b-5c46-455e-91ea-da2abfa8ff3c,TeamB,2020-09-06,1,4.0,4,60,60.0,240,240.0,240
TeamB-29c5271b-5c46-455e-91ea-da2abfa8ff3c,TeamB,2020-09-07,1,3.0,3,50,50.0,150,150.0,150
TeamB-29c5271b-5c46-455e-91ea-da2abfa8ff3c,TeamB,2020-09-08,1,4.0,4,80,80.0,320,320.0,320
TeamB-29c5271b-5c46-455e-91ea-da2abfa8ff3c,TeamB,2020-09-09,1,6.0,6,80,80.0,480,480.0,480
TeamB-29c5271b-5c46-455e-91ea-da2abfa8ff3c,TeamB,2020-09-11,1,5.0,5,70,70.0,350,350.0,350
TeamB-29c5271b-5c46-455e-91ea-da2abfa8ff3c,TeamB,2020-09-12,1,7.0,7,90,90.0,630,630.0,630
TeamB-29c5271b-5c46-455e-91ea-da2abfa8ff3c,TeamB,2020-09-14,1,6.0,6,120,120.0,720,720.0,720
TeamB-29c5271b-5c46-455e-91ea-da2abfa8ff3c,TeamB,2020-09-15,1,7.0,7,40,40.0,280,280.0,280
TeamB-29c5271b-5c46-455e-91ea-da2abfa8ff3c,TeamB,2020-09-19,1,5.0,5,60,60.0,300,300.0,300
TeamB-29c5271b-5c46-455e-91ea-da2abfa8ff3c,TeamB,2020-09-20,1,5.0,5,70,70.0,350,350.0,350
TeamB-29c5271b-5c46-455e-91ea-da2abfa8ff3c,TeamB,2020-09-21,2,4.0,5,180,90.0,760,380.0,550
TeamB-29c5271b-5c46-455e-91ea-da2abfa8ff3c,TeamB,2020-09-22,1,4.0,4,60,60.0,240,240.0,240
TeamB-29c5271b-5c46-455e-91ea-da2abfa8ff3c,TeamB,2020-09-24,1,7.0,7,100,100.0,700,700.0,700
TeamB-29c5271b-5c46-455e-91ea-da2abfa8ff3c,TeamB,2020-09-25,1,6.0,6,70,70.0,420,420.0,420
TeamB-29c5271b-5c46-455e-91ea-da2abfa8ff3c,TeamB,2020-09-26,1,5.0,5,70,70.0,350,350.0,350
TeamB-29c5271b-5c46-455e-91ea-da2abfa8ff3c,TeamB,2020-09-27,1,9.0,9,90,90.0,810,810.0,810
TeamB-29c5271b-5c46-455e-91ea-da2abfa8ff3c,TeamB,2020-09-29,1,3.0,3,60,60.0,180,180.0,180
TeamB-29c5271b-5c46-455e-91ea-da2abfa8ff3c,TeamB,2020-09-30,2,6.5,8,180,90.0,1260,630.0,960
TeamB-29c5271b-5c46-455e-91ea-da2abfa8ff3c,TeamB,2020-10-01,2,5.5,7,160,80.0,940,470.0,700
TeamB-29c5271b-5c46-455e-91ea-da2abfa8ff3c,TeamB,2020-10-02,2,6.5,7,150,75.0,990,495.0,630
TeamB-29c5271b-5c46-455e-91ea-da2abfa8ff3c,TeamB,2020-10-05,2,4.0,5,120,60.0,500,250.0,350
TeamB-29c5271b-5c46-455e-91ea-da2abfa8ff3c,TeamB,2020-10-06,1,4.0,4,60,60.0,240,240.0,240
TeamB-29c5271b-5c46-455e-91ea-da2abfa8ff3c,TeamB,2020-10-08,1,2.0,2,40,40.0,80,80.0,80
TeamB-29c5271b-5c46-455e-91ea-da2abfa8ff3c,TeamB,2020-10-10,2,4.0,5,140,70.0,580,290.0,400
TeamB-29c5271b-5c46-455e-91ea-da2abfa8ff3c,TeamB,2020-10-11,1,4.0,4,40,40.0,160,160.0,160
TeamB-29c5271b-5c46-455e-91ea-da2abfa8ff3c,TeamB,2020-10-13,2,4.5,6,150,75.0,720,360.0,540
TeamB-29c5271b-5c46-455e-91ea-da2abfa8ff3c,TeamB,2020-10-14,2,5.5,7,150,75.0,870,435.0,630
TeamB-29c5271b-5c46-455e-91ea-da2abfa8ff3c,TeamB,2020-10-16,1,5.0,5,90,90.0,450,450.0,450
TeamB-29c5271b-5c46-455e-91ea-da2abfa8ff3c,TeamB,2020-10-17,1,5.0,5,60,60.0,300,300.0,300
TeamB-29c5271b-5c46-455e-91ea-da2abfa8ff3c,TeamB,2020-10-18,1,9.0,9,90,90.0,810,810.0,810
TeamB-29c5271b-5c46-455e-91ea-da2abfa8ff3c,TeamB,2020-10-19,1,1.0,1,40,40.0,40,40.0,40
TeamB-29c5271b-5c46-455e-91ea-da2abfa8ff3c,TeamB,2020-10-22,1,7.0,7,90,90.0,630,630.0,630
TeamB-29c5271b-5c46-455e-91ea-da2abfa8ff3c,TeamB,2020-10-23,2,6.5,7,180,90.0,1170,585.0,630
TeamB-29c5271b-5c46-455e-91ea-da2abfa8ff3c,TeamB,2020-10-24,1,4.0,4,90,90.0,360,360.0,360
TeamB-29c5271b-5c46-455e-91ea-da2abfa8ff3c,TeamB,2020-10-26,1,4.0,4,90,90.0,360,360.0,360
TeamB-29c5271b-5c46-455e-91ea-da2abfa8ff3c,TeamB,2020-10-29,1,7.0,7,90,90.0,630,630.0,630
TeamB-29c5271b-5c46-455e-91ea-da2abfa8ff3c,TeamB,2020-10-30,1,6.0,6,90,90.0,540,540.0,540
TeamB-29c5271b-5c46-455e-91ea-da2abfa8ff3c,TeamB,2020-10-31,2,4.0,4,120,60.0,480,240.0,240
TeamB-29c5271b-5c46-455e-91ea-da2abfa8ff3c,TeamB,2020-11-01,1,9.0,9,90,90.0,810,810.0,810
TeamB-29c5271b-5c46-455e-91ea-da2abfa8ff3c,TeamB,2020-11-02,1,2.0,2,40,40.0,80,80.0,80
TeamB-29c5271b-5c46-455e-91ea-da2abfa8ff3c,TeamB,2020-11-03,1,3.0,3,40,40.0,120,120.0,120
TeamB-29c5271b-5c46-455e-91ea-da2abfa8ff3c,TeamB,2020-11-04,1,7.0,7,50,50.0,350,350.0,350
TeamB-29c5271b-5c46-455e-91ea-da2abfa8ff3c,TeamB,2020-11-05,1,3.0,3,60,60.0,180,180.0,180
TeamB-29c5271b-5c46-455e-91ea-da2abfa8ff3c,TeamB,2020-11-06,1,4.0,4,60,60.0,240,240.0,240
TeamB-29c5271b-5c46-455e-91ea-da2abfa8ff3c,TeamB,2020-11-07,1,8.0,8,90,90.0,720,720.0,720
TeamB-29c5271b-5c46-455e-91ea-da2abfa8ff3c,TeamB,2020-11-09,1,3.0,3,30,30.0,90,90.0,90
TeamB-29c5271b-5c46-455e-91ea-da2abfa8ff3c,TeamB,2020-11-10,1,4.0,4,60,60.0,240,240.0,240
TeamB-29c5271b-5c46-455e-91ea-da2abfa8ff3c,TeamB,2020-11-11,1,7.0,7,50,50.0,350,350.0,350
TeamB-29c5271b-5c46-455e-91ea-da2abfa8ff3c,TeamB,2020-11-12,1,3.0,3,40,40.0,120,120.0,120
TeamB-29c5271b-5c46-455e-91ea-da2abfa8ff3c,TeamB,2020-11-14,1,8.0,8,110,110.0,880,880.0,880
TeamB-29c5271b-5c46-455e-91ea-da2abfa8ff3c,TeamB,2020-11-15,1,8.0,8,100,100.0,800,800.0,800
TeamB-29c5271b-5c46-455e-91ea-da2abfa8ff3c,TeamB,2020-11-16,1,4.0,4,60,60.0,240,240.0,240
TeamB-29c5271b-5c46-455e-91ea-da2abfa8ff3c,TeamB,2020-11-19,1,9.0,9,90,90.0,810,810.0,810
TeamB-29c5271b-5c46-455e-91ea-da2abfa8ff3c,TeamB,2020-11-21,1,5.0,5,60,60.0,300,300.0,300
TeamB-29c5271b-5c46-455e-91ea-da2abfa8ff3c,TeamB,2020-11-22,1,9.0,9,90,90.0,810,810.0,810
TeamB-29c5271b-5c46-455e-91ea-da2abfa8ff3c,TeamB,2021-01-18,2,6.5,8,150,75.0,1020,510.0,720
TeamB-29c5271b-5c46-455e-91ea-da2abfa8ff3c,TeamB,2021-01-20,1,7.0,7,90,90.0,630,630.0,630
TeamB-29c5271b-5c46-455e-91ea-da2abfa8ff3c,TeamB,2021-01-21,1,7.0,7,30,30.0,210,210.0,210
TeamB-29c5271b-5c46-455e-91ea-da2abfa8ff3c,TeamB,2021-01-22,1,5.0,5,80,80.0,400,400.0,400
TeamB-29c5271b-5c46-455e-91ea-da2abfa8ff3c,TeamB,2021-01-24,2,5.5,7,100,50.0,550,275.0,350
TeamB-29c5271b-5c46-455e-91ea-da2abfa8ff3c,TeamB,2021-01-25,1,6.0,6,60,60.0,360,360.0,360
TeamB-29c5271b-5c46-455e-91ea-da2abfa8ff3c,TeamB,2021-01-26,2,6.5,7,120,60.0,770,385.0,420
TeamB-29c5271b-5c46-455e-91ea-da2abfa8ff3c,TeamB,2021-01-28,1,6.0,6,60,60.0,360,360.0,360
TeamB-29c5271b-5c46-455e-91ea-da2abfa8ff3c,TeamB,2021-01-30,1,5.0,5,60,60.0,300,300.0,300
TeamB-29c5271b-5c46-455e-91ea-da2abfa8ff3c,TeamB,2021-02-01,1,7.0,7,110,110.0,770,770.0,770
TeamB-29c5271b-5c46-455e-91ea-da2abfa8ff3c,TeamB,2021-02-02,2,5.5,7,130,65.0,790,395.0,630
TeamB-29c5271b-5c46-455e-91ea-da2abfa8ff3c,TeamB,2021-02-03,1,3.0,3,60,60.0,180,180.0,180
TeamB-29c5271b-5c46-455e-91ea-da2abfa8ff3c,TeamB,2021-02-04,1,8.0,8,70,70.0,560,560.0,560
TeamB-29c5271b-5c46-455e-91ea-da2abfa8ff3c,TeamB,2021-02-07,1,9.0,9,120,120.0,1080,1080.0,1080
TeamB-29c5271b-5c46-455e-91ea-da2abfa8ff3c,TeamB,2021-02-08,1,6.0,6,100,100.0,600,600.0,600
TeamB-29c5271b-5c46-455e-91ea-da2abfa8ff3c,TeamB,2021-02-10,1,5.0,5,70,70.0,350,350.0,350
TeamB-29c5271b-5c46-455e-91ea-da2abfa8ff3c,TeamB,2021-02-11,1,10.0,10,120,120.0,1200,1200.0,1200
TeamB-29c5271b-5c46-455e-91ea-da2abfa8ff3c,TeamB,2021-02-14,1,8.0,8,60,60.0,480,480.0,480
TeamB-29c5271b-5c46-455e-91ea-da2abfa8ff3c,TeamB,2021-02-17,1,4.0,4,100,100.0,400,400.0,400
TeamB-29c5271b-5c46-455e-91ea-da2abfa8ff3c,TeamB,2021-02-18,2,5.5,7,130,65.0,790,395.0,630
TeamB-29c5271b-5c46-455e-91ea-da2abfa8ff3c,TeamB,2021-02-20,1,5.0,5,70,70.0,350,350.0,350
TeamB-29c5271b-5c46-455e-91ea-da2abfa8ff3c,TeamB,2021-02-21,1,7.0,7,110,110.0,770,770.0,770
TeamB-29c5271b-5c46-455e-91ea-da2abfa8ff3c,TeamB,2021-02-22,1,7.0,7,70,70.0,490,490.0,490
TeamB-29c5271b-5c46-455e-91ea-da2abfa8ff3c,TeamB,2021-02-26,1,7.0,7,90,90.0,630,630.0,630
TeamB-29c5271b-5c46-455e-91ea-da2abfa8ff3c,TeamB,2021-03-02,2,6.0,8,150,75.0,960,480.0,720
TeamB-29c5271b-5c46-455e-91ea-da2abfa8ff3c,TeamB,2021-03-04,2,6.0,7,160,80.0,1000,500.0,700
TeamB-29c5271b-5c46-455e-91ea-da2abfa8ff3c,TeamB,2021-03-05,1,5.0,5,90,90.0,450,450.0,450
TeamB-29c5271b-5c46-455e-91ea-da2abfa8ff3c,TeamB,2021-03-08,2,6.5,7,130,65.0,870,435.0,630
TeamB-29c5271b-5c46-455e-91ea-da2abfa8ff3c,TeamB,2021-03-09,2,4.5,6,150,75.0,750,375.0,600
TeamB-29c5271b-5c46-455e-91ea-da2abfa8ff3c,TeamB,2021-03-11,1,8.0,8,90,90.0,720,720.0,720
TeamB-29c5271b-5c46-455e-91ea-da2abfa8ff3c,TeamB,2021-03-12,1,8.0,8,90,90.0,720,720.0,720
TeamB-29c5271b-5c46-455e-91ea-da2abfa8ff3c,TeamB,2021-03-13,2,6.0,7,140,70.0,880,440.0,630
TeamB-29c5271b-5c46-455e-91ea-da2abfa8ff3c,TeamB,2021-03-15,1,7.0,7,90,90.0,630,630.0,630
TeamB-29c5271b-5c46-455e-91ea-da2abfa8ff3c,TeamB,2021-03-20,1,4.0,4,40,40.0,160,160.0,160
TeamB-29c5271b-5c46-455e-91ea-da2abfa8ff3c,TeamB,2021-03-22,1,7.0,7,110,110.0,770,770.0,770
TeamB-29c5271b-5c46-455e-91ea-da2abfa8ff3c,TeamB,2021-03-23,1,7.0,7,110,110.0,770,770.0,770
TeamB-29c5271b-5c46-455e-91ea-da2abfa8ff3c,TeamB,2021-03-25,1,7.0,7,110,110.0,770,770.0,770
TeamB-29c5271b-5c46-455e-91ea-da2abfa8ff3c,TeamB,2021-03-26,1,7.0,7,110,110.0,770,770.0,770
TeamB-29c5271b-5c46-455e-91ea-da2abfa8ff3c,TeamB,2021-03-27,1,8.0,8,110,110.0,880,880.0,880
TeamB-29c5271b-5c46-455e-91ea-da2abfa8ff3c,TeamB,2021-03-29,1,6.0,6,110,110.0,660,660.0,660
TeamB-29c5271b-5c46-455e-91ea-da2abfa8ff3c,TeamB,2021-03-30,1,7.0,7,180,180.0,1260,1260.0,1260
TeamB-29c5271b-5c46-455e-91ea-da2abfa8ff3c,TeamB,2021-03-31,1,6.0,6,100,100.0,600,600.0,600
TeamB-29c5271b-5c46-455e-91ea-da2abfa8ff3c,TeamB,2021-04-10,1,7.0,7,70,70.0,490,490.0,490
TeamB-29c5271b-5c46-455e-91ea-da2abfa8ff3c,TeamB,2021-04-12,1,8.0,8,180,180.0,1440,1440.0,1440
TeamB-29c5271b-5c46-455e-91ea-da2abfa8ff3c,TeamB,2021-04-13,1,6.0,6,100,100.0,600,600.0,600
TeamB-29c5271b-5c46-455e-91ea-da2abfa8ff3c,TeamB,2021-04-16,1,5.0,5,90,90.0,450,450.0,450
TeamB-29c5271b-5c46-455e-91ea-da2abfa8ff3c,TeamB,2021-04-17,1,6.0,6,30,30.0,180,180.0,180
TeamB-29c5271b-5c46-455e-91ea-da2abfa8ff3c,TeamB,2021-04-19,1,5.0,5,90,90.0,450,450.0,450
TeamB-29c5271b-5c46-455e-91ea-da2abfa8ff3c,TeamB,2021-04-20,1,8.0,8,90,90.0,720,720.0,720
TeamB-29c5271b-5c46-455e-91ea-da2abfa8ff3c,TeamB,2021-04-21,1,2.0,2,30,30.0,60,60.0,60
TeamB-29c5271b-5c46-455e-91ea-da2abfa8ff3c,TeamB,2021-04-24,1,6.0,6,40,40.0,240,240.0,240
TeamB-29c5271b-5c46-455e-91ea-da2abfa8ff3c,TeamB,2021-04-26,1,6.0,6,110,110.0,660,660.0,660
TeamB-29c5271b-5c46-455e-91ea-da2abfa8ff3c,TeamB,2021-04-29,1,5.0,5,90,90.0,450,450.0,450
TeamB-29c5271b-5c46-455e-91ea-da2abfa8ff3c,TeamB,2021-05-01,1,8.0,8,90,90.0,720,720.0,720
TeamB-29c5271b-5c46-455e-91ea-da2abfa8ff3c,TeamB,2021-05-03,1,8.0,8,90,90.0,720,720.0,720
TeamB-29c5271b-5c46-455e-91ea-da2abfa8ff3c,TeamB,2021-05-04,1,7.0,7,100,100.0,700,700.0,700
TeamB-29c5271b-5c46-455e-91ea-da2abfa8ff3c,TeamB,2021-05-05,1,8.0,8,120,120.0,960,960.0,960
TeamB-29c5271b-5c46-455e-91ea-da2abfa8ff3c,TeamB,2021-05-06,1,5.0,5,90,90.0,450,450.0,450
TeamB-29c5271b-5c46-455e-91ea-da2abfa8ff3c,TeamB,2021-05-08,1,7.0,7,80,80.0,560,560.0,560
TeamB-29c5271b-5c46-455e-91ea-da2abfa8ff3c,TeamB,2021-05-10,1,4.0,4,80,80.0,320,320.0,320
TeamB-29c5271b-5c46-455e-91ea-da2abfa8ff3c,TeamB,2021-05-11,1,9.0,9,90,90.0,810,810.0,810
TeamB-29c5271b-5c46-455e-91ea-da2abfa8ff3c,TeamB,2021-05-15,1,5.0,5,70,70.0,350,350.0,350
TeamB-29c5271b-5c46-455e-91ea-da2abfa8ff3c,TeamB,2021-05-19,2,7.5,8,210,105.0,1590,795.0,960
TeamB-29c5271b-5c46-455e-91ea-da2abfa8ff3c,TeamB,2021-05-21,1,7.0,7,90,90.0,630,630.0,630
TeamB-29c5271b-5c46-455e-91ea-da2abfa8ff3c,TeamB,2021-05-25,1,5.0,5,90,90.0,450,450.0,450
TeamB-29c5271b-5c46-455e-91ea-da2abfa8ff3c,TeamB,2021-05-26,1,7.0,7,90,90.0,630,630.0,630
TeamB-29c5271b-5c46-455e-91ea-da2abfa8ff3c,TeamB,2021-05-31,2,6.5,8,150,75.0,1020,510.0,720
TeamB-29c5271b-5c46-455e-91ea-da2abfa8ff3c,TeamB,2021-06-02,1,7.0,7,90,90.0,630,630.0,630
TeamB-29c5271b-5c46-455e-91ea-da2abfa8ff3c,TeamB,2021-06-21,1,6.0,6,100,100.0,600,600.0,600
TeamB-29c5271b-5c46-455e-91ea-da2abfa8ff3c,TeamB,2021-06-23,1,6.0,6,60,60.0,360,360.0,360
TeamB-29c5271b-5c46-455e-91ea-da2abfa8ff3c,TeamB,2021-06-26,1,8.0,8,90,90.0,720,720.0,720
TeamB-29c5271b-5c46-455e-91ea-da2abfa8ff3c,TeamB,2021-06-30,1,4.0,4,70,70.0,280,280.0,280
TeamB-29c5271b-5c46-455e-91ea-da2abfa8ff3c,TeamB,2021-07-04,1,5.0,5,80,80.0,400,400.0,400
TeamB-29c5271b-5c46-455e-91ea-da2abfa8ff3c,TeamB,2021-07-06,2,5.5,6,130,65.0,710,355.0,360
TeamB-29c5271b-5c46-455e-91ea-da2abfa8ff3c,TeamB,2021-07-07,1,8.0,8,90,90.0,720,720.0,720
TeamB-29c5271b-5c46-455e-91ea-da2abfa8ff3c,TeamB,2021-07-09,1,6.0,6,70,70.0,420,420.0,420
TeamB-29c5271b-5c46-455e-91ea-da2abfa8ff3c,TeamB,2021-07-11,1,9.0,9,90,90.0,810,810.0,810
TeamB-29c5271b-5c46-455e-91ea-da2abfa8ff3c,TeamB,2021-08-02,1,8.0,8,90,90.0,720,720.0,720
TeamB-29c5271b-5c46-455e-91ea-da2abfa8ff3c,TeamB,2021-08-03,1,6.0,6,70,70.0,420,420.0,420
TeamB-29c5271b-5c46-455e-91ea-da2abfa8ff3c,TeamB,2021-08-05,1,7.0,7,90,90.0,630,630.0,630
TeamB-29c5271b-5c46-455e-91ea-da2abfa8ff3c,TeamB,2021-08-07,2,7.0,9,160,80.0,1160,580.0,810
TeamB-29c5271b-5c46-455e-91ea-da2abfa8ff3c,TeamB,2021-08-11,2,6.5,7,140,70.0,930,465.0,630
TeamB-29c5271b-5c46-455e-91ea-da2abfa8ff3c,TeamB,2021-08-15,1,9.0,9,80,80.0,720,720.0,720
TeamB-29c5271b-5c46-455e-91ea-da2abfa8ff3c,TeamB,2021-08-24,1,8.0,8,90,90.0,720,720.0,720
TeamB-29c5271b-5c46-455e-91ea-da2abfa8ff3c,TeamB,2021-08-31,1,5.0,5,70,70.0,350,350.0,350
TeamB-29c5271b-5c46-455e-91ea-da2abfa8ff3c,TeamB,2021-09-09,1,8.0,8,70,70.0,560,560.0,560
TeamB-29c5271b-5c46-455e-91ea-da2abfa8ff3c,TeamB,2021-09-10,1,3.0,3,50,50.0,150,150.0,150
TeamB-29c5271b-5c46-455e-91ea-da2abfa8ff3c,TeamB,2021-09-11,1,4.0,4,30,30.0,120,120.0,120
TeamB-29c5271b-5c46-455e-91ea-da2abfa8ff3c,TeamB,2021-09-17,1,6.0,6,60,60.0,360,360.0,360
TeamB-29c5271b-5c46-455e-91ea-da2abfa8ff3c,TeamB,2021-09-18,1,4.0,4,30,30.0,120,120.0,120
TeamB-29c5271b-5c46-455e-91ea-da2abfa8ff3c,TeamB,2021-09-23,1,6.0,6,60,60.0,360,360.0,360
TeamB-29c5271b-5c46-455e-91ea-da2abfa8ff3c,TeamB,2021-09-25,1,5.0,5,60,60.0,300,300.0,300
TeamB-29c5271b-5c46-455e-91ea-da2abfa8ff3c,TeamB,2021-09-26,1,8.0,8,90,90.0,720,720.0,720
TeamB-29c5271b-5c46-455e-91ea-da2abfa8ff3c,TeamB,2021-09-28,1,4.0,4,90,90.0,360,360.0,360
TeamB-29c5271b-5c46-455e-91ea-da2abfa8ff3c,TeamB,2021-09-29,2,6.5,7,150,75.0,990,495.0,630
TeamB-29c5271b-5c46-455e-91ea-da2abfa8ff3c,TeamB,2021-10-02,1,8.0,8,90,90.0,720,720.0,720
TeamB-29c5271b-5c46-455e-91ea-da2abfa8ff3c,TeamB,2021-10-03,1,3.0,3,30,30.0,90,90.0,90
TeamB-29c5271b-5c46-455e-91ea-da2abfa8ff3c,TeamB,2021-10-04,1,5.0,5,60,60.0,300,300.0,300
TeamB-29c5271b-5c46-455e-91ea-da2abfa8ff3c,TeamB,2021-10-06,2,6.0,7,150,75.0,950,475.0,700
TeamB-29c5271b-5c46-455e-91ea-da2abfa8ff3c,TeamB,2021-10-12,1,6.0,6,60,60.0,360,360.0,360
TeamB-29c5271b-5c46-455e-91ea-da2abfa8ff3c,TeamB,2021-10-13,1,9.0,9,120,120.0,1080,1080.0,1080
TeamB-29c5271b-5c46-455e-91ea-da2abfa8ff3c,TeamB,2021-10-15,1,6.0,6,90,90.0,540,540.0,540
TeamB-29c5271b-5c46-455e-91ea-da2abfa8ff3c,TeamB,2021-11-08,1,8.0,8,100,100.0,800,800.0,800
TeamB-2f23d7d5-2326-49ce-b9c8-5a6303f785c5,TeamB,2020-01-09,2,6.0,8,130,65.0,880,440.0,720
TeamB-2f23d7d5-2326-49ce-b9c8-5a6303f785c5,TeamB,2020-01-10,1,8.0,8,90,90.0,720,720.0,720
TeamB-2f23d7d5-2326-49ce-b9c8-5a6303f785c5,TeamB,2020-01-11,1,6.0,6,60,60.0,360,360.0,360
TeamB-2f23d7d5-2326-49ce-b9c8-5a6303f785c5,TeamB,2020-01-14,2,6.5,8,150,75.0,1050,525.0,800
TeamB-2f23d7d5-2326-49ce-b9c8-5a6303f785c5,TeamB,2020-01-16,1,9.0,9,120,120.0,1080,1080.0,1080
TeamB-2f23d7d5-2326-49ce-b9c8-5a6303f785c5,TeamB,2020-01-17,1,8.0,8,90,90.0,720,720.0,720
TeamB-2f23d7d5-2326-49ce-b9c8-5a6303f785c5,TeamB,2020-01-22,1,6.0,6,30,30.0,180,180.0,180
TeamB-2f23d7d5-2326-49ce-b9c8-5a6303f785c5,TeamB,2020-01-23,1,6.0,6,100,100.0,600,600.0,600
TeamB-2f23d7d5-2326-49ce-b9c8-5a6303f785c5,TeamB,2020-01-26,1,9.0,9,90,90.0,810,810.0,810
TeamB-2f23d7d5-2326-49ce-b9c8-5a6303f785c5,TeamB,2020-01-28,2,4.5,5,130,65.0,560,280.0,360
TeamB-2f23d7d5-2326-49ce-b9c8-5a6303f785c5,TeamB,2020-01-30,1,6.0,6,100,100.0,600,600.0,600
TeamB-2f23d7d5-2326-49ce-b9c8-5a6303f785c5,TeamB,2020-01-31,1,10.0,10,90,90.0,900,900.0,900
TeamB-2f23d7d5-2326-49ce-b9c8-5a6303f785c5,TeamB,2020-02-03,1,7.0,7,90,90.0,630,630.0,630
TeamB-2f23d7d5-2326-49ce-b9c8-5a6303f785c5,TeamB,2020-02-04,1,9.0,9,120,120.0,1080,1080.0,1080
TeamB-2f23d7d5-2326-49ce-b9c8-5a6303f785c5,TeamB,2020-02-06,1,9.0,9,120,120.0,1080,1080.0,1080
TeamB-2f23d7d5-2326-49ce-b9c8-5a6303f785c5,TeamB,2020-02-07,1,6.0,6,90,90.0,540,540.0,540
TeamB-2f23d7d5-2326-49ce-b9c8-5a6303f785c5,TeamB,2020-02-08,1,9.0,9,90,90.0,810,810.0,810
TeamB-2f23d7d5-2326-49ce-b9c8-5a6303f785c5,TeamB,2020-02-10,1,7.0,7,90,90.0,630,630.0,630
TeamB-2f23d7d5-2326-49ce-b9c8-5a6303f785c5,TeamB,2020-02-11,2,7.0,8,170,85.0,1240,620.0,880
TeamB-2f23d7d5-2326-49ce-b9c8-5a6303f785c5,TeamB,2020-02-13,2,6.5,8,150,75.0,1080,540.0,880
TeamB-2f23d7d5-2326-49ce-b9c8-5a6303f785c5,TeamB,2020-02-14,1,5.0,5,70,70.0,350,350.0,350
TeamB-2f23d7d5-2326-49ce-b9c8-5a6303f785c5,TeamB,2020-02-16,1,9.0,9,90,90.0,810,810.0,810
TeamB-2f23d7d5-2326-49ce-b9c8-5a6303f785c5,TeamB,2020-02-17,1,5.0,5,90,90.0,450,450.0,450
TeamB-2f23d7d5-2326-49ce-b9c8-5a6303f785c5,TeamB,2020-02-18,1,7.0,7,90,90.0,630,630.0,630
TeamB-2f23d7d5-2326-49ce-b9c8-5a6303f785c5,TeamB,2020-02-20,2,5.5,7,140,70.0,710,355.0,360
TeamB-2f23d7d5-2326-49ce-b9c8-5a6303f785c5,TeamB,2020-02-22,1,5.0,5,100,100.0,500,500.0,500
TeamB-2f23d7d5-2326-49ce-b9c8-5a6303f785c5,TeamB,2020-02-23,2,6.0,7,180,90.0,1080,540.0,630
TeamB-2f23d7d5-2326-49ce-b9c8-5a6303f785c5,TeamB,2020-02-24,2,6.0,7,160,80.0,1000,500.0,700
TeamB-2f23d7d5-2326-49ce-b9c8-5a6303f785c5,TeamB,2020-02-25,2,3.5,4,190,95.0,670,335.0,400
TeamB-2f23d7d5-2326-49ce-b9c8-5a6303f785c5,TeamB,2020-02-26,1,5.0,5,80,80.0,400,400.0,400
TeamB-2f23d7d5-2326-49ce-b9c8-5a6303f785c5,TeamB,2020-02-27,1,8.0,8,110,110.0,880,880.0,880
TeamB-2f23d7d5-2326-49ce-b9c8-5a6303f785c5,TeamB,2020-03-02,1,4.0,4,80,80.0,320,320.0,320
TeamB-2f23d7d5-2326-49ce-b9c8-5a6303f785c5,TeamB,2020-03-03,1,4.0,4,70,70.0,280,280.0,280
TeamB-2f23d7d5-2326-49ce-b9c8-5a6303f785c5,TeamB,2020-03-04,1,9.0,9,90,90.0,810,810.0,810
TeamB-2f23d7d5-2326-49ce-b9c8-5a6303f785c5,TeamB,2020-03-06,1,4.0,4,60,60.0,240,240.0,240
TeamB-2f23d7d5-2326-49ce-b9c8-5a6303f785c5,TeamB,2020-03-09,1,4.0,4,70,70.0,280,280.0,280
TeamB-2f23d7d5-2326-49ce-b9c8-5a6303f785c5,TeamB,2020-03-10,1,9.0,9,90,90.0,810,810.0,810
TeamB-2f23d7d5-2326-49ce-b9c8-5a6303f785c5,TeamB,2020-03-14,1,6.0,6,70,70.0,420,420.0,420
TeamB-2f23d7d5-2326-49ce-b9c8-5a6303f785c5,TeamB,2020-03-15,1,4.0,4,50,50.0,200,200.0,200
TeamB-2f23d7d5-2326-49ce-b9c8-5a6303f785c5,TeamB,2020-03-16,1,5.0,5,40,40.0,200,200.0,200
TeamB-2f23d7d5-2326-49ce-b9c8-5a6303f785c5,TeamB,2020-03-18,1,5.0,5,40,40.0,200,200.0,200
TeamB-2f23d7d5-2326-49ce-b9c8-5a6303f785c5,TeamB,2020-03-19,1,4.0,4,50,50.0,200,200.0,200
TeamB-2f23d7d5-2326-49ce-b9c8-5a6303f785c5,TeamB,2020-03-20,1,5.0,5,50,50.0,250,250.0,250
TeamB-2f23d7d5-2326-49ce-b9c8-5a6303f785c5,TeamB,2020-03-22,1,6.0,6,60,60.0,360,360.0,360
TeamB-2f23d7d5-2326-49ce-b9c8-5a6303f785c5,TeamB,2020-03-24,1,6.0,6,50,50.0,300,300.0,300
TeamB-2f23d7d5-2326-49ce-b9c8-5a6303f785c5,TeamB,2020-03-26,1,6.0,6,50,50.0,300,300.0,300
TeamB-2f23d7d5-2326-49ce-b9c8-5a6303f785c5,TeamB,2020-03-28,1,7.0,7,90,90.0,630,630.0,630
TeamB-2f23d7d5-2326-49ce-b9c8-5a6303f785c5,TeamB,2020-03-30,2,5.5,6,100,50.0,540,270.0,300
TeamB-2f23d7d5-2326-49ce-b9c8-5a6303f785c5,TeamB,2020-03-31,1,7.0,7,90,90.0,630,630.0,630
TeamB-2f23d7d5-2326-49ce-b9c8-5a6303f785c5,TeamB,2020-04-02,1,6.0,6,60,60.0,360,360.0,360
TeamB-2f23d7d5-2326-49ce-b9c8-5a6303f785c5,TeamB,2020-04-03,1,6.0,6,90,90.0,540,540.0,540
TeamB-2f23d7d5-2326-49ce-b9c8-5a6303f785c5,TeamB,2020-04-04,1,5.0,5,60,60.0,300,300.0,300
TeamB-2f23d7d5-2326-49ce-b9c8-5a6303f785c5,TeamB,2020-04-05,1,4.0,4,60,60.0,240,240.0,240
TeamB-2f23d7d5-2326-49ce-b9c8-5a6303f785c5,TeamB,2020-04-07,1,6.0,6,100,100.0,600,600.0,600
TeamB-2f23d7d5-2326-49ce-b9c8-5a6303f785c5,TeamB,2020-04-10,1,5.0,5,80,80.0,400,400.0,400
TeamB-2f23d7d5-2326-49ce-b9c8-5a6303f785c5,TeamB,2020-04-11,1,6.0,6,100,100.0,600,600.0,600
TeamB-2f23d7d5-2326-49ce-b9c8-5a6303f785c5,TeamB,2020-04-14,1,5.0,5,80,80.0,400,400.0,400
TeamB-2f23d7d5-2326-49ce-b9c8-5a6303f785c5,TeamB,2020-04-24,1,6.0,6,90,90.0,540,540.0,540
TeamB-2f23d7d5-2326-49ce-b9c8-5a6303f785c5,TeamB,2020-04-27,1,6.0,6,70,70.0,420,420.0,420
TeamB-2f23d7d5-2326-49ce-b9c8-5a6303f785c5,TeamB,2020-04-28,1,7.0,7,90,90.0,630,630.0,630
TeamB-2f23d7d5-2326-49ce-b9c8-5a6303f785c5,TeamB,2020-04-29,1,5.0,5,50,50.0,250,250.0,250
TeamB-2f23d7d5-2326-49ce-b9c8-5a6303f785c5,TeamB,2020-04-30,1,5.0,5,70,70.0,350,350.0,350
TeamB-2f23d7d5-2326-49ce-b9c8-5a6303f785c5,TeamB,2020-05-18,1,6.0,6,50,50.0,300,300.0,300
TeamB-2f23d7d5-2326-49ce-b9c8-5a6303f785c5,TeamB,2020-05-20,1,6.0,6,60,60.0,360,360.0,360
TeamB-2f23d7d5-2326-49ce-b9c8-5a6303f785c5,TeamB,2020-05-21,1,3.0,3,60,60.0,180,180.0,180
TeamB-2f23d7d5-2326-49ce-b9c8-5a6303f785c5,TeamB,2020-05-22,1,6.0,6,60,60.0,360,360.0,360
TeamB-2f23d7d5-2326-49ce-b9c8-5a6303f785c5,TeamB,2020-05-23,1,5.0,5,80,80.0,400,400.0,400
TeamB-2f23d7d5-2326-49ce-b9c8-5a6303f785c5,TeamB,2020-05-24,1,6.0,6,50,50.0,300,300.0,300
TeamB-2f23d7d5-2326-49ce-b9c8-5a6303f785c5,TeamB,2020-05-26,1,7.0,7,90,90.0,630,630.0,630
TeamB-2f23d7d5-2326-49ce-b9c8-5a6303f785c5,TeamB,2020-05-28,1,6.0,6,90,90.0,540,540.0,540
TeamB-2f23d7d5-2326-49ce-b9c8-5a6303f785c5,TeamB,2020-05-29,1,6.0,6,90,90.0,540,540.0,540
TeamB-2f23d7d5-2326-49ce-b9c8-5a6303f785c5,TeamB,2020-05-30,1,4.0,4,50,50.0,200,200.0,200
TeamB-2f23d7d5-2326-49ce-b9c8-5a6303f785c5,TeamB,2020-06-01,1,7.0,7,90,90.0,630,630.0,630
TeamB-2f23d7d5-2326-49ce-b9c8-5a6303f785c5,TeamB,2020-06-02,1,7.0,7,80,80.0,560,560.0,560
TeamB-2f23d7d5-2326-49ce-b9c8-5a6303f785c5,TeamB,2020-06-03,1,3.0,3,50,50.0,150,150.0,150
TeamB-2f23d7d5-2326-49ce-b9c8-5a6303f785c5,TeamB,2020-06-04,1,7.0,7,90,90.0,630,630.0,630
TeamB-2f23d7d5-2326-49ce-b9c8-5a6303f785c5,TeamB,2020-06-05,1,7.0,7,90,90.0,630,630.0,630
TeamB-2f23d7d5-2326-49ce-b9c8-5a6303f785c5,TeamB,2020-06-06,1,3.0,3,50,50.0,150,150.0,150
TeamB-2f23d7d5-2326-49ce-b9c8-5a6303f785c5,TeamB,2020-06-08,1,8.0,8,90,90.0,720,720.0,720
TeamB-2f23d7d5-2326-49ce-b9c8-5a6303f785c5,TeamB,2020-06-09,1,5.0,5,80,80.0,400,400.0,400
TeamB-2f23d7d5-2326-49ce-b9c8-5a6303f785c5,TeamB,2020-06-10,1,8.0,8,90,90.0,720,720.0,720
TeamB-2f23d7d5-2326-49ce-b9c8-5a6303f785c5,TeamB,2020-06-11,1,3.0,3,60,60.0,180,180.0,180
TeamB-2f23d7d5-2326-49ce-b9c8-5a6303f785c5,TeamB,2020-06-12,1,5.0,5,70,70.0,350,350.0,350
TeamB-2f23d7d5-2326-49ce-b9c8-5a6303f785c5,TeamB,2020-06-13,1,9.0,9,80,80.0,720,720.0,720
TeamB-2f23d7d5-2326-49ce-b9c8-5a6303f785c5,TeamB,2020-06-15,1,3.0,3,30,30.0,90,90.0,90
TeamB-2f23d7d5-2326-49ce-b9c8-5a6303f785c5,TeamB,2020-06-16,1,7.0,7,90,90.0,630,630.0,630
TeamB-2f23d7d5-2326-49ce-b9c8-5a6303f785c5,TeamB,2020-06-17,1,6.0,6,90,90.0,540,540.0,540
TeamB-2f23d7d5-2326-49ce-b9c8-5a6303f785c5,TeamB,2020-06-18,1,8.0,8,90,90.0,720,720.0,720
TeamB-2f23d7d5-2326-49ce-b9c8-5a6303f785c5,TeamB,2020-06-19,1,5.0,5,90,90.0,450,450.0,450
TeamB-2f23d7d5-2326-49ce-b9c8-5a6303f785c5,TeamB,2020-06-22,1,5.0,5,80,80.0,400,400.0,400
TeamB-2f23d7d5-2326-49ce-b9c8-5a6303f785c5,TeamB,2020-06-23,1,8.0,8,90,90.0,720,720.0,720
TeamB-2f23d7d5-2326-49ce-b9c8-5a6303f785c5,TeamB,2020-06-25,1,4.0,4,80,80.0,320,320.0,320
TeamB-2f23d7d5-2326-49ce-b9c8-5a6303f785c5,TeamB,2020-06-26,1,6.0,6,60,60.0,360,360.0,360
TeamB-2f23d7d5-2326-49ce-b9c8-5a6303f785c5,TeamB,2020-06-27,1,9.0,9,90,90.0,810,810.0,810
TeamB-2f23d7d5-2326-49ce-b9c8-5a6303f785c5,TeamB,2020-06-29,1,3.0,3,50,50.0,150,150.0,150
TeamB-2f23d7d5-2326-49ce-b9c8-5a6303f785c5,TeamB,2020-06-30,1,8.0,8,90,90.0,720,720.0,720
TeamB-2f23d7d5-2326-49ce-b9c8-5a6303f785c5,TeamB,2020-07-01,1,5.0,5,80,80.0,400,400.0,400
TeamB-2f23d7d5-2326-49ce-b9c8-5a6303f785c5,TeamB,2020-07-02,1,6.0,6,80,80.0,480,480.0,480
TeamB-2f23d7d5-2326-49ce-b9c8-5a6303f785c5,TeamB,2020-07-03,1,6.0,6,70,70.0,420,420.0,420
TeamB-2f23d7d5-2326-49ce-b9c8-5a6303f785c5,TeamB,2020-07-04,1,9.0,9,90,90.0,810,810.0,810
TeamB-2f23d7d5-2326-49ce-b9c8-5a6303f785c5,TeamB,2020-07-06,1,4.0,4,60,60.0,240,240.0,240
TeamB-2f23d7d5-2326-49ce-b9c8-5a6303f785c5,TeamB,2020-07-07,1,7.0,7,90,90.0,630,630.0,630
TeamB-2f23d7d5-2326-49ce-b9c8-5a6303f785c5,TeamB,2020-07-08,1,5.0,5,60,60.0,300,300.0,300
TeamB-2f23d7d5-2326-49ce-b9c8-5a6303f785c5,TeamB,2020-07-09,1,6.0,6,60,60.0,360,360.0,360
TeamB-2f23d7d5-2326-49ce-b9c8-5a6303f785c5,TeamB,2020-07-10,1,9.0,9,90,90.0,810,810.0,810
TeamB-2f23d7d5-2326-49ce-b9c8-5a6303f785c5,TeamB,2020-07-13,2,5.0,6,110,55.0,560,280.0,360
TeamB-2f23d7d5-2326-49ce-b9c8-5a6303f785c5,TeamB,2020-07-14,1,8.0,8,90,90.0,720,720.0,720
TeamB-2f23d7d5-2326-49ce-b9c8-5a6303f785c5,TeamB,2020-07-15,1,7.0,7,90,90.0,630,630.0,630
TeamB-2f23d7d5-2326-49ce-b9c8-5a6303f785c5,TeamB,2020-07-16,1,6.0,6,60,60.0,360,360.0,360
TeamB-2f23d7d5-2326-49ce-b9c8-5a6303f785c5,TeamB,2020-07-17,1,6.0,6,70,70.0,420,420.0,420
TeamB-2f23d7d5-2326-49ce-b9c8-5a6303f785c5,TeamB,2020-07-18,1,8.0,8,90,90.0,720,720.0,720
TeamB-2f23d7d5-2326-49ce-b9c8-5a6303f785c5,TeamB,2020-07-20,1,4.0,4,60,60.0,240,240.0,240
TeamB-2f23d7d5-2326-49ce-b9c8-5a6303f785c5,TeamB,2020-07-21,1,8.0,8,90,90.0,720,720.0,720
TeamB-2f23d7d5-2326-49ce-b9c8-5a6303f785c5,TeamB,2020-07-22,1,5.0,5,70,70.0,350,350.0,350
TeamB-2f23d7d5-2326-49ce-b9c8-5a6303f785c5,TeamB,2020-07-23,1,5.0,5,60,60.0,300,300.0,300
TeamB-2f23d7d5-2326-49ce-b9c8-5a6303f785c5,TeamB,2020-07-24,1,10.0,10,90,90.0,900,900.0,900
TeamB-2f23d7d5-2326-49ce-b9c8-5a6303f785c5,TeamB,2020-07-27,1,5.0,5,60,60.0,300,300.0,300
TeamB-2f23d7d5-2326-49ce-b9c8-5a6303f785c5,TeamB,2020-07-28,1,9.0,9,100,100.0,900,900.0,900
TeamB-2f23d7d5-2326-49ce-b9c8-5a6303f785c5,TeamB,2020-07-29,1,6.0,6,80,80.0,480,480.0,480
TeamB-2f23d7d5-2326-49ce-b9c8-5a6303f785c5,TeamB,2020-07-31,1,5.0,5,60,60.0,300,300.0,300
TeamB-2f23d7d5-2326-49ce-b9c8-5a6303f785c5,TeamB,2020-08-01,1,9.0,9,90,90.0,810,810.0,810
TeamB-2f23d7d5-2326-49ce-b9c8-5a6303f785c5,TeamB,2020-08-03,1,4.0,4,60,60.0,240,240.0,240
TeamB-2f23d7d5-2326-49ce-b9c8-5a6303f785c5,TeamB,2020-08-04,1,6.0,6,90,90.0,540,540.0,540
TeamB-2f23d7d5-2326-49ce-b9c8-5a6303f785c5,TeamB,2020-08-05,1,4.0,4,60,60.0,240,240.0,240
TeamB-2f23d7d5-2326-49ce-b9c8-5a6303f785c5,TeamB,2020-08-06,1,6.0,6,70,70.0,420,420.0,420
TeamB-2f23d7d5-2326-49ce-b9c8-5a6303f785c5,TeamB,2020-08-07,1,9.0,9,90,90.0,810,810.0,810
TeamB-2f23d7d5-2326-49ce-b9c8-5a6303f785c5,TeamB,2020-08-10,1,6.0,6,90,90.0,540,540.0,540
TeamB-2f23d7d5-2326-49ce-b9c8-5a6303f785c5,TeamB,2020-08-11,1,6.0,6,60,60.0,360,360.0,360
TeamB-2f23d7d5-2326-49ce-b9c8-5a6303f785c5,TeamB,2020-08-12,1,8.0,8,90,90.0,720,720.0,720
TeamB-2f23d7d5-2326-49ce-b9c8-5a6303f785c5,TeamB,2020-08-14,1,5.0,5,60,60.0,300,300.0,300
TeamB-2f23d7d5-2326-49ce-b9c8-5a6303f785c5,TeamB,2020-08-16,1,8.0,8,90,90.0,720,720.0,720
TeamB-2f23d7d5-2326-49ce-b9c8-5a6303f785c5,TeamB,2020-08-18,1,4.0,4,50,50.0,200,200.0,200
TeamB-2f23d7d5-2326-49ce-b9c8-5a6303f785c5,TeamB,2020-08-19,1,7.0,7,90,90.0,630,630.0,630
TeamB-2f23d7d5-2326-49ce-b9c8-5a6303f785c5,TeamB,2020-08-20,1,5.0,5,80,80.0,400,400.0,400
TeamB-2f23d7d5-2326-49ce-b9c8-5a6303f785c5,TeamB,2020-08-21,1,5.0,5,60,60.0,300,300.0,300
TeamB-2f23d7d5-2326-49ce-b9c8-5a6303f785c5,TeamB,2020-08-22,1,8.0,8,90,90.0,720,720.0,720
TeamB-2f23d7d5-2326-49ce-b9c8-5a6303f785c5,TeamB,2020-08-24,1,5.0,5,60,60.0,300,300.0,300
TeamB-2f23d7d5-2326-49ce-b9c8-5a6303f785c5,TeamB,2020-08-25,1,5.0,5,60,60.0,300,300.0,300
TeamB-2f23d7d5-2326-49ce-b9c8-5a6303f785c5,TeamB,2020-08-26,1,8.0,8,90,90.0,720,720.0,720
TeamB-2f23d7d5-2326-49ce-b9c8-5a6303f785c5,TeamB,2020-08-27,1,2.0,2,40,40.0,80,80.0,80
TeamB-2f23d7d5-2326-49ce-b9c8-5a6303f785c5,TeamB,2020-08-29,1,4.0,4,60,60.0,240,240.0,240
TeamB-2f23d7d5-2326-49ce-b9c8-5a6303f785c5,TeamB,2020-08-30,1,8.0,8,90,90.0,720,720.0,720
TeamB-2f23d7d5-2326-49ce-b9c8-5a6303f785c5,TeamB,2020-09-01,1,3.0,3,60,60.0,180,180.0,180
TeamB-2f23d7d5-2326-49ce-b9c8-5a6303f785c5,TeamB,2020-09-02,1,7.0,7,90,90.0,630,630.0,630
TeamB-2f23d7d5-2326-49ce-b9c8-5a6303f785c5,TeamB,2020-09-03,1,4.0,4,60,60.0,240,240.0,240
TeamB-2f23d7d5-2326-49ce-b9c8-5a6303f785c5,TeamB,2020-09-04,1,5.0,5,60,60.0,300,300.0,300
TeamB-2f23d7d5-2326-49ce-b9c8-5a6303f785c5,TeamB,2020-09-05,1,9.0,9,90,90.0,810,810.0,810
TeamB-2f23d7d5-2326-49ce-b9c8-5a6303f785c5,TeamB,2020-09-07,1,4.0,4,50,50.0,200,200.0,200
TeamB-2f23d7d5-2326-49ce-b9c8-5a6303f785c5,TeamB,2020-09-08,1,6.0,6,90,90.0,540,540.0,540
TeamB-2f23d7d5-2326-49ce-b9c8-5a6303f785c5,TeamB,2020-09-09,1,6.0,6,90,90.0,540,540.0,540
TeamB-2f23d7d5-2326-49ce-b9c8-5a6303f785c5,TeamB,2020-09-11,1,6.0,6,60,60.0,360,360.0,360
TeamB-2f23d7d5-2326-49ce-b9c8-5a6303f785c5,TeamB,2020-09-12,1,9.0,9,90,90.0,810,810.0,810
TeamB-2f23d7d5-2326-49ce-b9c8-5a6303f785c5,TeamB,2020-09-15,1,7.0,7,60,60.0,420,420.0,420
TeamB-2f23d7d5-2326-49ce-b9c8-5a6303f785c5,TeamB,2020-09-19,1,7.0,7,80,80.0,560,560.0,560
TeamB-2f23d7d5-2326-49ce-b9c8-5a6303f785c5,TeamB,2020-09-21,1,7.0,7,100,100.0,700,700.0,700
TeamB-2f23d7d5-2326-49ce-b9c8-5a6303f785c5,TeamB,2020-09-22,2,6.0,8,160,80.0,1040,520.0,800
TeamB-2f23d7d5-2326-49ce-b9c8-5a6303f785c5,TeamB,2020-09-24,1,7.0,7,110,110.0,770,770.0,770
TeamB-2f23d7d5-2326-49ce-b9c8-5a6303f785c5,TeamB,2020-09-25,1,6.0,6,80,80.0,480,480.0,480
TeamB-2f23d7d5-2326-49ce-b9c8-5a6303f785c5,TeamB,2020-09-26,1,6.0,6,70,70.0,420,420.0,420
TeamB-2f23d7d5-2326-49ce-b9c8-5a6303f785c5,TeamB,2020-09-27,1,7.0,7,90,90.0,630,630.0,630
TeamB-2f23d7d5-2326-49ce-b9c8-5a6303f785c5,TeamB,2020-09-29,1,4.0,4,60,60.0,240,240.0,240
TeamB-2f23d7d5-2326-49ce-b9c8-5a6303f785c5,TeamB,2020-09-30,1,9.0,9,120,120.0,1080,1080.0,1080
TeamB-2f23d7d5-2326-49ce-b9c8-5a6303f785c5,TeamB,2020-10-01,1,8.0,8,90,90.0,720,720.0,720
TeamB-2f23d7d5-2326-49ce-b9c8-5a6303f785c5,TeamB,2020-10-02,2,5.5,7,140,70.0,830,415.0,630
TeamB-2f23d7d5-2326-49ce-b9c8-5a6303f785c5,TeamB,2020-10-04,1,5.0,5,60,60.0,300,300.0,300
TeamB-2f23d7d5-2326-49ce-b9c8-5a6303f785c5,TeamB,2020-10-05,1,7.0,7,90,90.0,630,630.0,630
TeamB-2f23d7d5-2326-49ce-b9c8-5a6303f785c5,TeamB,2020-10-06,1,5.0,5,70,70.0,350,350.0,350
TeamB-2f23d7d5-2326-49ce-b9c8-5a6303f785c5,TeamB,2020-10-07,1,9.0,9,120,120.0,1080,1080.0,1080
TeamB-2f23d7d5-2326-49ce-b9c8-5a6303f785c5,TeamB,2020-10-08,1,2.0,2,40,40.0,80,80.0,80
TeamB-2f23d7d5-2326-49ce-b9c8-5a6303f785c5,TeamB,2020-10-10,2,5.0,6,140,70.0,720,360.0,480
TeamB-2f23d7d5-2326-49ce-b9c8-5a6303f785c5,TeamB,2020-10-13,2,4.5,6,150,75.0,720,360.0,540
TeamB-2f23d7d5-2326-49ce-b9c8-5a6303f785c5,TeamB,2020-10-14,1,6.0,6,90,90.0,540,540.0,540
TeamB-2f23d7d5-2326-49ce-b9c8-5a6303f785c5,TeamB,2020-10-16,1,6.0,6,90,90.0,540,540.0,540
TeamB-2f23d7d5-2326-49ce-b9c8-5a6303f785c5,TeamB,2020-10-17,1,5.0,5,60,60.0,300,300.0,300
TeamB-2f23d7d5-2326-49ce-b9c8-5a6303f785c5,TeamB,2020-10-18,1,9.0,9,90,90.0,810,810.0,810
TeamB-2f23d7d5-2326-49ce-b9c8-5a6303f785c5,TeamB,2020-10-19,1,2.0,2,40,40.0,80,80.0,80
TeamB-2f23d7d5-2326-49ce-b9c8-5a6303f785c5,TeamB,2020-10-20,1,5.0,5,60,60.0,300,300.0,300
TeamB-2f23d7d5-2326-49ce-b9c8-5a6303f785c5,TeamB,2020-10-21,1,8.0,8,90,90.0,720,720.0,720
TeamB-2f23d7d5-2326-49ce-b9c8-5a6303f785c5,TeamB,2020-10-23,1,7.0,7,90,90.0,630,630.0,630
TeamB-2f23d7d5-2326-49ce-b9c8-5a6303f785c5,TeamB,2020-10-24,1,6.0,6,90,90.0,540,540.0,540
TeamB-2f23d7d5-2326-49ce-b9c8-5a6303f785c5,TeamB,2020-10-25,1,6.0,6,90,90.0,540,540.0,540
TeamB-2f23d7d5-2326-49ce-b9c8-5a6303f785c5,TeamB,2020-10-26,1,6.0,6,60,60.0,360,360.0,360
TeamB-2f23d7d5-2326-49ce-b9c8-5a6303f785c5,TeamB,2020-10-29,1,7.0,7,90,90.0,630,630.0,630
TeamB-2f23d7d5-2326-49ce-b9c8-5a6303f785c5,TeamB,2020-10-30,1,6.0,6,80,80.0,480,480.0,480
TeamB-2f23d7d5-2326-49ce-b9c8-5a6303f785c5,TeamB,2020-10-31,1,5.0,5,60,60.0,300,300.0,300
TeamB-2f23d7d5-2326-49ce-b9c8-5a6303f785c5,TeamB,2020-11-01,1,8.0,8,90,90.0,720,720.0,720
TeamB-2f23d7d5-2326-49ce-b9c8-5a6303f785c5,TeamB,2020-11-02,1,2.0,2,60,60.0,120,120.0,120
TeamB-2f23d7d5-2326-49ce-b9c8-5a6303f785c5,TeamB,2020-11-03,1,4.0,4,70,70.0,280,280.0,280
TeamB-2f23d7d5-2326-49ce-b9c8-5a6303f785c5,TeamB,2020-11-04,1,6.0,6,70,70.0,420,420.0,420
TeamB-2f23d7d5-2326-49ce-b9c8-5a6303f785c5,TeamB,2020-11-05,1,3.0,3,40,40.0,120,120.0,120
TeamB-2f23d7d5-2326-49ce-b9c8-5a6303f785c5,TeamB,2020-11-06,1,5.0,5,70,70.0,350,350.0,350
TeamB-2f23d7d5-2326-49ce-b9c8-5a6303f785c5,TeamB,2020-11-07,1,8.0,8,90,90.0,720,720.0,720
TeamB-2f23d7d5-2326-49ce-b9c8-5a6303f785c5,TeamB,2020-11-10,1,5.0,5,70,70.0,350,350.0,350
TeamB-2f23d7d5-2326-49ce-b9c8-5a6303f785c5,TeamB,2020-11-11,1,7.0,7,50,50.0,350,350.0,350
TeamB-2f23d7d5-2326-49ce-b9c8-5a6303f785c5,TeamB,2020-11-12,1,4.0,4,50,50.0,200,200.0,200
TeamB-2f23d7d5-2326-49ce-b9c8-5a6303f785c5,TeamB,2020-11-14,1,7.0,7,110,110.0,770,770.0,770
TeamB-2f23d7d5-2326-49ce-b9c8-5a6303f785c5,TeamB,2020-11-15,1,7.0,7,100,100.0,700,700.0,700
TeamB-2f23d7d5-2326-49ce-b9c8-5a6303f785c5,TeamB,2020-11-16,1,5.0,5,50,50.0,250,250.0,250
TeamB-2f23d7d5-2326-49ce-b9c8-5a6303f785c5,TeamB,2020-11-18,1,5.0,5,60,60.0,300,300.0,300
TeamB-2f23d7d5-2326-49ce-b9c8-5a6303f785c5,TeamB,2020-11-19,1,7.0,7,90,90.0,630,630.0,630
TeamB-2f23d7d5-2326-49ce-b9c8-5a6303f785c5,TeamB,2020-11-22,1,8.0,8,90,90.0,720,720.0,720
TeamB-2f23d7d5-2326-49ce-b9c8-5a6303f785c5,TeamB,2020-11-25,1,7.0,7,90,90.0,630,630.0,630
TeamB-2f23d7d5-2326-49ce-b9c8-5a6303f785c5,TeamB,2020-11-26,2,5.5,8,140,70.0,870,435.0,720
TeamB-2f23d7d5-2326-49ce-b9c8-5a6303f785c5,TeamB,2020-11-28,1,7.0,7,90,90.0,630,630.0,630
TeamB-2f23d7d5-2326-49ce-b9c8-5a6303f785c5,TeamB,2020-11-29,1,6.0,6,90,90.0,540,540.0,540
TeamB-2f23d7d5-2326-49ce-b9c8-5a6303f785c5,TeamB,2021-01-17,1,7.0,7,90,90.0,630,630.0,630
TeamB-2f23d7d5-2326-49ce-b9c8-5a6303f785c5,TeamB,2021-01-18,2,5.0,6,130,65.0,640,320.0,360
TeamB-2f23d7d5-2326-49ce-b9c8-5a6303f785c5,TeamB,2021-01-20,1,6.0,6,90,90.0,540,540.0,540
TeamB-2f23d7d5-2326-49ce-b9c8-5a6303f785c5,TeamB,2021-01-21,1,8.0,8,50,50.0,400,400.0,400
TeamB-2f23d7d5-2326-49ce-b9c8-5a6303f785c5,TeamB,2021-01-22,1,4.0,4,80,80.0,320,320.0,320
TeamB-2f23d7d5-2326-49ce-b9c8-5a6303f785c5,TeamB,2021-01-24,1,8.0,8,100,100.0,800,800.0,800
TeamB-2f23d7d5-2326-49ce-b9c8-5a6303f785c5,TeamB,2021-01-25,1,6.0,6,60,60.0,360,360.0,360
TeamB-2f23d7d5-2326-49ce-b9c8-5a6303f785c5,TeamB,2021-01-26,2,6.5,8,90,45.0,570,285.0,320
TeamB-2f23d7d5-2326-49ce-b9c8-5a6303f785c5,TeamB,2021-01-28,1,5.0,5,60,60.0,300,300.0,300
TeamB-2f23d7d5-2326-49ce-b9c8-5a6303f785c5,TeamB,2021-01-29,2,6.5,8,100,50.0,650,325.0,400
TeamB-2f23d7d5-2326-49ce-b9c8-5a6303f785c5,TeamB,2021-01-30,1,5.0,5,50,50.0,250,250.0,250
TeamB-2f23d7d5-2326-49ce-b9c8-5a6303f785c5,TeamB,2021-02-01,1,7.0,7,110,110.0,770,770.0,770
TeamB-2f23d7d5-2326-49ce-b9c8-5a6303f785c5,TeamB,2021-02-02,1,7.0,7,100,100.0,700,700.0,700
TeamB-2f23d7d5-2326-49ce-b9c8-5a6303f785c5,TeamB,2021-02-03,2,3.5,4,100,50.0,340,170.0,180
TeamB-2f23d7d5-2326-49ce-b9c8-5a6303f785c5,TeamB,2021-02-04,1,8.0,8,90,90.0,720,720.0,720
TeamB-2f23d7d5-2326-49ce-b9c8-5a6303f785c5,TeamB,2021-02-05,1,3.0,3,60,60.0,180,180.0,180
TeamB-2f23d7d5-2326-49ce-b9c8-5a6303f785c5,TeamB,2021-02-07,1,7.0,7,110,110.0,770,770.0,770
TeamB-2f23d7d5-2326-49ce-b9c8-5a6303f785c5,TeamB,2021-02-08,1,7.0,7,110,110.0,770,770.0,770
TeamB-2f23d7d5-2326-49ce-b9c8-5a6303f785c5,TeamB,2021-02-10,1,6.0,6,60,60.0,360,360.0,360
TeamB-2f23d7d5-2326-49ce-b9c8-5a6303f785c5,TeamB,2021-02-11,1,10.0,10,180,180.0,1800,1800.0,1800
TeamB-2f23d7d5-2326-49ce-b9c8-5a6303f785c5,TeamB,2021-02-15,1,7.0,7,40,40.0,280,280.0,280
TeamB-2f23d7d5-2326-49ce-b9c8-5a6303f785c5,TeamB,2021-02-16,1,4.0,4,50,50.0,200,200.0,200
TeamB-2f23d7d5-2326-49ce-b9c8-5a6303f785c5,TeamB,2021-02-17,1,8.0,8,40,40.0,320,320.0,320
TeamB-2f23d7d5-2326-49ce-b9c8-5a6303f785c5,TeamB,2021-02-18,1,7.0,7,100,100.0,700,700.0,700
TeamB-2f23d7d5-2326-49ce-b9c8-5a6303f785c5,TeamB,2021-02-20,1,7.0,7,70,70.0,490,490.0,490
TeamB-2f23d7d5-2326-49ce-b9c8-5a6303f785c5,TeamB,2021-02-21,2,5.5,7,140,70.0,830,415.0,630
TeamB-2f23d7d5-2326-49ce-b9c8-5a6303f785c5,TeamB,2021-02-24,2,6.0,7,150,75.0,930,465.0,630
TeamB-2f23d7d5-2326-49ce-b9c8-5a6303f785c5,TeamB,2021-02-25,1,6.0,6,90,90.0,540,540.0,540
TeamB-2f23d7d5-2326-49ce-b9c8-5a6303f785c5,TeamB,2021-02-26,2,7.0,8,150,75.0,1080,540.0,720
TeamB-2f23d7d5-2326-49ce-b9c8-5a6303f785c5,TeamB,2021-03-01,2,4.5,6,150,75.0,720,360.0,540
TeamB-2f23d7d5-2326-49ce-b9c8-5a6303f785c5,TeamB,2021-03-02,2,6.5,8,170,85.0,1180,590.0,880
TeamB-2f23d7d5-2326-49ce-b9c8-5a6303f785c5,TeamB,2021-03-04,1,5.0,5,60,60.0,300,300.0,300
TeamB-2f23d7d5-2326-49ce-b9c8-5a6303f785c5,TeamB,2021-03-05,1,6.0,6,80,80.0,480,480.0,480
TeamB-2f23d7d5-2326-49ce-b9c8-5a6303f785c5,TeamB,2021-03-06,1,7.0,7,80,80.0,560,560.0,560
TeamB-2f23d7d5-2326-49ce-b9c8-5a6303f785c5,TeamB,2021-03-08,2,5.5,6,150,75.0,840,420.0,540
TeamB-2f23d7d5-2326-49ce-b9c8-5a6303f785c5,TeamB,2021-03-09,2,5.5,7,140,70.0,830,415.0,630
TeamB-2f23d7d5-2326-49ce-b9c8-5a6303f785c5,TeamB,2021-03-11,1,8.0,8,110,110.0,880,880.0,880
TeamB-2f23d7d5-2326-49ce-b9c8-5a6303f785c5,TeamB,2021-03-12,1,7.0,7,90,90.0,630,630.0,630
TeamB-2f23d7d5-2326-49ce-b9c8-5a6303f785c5,TeamB,2021-03-13,2,5.0,7,130,65.0,750,375.0,630
TeamB-2f23d7d5-2326-49ce-b9c8-5a6303f785c5,TeamB,2021-03-15,2,6.0,7,150,75.0,930,465.0,630
TeamB-2f23d7d5-2326-49ce-b9c8-5a6303f785c5,TeamB,2021-03-16,1,7.0,7,90,90.0,630,630.0,630
TeamB-2f23d7d5-2326-49ce-b9c8-5a6303f785c5,TeamB,2021-03-18,2,6.5,8,170,85.0,1180,590.0,880
TeamB-2f23d7d5-2326-49ce-b9c8-5a6303f785c5,TeamB,2021-03-19,1,6.0,6,90,90.0,540,540.0,540
TeamB-2f23d7d5-2326-49ce-b9c8-5a6303f785c5,TeamB,2021-03-20,1,8.0,8,120,120.0,960,960.0,960
TeamB-2f23d7d5-2326-49ce-b9c8-5a6303f785c5,TeamB,2021-03-22,1,8.0,8,120,120.0,960,960.0,960
TeamB-2f23d7d5-2326-49ce-b9c8-5a6303f785c5,TeamB,2021-03-23,1,8.0,8,120,120.0,960,960.0,960
TeamB-2f23d7d5-2326-49ce-b9c8-5a6303f785c5,TeamB,2021-03-25,1,7.0,7,120,120.0,840,840.0,840
TeamB-2f23d7d5-2326-49ce-b9c8-5a6303f785c5,TeamB,2021-03-26,1,5.0,5,100,100.0,500,500.0,500
TeamB-2f23d7d5-2326-49ce-b9c8-5a6303f785c5,TeamB,2021-03-27,1,7.0,7,120,120.0,840,840.0,840
TeamB-2f23d7d5-2326-49ce-b9c8-5a6303f785c5,TeamB,2021-03-29,1,7.0,7,120,120.0,840,840.0,840
TeamB-2f23d7d5-2326-49ce-b9c8-5a6303f785c5,TeamB,2021-03-30,2,6.0,8,150,75.0,1080,540.0,960
TeamB-2f23d7d5-2326-49ce-b9c8-5a6303f785c5,TeamB,2021-03-31,1,8.0,8,120,120.0,960,960.0,960
TeamB-2f23d7d5-2326-49ce-b9c8-5a6303f785c5,TeamB,2021-04-06,2,5.5,7,130,65.0,820,410.0,700
TeamB-2f23d7d5-2326-49ce-b9c8-5a6303f785c5,TeamB,2021-04-08,1,7.0,7,100,100.0,700,700.0,700
TeamB-2f23d7d5-2326-49ce-b9c8-5a6303f785c5,TeamB,2021-04-09,1,6.0,6,80,80.0,480,480.0,480
TeamB-2f23d7d5-2326-49ce-b9c8-5a6303f785c5,TeamB,2021-04-12,2,5.5,7,140,70.0,890,445.0,770
TeamB-2f23d7d5-2326-49ce-b9c8-5a6303f785c5,TeamB,2021-04-13,1,7.0,7,120,120.0,840,840.0,840
TeamB-2f23d7d5-2326-49ce-b9c8-5a6303f785c5,TeamB,2021-04-15,1,6.0,6,70,70.0,420,420.0,420
TeamB-2f23d7d5-2326-49ce-b9c8-5a6303f785c5,TeamB,2021-04-17,1,6.0,6,30,30.0,180,180.0,180
TeamB-2f23d7d5-2326-49ce-b9c8-5a6303f785c5,TeamB,2021-04-19,1,6.0,6,100,100.0,600,600.0,600
TeamB-2f23d7d5-2326-49ce-b9c8-5a6303f785c5,TeamB,2021-04-20,1,9.0,9,90,90.0,810,810.0,810
TeamB-2f23d7d5-2326-49ce-b9c8-5a6303f785c5,TeamB,2021-04-21,1,3.0,3,60,60.0,180,180.0,180
TeamB-2f23d7d5-2326-49ce-b9c8-5a6303f785c5,TeamB,2021-04-26,1,5.0,5,120,120.0,600,600.0,600
TeamB-2f23d7d5-2326-49ce-b9c8-5a6303f785c5,TeamB,2021-04-27,1,6.0,6,60,60.0,360,360.0,360
TeamB-2f23d7d5-2326-49ce-b9c8-5a6303f785c5,TeamB,2021-04-28,1,7.0,7,30,30.0,210,210.0,210
TeamB-2f23d7d5-2326-49ce-b9c8-5a6303f785c5,TeamB,2021-04-29,1,6.0,6,30,30.0,180,180.0,180
TeamB-2f23d7d5-2326-49ce-b9c8-5a6303f785c5,TeamB,2021-04-30,1,6.0,6,40,40.0,240,240.0,240
TeamB-2f23d7d5-2326-49ce-b9c8-5a6303f785c5,TeamB,2021-05-01,1,7.0,7,40,40.0,280,280.0,280
TeamB-2f23d7d5-2326-49ce-b9c8-5a6303f785c5,TeamB,2021-05-03,1,6.0,6,50,50.0,300,300.0,300
TeamB-2f23d7d5-2326-49ce-b9c8-5a6303f785c5,TeamB,2021-05-04,1,7.0,7,40,40.0,280,280.0,280
TeamB-2f23d7d5-2326-49ce-b9c8-5a6303f785c5,TeamB,2021-05-05,1,8.0,8,110,110.0,880,880.0,880
TeamB-2f23d7d5-2326-49ce-b9c8-5a6303f785c5,TeamB,2021-05-06,1,5.0,5,70,70.0,350,350.0,350
TeamB-2f23d7d5-2326-49ce-b9c8-5a6303f785c5,TeamB,2021-05-07,1,6.0,6,80,80.0,480,480.0,480
TeamB-2f23d7d5-2326-49ce-b9c8-5a6303f785c5,TeamB,2021-05-08,1,10.0,10,90,90.0,900,900.0,900
TeamB-2f23d7d5-2326-49ce-b9c8-5a6303f785c5,TeamB,2021-05-10,1,5.0,5,60,60.0,300,300.0,300
TeamB-2f23d7d5-2326-49ce-b9c8-5a6303f785c5,TeamB,2021-05-11,1,8.0,8,60,60.0,480,480.0,480
TeamB-2f23d7d5-2326-49ce-b9c8-5a6303f785c5,TeamB,2021-05-12,1,4.0,4,80,80.0,320,320.0,320
TeamB-2f23d7d5-2326-49ce-b9c8-5a6303f785c5,TeamB,2021-05-14,1,6.0,6,70,70.0,420,420.0,420
TeamB-2f23d7d5-2326-49ce-b9c8-5a6303f785c5,TeamB,2021-05-15,1,9.0,9,90,90.0,810,810.0,810
TeamB-2f23d7d5-2326-49ce-b9c8-5a6303f785c5,TeamB,2021-05-18,1,7.0,7,120,120.0,840,840.0,840
TeamB-2f23d7d5-2326-49ce-b9c8-5a6303f785c5,TeamB,2021-05-19,1,7.0,7,110,110.0,770,770.0,770
TeamB-2f23d7d5-2326-49ce-b9c8-5a6303f785c5,TeamB,2021-05-21,1,6.0,6,70,70.0,420,420.0,420
TeamB-2f23d7d5-2326-49ce-b9c8-5a6303f785c5,TeamB,2021-05-22,1,8.0,8,90,90.0,720,720.0,720
TeamB-2f23d7d5-2326-49ce-b9c8-5a6303f785c5,TeamB,2021-05-24,1,6.0,6,90,90.0,540,540.0,540
TeamB-2f23d7d5-2326-49ce-b9c8-5a6303f785c5,TeamB,2021-05-25,1,6.0,6,90,90.0,540,540.0,540
TeamB-2f23d7d5-2326-49ce-b9c8-5a6303f785c5,TeamB,2021-05-26,1,7.0,7,120,120.0,840,840.0,840
TeamB-2f23d7d5-2326-49ce-b9c8-5a6303f785c5,TeamB,2021-05-28,1,6.0,6,70,70.0,420,420.0,420
TeamB-2f23d7d5-2326-49ce-b9c8-5a6303f785c5,TeamB,2021-05-29,1,8.0,8,90,90.0,720,720.0,720
TeamB-2f23d7d5-2326-49ce-b9c8-5a6303f785c5,TeamB,2021-05-31,1,5.0,5,60,60.0,300,300.0,300
TeamB-2f23d7d5-2326-49ce-b9c8-5a6303f785c5,TeamB,2021-06-01,1,8.0,8,100,100.0,800,800.0,800
TeamB-2f23d7d5-2326-49ce-b9c8-5a6303f785c5,TeamB,2021-06-02,2,6.0,7,180,90.0,1140,570.0,840
TeamB-2f23d7d5-2326-49ce-b9c8-5a6303f785c5,TeamB,2021-06-04,1,6.0,6,80,80.0,480,480.0,480
TeamB-2f23d7d5-2326-49ce-b9c8-5a6303f785c5,TeamB,2021-06-05,1,9.0,9,90,90.0,810,810.0,810
TeamB-2f23d7d5-2326-49ce-b9c8-5a6303f785c5,TeamB,2021-06-07,1,7.0,7,90,90.0,630,630.0,630
TeamB-2f23d7d5-2326-49ce-b9c8-5a6303f785c5,TeamB,2021-06-08,1,7.0,7,90,90.0,630,630.0,630
TeamB-2f23d7d5-2326-49ce-b9c8-5a6303f785c5,TeamB,2021-06-09,1,6.0,6,70,70.0,420,420.0,420
TeamB-2f23d7d5-2326-49ce-b9c8-5a6303f785c5,TeamB,2021-06-10,1,10.0,10,90,90.0,900,900.0,900
TeamB-2f23d7d5-2326-49ce-b9c8-5a6303f785c5,TeamB,2021-06-20,1,7.0,7,90,90.0,630,630.0,630
TeamB-2f23d7d5-2326-49ce-b9c8-5a6303f785c5,TeamB,2021-06-22,1,8.0,8,90,90.0,720,720.0,720
TeamB-2f23d7d5-2326-49ce-b9c8-5a6303f785c5,TeamB,2021-06-23,1,3.0,3,40,40.0,120,120.0,120
TeamB-2f23d7d5-2326-49ce-b9c8-5a6303f785c5,TeamB,2021-06-26,1,9.0,9,90,90.0,810,810.0,810
TeamB-2f23d7d5-2326-49ce-b9c8-5a6303f785c5,TeamB,2021-06-30,1,8.0,8,90,90.0,720,720.0,720
TeamB-2f23d7d5-2326-49ce-b9c8-5a6303f785c5,TeamB,2021-07-01,1,3.0,3,50,50.0,150,150.0,150
TeamB-2f23d7d5-2326-49ce-b9c8-5a6303f785c5,TeamB,2021-07-04,1,9.0,9,90,90.0,810,810.0,810
TeamB-2f23d7d5-2326-49ce-b9c8-5a6303f785c5,TeamB,2021-07-06,1,5.0,5,60,60.0,300,300.0,300
TeamB-2f23d7d5-2326-49ce-b9c8-5a6303f785c5,TeamB,2021-07-10,1,8.0,8,90,90.0,720,720.0,720
TeamB-2f23d7d5-2326-49ce-b9c8-5a6303f785c5,TeamB,2021-07-13,1,6.0,6,60,60.0,360,360.0,360
TeamB-2f23d7d5-2326-49ce-b9c8-5a6303f785c5,TeamB,2021-07-20,1,7.0,7,50,50.0,350,350.0,350
TeamB-2f23d7d5-2326-49ce-b9c8-5a6303f785c5,TeamB,2021-07-23,1,7.0,7,50,50.0,350,350.0,350
TeamB-2f23d7d5-2326-49ce-b9c8-5a6303f785c5,TeamB,2021-07-25,1,7.0,7,40,40.0,280,280.0,280
TeamB-2f23d7d5-2326-49ce-b9c8-5a6303f785c5,TeamB,2021-07-31,1,6.0,6,100,100.0,600,600.0,600
TeamB-2f23d7d5-2326-49ce-b9c8-5a6303f785c5,TeamB,2021-08-01,1,6.0,6,90,90.0,540,540.0,540
TeamB-2f23d7d5-2326-49ce-b9c8-5a6303f785c5,TeamB,2021-08-02,1,9.0,9,90,90.0,810,810.0,810
TeamB-2f23d7d5-2326-49ce-b9c8-5a6303f785c5,TeamB,2021-08-03,1,5.0,5,60,60.0,300,300.0,300
TeamB-2f23d7d5-2326-49ce-b9c8-5a6303f785c5,TeamB,2021-08-05,1,7.0,7,100,100.0,700,700.0,700
TeamB-2f23d7d5-2326-49ce-b9c8-5a6303f785c5,TeamB,2021-08-06,1,6.0,6,90,90.0,540,540.0,540
TeamB-2f23d7d5-2326-49ce-b9c8-5a6303f785c5,TeamB,2021-08-07,1,8.0,8,90,90.0,720,720.0,720
TeamB-2f23d7d5-2326-49ce-b9c8-5a6303f785c5,TeamB,2021-08-08,1,5.0,5,60,60.0,300,300.0,300
TeamB-2f23d7d5-2326-49ce-b9c8-5a6303f785c5,TeamB,2021-08-10,2,5.5,6,150,75.0,840,420.0,540
TeamB-2f23d7d5-2326-49ce-b9c8-5a6303f785c5,TeamB,2021-08-11,1,7.0,7,50,50.0,350,350.0,350
TeamB-2f23d7d5-2326-49ce-b9c8-5a6303f785c5,TeamB,2021-08-13,1,6.0,6,80,80.0,480,480.0,480
TeamB-2f23d7d5-2326-49ce-b9c8-5a6303f785c5,TeamB,2021-08-14,1,8.0,8,90,90.0,720,720.0,720
TeamB-2f23d7d5-2326-49ce-b9c8-5a6303f785c5,TeamB,2021-08-15,1,4.0,4,60,60.0,240,240.0,240
TeamB-2f23d7d5-2326-49ce-b9c8-5a6303f785c5,TeamB,2021-08-17,1,6.0,6,60,60.0,360,360.0,360
TeamB-2f23d7d5-2326-49ce-b9c8-5a6303f785c5,TeamB,2021-08-18,1,8.0,8,90,90.0,720,720.0,720
TeamB-2f23d7d5-2326-49ce-b9c8-5a6303f785c5,TeamB,2021-08-20,1,6.0,6,60,60.0,360,360.0,360
TeamB-2f23d7d5-2326-49ce-b9c8-5a6303f785c5,TeamB,2021-08-21,1,8.0,8,90,90.0,720,720.0,720
TeamB-2f23d7d5-2326-49ce-b9c8-5a6303f785c5,TeamB,2021-08-23,1,5.0,5,70,70.0,350,350.0,350
TeamB-2f23d7d5-2326-49ce-b9c8-5a6303f785c5,TeamB,2021-08-24,1,7.0,7,70,70.0,490,490.0,490
TeamB-2f23d7d5-2326-49ce-b9c8-5a6303f785c5,TeamB,2021-08-26,1,5.0,5,60,60.0,300,300.0,300
TeamB-2f23d7d5-2326-49ce-b9c8-5a6303f785c5,TeamB,2021-08-27,1,6.0,6,80,80.0,480,480.0,480
TeamB-2f23d7d5-2326-49ce-b9c8-5a6303f785c5,TeamB,2021-08-28,1,8.0,8,90,90.0,720,720.0,720
TeamB-2f23d7d5-2326-49ce-b9c8-5a6303f785c5,TeamB,2021-08-30,1,4.0,4,60,60.0,240,240.0,240
TeamB-2f23d7d5-2326-49ce-b9c8-5a6303f785c5,TeamB,2021-08-31,1,4.0,4,70,70.0,280,280.0,280
TeamB-2f23d7d5-2326-49ce-b9c8-5a6303f785c5,TeamB,2021-09-01,1,9.0,9,90,90.0,810,810.0,810
TeamB-2f23d7d5-2326-49ce-b9c8-5a6303f785c5,TeamB,2021-09-03,1,4.0,4,60,60.0,240,240.0,240
TeamB-2f23d7d5-2326-49ce-b9c8-5a6303f785c5,TeamB,2021-09-04,1,9.0,9,90,90.0,810,810.0,810
TeamB-2f23d7d5-2326-49ce-b9c8-5a6303f785c5,TeamB,2021-09-07,1,5.0,5,60,60.0,300,300.0,300
TeamB-2f23d7d5-2326-49ce-b9c8-5a6303f785c5,TeamB,2021-09-08,1,9.0,9,90,90.0,810,810.0,810
TeamB-2f23d7d5-2326-49ce-b9c8-5a6303f785c5,TeamB,2021-09-11,1,8.0,8,90,90.0,720,720.0,720
TeamB-2f23d7d5-2326-49ce-b9c8-5a6303f785c5,TeamB,2021-09-14,1,7.0,7,90,90.0,630,630.0,630
TeamB-2f23d7d5-2326-49ce-b9c8-5a6303f785c5,TeamB,2021-09-25,1,6.0,6,80,80.0,480,480.0,480
TeamB-2f23d7d5-2326-49ce-b9c8-5a6303f785c5,TeamB,2021-09-26,1,9.0,9,90,90.0,810,810.0,810
TeamB-2f23d7d5-2326-49ce-b9c8-5a6303f785c5,TeamB,2021-09-28,1,4.0,4,60,60.0,240,240.0,240
TeamB-2f23d7d5-2326-49ce-b9c8-5a6303f785c5,TeamB,2021-09-29,2,7.0,8,170,85.0,1260,630.0,960
TeamB-2f23d7d5-2326-49ce-b9c8-5a6303f785c5,TeamB,2021-10-01,1,5.0,5,80,80.0,400,400.0,400
TeamB-2f23d7d5-2326-49ce-b9c8-5a6303f785c5,TeamB,2021-10-02,1,8.0,8,90,90.0,720,720.0,720
TeamB-2f23d7d5-2326-49ce-b9c8-5a6303f785c5,TeamB,2021-10-05,2,6.5,8,160,80.0,1130,565.0,880
TeamB-2f23d7d5-2326-49ce-b9c8-5a6303f785c5,TeamB,2021-10-06,1,7.0,7,90,90.0,630,630.0,630
TeamB-2f23d7d5-2326-49ce-b9c8-5a6303f785c5,TeamB,2021-10-09,1,8.0,8,90,90.0,720,720.0,720
TeamB-2f23d7d5-2326-49ce-b9c8-5a6303f785c5,TeamB,2021-10-12,2,6.5,7,150,75.0,1000,500.0,700
TeamB-2f23d7d5-2326-49ce-b9c8-5a6303f785c5,TeamB,2021-10-13,1,8.0,8,120,120.0,960,960.0,960
TeamB-2f23d7d5-2326-49ce-b9c8-5a6303f785c5,TeamB,2021-10-16,1,6.0,6,60,60.0,360,360.0,360
TeamB-2f23d7d5-2326-49ce-b9c8-5a6303f785c5,TeamB,2021-10-17,1,8.0,8,90,90.0,720,720.0,720
TeamB-2f23d7d5-2326-49ce-b9c8-5a6303f785c5,TeamB,2021-10-18,1,3.0,3,50,50.0,150,150.0,150
TeamB-2f23d7d5-2326-49ce-b9c8-5a6303f785c5,TeamB,2021-10-29,1,8.0,8,110,110.0,880,880.0,880
TeamB-2f23d7d5-2326-49ce-b9c8-5a6303f785c5,TeamB,2021-10-30,1,6.0,6,90,90.0,540,540.0,540
TeamB-2f23d7d5-2326-49ce-b9c8-5a6303f785c5,TeamB,2021-11-03,1,6.0,6,80,80.0,480,480.0,480
TeamB-4405bb1f-56f7-48ba-bfa8-e795e4006952,TeamB,2020-01-13,1,6.0,6,90,90.0,540,540.0,540
TeamB-4405bb1f-56f7-48ba-bfa8-e795e4006952,TeamB,2020-01-16,2,6.5,9,160,80.0,1240,620.0,1080
TeamB-4405bb1f-56f7-48ba-bfa8-e795e4006952,TeamB,2020-01-17,1,7.0,7,90,90.0,630,630.0,630
TeamB-4405bb1f-56f7-48ba-bfa8-e795e4006952,TeamB,2020-01-21,1,7.0,7,90,90.0,630,630.0,630
TeamB-4405bb1f-56f7-48ba-bfa8-e795e4006952,TeamB,2020-01-23,1,7.0,7,100,100.0,700,700.0,700
TeamB-4405bb1f-56f7-48ba-bfa8-e795e4006952,TeamB,2020-01-24,1,7.0,7,110,110.0,770,770.0,770
TeamB-4405bb1f-56f7-48ba-bfa8-e795e4006952,TeamB,2020-01-28,2,5.5,6,100,50.0,540,270.0,300
TeamB-4405bb1f-56f7-48ba-bfa8-e795e4006952,TeamB,2020-01-29,1,7.0,7,70,70.0,490,490.0,490
TeamB-4405bb1f-56f7-48ba-bfa8-e795e4006952,TeamB,2020-01-30,1,8.0,8,90,90.0,720,720.0,720
TeamB-4405bb1f-56f7-48ba-bfa8-e795e4006952,TeamB,2020-01-31,1,8.0,8,90,90.0,720,720.0,720
TeamB-4405bb1f-56f7-48ba-bfa8-e795e4006952,TeamB,2020-02-01,1,8.0,8,90,90.0,720,720.0,720
TeamB-4405bb1f-56f7-48ba-bfa8-e795e4006952,TeamB,2020-02-03,2,5.5,6,150,75.0,840,420.0,540
TeamB-4405bb1f-56f7-48ba-bfa8-e795e4006952,TeamB,2020-02-04,2,6.5,7,120,60.0,780,390.0,420
TeamB-4405bb1f-56f7-48ba-bfa8-e795e4006952,TeamB,2020-02-06,1,8.0,8,110,110.0,880,880.0,880
TeamB-4405bb1f-56f7-48ba-bfa8-e795e4006952,TeamB,2020-02-07,1,7.0,7,90,90.0,630,630.0,630
TeamB-4405bb1f-56f7-48ba-bfa8-e795e4006952,TeamB,2020-02-08,1,7.0,7,60,60.0,420,420.0,420
TeamB-4405bb1f-56f7-48ba-bfa8-e795e4006952,TeamB,2020-02-11,2,8.0,9,170,85.0,1410,705.0,990
TeamB-4405bb1f-56f7-48ba-bfa8-e795e4006952,TeamB,2020-02-13,1,9.0,9,110,110.0,990,990.0,990
TeamB-4405bb1f-56f7-48ba-bfa8-e795e4006952,TeamB,2020-02-15,1,9.0,9,110,110.0,990,990.0,990
TeamB-4405bb1f-56f7-48ba-bfa8-e795e4006952,TeamB,2020-02-18,1,7.0,7,60,60.0,420,420.0,420
TeamB-4405bb1f-56f7-48ba-bfa8-e795e4006952,TeamB,2020-02-20,1,8.0,8,60,60.0,480,480.0,480
TeamB-4405bb1f-56f7-48ba-bfa8-e795e4006952,TeamB,2020-02-23,2,5.5,6,170,85.0,930,465.0,480
TeamB-4405bb1f-56f7-48ba-bfa8-e795e4006952,TeamB,2020-02-24,1,6.0,6,60,60.0,360,360.0,360
TeamB-4405bb1f-56f7-48ba-bfa8-e795e4006952,TeamB,2020-02-25,2,4.5,5,200,100.0,890,445.0,450
TeamB-4405bb1f-56f7-48ba-bfa8-e795e4006952,TeamB,2020-02-26,1,6.0,6,90,90.0,540,540.0,540
TeamB-4405bb1f-56f7-48ba-bfa8-e795e4006952,TeamB,2020-02-27,1,10.0,10,120,120.0,1200,1200.0,1200
TeamB-4405bb1f-56f7-48ba-bfa8-e795e4006952,TeamB,2020-03-01,1,7.0,7,100,100.0,700,700.0,700
TeamB-4405bb1f-56f7-48ba-bfa8-e795e4006952,TeamB,2020-03-02,1,6.0,6,90,90.0,540,540.0,540
TeamB-4405bb1f-56f7-48ba-bfa8-e795e4006952,TeamB,2020-03-03,2,6.5,7,150,75.0,990,495.0,630
TeamB-4405bb1f-56f7-48ba-bfa8-e795e4006952,TeamB,2020-03-04,1,7.0,7,90,90.0,630,630.0,630
TeamB-4405bb1f-56f7-48ba-bfa8-e795e4006952,TeamB,2020-03-05,1,5.0,5,60,60.0,300,300.0,300
TeamB-4405bb1f-56f7-48ba-bfa8-e795e4006952,TeamB,2020-03-06,1,7.0,7,110,110.0,770,770.0,770
TeamB-4405bb1f-56f7-48ba-bfa8-e795e4006952,TeamB,2020-03-07,1,7.0,7,60,60.0,420,420.0,420
TeamB-4405bb1f-56f7-48ba-bfa8-e795e4006952,TeamB,2020-03-08,1,8.0,8,90,90.0,720,720.0,720
TeamB-4405bb1f-56f7-48ba-bfa8-e795e4006952,TeamB,2020-03-09,3,8.0,8,240,80.0,1920,640.0,640
TeamB-4405bb1f-56f7-48ba-bfa8-e795e4006952,TeamB,2020-03-10,2,9.0,9,140,70.0,1260,630.0,720
TeamB-4405bb1f-56f7-48ba-bfa8-e795e4006952,TeamB,2020-03-11,2,7.5,8,140,70.0,1050,525.0,560
TeamB-4405bb1f-56f7-48ba-bfa8-e795e4006952,TeamB,2020-03-14,1,9.0,9,90,90.0,810,810.0,810
TeamB-4405bb1f-56f7-48ba-bfa8-e795e4006952,TeamB,2020-03-15,1,8.0,8,80,80.0,640,640.0,640
TeamB-4405bb1f-56f7-48ba-bfa8-e795e4006952,TeamB,2020-03-16,1,7.0,7,90,90.0,630,630.0,630
TeamB-4405bb1f-56f7-48ba-bfa8-e795e4006952,TeamB,2020-03-17,1,5.0,5,60,60.0,300,300.0,300
TeamB-4405bb1f-56f7-48ba-bfa8-e795e4006952,TeamB,2020-03-20,2,8.0,8,120,60.0,960,480.0,480
TeamB-4405bb1f-56f7-48ba-bfa8-e795e4006952,TeamB,2020-03-21,2,7.0,7,150,75.0,1050,525.0,630
TeamB-4405bb1f-56f7-48ba-bfa8-e795e4006952,TeamB,2020-03-22,1,6.0,6,60,60.0,360,360.0,360
TeamB-4405bb1f-56f7-48ba-bfa8-e795e4006952,TeamB,2020-03-24,2,8.5,9,150,75.0,1290,645.0,810
TeamB-4405bb1f-56f7-48ba-bfa8-e795e4006952,TeamB,2020-03-25,1,8.0,8,90,90.0,720,720.0,720
TeamB-4405bb1f-56f7-48ba-bfa8-e795e4006952,TeamB,2020-03-26,1,8.0,8,60,60.0,480,480.0,480
TeamB-4405bb1f-56f7-48ba-bfa8-e795e4006952,TeamB,2020-03-27,1,8.0,8,70,70.0,560,560.0,560
TeamB-4405bb1f-56f7-48ba-bfa8-e795e4006952,TeamB,2020-03-28,1,8.0,8,80,80.0,640,640.0,640
TeamB-4405bb1f-56f7-48ba-bfa8-e795e4006952,TeamB,2020-03-30,1,9.0,9,90,90.0,810,810.0,810
TeamB-4405bb1f-56f7-48ba-bfa8-e795e4006952,TeamB,2020-03-31,2,8.0,8,120,60.0,960,480.0,480
TeamB-4405bb1f-56f7-48ba-bfa8-e795e4006952,TeamB,2020-04-01,1,6.0,6,60,60.0,360,360.0,360
TeamB-4405bb1f-56f7-48ba-bfa8-e795e4006952,TeamB,2020-04-02,1,8.0,8,70,70.0,560,560.0,560
TeamB-4405bb1f-56f7-48ba-bfa8-e795e4006952,TeamB,2020-04-03,1,9.0,9,70,70.0,630,630.0,630
TeamB-4405bb1f-56f7-48ba-bfa8-e795e4006952,TeamB,2020-04-04,1,8.0,8,70,70.0,560,560.0,560
TeamB-4405bb1f-56f7-48ba-bfa8-e795e4006952,TeamB,2020-04-06,1,8.0,8,80,80.0,640,640.0,640
TeamB-4405bb1f-56f7-48ba-bfa8-e795e4006952,TeamB,2020-04-07,2,8.0,9,150,75.0,1230,615.0,810
TeamB-4405bb1f-56f7-48ba-bfa8-e795e4006952,TeamB,2020-04-10,1,8.0,8,90,90.0,720,720.0,720
TeamB-4405bb1f-56f7-48ba-bfa8-e795e4006952,TeamB,2020-04-11,2,7.5,8,150,75.0,1140,570.0,720
TeamB-4405bb1f-56f7-48ba-bfa8-e795e4006952,TeamB,2020-04-13,1,8.0,8,80,80.0,640,640.0,640
TeamB-4405bb1f-56f7-48ba-bfa8-e795e4006952,TeamB,2020-04-14,1,7.0,7,70,70.0,490,490.0,490
TeamB-4405bb1f-56f7-48ba-bfa8-e795e4006952,TeamB,2020-04-16,1,7.0,7,60,60.0,420,420.0,420
TeamB-4405bb1f-56f7-48ba-bfa8-e795e4006952,TeamB,2020-04-17,1,9.0,9,90,90.0,810,810.0,810
TeamB-4405bb1f-56f7-48ba-bfa8-e795e4006952,TeamB,2020-04-18,1,7.0,7,60,60.0,420,420.0,420
TeamB-4405bb1f-56f7-48ba-bfa8-e795e4006952,TeamB,2020-04-20,1,9.0,9,70,70.0,630,630.0,630
TeamB-4405bb1f-56f7-48ba-bfa8-e795e4006952,TeamB,2020-04-21,1,7.0,7,80,80.0,560,560.0,560
TeamB-4405bb1f-56f7-48ba-bfa8-e795e4006952,TeamB,2020-04-24,1,8.0,8,90,90.0,720,720.0,720
TeamB-4405bb1f-56f7-48ba-bfa8-e795e4006952,TeamB,2020-04-25,1,7.0,7,80,80.0,560,560.0,560
TeamB-4405bb1f-56f7-48ba-bfa8-e795e4006952,TeamB,2020-04-26,1,9.0,9,80,80.0,720,720.0,720
TeamB-4405bb1f-56f7-48ba-bfa8-e795e4006952,TeamB,2020-04-27,1,8.0,8,90,90.0,720,720.0,720
TeamB-4405bb1f-56f7-48ba-bfa8-e795e4006952,TeamB,2020-04-28,1,9.0,9,110,110.0,990,990.0,990
TeamB-4405bb1f-56f7-48ba-bfa8-e795e4006952,TeamB,2020-04-30,1,8.0,8,60,60.0,480,480.0,480
TeamB-4405bb1f-56f7-48ba-bfa8-e795e4006952,TeamB,2020-05-03,1,7.0,7,90,90.0,630,630.0,630
TeamB-4405bb1f-56f7-48ba-bfa8-e795e4006952,TeamB,2020-05-04,1,7.0,7,80,80.0,560,560.0,560
TeamB-4405bb1f-56f7-48ba-bfa8-e795e4006952,TeamB,2020-05-05,1,9.0,9,120,120.0,1080,1080.0,1080
TeamB-4405bb1f-56f7-48ba-bfa8-e795e4006952,TeamB,2020-05-06,1,9.0,9,90,90.0,810,810.0,810
TeamB-4405bb1f-56f7-48ba-bfa8-e795e4006952,TeamB,2020-05-08,1,9.0,9,90,90.0,810,810.0,810
TeamB-4405bb1f-56f7-48ba-bfa8-e795e4006952,TeamB,2020-05-09,1,7.0,7,70,70.0,490,490.0,490
TeamB-4405bb1f-56f7-48ba-bfa8-e795e4006952,TeamB,2020-05-11,1,9.0,9,80,80.0,720,720.0,720
TeamB-4405bb1f-56f7-48ba-bfa8-e795e4006952,TeamB,2020-05-13,1,6.0,6,80,80.0,480,480.0,480
TeamB-4405bb1f-56f7-48ba-bfa8-e795e4006952,TeamB,2020-05-14,1,8.0,8,80,80.0,640,640.0,640
TeamB-4405bb1f-56f7-48ba-bfa8-e795e4006952,TeamB,2020-05-15,1,7.0,7,90,90.0,630,630.0,630
TeamB-4405bb1f-56f7-48ba-bfa8-e795e4006952,TeamB,2020-05-18,1,5.0,5,90,90.0,450,450.0,450
TeamB-4405bb1f-56f7-48ba-bfa8-e795e4006952,TeamB,2020-05-19,1,7.0,7,110,110.0,770,770.0,770
TeamB-4405bb1f-56f7-48ba-bfa8-e795e4006952,TeamB,2020-05-21,1,8.0,8,90,90.0,720,720.0,720
TeamB-4405bb1f-56f7-48ba-bfa8-e795e4006952,TeamB,2020-05-22,1,5.0,5,90,90.0,450,450.0,450
TeamB-4405bb1f-56f7-48ba-bfa8-e795e4006952,TeamB,2020-05-23,1,7.0,7,50,50.0,350,350.0,350
TeamB-4405bb1f-56f7-48ba-bfa8-e795e4006952,TeamB,2020-05-25,1,6.0,6,90,90.0,540,540.0,540
TeamB-4405bb1f-56f7-48ba-bfa8-e795e4006952,TeamB,2020-05-26,1,7.0,7,90,90.0,630,630.0,630
TeamB-4405bb1f-56f7-48ba-bfa8-e795e4006952,TeamB,2020-05-27,1,7.0,7,60,60.0,420,420.0,420
TeamB-4405bb1f-56f7-48ba-bfa8-e795e4006952,TeamB,2020-05-28,1,6.0,6,90,90.0,540,540.0,540
TeamB-4405bb1f-56f7-48ba-bfa8-e795e4006952,TeamB,2020-05-29,1,6.0,6,90,90.0,540,540.0,540
TeamB-4405bb1f-56f7-48ba-bfa8-e795e4006952,TeamB,2020-05-30,1,6.0,6,60,60.0,360,360.0,360
TeamB-4405bb1f-56f7-48ba-bfa8-e795e4006952,TeamB,2020-06-01,1,7.0,7,90,90.0,630,630.0,630
TeamB-4405bb1f-56f7-48ba-bfa8-e795e4006952,TeamB,2020-06-02,1,7.0,7,80,80.0,560,560.0,560
TeamB-4405bb1f-56f7-48ba-bfa8-e795e4006952,TeamB,2020-06-03,1,4.0,4,60,60.0,240,240.0,240
TeamB-4405bb1f-56f7-48ba-bfa8-e795e4006952,TeamB,2020-06-04,1,7.0,7,80,80.0,560,560.0,560
TeamB-4405bb1f-56f7-48ba-bfa8-e795e4006952,TeamB,2020-06-05,1,7.0,7,90,90.0,630,630.0,630
TeamB-4405bb1f-56f7-48ba-bfa8-e795e4006952,TeamB,2020-06-06,1,6.0,6,50,50.0,300,300.0,300
TeamB-4405bb1f-56f7-48ba-bfa8-e795e4006952,TeamB,2020-06-08,1,7.0,7,80,80.0,560,560.0,560
TeamB-4405bb1f-56f7-48ba-bfa8-e795e4006952,TeamB,2020-06-09,1,6.0,6,80,80.0,480,480.0,480
TeamB-4405bb1f-56f7-48ba-bfa8-e795e4006952,TeamB,2020-06-10,1,7.0,7,80,80.0,560,560.0,560
TeamB-4405bb1f-56f7-48ba-bfa8-e795e4006952,TeamB,2020-06-11,1,4.0,4,70,70.0,280,280.0,280
TeamB-4405bb1f-56f7-48ba-bfa8-e795e4006952,TeamB,2020-06-12,1,5.0,5,90,90.0,450,450.0,450
TeamB-4405bb1f-56f7-48ba-bfa8-e795e4006952,TeamB,2020-06-13,1,9.0,9,80,80.0,720,720.0,720
TeamB-4405bb1f-56f7-48ba-bfa8-e795e4006952,TeamB,2020-06-15,1,6.0,6,90,90.0,540,540.0,540
TeamB-4405bb1f-56f7-48ba-bfa8-e795e4006952,TeamB,2020-06-16,1,5.0,5,70,70.0,350,350.0,350
TeamB-4405bb1f-56f7-48ba-bfa8-e795e4006952,TeamB,2020-06-17,1,5.0,5,70,70.0,350,350.0,350
TeamB-4405bb1f-56f7-48ba-bfa8-e795e4006952,TeamB,2020-06-18,1,7.0,7,90,90.0,630,630.0,630
TeamB-4405bb1f-56f7-48ba-bfa8-e795e4006952,TeamB,2020-06-19,1,7.0,7,60,60.0,420,420.0,420
TeamB-4405bb1f-56f7-48ba-bfa8-e795e4006952,TeamB,2020-06-22,1,4.0,4,60,60.0,240,240.0,240
TeamB-4405bb1f-56f7-48ba-bfa8-e795e4006952,TeamB,2020-06-23,1,9.0,9,90,90.0,810,810.0,810
TeamB-4405bb1f-56f7-48ba-bfa8-e795e4006952,TeamB,2020-06-25,1,5.0,5,60,60.0,300,300.0,300
TeamB-4405bb1f-56f7-48ba-bfa8-e795e4006952,TeamB,2020-06-26,1,4.0,4,60,60.0,240,240.0,240
TeamB-4405bb1f-56f7-48ba-bfa8-e795e4006952,TeamB,2020-06-27,1,9.0,9,60,60.0,540,540.0,540
TeamB-4405bb1f-56f7-48ba-bfa8-e795e4006952,TeamB,2020-06-29,1,4.0,4,60,60.0,240,240.0,240
TeamB-4405bb1f-56f7-48ba-bfa8-e795e4006952,TeamB,2020-06-30,1,7.0,7,90,90.0,630,630.0,630
TeamB-4405bb1f-56f7-48ba-bfa8-e795e4006952,TeamB,2020-07-01,1,4.0,4,90,90.0,360,360.0,360
TeamB-4405bb1f-56f7-48ba-bfa8-e795e4006952,TeamB,2020-07-02,1,4.0,4,90,90.0,360,360.0,360
TeamB-4405bb1f-56f7-48ba-bfa8-e795e4006952,TeamB,2020-07-03,1,4.0,4,60,60.0,240,240.0,240
TeamB-4405bb1f-56f7-48ba-bfa8-e795e4006952,TeamB,2020-07-04,1,9.0,9,60,60.0,540,540.0,540
TeamB-4405bb1f-56f7-48ba-bfa8-e795e4006952,TeamB,2020-07-06,1,5.0,5,60,60.0,300,300.0,300
TeamB-4405bb1f-56f7-48ba-bfa8-e795e4006952,TeamB,2020-07-07,1,7.0,7,90,90.0,630,630.0,630
TeamB-4405bb1f-56f7-48ba-bfa8-e795e4006952,TeamB,2020-07-08,1,4.0,4,60,60.0,240,240.0,240
TeamB-4405bb1f-56f7-48ba-bfa8-e795e4006952,TeamB,2020-07-09,1,6.0,6,60,60.0,360,360.0,360
TeamB-4405bb1f-56f7-48ba-bfa8-e795e4006952,TeamB,2020-07-10,1,9.0,9,90,90.0,810,810.0,810
TeamB-4405bb1f-56f7-48ba-bfa8-e795e4006952,TeamB,2020-07-13,1,7.0,7,70,70.0,490,490.0,490
TeamB-4405bb1f-56f7-48ba-bfa8-e795e4006952,TeamB,2020-07-14,1,6.0,6,90,90.0,540,540.0,540
TeamB-4405bb1f-56f7-48ba-bfa8-e795e4006952,TeamB,2020-07-15,1,6.0,6,90,90.0,540,540.0,540
TeamB-4405bb1f-56f7-48ba-bfa8-e795e4006952,TeamB,2020-07-16,1,4.0,4,60,60.0,240,240.0,240
TeamB-4405bb1f-56f7-48ba-bfa8-e795e4006952,TeamB,2020-07-17,1,7.0,7,90,90.0,630,630.0,630
TeamB-4405bb1f-56f7-48ba-bfa8-e795e4006952,TeamB,2020-07-18,1,9.0,9,90,90.0,810,810.0,810
TeamB-4405bb1f-56f7-48ba-bfa8-e795e4006952,TeamB,2020-07-20,1,4.0,4,60,60.0,240,240.0,240
TeamB-4405bb1f-56f7-48ba-bfa8-e795e4006952,TeamB,2020-07-21,1,4.0,4,60,60.0,240,240.0,240
TeamB-4405bb1f-56f7-48ba-bfa8-e795e4006952,TeamB,2020-07-22,1,6.0,6,60,60.0,360,360.0,360
TeamB-4405bb1f-56f7-48ba-bfa8-e795e4006952,TeamB,2020-07-23,1,6.0,6,60,60.0,360,360.0,360
TeamB-4405bb1f-56f7-48ba-bfa8-e795e4006952,TeamB,2020-07-24,1,6.0,6,50,50.0,300,300.0,300
TeamB-4405bb1f-56f7-48ba-bfa8-e795e4006952,TeamB,2020-07-27,2,5.5,7,120,60.0,660,330.0,420
TeamB-4405bb1f-56f7-48ba-bfa8-e795e4006952,TeamB,2020-07-28,1,7.0,7,90,90.0,630,630.0,630
TeamB-4405bb1f-56f7-48ba-bfa8-e795e4006952,TeamB,2020-07-29,1,7.0,7,90,90.0,630,630.0,630
TeamB-4405bb1f-56f7-48ba-bfa8-e795e4006952,TeamB,2020-07-31,1,6.0,6,70,70.0,420,420.0,420
TeamB-4405bb1f-56f7-48ba-bfa8-e795e4006952,TeamB,2020-08-01,1,5.0,5,20,20.0,100,100.0,100
TeamB-4405bb1f-56f7-48ba-bfa8-e795e4006952,TeamB,2020-08-02,1,9.0,9,40,40.0,360,360.0,360
TeamB-4405bb1f-56f7-48ba-bfa8-e795e4006952,TeamB,2020-08-03,1,5.0,5,60,60.0,300,300.0,300
TeamB-4405bb1f-56f7-48ba-bfa8-e795e4006952,TeamB,2020-08-04,1,8.0,8,90,90.0,720,720.0,720
TeamB-4405bb1f-56f7-48ba-bfa8-e795e4006952,TeamB,2020-08-05,1,5.0,5,60,60.0,300,300.0,300
TeamB-4405bb1f-56f7-48ba-bfa8-e795e4006952,TeamB,2020-08-06,1,6.0,6,70,70.0,420,420.0,420
TeamB-4405bb1f-56f7-48ba-bfa8-e795e4006952,TeamB,2020-08-07,1,9.0,9,40,40.0,360,360.0,360
TeamB-4405bb1f-56f7-48ba-bfa8-e795e4006952,TeamB,2020-08-10,1,6.0,6,80,80.0,480,480.0,480
TeamB-4405bb1f-56f7-48ba-bfa8-e795e4006952,TeamB,2020-08-11,1,5.0,5,60,60.0,300,300.0,300
TeamB-4405bb1f-56f7-48ba-bfa8-e795e4006952,TeamB,2020-08-12,1,5.0,5,50,50.0,250,250.0,250
TeamB-4405bb1f-56f7-48ba-bfa8-e795e4006952,TeamB,2020-08-14,1,7.0,7,70,70.0,490,490.0,490
TeamB-4405bb1f-56f7-48ba-bfa8-e795e4006952,TeamB,2020-08-15,1,4.0,4,60,60.0,240,240.0,240
TeamB-4405bb1f-56f7-48ba-bfa8-e795e4006952,TeamB,2020-08-16,1,9.0,9,40,40.0,360,360.0,360
TeamB-4405bb1f-56f7-48ba-bfa8-e795e4006952,TeamB,2020-08-18,1,6.0,6,60,60.0,360,360.0,360
TeamB-4405bb1f-56f7-48ba-bfa8-e795e4006952,TeamB,2020-08-20,1,3.0,3,60,60.0,180,180.0,180
TeamB-4405bb1f-56f7-48ba-bfa8-e795e4006952,TeamB,2020-08-21,1,4.0,4,60,60.0,240,240.0,240
TeamB-4405bb1f-56f7-48ba-bfa8-e795e4006952,TeamB,2020-08-22,1,8.0,8,90,90.0,720,720.0,720
TeamB-4405bb1f-56f7-48ba-bfa8-e795e4006952,TeamB,2020-08-24,1,6.0,6,60,60.0,360,360.0,360
TeamB-4405bb1f-56f7-48ba-bfa8-e795e4006952,TeamB,2020-08-25,1,3.0,3,60,60.0,180,180.0,180
TeamB-4405bb1f-56f7-48ba-bfa8-e795e4006952,TeamB,2020-08-26,1,7.0,7,90,90.0,630,630.0,630
TeamB-4405bb1f-56f7-48ba-bfa8-e795e4006952,TeamB,2020-08-27,1,2.0,2,60,60.0,120,120.0,120
TeamB-4405bb1f-56f7-48ba-bfa8-e795e4006952,TeamB,2020-09-01,1,7.0,7,60,60.0,420,420.0,420
TeamB-4405bb1f-56f7-48ba-bfa8-e795e4006952,TeamB,2020-09-02,1,6.0,6,80,80.0,480,480.0,480
TeamB-4405bb1f-56f7-48ba-bfa8-e795e4006952,TeamB,2020-09-03,1,6.0,6,60,60.0,360,360.0,360
TeamB-4405bb1f-56f7-48ba-bfa8-e795e4006952,TeamB,2020-09-05,1,8.0,8,90,90.0,720,720.0,720
TeamB-4405bb1f-56f7-48ba-bfa8-e795e4006952,TeamB,2020-09-07,1,6.0,6,60,60.0,360,360.0,360
TeamB-4405bb1f-56f7-48ba-bfa8-e795e4006952,TeamB,2020-09-08,1,7.0,7,80,80.0,560,560.0,560
TeamB-4405bb1f-56f7-48ba-bfa8-e795e4006952,TeamB,2020-09-09,1,6.0,6,90,90.0,540,540.0,540
TeamB-4405bb1f-56f7-48ba-bfa8-e795e4006952,TeamB,2020-09-11,1,6.0,6,60,60.0,360,360.0,360
TeamB-4405bb1f-56f7-48ba-bfa8-e795e4006952,TeamB,2020-09-16,1,8.0,8,60,60.0,480,480.0,480
TeamB-4405bb1f-56f7-48ba-bfa8-e795e4006952,TeamB,2020-09-17,1,5.0,5,60,60.0,300,300.0,300
TeamB-4405bb1f-56f7-48ba-bfa8-e795e4006952,TeamB,2020-09-18,1,7.0,7,80,80.0,560,560.0,560
TeamB-4405bb1f-56f7-48ba-bfa8-e795e4006952,TeamB,2020-09-19,1,8.0,8,60,60.0,480,480.0,480
TeamB-4405bb1f-56f7-48ba-bfa8-e795e4006952,TeamB,2020-09-21,1,5.0,5,80,80.0,400,400.0,400
TeamB-4405bb1f-56f7-48ba-bfa8-e795e4006952,TeamB,2020-09-22,1,5.0,5,60,60.0,300,300.0,300
TeamB-4405bb1f-56f7-48ba-bfa8-e795e4006952,TeamB,2020-09-24,1,6.0,6,80,80.0,480,480.0,480
TeamB-4405bb1f-56f7-48ba-bfa8-e795e4006952,TeamB,2020-09-25,1,5.0,5,70,70.0,350,350.0,350
TeamB-4405bb1f-56f7-48ba-bfa8-e795e4006952,TeamB,2020-09-29,1,5.0,5,60,60.0,300,300.0,300
TeamB-4405bb1f-56f7-48ba-bfa8-e795e4006952,TeamB,2020-09-30,1,9.0,9,120,120.0,1080,1080.0,1080
TeamB-4405bb1f-56f7-48ba-bfa8-e795e4006952,TeamB,2020-10-01,1,8.0,8,90,90.0,720,720.0,720
TeamB-4405bb1f-56f7-48ba-bfa8-e795e4006952,TeamB,2020-10-02,1,8.0,8,80,80.0,640,640.0,640
TeamB-4405bb1f-56f7-48ba-bfa8-e795e4006952,TeamB,2020-10-07,1,9.0,9,120,120.0,1080,1080.0,1080
TeamB-4405bb1f-56f7-48ba-bfa8-e795e4006952,TeamB,2020-10-13,2,5.0,6,140,70.0,720,360.0,480
TeamB-4405bb1f-56f7-48ba-bfa8-e795e4006952,TeamB,2020-10-14,1,7.0,7,90,90.0,630,630.0,630
TeamB-4405bb1f-56f7-48ba-bfa8-e795e4006952,TeamB,2020-10-17,1,6.0,6,60,60.0,360,360.0,360
TeamB-4405bb1f-56f7-48ba-bfa8-e795e4006952,TeamB,2020-10-27,1,4.0,4,60,60.0,240,240.0,240
TeamB-4405bb1f-56f7-48ba-bfa8-e795e4006952,TeamB,2020-10-29,1,7.0,7,90,90.0,630,630.0,630
TeamB-4405bb1f-56f7-48ba-bfa8-e795e4006952,TeamB,2020-11-01,1,9.0,9,90,90.0,810,810.0,810
TeamB-4405bb1f-56f7-48ba-bfa8-e795e4006952,TeamB,2020-11-04,1,4.0,4,50,50.0,200,200.0,200
TeamB-4405bb1f-56f7-48ba-bfa8-e795e4006952,TeamB,2020-11-07,1,7.0,7,90,90.0,630,630.0,630
TeamB-4405bb1f-56f7-48ba-bfa8-e795e4006952,TeamB,2020-11-11,1,4.0,4,10,10.0,40,40.0,40
TeamB-4405bb1f-56f7-48ba-bfa8-e795e4006952,TeamB,2020-11-12,1,4.0,4,60,60.0,240,240.0,240
TeamB-4405bb1f-56f7-48ba-bfa8-e795e4006952,TeamB,2020-11-14,1,7.0,7,110,110.0,770,770.0,770
TeamB-4405bb1f-56f7-48ba-bfa8-e795e4006952,TeamB,2020-11-15,1,8.0,8,100,100.0,800,800.0,800
TeamB-4405bb1f-56f7-48ba-bfa8-e795e4006952,TeamB,2020-11-16,1,4.0,4,50,50.0,200,200.0,200
TeamB-4405bb1f-56f7-48ba-bfa8-e795e4006952,TeamB,2020-11-19,1,6.0,6,60,60.0,360,360.0,360
TeamB-4405bb1f-56f7-48ba-bfa8-e795e4006952,TeamB,2020-11-22,1,7.0,7,70,70.0,490,490.0,490
TeamB-4405bb1f-56f7-48ba-bfa8-e795e4006952,TeamB,2020-11-27,1,4.0,4,60,60.0,240,240.0,240
TeamB-4405bb1f-56f7-48ba-bfa8-e795e4006952,TeamB,2020-11-30,1,6.0,6,90,90.0,540,540.0,540
TeamB-4405bb1f-56f7-48ba-bfa8-e795e4006952,TeamB,2021-01-17,1,7.0,7,90,90.0,630,630.0,630
TeamB-4405bb1f-56f7-48ba-bfa8-e795e4006952,TeamB,2021-01-18,1,6.0,6,80,80.0,480,480.0,480
TeamB-4405bb1f-56f7-48ba-bfa8-e795e4006952,TeamB,2021-01-20,1,6.0,6,90,90.0,540,540.0,540
TeamB-4405bb1f-56f7-48ba-bfa8-e795e4006952,TeamB,2021-01-22,1,6.0,6,60,60.0,360,360.0,360
TeamB-4405bb1f-56f7-48ba-bfa8-e795e4006952,TeamB,2021-01-23,1,6.0,6,90,90.0,540,540.0,540
TeamB-4405bb1f-56f7-48ba-bfa8-e795e4006952,TeamB,2021-01-27,1,7.0,7,60,60.0,420,420.0,420
TeamB-4405bb1f-56f7-48ba-bfa8-e795e4006952,TeamB,2021-01-28,1,7.0,7,60,60.0,420,420.0,420
TeamB-4405bb1f-56f7-48ba-bfa8-e795e4006952,TeamB,2021-01-29,1,7.0,7,60,60.0,420,420.0,420
TeamB-4405bb1f-56f7-48ba-bfa8-e795e4006952,TeamB,2021-01-30,1,7.0,7,60,60.0,420,420.0,420
TeamB-4405bb1f-56f7-48ba-bfa8-e795e4006952,TeamB,2021-02-01,1,7.0,7,90,90.0,630,630.0,630
TeamB-4405bb1f-56f7-48ba-bfa8-e795e4006952,TeamB,2021-02-02,1,6.0,6,80,80.0,480,480.0,480
TeamB-4405bb1f-56f7-48ba-bfa8-e795e4006952,TeamB,2021-02-03,1,5.0,5,60,60.0,300,300.0,300
TeamB-4405bb1f-56f7-48ba-bfa8-e795e4006952,TeamB,2021-02-04,1,6.0,6,70,70.0,420,420.0,420
TeamB-4405bb1f-56f7-48ba-bfa8-e795e4006952,TeamB,2021-02-07,1,7.0,7,110,110.0,770,770.0,770
TeamB-4405bb1f-56f7-48ba-bfa8-e795e4006952,TeamB,2021-02-10,1,4.0,4,60,60.0,240,240.0,240
TeamB-4405bb1f-56f7-48ba-bfa8-e795e4006952,TeamB,2021-02-15,1,7.0,7,60,60.0,420,420.0,420
TeamB-4405bb1f-56f7-48ba-bfa8-e795e4006952,TeamB,2021-02-20,1,5.0,5,60,60.0,300,300.0,300
TeamB-4405bb1f-56f7-48ba-bfa8-e795e4006952,TeamB,2021-02-21,1,7.0,7,180,180.0,1260,1260.0,1260
TeamB-4405bb1f-56f7-48ba-bfa8-e795e4006952,TeamB,2021-02-24,1,8.0,8,80,80.0,640,640.0,640
TeamB-4405bb1f-56f7-48ba-bfa8-e795e4006952,TeamB,2021-02-26,2,6.5,7,180,90.0,1170,585.0,630
TeamB-4405bb1f-56f7-48ba-bfa8-e795e4006952,TeamB,2021-03-01,1,6.0,6,90,90.0,540,540.0,540
TeamB-4405bb1f-56f7-48ba-bfa8-e795e4006952,TeamB,2021-03-02,1,7.0,7,90,90.0,630,630.0,630
TeamB-4405bb1f-56f7-48ba-bfa8-e795e4006952,TeamB,2021-03-04,1,7.0,7,60,60.0,420,420.0,420
TeamB-4405bb1f-56f7-48ba-bfa8-e795e4006952,TeamB,2021-03-05,1,7.0,7,120,120.0,840,840.0,840
TeamB-4405bb1f-56f7-48ba-bfa8-e795e4006952,TeamB,2021-03-06,1,7.0,7,90,90.0,630,630.0,630
TeamB-4405bb1f-56f7-48ba-bfa8-e795e4006952,TeamB,2021-03-08,2,6.0,6,150,75.0,900,450.0,540
TeamB-4405bb1f-56f7-48ba-bfa8-e795e4006952,TeamB,2021-03-09,1,6.0,6,90,90.0,540,540.0,540
TeamB-4405bb1f-56f7-48ba-bfa8-e795e4006952,TeamB,2021-03-11,1,8.0,8,80,80.0,640,640.0,640
TeamB-4405bb1f-56f7-48ba-bfa8-e795e4006952,TeamB,2021-03-12,1,6.0,6,90,90.0,540,540.0,540
TeamB-4405bb1f-56f7-48ba-bfa8-e795e4006952,TeamB,2021-03-13,1,7.0,7,90,90.0,630,630.0,630
TeamB-4405bb1f-56f7-48ba-bfa8-e795e4006952,TeamB,2021-03-15,1,8.0,8,180,180.0,1440,1440.0,1440
TeamB-4405bb1f-56f7-48ba-bfa8-e795e4006952,TeamB,2021-03-16,1,6.0,6,80,80.0,480,480.0,480
TeamB-4405bb1f-56f7-48ba-bfa8-e795e4006952,TeamB,2021-03-18,1,9.0,9,110,110.0,990,990.0,990
TeamB-4405bb1f-56f7-48ba-bfa8-e795e4006952,TeamB,2021-03-19,1,5.0,5,60,60.0,300,300.0,300
TeamB-4405bb1f-56f7-48ba-bfa8-e795e4006952,TeamB,2021-03-20,1,8.0,8,120,120.0,960,960.0,960
TeamB-4405bb1f-56f7-48ba-bfa8-e795e4006952,TeamB,2021-03-22,1,6.0,6,90,90.0,540,540.0,540
TeamB-4405bb1f-56f7-48ba-bfa8-e795e4006952,TeamB,2021-03-25,1,6.0,6,90,90.0,540,540.0,540
TeamB-4405bb1f-56f7-48ba-bfa8-e795e4006952,TeamB,2021-03-26,1,5.0,5,60,60.0,300,300.0,300
TeamB-4405bb1f-56f7-48ba-bfa8-e795e4006952,TeamB,2021-03-27,1,9.0,9,180,180.0,1620,1620.0,1620
TeamB-4405bb1f-56f7-48ba-bfa8-e795e4006952,TeamB,2021-03-29,1,8.0,8,90,90.0,720,720.0,720
TeamB-4405bb1f-56f7-48ba-bfa8-e795e4006952,TeamB,2021-03-30,2,8.0,9,180,90.0,1500,750.0,1080
TeamB-4405bb1f-56f7-48ba-bfa8-e795e4006952,TeamB,2021-03-31,2,7.5,9,120,60.0,990,495.0,810
TeamB-4405bb1f-56f7-48ba-bfa8-e795e4006952,TeamB,2021-04-06,1,9.0,9,90,90.0,810,810.0,810
TeamB-4405bb1f-56f7-48ba-bfa8-e795e4006952,TeamB,2021-04-08,1,8.0,8,90,90.0,720,720.0,720
TeamB-4405bb1f-56f7-48ba-bfa8-e795e4006952,TeamB,2021-04-09,1,6.0,6,80,80.0,480,480.0,480
TeamB-4405bb1f-56f7-48ba-bfa8-e795e4006952,TeamB,2021-04-10,1,9.0,9,120,120.0,1080,1080.0,1080
TeamB-4405bb1f-56f7-48ba-bfa8-e795e4006952,TeamB,2021-04-12,1,9.0,9,120,120.0,1080,1080.0,1080
TeamB-4405bb1f-56f7-48ba-bfa8-e795e4006952,TeamB,2021-04-13,1,9.0,9,120,120.0,1080,1080.0,1080
TeamB-4405bb1f-56f7-48ba-bfa8-e795e4006952,TeamB,2021-04-15,1,7.0,7,110,110.0,770,770.0,770
TeamB-4405bb1f-56f7-48ba-bfa8-e795e4006952,TeamB,2021-04-17,1,8.0,8,90,90.0,720,720.0,720
TeamB-4405bb1f-56f7-48ba-bfa8-e795e4006952,TeamB,2021-04-19,1,7.0,7,110,110.0,770,770.0,770
TeamB-4405bb1f-56f7-48ba-bfa8-e795e4006952,TeamB,2021-04-26,1,5.0,5,60,60.0,300,300.0,300
TeamB-4405bb1f-56f7-48ba-bfa8-e795e4006952,TeamB,2021-04-27,1,9.0,9,120,120.0,1080,1080.0,1080
TeamB-4405bb1f-56f7-48ba-bfa8-e795e4006952,TeamB,2021-05-01,1,8.0,8,90,90.0,720,720.0,720
TeamB-4405bb1f-56f7-48ba-bfa8-e795e4006952,TeamB,2021-05-05,1,9.0,9,120,120.0,1080,1080.0,1080
TeamB-4405bb1f-56f7-48ba-bfa8-e795e4006952,TeamB,2021-05-06,1,6.0,6,60,60.0,360,360.0,360
TeamB-4405bb1f-56f7-48ba-bfa8-e795e4006952,TeamB,2021-05-09,1,9.0,9,60,60.0,540,540.0,540
TeamB-4405bb1f-56f7-48ba-bfa8-e795e4006952,TeamB,2021-05-11,1,10.0,10,50,50.0,500,500.0,500
TeamB-4405bb1f-56f7-48ba-bfa8-e795e4006952,TeamB,2021-05-14,1,6.0,6,60,60.0,360,360.0,360
TeamB-4405bb1f-56f7-48ba-bfa8-e795e4006952,TeamB,2021-05-15,1,9.0,9,60,60.0,540,540.0,540
TeamB-4405bb1f-56f7-48ba-bfa8-e795e4006952,TeamB,2021-05-18,1,8.0,8,90,90.0,720,720.0,720
TeamB-4405bb1f-56f7-48ba-bfa8-e795e4006952,TeamB,2021-05-22,1,8.0,8,90,90.0,720,720.0,720
TeamB-4405bb1f-56f7-48ba-bfa8-e795e4006952,TeamB,2021-05-26,1,8.0,8,120,120.0,960,960.0,960
TeamB-4405bb1f-56f7-48ba-bfa8-e795e4006952,TeamB,2021-05-28,1,5.0,5,60,60.0,300,300.0,300
TeamB-4405bb1f-56f7-48ba-bfa8-e795e4006952,TeamB,2021-05-29,1,10.0,10,90,90.0,900,900.0,900
TeamB-4405bb1f-56f7-48ba-bfa8-e795e4006952,TeamB,2021-05-31,1,6.0,6,60,60.0,360,360.0,360
TeamB-4405bb1f-56f7-48ba-bfa8-e795e4006952,TeamB,2021-06-01,2,8.0,8,180,90.0,1440,720.0,720
TeamB-4405bb1f-56f7-48ba-bfa8-e795e4006952,TeamB,2021-06-02,1,9.0,9,120,120.0,1080,1080.0,1080
TeamB-4405bb1f-56f7-48ba-bfa8-e795e4006952,TeamB,2021-06-04,1,4.0,4,60,60.0,240,240.0,240
TeamB-4405bb1f-56f7-48ba-bfa8-e795e4006952,TeamB,2021-06-05,1,10.0,10,90,90.0,900,900.0,900
TeamB-4405bb1f-56f7-48ba-bfa8-e795e4006952,TeamB,2021-06-21,1,6.0,6,80,80.0,480,480.0,480
TeamB-4405bb1f-56f7-48ba-bfa8-e795e4006952,TeamB,2021-06-22,1,9.0,9,90,90.0,810,810.0,810
TeamB-4405bb1f-56f7-48ba-bfa8-e795e4006952,TeamB,2021-06-23,1,4.0,4,60,60.0,240,240.0,240
TeamB-4405bb1f-56f7-48ba-bfa8-e795e4006952,TeamB,2021-06-26,1,8.0,8,50,50.0,400,400.0,400
TeamB-4405bb1f-56f7-48ba-bfa8-e795e4006952,TeamB,2021-06-27,1,6.0,6,90,90.0,540,540.0,540
TeamB-4405bb1f-56f7-48ba-bfa8-e795e4006952,TeamB,2021-06-30,1,8.0,8,90,90.0,720,720.0,720
TeamB-4405bb1f-56f7-48ba-bfa8-e795e4006952,TeamB,2021-07-06,1,5.0,5,60,60.0,300,300.0,300
TeamB-4405bb1f-56f7-48ba-bfa8-e795e4006952,TeamB,2021-07-07,1,9.0,9,90,90.0,810,810.0,810
TeamB-4405bb1f-56f7-48ba-bfa8-e795e4006952,TeamB,2021-07-09,1,6.0,6,60,60.0,360,360.0,360
TeamB-4405bb1f-56f7-48ba-bfa8-e795e4006952,TeamB,2021-07-13,1,7.0,7,90,90.0,630,630.0,630
TeamB-4405bb1f-56f7-48ba-bfa8-e795e4006952,TeamB,2021-07-31,1,7.0,7,120,120.0,840,840.0,840
TeamB-4405bb1f-56f7-48ba-bfa8-e795e4006952,TeamB,2021-08-01,1,5.0,5,90,90.0,450,450.0,450
TeamB-4405bb1f-56f7-48ba-bfa8-e795e4006952,TeamB,2021-08-02,1,8.0,8,50,50.0,400,400.0,400
TeamB-4405bb1f-56f7-48ba-bfa8-e795e4006952,TeamB,2021-08-03,1,9.0,9,90,90.0,810,810.0,810
TeamB-4405bb1f-56f7-48ba-bfa8-e795e4006952,TeamB,2021-08-05,1,7.0,7,90,90.0,630,630.0,630
TeamB-4405bb1f-56f7-48ba-bfa8-e795e4006952,TeamB,2021-08-06,1,6.0,6,90,90.0,540,540.0,540
TeamB-4405bb1f-56f7-48ba-bfa8-e795e4006952,TeamB,2021-08-07,1,9.0,9,90,90.0,810,810.0,810
TeamB-4405bb1f-56f7-48ba-bfa8-e795e4006952,TeamB,2021-08-08,1,6.0,6,60,60.0,360,360.0,360
TeamB-4405bb1f-56f7-48ba-bfa8-e795e4006952,TeamB,2021-08-13,1,7.0,7,90,90.0,630,630.0,630
TeamB-4405bb1f-56f7-48ba-bfa8-e795e4006952,TeamB,2021-08-14,1,10.0,10,90,90.0,900,900.0,900
TeamB-4405bb1f-56f7-48ba-bfa8-e795e4006952,TeamB,2021-08-17,1,6.0,6,90,90.0,540,540.0,540
TeamB-4405bb1f-56f7-48ba-bfa8-e795e4006952,TeamB,2021-08-18,1,8.0,8,70,70.0,560,560.0,560
TeamB-4405bb1f-56f7-48ba-bfa8-e795e4006952,TeamB,2021-08-20,1,6.0,6,60,60.0,360,360.0,360
TeamB-4405bb1f-56f7-48ba-bfa8-e795e4006952,TeamB,2021-08-21,1,8.0,8,90,90.0,720,720.0,720
TeamB-4405bb1f-56f7-48ba-bfa8-e795e4006952,TeamB,2021-08-23,1,6.0,6,60,60.0,360,360.0,360
TeamB-4405bb1f-56f7-48ba-bfa8-e795e4006952,TeamB,2021-08-24,1,8.0,8,50,50.0,400,400.0,400
TeamB-4405bb1f-56f7-48ba-bfa8-e795e4006952,TeamB,2021-08-26,1,7.0,7,60,60.0,420,420.0,420
TeamB-4405bb1f-56f7-48ba-bfa8-e795e4006952,TeamB,2021-08-27,1,6.0,6,60,60.0,360,360.0,360
TeamB-4405bb1f-56f7-48ba-bfa8-e795e4006952,TeamB,2021-08-28,1,8.0,8,90,90.0,720,720.0,720
TeamB-4405bb1f-56f7-48ba-bfa8-e795e4006952,TeamB,2021-08-30,1,6.0,6,60,60.0,360,360.0,360
TeamB-4405bb1f-56f7-48ba-bfa8-e795e4006952,TeamB,2021-08-31,1,4.0,4,60,60.0,240,240.0,240
TeamB-4405bb1f-56f7-48ba-bfa8-e795e4006952,TeamB,2021-09-01,1,9.0,9,90,90.0,810,810.0,810
TeamB-4405bb1f-56f7-48ba-bfa8-e795e4006952,TeamB,2021-09-04,1,8.0,8,90,90.0,720,720.0,720
TeamB-4405bb1f-56f7-48ba-bfa8-e795e4006952,TeamB,2021-09-08,1,8.0,8,60,60.0,480,480.0,480
TeamB-4405bb1f-56f7-48ba-bfa8-e795e4006952,TeamB,2021-09-11,1,9.0,9,90,90.0,810,810.0,810
TeamB-4405bb1f-56f7-48ba-bfa8-e795e4006952,TeamB,2021-09-25,1,7.0,7,60,60.0,420,420.0,420
TeamB-4405bb1f-56f7-48ba-bfa8-e795e4006952,TeamB,2021-09-26,1,8.0,8,90,90.0,720,720.0,720
TeamB-4405bb1f-56f7-48ba-bfa8-e795e4006952,TeamB,2021-09-28,1,6.0,6,60,60.0,360,360.0,360
TeamB-4405bb1f-56f7-48ba-bfa8-e795e4006952,TeamB,2021-10-01,1,6.0,6,90,90.0,540,540.0,540
TeamB-4405bb1f-56f7-48ba-bfa8-e795e4006952,TeamB,2021-10-02,1,9.0,9,90,90.0,810,810.0,810
TeamB-4405bb1f-56f7-48ba-bfa8-e795e4006952,TeamB,2021-10-05,1,7.0,7,90,90.0,630,630.0,630
TeamB-4405bb1f-56f7-48ba-bfa8-e795e4006952,TeamB,2021-10-06,1,7.0,7,90,90.0,630,630.0,630
TeamB-4405bb1f-56f7-48ba-bfa8-e795e4006952,TeamB,2021-10-08,1,5.0,5,60,60.0,300,300.0,300
TeamB-4405bb1f-56f7-48ba-bfa8-e795e4006952,TeamB,2021-10-09,1,7.0,7,90,90.0,630,630.0,630
TeamB-4405bb1f-56f7-48ba-bfa8-e795e4006952,TeamB,2021-10-17,1,6.0,6,60,60.0,360,360.0,360
TeamB-48bfd4ea-e9e2-45b5-befc-3383cae87fdf,TeamB,2020-02-17,1,6.0,6,90,90.0,540,540.0,540
TeamB-48bfd4ea-e9e2-45b5-befc-3383cae87fdf,TeamB,2020-02-18,1,6.0,6,90,90.0,540,540.0,540
TeamB-48bfd4ea-e9e2-45b5-befc-3383cae87fdf,TeamB,2020-02-19,1,2.0,2,90,90.0,180,180.0,180
TeamB-48bfd4ea-e9e2-45b5-befc-3383cae87fdf,TeamB,2020-02-22,1,5.0,5,90,90.0,450,450.0,450
TeamB-48bfd4ea-e9e2-45b5-befc-3383cae87fdf,TeamB,2020-02-23,4,4.75,6,360,90.0,1710,427.5,540
TeamB-48bfd4ea-e9e2-45b5-befc-3383cae87fdf,TeamB,2020-02-24,2,6.0,7,150,75.0,930,465.0,630
TeamB-48bfd4ea-e9e2-45b5-befc-3383cae87fdf,TeamB,2020-02-25,2,3.5,4,200,100.0,710,355.0,440
TeamB-48bfd4ea-e9e2-45b5-befc-3383cae87fdf,TeamB,2020-02-26,1,4.0,4,80,80.0,320,320.0,320
TeamB-48bfd4ea-e9e2-45b5-befc-3383cae87fdf,TeamB,2020-02-29,1,6.0,6,60,60.0,360,360.0,360
TeamB-48bfd4ea-e9e2-45b5-befc-3383cae87fdf,TeamB,2020-03-02,1,4.0,4,80,80.0,320,320.0,320
TeamB-48bfd4ea-e9e2-45b5-befc-3383cae87fdf,TeamB,2020-03-03,2,4.5,5,150,75.0,690,345.0,450
TeamB-48bfd4ea-e9e2-45b5-befc-3383cae87fdf,TeamB,2020-03-05,2,7.0,7,140,70.0,980,490.0,560
TeamB-48bfd4ea-e9e2-45b5-befc-3383cae87fdf,TeamB,2020-03-06,1,6.0,6,70,70.0,420,420.0,420
TeamB-48bfd4ea-e9e2-45b5-befc-3383cae87fdf,TeamB,2020-03-07,1,6.0,6,90,90.0,540,540.0,540
TeamB-48bfd4ea-e9e2-45b5-befc-3383cae87fdf,TeamB,2020-03-09,1,6.0,6,70,70.0,420,420.0,420
TeamB-48bfd4ea-e9e2-45b5-befc-3383cae87fdf,TeamB,2020-03-10,2,5.5,6,140,70.0,780,390.0,480
TeamB-48bfd4ea-e9e2-45b5-befc-3383cae87fdf,TeamB,2020-03-12,1,4.0,4,60,60.0,240,240.0,240
TeamB-48bfd4ea-e9e2-45b5-befc-3383cae87fdf,TeamB,2020-03-13,1,4.0,4,60,60.0,240,240.0,240
TeamB-48bfd4ea-e9e2-45b5-befc-3383cae87fdf,TeamB,2020-03-14,1,5.0,5,90,90.0,450,450.0,450
TeamB-48bfd4ea-e9e2-45b5-befc-3383cae87fdf,TeamB,2020-03-16,1,7.0,7,100,100.0,700,700.0,700
TeamB-48bfd4ea-e9e2-45b5-befc-3383cae87fdf,TeamB,2020-03-17,2,4.0,4,110,55.0,440,220.0,280
TeamB-48bfd4ea-e9e2-45b5-befc-3383cae87fdf,TeamB,2020-03-18,1,7.0,7,60,60.0,420,420.0,420
TeamB-48bfd4ea-e9e2-45b5-befc-3383cae87fdf,TeamB,2020-03-19,1,6.0,6,70,70.0,420,420.0,420
TeamB-48bfd4ea-e9e2-45b5-befc-3383cae87fdf,TeamB,2020-03-21,1,7.0,7,110,110.0,770,770.0,770
TeamB-48bfd4ea-e9e2-45b5-befc-3383cae87fdf,TeamB,2020-03-22,1,5.0,5,60,60.0,300,300.0,300
TeamB-48bfd4ea-e9e2-45b5-befc-3383cae87fdf,TeamB,2020-03-23,1,7.0,7,80,80.0,560,560.0,560
TeamB-48bfd4ea-e9e2-45b5-befc-3383cae87fdf,TeamB,2020-03-24,1,8.0,8,60,60.0,480,480.0,480
TeamB-48bfd4ea-e9e2-45b5-befc-3383cae87fdf,TeamB,2020-03-26,1,5.0,5,90,90.0,450,450.0,450
TeamB-48bfd4ea-e9e2-45b5-befc-3383cae87fdf,TeamB,2020-03-27,1,6.0,6,90,90.0,540,540.0,540
TeamB-48bfd4ea-e9e2-45b5-befc-3383cae87fdf,TeamB,2020-03-28,1,5.0,5,70,70.0,350,350.0,350
TeamB-48bfd4ea-e9e2-45b5-befc-3383cae87fdf,TeamB,2020-03-30,1,8.0,8,110,110.0,880,880.0,880
TeamB-48bfd4ea-e9e2-45b5-befc-3383cae87fdf,TeamB,2020-03-31,1,6.0,6,120,120.0,720,720.0,720
TeamB-48bfd4ea-e9e2-45b5-befc-3383cae87fdf,TeamB,2020-04-02,1,6.0,6,80,80.0,480,480.0,480
TeamB-48bfd4ea-e9e2-45b5-befc-3383cae87fdf,TeamB,2020-04-03,1,7.0,7,90,90.0,630,630.0,630
TeamB-48bfd4ea-e9e2-45b5-befc-3383cae87fdf,TeamB,2020-04-05,1,6.0,6,90,90.0,540,540.0,540
TeamB-48bfd4ea-e9e2-45b5-befc-3383cae87fdf,TeamB,2020-04-06,2,5.0,5,180,90.0,900,450.0,450
TeamB-48bfd4ea-e9e2-45b5-befc-3383cae87fdf,TeamB,2020-04-07,1,7.0,7,90,90.0,630,630.0,630
TeamB-48bfd4ea-e9e2-45b5-befc-3383cae87fdf,TeamB,2020-04-08,1,8.0,8,60,60.0,480,480.0,480
TeamB-48bfd4ea-e9e2-45b5-befc-3383cae87fdf,TeamB,2020-04-09,1,5.0,5,80,80.0,400,400.0,400
TeamB-48bfd4ea-e9e2-45b5-befc-3383cae87fdf,TeamB,2020-04-10,1,5.0,5,80,80.0,400,400.0,400
TeamB-48bfd4ea-e9e2-45b5-befc-3383cae87fdf,TeamB,2020-04-11,1,5.0,5,90,90.0,450,450.0,450
TeamB-48bfd4ea-e9e2-45b5-befc-3383cae87fdf,TeamB,2020-04-13,2,5.0,5,140,70.0,700,350.0,350
TeamB-48bfd4ea-e9e2-45b5-befc-3383cae87fdf,TeamB,2020-04-14,1,6.0,6,90,90.0,540,540.0,540
TeamB-48bfd4ea-e9e2-45b5-befc-3383cae87fdf,TeamB,2020-04-15,1,7.0,7,70,70.0,490,490.0,490
TeamB-48bfd4ea-e9e2-45b5-befc-3383cae87fdf,TeamB,2020-04-16,1,6.0,6,60,60.0,360,360.0,360
TeamB-48bfd4ea-e9e2-45b5-befc-3383cae87fdf,TeamB,2020-04-17,1,7.0,7,60,60.0,420,420.0,420
TeamB-48bfd4ea-e9e2-45b5-befc-3383cae87fdf,TeamB,2020-04-19,1,5.0,5,60,60.0,300,300.0,300
TeamB-48bfd4ea-e9e2-45b5-befc-3383cae87fdf,TeamB,2020-04-20,1,9.0,9,60,60.0,540,540.0,540
TeamB-48bfd4ea-e9e2-45b5-befc-3383cae87fdf,TeamB,2020-04-21,3,6.0,6,200,66.66666666666667,1200,400.0,420
TeamB-48bfd4ea-e9e2-45b5-befc-3383cae87fdf,TeamB,2020-04-22,2,5.5,6,100,50.0,530,265.0,350
TeamB-48bfd4ea-e9e2-45b5-befc-3383cae87fdf,TeamB,2020-04-24,1,5.0,5,90,90.0,450,450.0,450
TeamB-48bfd4ea-e9e2-45b5-befc-3383cae87fdf,TeamB,2020-04-25,1,5.0,5,90,90.0,450,450.0,450
TeamB-48bfd4ea-e9e2-45b5-befc-3383cae87fdf,TeamB,2020-04-27,1,6.0,6,70,70.0,420,420.0,420
TeamB-48bfd4ea-e9e2-45b5-befc-3383cae87fdf,TeamB,2020-04-28,1,7.0,7,70,70.0,490,490.0,490
TeamB-48bfd4ea-e9e2-45b5-befc-3383cae87fdf,TeamB,2020-04-29,1,3.0,3,60,60.0,180,180.0,180
TeamB-48bfd4ea-e9e2-45b5-befc-3383cae87fdf,TeamB,2020-04-30,1,5.0,5,90,90.0,450,450.0,450
TeamB-48bfd4ea-e9e2-45b5-befc-3383cae87fdf,TeamB,2020-05-04,1,5.0,5,30,30.0,150,150.0,150
TeamB-48bfd4ea-e9e2-45b5-befc-3383cae87fdf,TeamB,2020-05-05,1,6.0,6,110,110.0,660,660.0,660
TeamB-48bfd4ea-e9e2-45b5-befc-3383cae87fdf,TeamB,2020-05-06,1,5.0,5,60,60.0,300,300.0,300
TeamB-48bfd4ea-e9e2-45b5-befc-3383cae87fdf,TeamB,2020-05-07,1,4.0,4,40,40.0,160,160.0,160
TeamB-48bfd4ea-e9e2-45b5-befc-3383cae87fdf,TeamB,2020-05-08,1,3.0,3,40,40.0,120,120.0,120
TeamB-48bfd4ea-e9e2-45b5-befc-3383cae87fdf,TeamB,2020-05-09,2,7.0,8,120,60.0,840,420.0,480
TeamB-48bfd4ea-e9e2-45b5-befc-3383cae87fdf,TeamB,2020-05-10,1,5.0,5,120,120.0,600,600.0,600
TeamB-48bfd4ea-e9e2-45b5-befc-3383cae87fdf,TeamB,2020-05-12,1,6.0,6,60,60.0,360,360.0,360
TeamB-48bfd4ea-e9e2-45b5-befc-3383cae87fdf,TeamB,2020-05-13,1,6.0,6,90,90.0,540,540.0,540
TeamB-48bfd4ea-e9e2-45b5-befc-3383cae87fdf,TeamB,2020-05-14,1,8.0,8,90,90.0,720,720.0,720
TeamB-48bfd4ea-e9e2-45b5-befc-3383cae87fdf,TeamB,2020-05-15,2,6.0,6,180,90.0,1080,540.0,540
TeamB-48bfd4ea-e9e2-45b5-befc-3383cae87fdf,TeamB,2020-05-16,1,4.0,4,60,60.0,240,240.0,240
TeamB-48bfd4ea-e9e2-45b5-befc-3383cae87fdf,TeamB,2020-05-18,1,6.0,6,100,100.0,600,600.0,600
TeamB-48bfd4ea-e9e2-45b5-befc-3383cae87fdf,TeamB,2020-05-19,1,7.0,7,120,120.0,840,840.0,840
TeamB-48bfd4ea-e9e2-45b5-befc-3383cae87fdf,TeamB,2020-05-21,1,7.0,7,110,110.0,770,770.0,770
TeamB-48bfd4ea-e9e2-45b5-befc-3383cae87fdf,TeamB,2020-05-22,1,6.0,6,70,70.0,420,420.0,420
TeamB-48bfd4ea-e9e2-45b5-befc-3383cae87fdf,TeamB,2020-05-23,1,7.0,7,40,40.0,280,280.0,280
TeamB-48bfd4ea-e9e2-45b5-befc-3383cae87fdf,TeamB,2020-05-25,1,7.0,7,80,80.0,560,560.0,560
TeamB-48bfd4ea-e9e2-45b5-befc-3383cae87fdf,TeamB,2020-05-26,1,7.0,7,80,80.0,560,560.0,560
TeamB-48bfd4ea-e9e2-45b5-befc-3383cae87fdf,TeamB,2020-05-27,1,4.0,4,30,30.0,120,120.0,120
TeamB-48bfd4ea-e9e2-45b5-befc-3383cae87fdf,TeamB,2020-05-28,1,7.0,7,90,90.0,630,630.0,630
TeamB-48bfd4ea-e9e2-45b5-befc-3383cae87fdf,TeamB,2020-05-29,1,6.0,6,90,90.0,540,540.0,540
TeamB-48bfd4ea-e9e2-45b5-befc-3383cae87fdf,TeamB,2020-05-30,1,5.0,5,50,50.0,250,250.0,250
TeamB-48bfd4ea-e9e2-45b5-befc-3383cae87fdf,TeamB,2020-06-01,1,6.0,6,90,90.0,540,540.0,540
TeamB-48bfd4ea-e9e2-45b5-befc-3383cae87fdf,TeamB,2020-06-02,1,6.0,6,80,80.0,480,480.0,480
TeamB-48bfd4ea-e9e2-45b5-befc-3383cae87fdf,TeamB,2020-06-03,1,5.0,5,60,60.0,300,300.0,300
TeamB-48bfd4ea-e9e2-45b5-befc-3383cae87fdf,TeamB,2020-06-04,1,6.0,6,90,90.0,540,540.0,540
TeamB-48bfd4ea-e9e2-45b5-befc-3383cae87fdf,TeamB,2020-06-05,1,7.0,7,90,90.0,630,630.0,630
TeamB-48bfd4ea-e9e2-45b5-befc-3383cae87fdf,TeamB,2020-06-06,1,4.0,4,40,40.0,160,160.0,160
TeamB-48bfd4ea-e9e2-45b5-befc-3383cae87fdf,TeamB,2020-06-08,1,6.0,6,80,80.0,480,480.0,480
TeamB-48bfd4ea-e9e2-45b5-befc-3383cae87fdf,TeamB,2020-06-09,1,5.0,5,80,80.0,400,400.0,400
TeamB-48bfd4ea-e9e2-45b5-befc-3383cae87fdf,TeamB,2020-06-10,1,6.0,6,90,90.0,540,540.0,540
TeamB-48bfd4ea-e9e2-45b5-befc-3383cae87fdf,TeamB,2020-06-11,1,7.0,7,60,60.0,420,420.0,420
TeamB-48bfd4ea-e9e2-45b5-befc-3383cae87fdf,TeamB,2020-06-12,1,6.0,6,60,60.0,360,360.0,360
TeamB-48bfd4ea-e9e2-45b5-befc-3383cae87fdf,TeamB,2020-06-13,2,5.5,6,60,30.0,330,165.0,180
TeamB-48bfd4ea-e9e2-45b5-befc-3383cae87fdf,TeamB,2020-06-15,1,6.0,6,90,90.0,540,540.0,540
TeamB-48bfd4ea-e9e2-45b5-befc-3383cae87fdf,TeamB,2020-06-16,1,7.0,7,110,110.0,770,770.0,770
TeamB-48bfd4ea-e9e2-45b5-befc-3383cae87fdf,TeamB,2020-06-17,1,5.0,5,90,90.0,450,450.0,450
TeamB-48bfd4ea-e9e2-45b5-befc-3383cae87fdf,TeamB,2020-06-18,1,5.0,5,90,90.0,450,450.0,450
TeamB-48bfd4ea-e9e2-45b5-befc-3383cae87fdf,TeamB,2020-06-19,1,5.0,5,50,50.0,250,250.0,250
TeamB-48bfd4ea-e9e2-45b5-befc-3383cae87fdf,TeamB,2020-06-21,1,5.0,5,60,60.0,300,300.0,300
TeamB-48bfd4ea-e9e2-45b5-befc-3383cae87fdf,TeamB,2020-06-22,1,5.0,5,90,90.0,450,450.0,450
TeamB-48bfd4ea-e9e2-45b5-befc-3383cae87fdf,TeamB,2020-06-23,1,7.0,7,90,90.0,630,630.0,630
TeamB-48bfd4ea-e9e2-45b5-befc-3383cae87fdf,TeamB,2020-06-25,1,6.0,6,80,80.0,480,480.0,480
TeamB-48bfd4ea-e9e2-45b5-befc-3383cae87fdf,TeamB,2020-06-26,1,5.0,5,70,70.0,350,350.0,350
TeamB-48bfd4ea-e9e2-45b5-befc-3383cae87fdf,TeamB,2020-06-27,1,7.0,7,90,90.0,630,630.0,630
TeamB-48bfd4ea-e9e2-45b5-befc-3383cae87fdf,TeamB,2020-06-29,2,4.5,5,100,50.0,460,230.0,300
TeamB-48bfd4ea-e9e2-45b5-befc-3383cae87fdf,TeamB,2020-06-30,1,5.0,5,90,90.0,450,450.0,450
TeamB-48bfd4ea-e9e2-45b5-befc-3383cae87fdf,TeamB,2020-07-01,1,4.0,4,90,90.0,360,360.0,360
TeamB-48bfd4ea-e9e2-45b5-befc-3383cae87fdf,TeamB,2020-07-02,1,5.0,5,90,90.0,450,450.0,450
TeamB-48bfd4ea-e9e2-45b5-befc-3383cae87fdf,TeamB,2020-07-03,1,5.0,5,60,60.0,300,300.0,300
TeamB-48bfd4ea-e9e2-45b5-befc-3383cae87fdf,TeamB,2020-07-04,1,4.0,4,40,40.0,160,160.0,160
TeamB-48bfd4ea-e9e2-45b5-befc-3383cae87fdf,TeamB,2020-07-05,2,6.0,6,100,50.0,600,300.0,300
TeamB-48bfd4ea-e9e2-45b5-befc-3383cae87fdf,TeamB,2020-07-06,2,5.5,7,90,45.0,540,270.0,420
TeamB-48bfd4ea-e9e2-45b5-befc-3383cae87fdf,TeamB,2020-07-07,1,5.0,5,90,90.0,450,450.0,450
TeamB-48bfd4ea-e9e2-45b5-befc-3383cae87fdf,TeamB,2020-07-08,2,6.0,7,120,60.0,700,350.0,350
TeamB-48bfd4ea-e9e2-45b5-befc-3383cae87fdf,TeamB,2020-07-09,1,6.0,6,60,60.0,360,360.0,360
TeamB-48bfd4ea-e9e2-45b5-befc-3383cae87fdf,TeamB,2020-07-11,1,8.0,8,70,70.0,560,560.0,560
TeamB-48bfd4ea-e9e2-45b5-befc-3383cae87fdf,TeamB,2020-07-13,1,7.0,7,90,90.0,630,630.0,630
TeamB-48bfd4ea-e9e2-45b5-befc-3383cae87fdf,TeamB,2020-07-14,1,6.0,6,90,90.0,540,540.0,540
TeamB-48bfd4ea-e9e2-45b5-befc-3383cae87fdf,TeamB,2020-07-15,2,6.5,7,140,70.0,890,445.0,540
TeamB-48bfd4ea-e9e2-45b5-befc-3383cae87fdf,TeamB,2020-07-16,1,6.0,6,60,60.0,360,360.0,360
TeamB-48bfd4ea-e9e2-45b5-befc-3383cae87fdf,TeamB,2020-07-17,1,6.0,6,60,60.0,360,360.0,360
TeamB-48bfd4ea-e9e2-45b5-befc-3383cae87fdf,TeamB,2020-07-19,1,5.0,5,50,50.0,250,250.0,250
TeamB-48bfd4ea-e9e2-45b5-befc-3383cae87fdf,TeamB,2020-07-20,2,5.5,6,100,50.0,550,275.0,300
TeamB-48bfd4ea-e9e2-45b5-befc-3383cae87fdf,TeamB,2020-07-21,1,7.0,7,90,90.0,630,630.0,630
TeamB-48bfd4ea-e9e2-45b5-befc-3383cae87fdf,TeamB,2020-07-22,2,6.0,6,110,55.0,660,330.0,420
TeamB-48bfd4ea-e9e2-45b5-befc-3383cae87fdf,TeamB,2020-07-23,1,6.0,6,60,60.0,360,360.0,360
TeamB-48bfd4ea-e9e2-45b5-befc-3383cae87fdf,TeamB,2020-07-24,1,7.0,7,60,60.0,420,420.0,420
TeamB-48bfd4ea-e9e2-45b5-befc-3383cae87fdf,TeamB,2020-07-25,2,7.0,7,120,60.0,840,420.0,420
TeamB-48bfd4ea-e9e2-45b5-befc-3383cae87fdf,TeamB,2020-07-27,2,5.0,5,100,50.0,500,250.0,300
TeamB-48bfd4ea-e9e2-45b5-befc-3383cae87fdf,TeamB,2020-07-28,1,7.0,7,90,90.0,630,630.0,630
TeamB-48bfd4ea-e9e2-45b5-befc-3383cae87fdf,TeamB,2020-07-29,1,8.0,8,80,80.0,640,640.0,640
TeamB-48bfd4ea-e9e2-45b5-befc-3383cae87fdf,TeamB,2020-07-31,1,6.0,6,90,90.0,540,540.0,540
TeamB-48bfd4ea-e9e2-45b5-befc-3383cae87fdf,TeamB,2020-08-01,1,7.0,7,60,60.0,420,420.0,420
TeamB-48bfd4ea-e9e2-45b5-befc-3383cae87fdf,TeamB,2020-08-02,1,7.0,7,50,50.0,350,350.0,350
TeamB-48bfd4ea-e9e2-45b5-befc-3383cae87fdf,TeamB,2020-08-03,2,5.5,6,90,45.0,510,255.0,360
TeamB-48bfd4ea-e9e2-45b5-befc-3383cae87fdf,TeamB,2020-08-04,1,5.0,5,90,90.0,450,450.0,450
TeamB-48bfd4ea-e9e2-45b5-befc-3383cae87fdf,TeamB,2020-08-05,1,7.0,7,70,70.0,490,490.0,490
TeamB-48bfd4ea-e9e2-45b5-befc-3383cae87fdf,TeamB,2020-08-06,2,6.0,6,110,55.0,660,330.0,420
TeamB-48bfd4ea-e9e2-45b5-befc-3383cae87fdf,TeamB,2020-08-07,1,6.0,6,40,40.0,240,240.0,240
TeamB-48bfd4ea-e9e2-45b5-befc-3383cae87fdf,TeamB,2020-08-10,1,5.0,5,80,80.0,400,400.0,400
TeamB-48bfd4ea-e9e2-45b5-befc-3383cae87fdf,TeamB,2020-08-11,1,7.0,7,70,70.0,490,490.0,490
TeamB-48bfd4ea-e9e2-45b5-befc-3383cae87fdf,TeamB,2020-08-12,1,5.0,5,40,40.0,200,200.0,200
TeamB-48bfd4ea-e9e2-45b5-befc-3383cae87fdf,TeamB,2020-08-13,1,5.0,5,50,50.0,250,250.0,250
TeamB-48bfd4ea-e9e2-45b5-befc-3383cae87fdf,TeamB,2020-08-14,1,7.0,7,60,60.0,420,420.0,420
TeamB-48bfd4ea-e9e2-45b5-befc-3383cae87fdf,TeamB,2020-08-15,1,6.0,6,70,70.0,420,420.0,420
TeamB-48bfd4ea-e9e2-45b5-befc-3383cae87fdf,TeamB,2020-08-16,1,7.0,7,90,90.0,630,630.0,630
TeamB-48bfd4ea-e9e2-45b5-befc-3383cae87fdf,TeamB,2020-08-18,1,5.0,5,90,90.0,450,450.0,450
TeamB-48bfd4ea-e9e2-45b5-befc-3383cae87fdf,TeamB,2020-08-19,1,6.0,6,90,90.0,540,540.0,540
TeamB-48bfd4ea-e9e2-45b5-befc-3383cae87fdf,TeamB,2020-08-20,1,6.0,6,110,110.0,660,660.0,660
TeamB-48bfd4ea-e9e2-45b5-befc-3383cae87fdf,TeamB,2020-08-21,1,6.0,6,70,70.0,420,420.0,420
TeamB-48bfd4ea-e9e2-45b5-befc-3383cae87fdf,TeamB,2020-08-22,1,8.0,8,90,90.0,720,720.0,720
TeamB-48bfd4ea-e9e2-45b5-befc-3383cae87fdf,TeamB,2020-08-24,1,5.0,5,80,80.0,400,400.0,400
TeamB-48bfd4ea-e9e2-45b5-befc-3383cae87fdf,TeamB,2020-08-25,1,5.0,5,60,60.0,300,300.0,300
TeamB-48bfd4ea-e9e2-45b5-befc-3383cae87fdf,TeamB,2020-08-26,1,7.0,7,90,90.0,630,630.0,630
TeamB-48bfd4ea-e9e2-45b5-befc-3383cae87fdf,TeamB,2020-08-27,1,4.0,4,60,60.0,240,240.0,240
TeamB-48bfd4ea-e9e2-45b5-befc-3383cae87fdf,TeamB,2020-08-28,1,5.0,5,60,60.0,300,300.0,300
TeamB-48bfd4ea-e9e2-45b5-befc-3383cae87fdf,TeamB,2020-08-29,1,5.0,5,60,60.0,300,300.0,300
TeamB-48bfd4ea-e9e2-45b5-befc-3383cae87fdf,TeamB,2020-08-30,1,5.0,5,90,90.0,450,450.0,450
TeamB-48bfd4ea-e9e2-45b5-befc-3383cae87fdf,TeamB,2020-09-01,1,5.0,5,90,90.0,450,450.0,450
TeamB-48bfd4ea-e9e2-45b5-befc-3383cae87fdf,TeamB,2020-09-02,1,4.0,4,90,90.0,360,360.0,360
TeamB-48bfd4ea-e9e2-45b5-befc-3383cae87fdf,TeamB,2020-09-03,1,6.0,6,70,70.0,420,420.0,420
TeamB-48bfd4ea-e9e2-45b5-befc-3383cae87fdf,TeamB,2020-09-04,1,6.0,6,80,80.0,480,480.0,480
TeamB-48bfd4ea-e9e2-45b5-befc-3383cae87fdf,TeamB,2020-09-05,1,7.0,7,90,90.0,630,630.0,630
TeamB-48bfd4ea-e9e2-45b5-befc-3383cae87fdf,TeamB,2020-09-07,2,5.0,5,100,50.0,500,250.0,300
TeamB-48bfd4ea-e9e2-45b5-befc-3383cae87fdf,TeamB,2020-09-08,1,5.0,5,90,90.0,450,450.0,450
TeamB-48bfd4ea-e9e2-45b5-befc-3383cae87fdf,TeamB,2020-09-09,1,6.0,6,90,90.0,540,540.0,540
TeamB-48bfd4ea-e9e2-45b5-befc-3383cae87fdf,TeamB,2020-09-11,1,7.0,7,70,70.0,490,490.0,490
TeamB-48bfd4ea-e9e2-45b5-befc-3383cae87fdf,TeamB,2020-09-12,1,7.0,7,90,90.0,630,630.0,630
TeamB-48bfd4ea-e9e2-45b5-befc-3383cae87fdf,TeamB,2020-09-14,1,6.0,6,90,90.0,540,540.0,540
TeamB-48bfd4ea-e9e2-45b5-befc-3383cae87fdf,TeamB,2020-09-15,1,6.0,6,70,70.0,420,420.0,420
TeamB-48bfd4ea-e9e2-45b5-befc-3383cae87fdf,TeamB,2020-09-19,1,7.0,7,80,80.0,560,560.0,560
TeamB-48bfd4ea-e9e2-45b5-befc-3383cae87fdf,TeamB,2020-09-20,1,7.0,7,40,40.0,280,280.0,280
TeamB-48bfd4ea-e9e2-45b5-befc-3383cae87fdf,TeamB,2020-09-21,1,7.0,7,90,90.0,630,630.0,630
TeamB-48bfd4ea-e9e2-45b5-befc-3383cae87fdf,TeamB,2020-09-22,2,5.5,7,130,65.0,790,395.0,630
TeamB-48bfd4ea-e9e2-45b5-befc-3383cae87fdf,TeamB,2020-09-24,1,6.0,6,80,80.0,480,480.0,480
TeamB-48bfd4ea-e9e2-45b5-befc-3383cae87fdf,TeamB,2020-09-25,1,6.0,6,70,70.0,420,420.0,420
TeamB-48bfd4ea-e9e2-45b5-befc-3383cae87fdf,TeamB,2020-09-26,1,6.0,6,70,70.0,420,420.0,420
TeamB-48bfd4ea-e9e2-45b5-befc-3383cae87fdf,TeamB,2020-09-27,1,5.0,5,90,90.0,450,450.0,450
TeamB-48bfd4ea-e9e2-45b5-befc-3383cae87fdf,TeamB,2020-09-29,1,6.0,6,90,90.0,540,540.0,540
TeamB-48bfd4ea-e9e2-45b5-befc-3383cae87fdf,TeamB,2020-09-30,1,7.0,7,120,120.0,840,840.0,840
TeamB-48bfd4ea-e9e2-45b5-befc-3383cae87fdf,TeamB,2020-10-01,1,6.0,6,90,90.0,540,540.0,540
TeamB-48bfd4ea-e9e2-45b5-befc-3383cae87fdf,TeamB,2020-10-02,2,6.0,6,140,70.0,840,420.0,600
TeamB-48bfd4ea-e9e2-45b5-befc-3383cae87fdf,TeamB,2020-10-03,1,7.0,7,30,30.0,210,210.0,210
TeamB-48bfd4ea-e9e2-45b5-befc-3383cae87fdf,TeamB,2020-10-05,1,7.0,7,90,90.0,630,630.0,630
TeamB-48bfd4ea-e9e2-45b5-befc-3383cae87fdf,TeamB,2020-10-06,1,6.0,6,90,90.0,540,540.0,540
TeamB-48bfd4ea-e9e2-45b5-befc-3383cae87fdf,TeamB,2020-10-08,2,7.5,8,120,60.0,900,450.0,480
TeamB-48bfd4ea-e9e2-45b5-befc-3383cae87fdf,TeamB,2020-10-10,2,6.0,6,140,70.0,840,420.0,540
TeamB-48bfd4ea-e9e2-45b5-befc-3383cae87fdf,TeamB,2020-10-11,1,7.0,7,90,90.0,630,630.0,630
TeamB-48bfd4ea-e9e2-45b5-befc-3383cae87fdf,TeamB,2020-10-13,2,6.5,7,150,75.0,1010,505.0,770
TeamB-48bfd4ea-e9e2-45b5-befc-3383cae87fdf,TeamB,2020-10-14,1,5.0,5,100,100.0,500,500.0,500
TeamB-48bfd4ea-e9e2-45b5-befc-3383cae87fdf,TeamB,2020-10-16,1,7.0,7,120,120.0,840,840.0,840
TeamB-48bfd4ea-e9e2-45b5-befc-3383cae87fdf,TeamB,2020-10-17,1,7.0,7,60,60.0,420,420.0,420
TeamB-48bfd4ea-e9e2-45b5-befc-3383cae87fdf,TeamB,2020-10-18,1,7.0,7,90,90.0,630,630.0,630
TeamB-48bfd4ea-e9e2-45b5-befc-3383cae87fdf,TeamB,2020-10-19,1,4.0,4,60,60.0,240,240.0,240
TeamB-48bfd4ea-e9e2-45b5-befc-3383cae87fdf,TeamB,2020-10-21,2,7.0,8,140,70.0,960,480.0,480
TeamB-48bfd4ea-e9e2-45b5-befc-3383cae87fdf,TeamB,2020-10-22,1,7.0,7,110,110.0,770,770.0,770
TeamB-48bfd4ea-e9e2-45b5-befc-3383cae87fdf,TeamB,2020-10-23,1,4.0,4,90,90.0,360,360.0,360
TeamB-48bfd4ea-e9e2-45b5-befc-3383cae87fdf,TeamB,2020-10-25,1,6.0,6,60,60.0,360,360.0,360
TeamB-48bfd4ea-e9e2-45b5-befc-3383cae87fdf,TeamB,2020-10-26,1,7.0,7,90,90.0,630,630.0,630
TeamB-48bfd4ea-e9e2-45b5-befc-3383cae87fdf,TeamB,2020-10-27,2,6.5,8,160,80.0,1130,565.0,880
TeamB-48bfd4ea-e9e2-45b5-befc-3383cae87fdf,TeamB,2020-10-29,1,5.0,5,90,90.0,450,450.0,450
TeamB-48bfd4ea-e9e2-45b5-befc-3383cae87fdf,TeamB,2020-10-30,1,6.0,6,110,110.0,660,660.0,660
TeamB-48bfd4ea-e9e2-45b5-befc-3383cae87fdf,TeamB,2020-10-31,1,5.0,5,60,60.0,300,300.0,300
TeamB-48bfd4ea-e9e2-45b5-befc-3383cae87fdf,TeamB,2020-11-01,1,8.0,8,90,90.0,720,720.0,720
TeamB-48bfd4ea-e9e2-45b5-befc-3383cae87fdf,TeamB,2020-11-02,1,5.0,5,80,80.0,400,400.0,400
TeamB-48bfd4ea-e9e2-45b5-befc-3383cae87fdf,TeamB,2020-11-03,1,6.0,6,60,60.0,360,360.0,360
TeamB-48bfd4ea-e9e2-45b5-befc-3383cae87fdf,TeamB,2020-11-05,1,4.0,4,60,60.0,240,240.0,240
TeamB-48bfd4ea-e9e2-45b5-befc-3383cae87fdf,TeamB,2020-11-06,1,6.0,6,90,90.0,540,540.0,540
TeamB-48bfd4ea-e9e2-45b5-befc-3383cae87fdf,TeamB,2020-11-07,1,5.0,5,90,90.0,450,450.0,450
TeamB-48bfd4ea-e9e2-45b5-befc-3383cae87fdf,TeamB,2020-11-09,1,4.0,4,40,40.0,160,160.0,160
TeamB-48bfd4ea-e9e2-45b5-befc-3383cae87fdf,TeamB,2020-11-10,1,7.0,7,80,80.0,560,560.0,560
TeamB-48bfd4ea-e9e2-45b5-befc-3383cae87fdf,TeamB,2020-11-12,1,6.0,6,70,70.0,420,420.0,420
TeamB-48bfd4ea-e9e2-45b5-befc-3383cae87fdf,TeamB,2020-11-13,1,5.0,5,50,50.0,250,250.0,250
TeamB-48bfd4ea-e9e2-45b5-befc-3383cae87fdf,TeamB,2020-11-14,1,7.0,7,120,120.0,840,840.0,840
TeamB-48bfd4ea-e9e2-45b5-befc-3383cae87fdf,TeamB,2020-11-15,1,7.0,7,100,100.0,700,700.0,700
TeamB-48bfd4ea-e9e2-45b5-befc-3383cae87fdf,TeamB,2020-11-16,1,6.0,6,60,60.0,360,360.0,360
TeamB-48bfd4ea-e9e2-45b5-befc-3383cae87fdf,TeamB,2020-11-18,1,6.0,6,60,60.0,360,360.0,360
TeamB-48bfd4ea-e9e2-45b5-befc-3383cae87fdf,TeamB,2020-11-19,1,5.0,5,90,90.0,450,450.0,450
TeamB-48bfd4ea-e9e2-45b5-befc-3383cae87fdf,TeamB,2020-11-21,1,6.0,6,60,60.0,360,360.0,360
TeamB-48bfd4ea-e9e2-45b5-befc-3383cae87fdf,TeamB,2020-11-23,1,7.0,7,60,60.0,420,420.0,420
TeamB-48bfd4ea-e9e2-45b5-befc-3383cae87fdf,TeamB,2020-11-24,1,7.0,7,50,50.0,350,350.0,350
TeamB-48bfd4ea-e9e2-45b5-befc-3383cae87fdf,TeamB,2020-11-28,1,6.0,6,30,30.0,180,180.0,180
TeamB-48bfd4ea-e9e2-45b5-befc-3383cae87fdf,TeamB,2020-11-30,1,7.0,7,70,70.0,490,490.0,490
TeamB-48bfd4ea-e9e2-45b5-befc-3383cae87fdf,TeamB,2020-12-01,1,6.0,6,70,70.0,420,420.0,420
TeamB-48bfd4ea-e9e2-45b5-befc-3383cae87fdf,TeamB,2020-12-02,1,6.0,6,60,60.0,360,360.0,360
TeamB-48bfd4ea-e9e2-45b5-befc-3383cae87fdf,TeamB,2020-12-04,1,7.0,7,90,90.0,630,630.0,630
TeamB-48bfd4ea-e9e2-45b5-befc-3383cae87fdf,TeamB,2020-12-05,1,6.0,6,70,70.0,420,420.0,420
TeamB-48bfd4ea-e9e2-45b5-befc-3383cae87fdf,TeamB,2020-12-06,1,6.0,6,90,90.0,540,540.0,540
TeamB-48bfd4ea-e9e2-45b5-befc-3383cae87fdf,TeamB,2020-12-08,1,7.0,7,60,60.0,420,420.0,420
TeamB-48bfd4ea-e9e2-45b5-befc-3383cae87fdf,TeamB,2020-12-09,1,6.0,6,60,60.0,360,360.0,360
TeamB-48bfd4ea-e9e2-45b5-befc-3383cae87fdf,TeamB,2020-12-10,1,7.0,7,80,80.0,560,560.0,560
TeamB-48bfd4ea-e9e2-45b5-befc-3383cae87fdf,TeamB,2020-12-12,1,6.0,6,60,60.0,360,360.0,360
TeamB-48bfd4ea-e9e2-45b5-befc-3383cae87fdf,TeamB,2020-12-13,1,8.0,8,120,120.0,960,960.0,960
TeamB-48bfd4ea-e9e2-45b5-befc-3383cae87fdf,TeamB,2021-01-20,1,7.0,7,90,90.0,630,630.0,630
TeamB-48bfd4ea-e9e2-45b5-befc-3383cae87fdf,TeamB,2021-01-21,1,7.0,7,40,40.0,280,280.0,280
TeamB-48bfd4ea-e9e2-45b5-befc-3383cae87fdf,TeamB,2021-01-22,1,8.0,8,100,100.0,800,800.0,800
TeamB-48bfd4ea-e9e2-45b5-befc-3383cae87fdf,TeamB,2021-01-24,2,8.0,9,110,55.0,850,425.0,490
TeamB-48bfd4ea-e9e2-45b5-befc-3383cae87fdf,TeamB,2021-01-25,1,5.0,5,60,60.0,300,300.0,300
TeamB-48bfd4ea-e9e2-45b5-befc-3383cae87fdf,TeamB,2021-01-26,2,7.0,8,110,55.0,800,400.0,560
TeamB-48bfd4ea-e9e2-45b5-befc-3383cae87fdf,TeamB,2021-01-28,1,6.0,6,70,70.0,420,420.0,420
TeamB-48bfd4ea-e9e2-45b5-befc-3383cae87fdf,TeamB,2021-01-29,2,7.0,7,110,55.0,770,385.0,420
TeamB-48bfd4ea-e9e2-45b5-befc-3383cae87fdf,TeamB,2021-01-30,1,5.0,5,60,60.0,300,300.0,300
TeamB-48bfd4ea-e9e2-45b5-befc-3383cae87fdf,TeamB,2021-02-01,1,7.0,7,110,110.0,770,770.0,770
TeamB-48bfd4ea-e9e2-45b5-befc-3383cae87fdf,TeamB,2021-02-02,1,6.0,6,110,110.0,660,660.0,660
TeamB-48bfd4ea-e9e2-45b5-befc-3383cae87fdf,TeamB,2021-02-03,1,4.0,4,60,60.0,240,240.0,240
TeamB-48bfd4ea-e9e2-45b5-befc-3383cae87fdf,TeamB,2021-02-04,1,5.0,5,50,50.0,250,250.0,250
TeamB-48bfd4ea-e9e2-45b5-befc-3383cae87fdf,TeamB,2021-02-05,1,6.0,6,70,70.0,420,420.0,420
TeamB-48bfd4ea-e9e2-45b5-befc-3383cae87fdf,TeamB,2021-02-07,1,6.0,6,110,110.0,660,660.0,660
TeamB-48bfd4ea-e9e2-45b5-befc-3383cae87fdf,TeamB,2021-02-08,1,7.0,7,120,120.0,840,840.0,840
TeamB-48bfd4ea-e9e2-45b5-befc-3383cae87fdf,TeamB,2021-02-10,1,6.0,6,60,60.0,360,360.0,360
TeamB-48bfd4ea-e9e2-45b5-befc-3383cae87fdf,TeamB,2021-02-13,1,8.0,8,40,40.0,320,320.0,320
TeamB-48bfd4ea-e9e2-45b5-befc-3383cae87fdf,TeamB,2021-02-15,1,8.0,8,30,30.0,240,240.0,240
TeamB-48bfd4ea-e9e2-45b5-befc-3383cae87fdf,TeamB,2021-02-16,1,7.0,7,40,40.0,280,280.0,280
TeamB-48bfd4ea-e9e2-45b5-befc-3383cae87fdf,TeamB,2021-02-18,1,8.0,8,30,30.0,240,240.0,240
TeamB-48bfd4ea-e9e2-45b5-befc-3383cae87fdf,TeamB,2021-02-20,1,6.0,6,80,80.0,480,480.0,480
TeamB-48bfd4ea-e9e2-45b5-befc-3383cae87fdf,TeamB,2021-02-21,2,6.0,7,150,75.0,870,435.0,450
TeamB-48bfd4ea-e9e2-45b5-befc-3383cae87fdf,TeamB,2021-02-22,1,7.0,7,70,70.0,490,490.0,490
TeamB-48bfd4ea-e9e2-45b5-befc-3383cae87fdf,TeamB,2021-02-24,2,5.5,6,150,75.0,840,420.0,540
TeamB-48bfd4ea-e9e2-45b5-befc-3383cae87fdf,TeamB,2021-02-25,1,7.0,7,90,90.0,630,630.0,630
TeamB-48bfd4ea-e9e2-45b5-befc-3383cae87fdf,TeamB,2021-02-26,2,6.0,7,150,75.0,870,435.0,450
TeamB-48bfd4ea-e9e2-45b5-befc-3383cae87fdf,TeamB,2021-03-01,2,4.5,5,120,60.0,540,270.0,300
TeamB-48bfd4ea-e9e2-45b5-befc-3383cae87fdf,TeamB,2021-03-02,1,7.0,7,180,180.0,1260,1260.0,1260
TeamB-48bfd4ea-e9e2-45b5-befc-3383cae87fdf,TeamB,2021-03-04,2,6.0,7,150,75.0,870,435.0,450
TeamB-48bfd4ea-e9e2-45b5-befc-3383cae87fdf,TeamB,2021-03-05,1,7.0,7,120,120.0,840,840.0,840
TeamB-48bfd4ea-e9e2-45b5-befc-3383cae87fdf,TeamB,2021-03-06,2,6.5,7,140,70.0,930,465.0,630
TeamB-48bfd4ea-e9e2-45b5-befc-3383cae87fdf,TeamB,2021-03-08,2,6.0,6,130,65.0,780,390.0,540
TeamB-48bfd4ea-e9e2-45b5-befc-3383cae87fdf,TeamB,2021-03-09,1,7.0,7,90,90.0,630,630.0,630
TeamB-48bfd4ea-e9e2-45b5-befc-3383cae87fdf,TeamB,2021-03-11,1,8.0,8,90,90.0,720,720.0,720
TeamB-48bfd4ea-e9e2-45b5-befc-3383cae87fdf,TeamB,2021-03-12,1,6.0,6,90,90.0,540,540.0,540
TeamB-48bfd4ea-e9e2-45b5-befc-3383cae87fdf,TeamB,2021-03-13,2,6.0,6,140,70.0,840,420.0,540
TeamB-48bfd4ea-e9e2-45b5-befc-3383cae87fdf,TeamB,2021-03-15,2,6.5,7,160,80.0,1060,530.0,700
TeamB-48bfd4ea-e9e2-45b5-befc-3383cae87fdf,TeamB,2021-03-16,1,6.0,6,90,90.0,540,540.0,540
TeamB-48bfd4ea-e9e2-45b5-befc-3383cae87fdf,TeamB,2021-03-18,2,5.5,6,150,75.0,840,420.0,540
TeamB-48bfd4ea-e9e2-45b5-befc-3383cae87fdf,TeamB,2021-03-19,1,7.0,7,90,90.0,630,630.0,630
TeamB-48bfd4ea-e9e2-45b5-befc-3383cae87fdf,TeamB,2021-03-20,2,5.0,6,120,60.0,660,330.0,540
TeamB-48bfd4ea-e9e2-45b5-befc-3383cae87fdf,TeamB,2021-03-22,1,7.0,7,120,120.0,840,840.0,840
TeamB-48bfd4ea-e9e2-45b5-befc-3383cae87fdf,TeamB,2021-03-23,1,7.0,7,120,120.0,840,840.0,840
TeamB-48bfd4ea-e9e2-45b5-befc-3383cae87fdf,TeamB,2021-03-25,1,7.0,7,120,120.0,840,840.0,840
TeamB-48bfd4ea-e9e2-45b5-befc-3383cae87fdf,TeamB,2021-03-27,1,7.0,7,120,120.0,840,840.0,840
TeamB-48bfd4ea-e9e2-45b5-befc-3383cae87fdf,TeamB,2021-03-29,1,5.0,5,120,120.0,600,600.0,600
TeamB-48bfd4ea-e9e2-45b5-befc-3383cae87fdf,TeamB,2021-03-30,2,6.5,7,160,80.0,1080,540.0,840
TeamB-48bfd4ea-e9e2-45b5-befc-3383cae87fdf,TeamB,2021-03-31,1,7.0,7,120,120.0,840,840.0,840
TeamB-48bfd4ea-e9e2-45b5-befc-3383cae87fdf,TeamB,2021-04-06,2,6.0,8,150,75.0,1080,540.0,960
TeamB-48bfd4ea-e9e2-45b5-befc-3383cae87fdf,TeamB,2021-04-08,1,5.0,5,70,70.0,350,350.0,350
TeamB-48bfd4ea-e9e2-45b5-befc-3383cae87fdf,TeamB,2021-04-09,1,6.0,6,60,60.0,360,360.0,360
TeamB-48bfd4ea-e9e2-45b5-befc-3383cae87fdf,TeamB,2021-04-10,1,4.0,4,40,40.0,160,160.0,160
TeamB-48bfd4ea-e9e2-45b5-befc-3383cae87fdf,TeamB,2021-04-12,1,7.0,7,80,80.0,560,560.0,560
TeamB-48bfd4ea-e9e2-45b5-befc-3383cae87fdf,TeamB,2021-04-13,1,5.0,5,60,60.0,300,300.0,300
TeamB-48bfd4ea-e9e2-45b5-befc-3383cae87fdf,TeamB,2021-04-15,1,6.0,6,100,100.0,600,600.0,600
TeamB-48bfd4ea-e9e2-45b5-befc-3383cae87fdf,TeamB,2021-04-16,1,6.0,6,100,100.0,600,600.0,600
TeamB-48bfd4ea-e9e2-45b5-befc-3383cae87fdf,TeamB,2021-04-19,1,5.0,5,100,100.0,500,500.0,500
TeamB-48bfd4ea-e9e2-45b5-befc-3383cae87fdf,TeamB,2021-04-20,1,5.0,5,90,90.0,450,450.0,450
TeamB-48bfd4ea-e9e2-45b5-befc-3383cae87fdf,TeamB,2021-04-21,1,6.0,6,60,60.0,360,360.0,360
TeamB-48bfd4ea-e9e2-45b5-befc-3383cae87fdf,TeamB,2021-04-26,1,5.0,5,100,100.0,500,500.0,500
TeamB-48bfd4ea-e9e2-45b5-befc-3383cae87fdf,TeamB,2021-04-27,1,7.0,7,120,120.0,840,840.0,840
TeamB-48bfd4ea-e9e2-45b5-befc-3383cae87fdf,TeamB,2021-04-28,1,7.0,7,30,30.0,210,210.0,210
TeamB-48bfd4ea-e9e2-45b5-befc-3383cae87fdf,TeamB,2021-04-29,1,7.0,7,100,100.0,700,700.0,700
TeamB-48bfd4ea-e9e2-45b5-befc-3383cae87fdf,TeamB,2021-04-30,1,5.0,5,110,110.0,550,550.0,550
TeamB-48bfd4ea-e9e2-45b5-befc-3383cae87fdf,TeamB,2021-05-03,1,5.0,5,90,90.0,450,450.0,450
TeamB-48bfd4ea-e9e2-45b5-befc-3383cae87fdf,TeamB,2021-05-04,1,7.0,7,120,120.0,840,840.0,840
TeamB-48bfd4ea-e9e2-45b5-befc-3383cae87fdf,TeamB,2021-05-05,1,7.0,7,120,120.0,840,840.0,840
TeamB-48bfd4ea-e9e2-45b5-befc-3383cae87fdf,TeamB,2021-05-06,1,4.0,4,60,60.0,240,240.0,240
TeamB-48bfd4ea-e9e2-45b5-befc-3383cae87fdf,TeamB,2021-05-07,1,7.0,7,80,80.0,560,560.0,560
TeamB-48bfd4ea-e9e2-45b5-befc-3383cae87fdf,TeamB,2021-05-08,1,8.0,8,90,90.0,720,720.0,720
TeamB-48bfd4ea-e9e2-45b5-befc-3383cae87fdf,TeamB,2021-05-12,1,3.0,3,40,40.0,120,120.0,120
TeamB-48bfd4ea-e9e2-45b5-befc-3383cae87fdf,TeamB,2021-05-14,1,6.0,6,60,60.0,360,360.0,360
TeamB-48bfd4ea-e9e2-45b5-befc-3383cae87fdf,TeamB,2021-05-18,1,6.0,6,90,90.0,540,540.0,540
TeamB-48bfd4ea-e9e2-45b5-befc-3383cae87fdf,TeamB,2021-05-19,1,6.0,6,110,110.0,660,660.0,660
TeamB-48bfd4ea-e9e2-45b5-befc-3383cae87fdf,TeamB,2021-05-21,1,6.0,6,80,80.0,480,480.0,480
TeamB-48bfd4ea-e9e2-45b5-befc-3383cae87fdf,TeamB,2021-05-24,1,6.0,6,90,90.0,540,540.0,540
TeamB-48bfd4ea-e9e2-45b5-befc-3383cae87fdf,TeamB,2021-05-25,1,7.0,7,90,90.0,630,630.0,630
TeamB-48bfd4ea-e9e2-45b5-befc-3383cae87fdf,TeamB,2021-05-26,1,7.0,7,120,120.0,840,840.0,840
TeamB-48bfd4ea-e9e2-45b5-befc-3383cae87fdf,TeamB,2021-05-28,1,7.0,7,80,80.0,560,560.0,560
TeamB-48bfd4ea-e9e2-45b5-befc-3383cae87fdf,TeamB,2021-05-31,2,6.5,7,130,65.0,840,420.0,420
TeamB-48bfd4ea-e9e2-45b5-befc-3383cae87fdf,TeamB,2021-06-01,1,8.0,8,110,110.0,880,880.0,880
TeamB-48bfd4ea-e9e2-45b5-befc-3383cae87fdf,TeamB,2021-06-02,2,5.5,6,180,90.0,1020,510.0,720
TeamB-48bfd4ea-e9e2-45b5-befc-3383cae87fdf,TeamB,2021-06-04,1,6.0,6,70,70.0,420,420.0,420
TeamB-48bfd4ea-e9e2-45b5-befc-3383cae87fdf,TeamB,2021-06-07,2,6.5,7,140,70.0,900,450.0,480
TeamB-48bfd4ea-e9e2-45b5-befc-3383cae87fdf,TeamB,2021-06-08,1,6.0,6,80,80.0,480,480.0,480
TeamB-48bfd4ea-e9e2-45b5-befc-3383cae87fdf,TeamB,2021-06-09,1,5.0,5,80,80.0,400,400.0,400
TeamB-48bfd4ea-e9e2-45b5-befc-3383cae87fdf,TeamB,2021-06-14,2,5.5,7,130,65.0,700,350.0,420
TeamB-48bfd4ea-e9e2-45b5-befc-3383cae87fdf,TeamB,2021-06-17,1,7.0,7,70,70.0,490,490.0,490
TeamB-48bfd4ea-e9e2-45b5-befc-3383cae87fdf,TeamB,2021-06-18,2,5.5,6,160,80.0,900,450.0,600
TeamB-48bfd4ea-e9e2-45b5-befc-3383cae87fdf,TeamB,2021-06-20,1,6.0,6,110,110.0,660,660.0,660
TeamB-48bfd4ea-e9e2-45b5-befc-3383cae87fdf,TeamB,2021-06-21,1,7.0,7,70,70.0,490,490.0,490
TeamB-48bfd4ea-e9e2-45b5-befc-3383cae87fdf,TeamB,2021-06-22,1,7.0,7,90,90.0,630,630.0,630
TeamB-48bfd4ea-e9e2-45b5-befc-3383cae87fdf,TeamB,2021-06-23,1,7.0,7,70,70.0,490,490.0,490
TeamB-48bfd4ea-e9e2-45b5-befc-3383cae87fdf,TeamB,2021-06-25,1,6.0,6,70,70.0,420,420.0,420
TeamB-48bfd4ea-e9e2-45b5-befc-3383cae87fdf,TeamB,2021-06-26,1,6.0,6,90,90.0,540,540.0,540
TeamB-48bfd4ea-e9e2-45b5-befc-3383cae87fdf,TeamB,2021-06-27,1,6.0,6,70,70.0,420,420.0,420
TeamB-48bfd4ea-e9e2-45b5-befc-3383cae87fdf,TeamB,2021-06-29,1,6.0,6,70,70.0,420,420.0,420
TeamB-48bfd4ea-e9e2-45b5-befc-3383cae87fdf,TeamB,2021-06-30,1,7.0,7,90,90.0,630,630.0,630
TeamB-48bfd4ea-e9e2-45b5-befc-3383cae87fdf,TeamB,2021-07-01,1,6.0,6,60,60.0,360,360.0,360
TeamB-48bfd4ea-e9e2-45b5-befc-3383cae87fdf,TeamB,2021-07-03,1,5.0,5,70,70.0,350,350.0,350
TeamB-48bfd4ea-e9e2-45b5-befc-3383cae87fdf,TeamB,2021-07-04,1,6.0,6,90,90.0,540,540.0,540
TeamB-48bfd4ea-e9e2-45b5-befc-3383cae87fdf,TeamB,2021-07-06,2,6.0,6,130,65.0,780,390.0,420
TeamB-48bfd4ea-e9e2-45b5-befc-3383cae87fdf,TeamB,2021-07-07,1,6.0,6,110,110.0,660,660.0,660
TeamB-48bfd4ea-e9e2-45b5-befc-3383cae87fdf,TeamB,2021-07-09,1,6.0,6,70,70.0,420,420.0,420
TeamB-48bfd4ea-e9e2-45b5-befc-3383cae87fdf,TeamB,2021-07-10,1,6.0,6,90,90.0,540,540.0,540
TeamB-48bfd4ea-e9e2-45b5-befc-3383cae87fdf,TeamB,2021-07-11,1,6.0,6,70,70.0,420,420.0,420
TeamB-48bfd4ea-e9e2-45b5-befc-3383cae87fdf,TeamB,2021-07-14,1,9.0,9,90,90.0,810,810.0,810
TeamB-48bfd4ea-e9e2-45b5-befc-3383cae87fdf,TeamB,2021-07-31,1,6.0,6,100,100.0,600,600.0,600
TeamB-48bfd4ea-e9e2-45b5-befc-3383cae87fdf,TeamB,2021-08-01,1,7.0,7,90,90.0,630,630.0,630
TeamB-48bfd4ea-e9e2-45b5-befc-3383cae87fdf,TeamB,2021-08-02,1,7.0,7,50,50.0,350,350.0,350
TeamB-48bfd4ea-e9e2-45b5-befc-3383cae87fdf,TeamB,2021-08-03,2,6.0,7,130,65.0,730,365.0,450
TeamB-48bfd4ea-e9e2-45b5-befc-3383cae87fdf,TeamB,2021-08-05,1,7.0,7,110,110.0,770,770.0,770
TeamB-48bfd4ea-e9e2-45b5-befc-3383cae87fdf,TeamB,2021-08-06,1,7.0,7,70,70.0,490,490.0,490
TeamB-48bfd4ea-e9e2-45b5-befc-3383cae87fdf,TeamB,2021-08-07,1,8.0,8,90,90.0,720,720.0,720
TeamB-48bfd4ea-e9e2-45b5-befc-3383cae87fdf,TeamB,2021-08-08,1,7.0,7,90,90.0,630,630.0,630
TeamB-48bfd4ea-e9e2-45b5-befc-3383cae87fdf,TeamB,2021-08-10,2,7.5,8,170,85.0,1250,625.0,770
TeamB-48bfd4ea-e9e2-45b5-befc-3383cae87fdf,TeamB,2021-08-11,1,7.0,7,90,90.0,630,630.0,630
TeamB-48bfd4ea-e9e2-45b5-befc-3383cae87fdf,TeamB,2021-08-13,1,6.0,6,70,70.0,420,420.0,420
TeamB-48bfd4ea-e9e2-45b5-befc-3383cae87fdf,TeamB,2021-08-14,1,7.0,7,90,90.0,630,630.0,630
TeamB-48bfd4ea-e9e2-45b5-befc-3383cae87fdf,TeamB,2021-08-17,1,5.0,5,60,60.0,300,300.0,300
TeamB-48bfd4ea-e9e2-45b5-befc-3383cae87fdf,TeamB,2021-08-19,1,7.0,7,60,60.0,420,420.0,420
TeamB-48bfd4ea-e9e2-45b5-befc-3383cae87fdf,TeamB,2021-08-20,1,6.0,6,60,60.0,360,360.0,360
TeamB-48bfd4ea-e9e2-45b5-befc-3383cae87fdf,TeamB,2021-08-21,1,6.0,6,90,90.0,540,540.0,540
TeamB-48bfd4ea-e9e2-45b5-befc-3383cae87fdf,TeamB,2021-08-23,1,7.0,7,80,80.0,560,560.0,560
TeamB-48bfd4ea-e9e2-45b5-befc-3383cae87fdf,TeamB,2021-08-24,1,6.0,6,50,50.0,300,300.0,300
TeamB-48bfd4ea-e9e2-45b5-befc-3383cae87fdf,TeamB,2021-08-26,1,6.0,6,90,90.0,540,540.0,540
TeamB-48bfd4ea-e9e2-45b5-befc-3383cae87fdf,TeamB,2021-08-27,1,6.0,6,80,80.0,480,480.0,480
TeamB-48bfd4ea-e9e2-45b5-befc-3383cae87fdf,TeamB,2021-08-28,1,8.0,8,90,90.0,720,720.0,720
TeamB-48bfd4ea-e9e2-45b5-befc-3383cae87fdf,TeamB,2021-08-30,1,5.0,5,70,70.0,350,350.0,350
TeamB-48bfd4ea-e9e2-45b5-befc-3383cae87fdf,TeamB,2021-08-31,1,6.0,6,80,80.0,480,480.0,480
TeamB-48bfd4ea-e9e2-45b5-befc-3383cae87fdf,TeamB,2021-09-02,1,7.0,7,50,50.0,350,350.0,350
TeamB-48bfd4ea-e9e2-45b5-befc-3383cae87fdf,TeamB,2021-09-03,1,6.0,6,70,70.0,420,420.0,420
TeamB-48bfd4ea-e9e2-45b5-befc-3383cae87fdf,TeamB,2021-09-05,1,6.0,6,90,90.0,540,540.0,540
TeamB-48bfd4ea-e9e2-45b5-befc-3383cae87fdf,TeamB,2021-09-07,1,6.0,6,60,60.0,360,360.0,360
TeamB-48bfd4ea-e9e2-45b5-befc-3383cae87fdf,TeamB,2021-09-10,1,5.0,5,50,50.0,250,250.0,250
TeamB-48bfd4ea-e9e2-45b5-befc-3383cae87fdf,TeamB,2021-09-11,1,7.0,7,90,90.0,630,630.0,630
TeamB-48bfd4ea-e9e2-45b5-befc-3383cae87fdf,TeamB,2021-09-14,1,7.0,7,50,50.0,350,350.0,350
TeamB-48bfd4ea-e9e2-45b5-befc-3383cae87fdf,TeamB,2021-09-15,1,7.0,7,60,60.0,420,420.0,420
TeamB-48bfd4ea-e9e2-45b5-befc-3383cae87fdf,TeamB,2021-09-16,1,7.0,7,70,70.0,490,490.0,490
TeamB-48bfd4ea-e9e2-45b5-befc-3383cae87fdf,TeamB,2021-09-17,2,7.0,7,130,65.0,910,455.0,490
TeamB-48bfd4ea-e9e2-45b5-befc-3383cae87fdf,TeamB,2021-09-22,3,6.666666666666667,8,270,90.0,1740,580.0,720
TeamB-48bfd4ea-e9e2-45b5-befc-3383cae87fdf,TeamB,2021-09-24,1,6.0,6,90,90.0,540,540.0,540
TeamB-48bfd4ea-e9e2-45b5-befc-3383cae87fdf,TeamB,2021-09-25,1,6.0,6,60,60.0,360,360.0,360
TeamB-48bfd4ea-e9e2-45b5-befc-3383cae87fdf,TeamB,2021-09-26,1,8.0,8,90,90.0,720,720.0,720
TeamB-48bfd4ea-e9e2-45b5-befc-3383cae87fdf,TeamB,2021-09-28,1,6.0,6,100,100.0,600,600.0,600
TeamB-48bfd4ea-e9e2-45b5-befc-3383cae87fdf,TeamB,2021-09-29,2,5.5,6,150,75.0,810,405.0,450
TeamB-48bfd4ea-e9e2-45b5-befc-3383cae87fdf,TeamB,2021-10-12,1,7.0,7,60,60.0,420,420.0,420
TeamB-48bfd4ea-e9e2-45b5-befc-3383cae87fdf,TeamB,2021-10-22,1,7.0,7,60,60.0,420,420.0,420
TeamB-48bfd4ea-e9e2-45b5-befc-3383cae87fdf,TeamB,2021-10-26,1,8.0,8,70,70.0,560,560.0,560
TeamB-48bfd4ea-e9e2-45b5-befc-3383cae87fdf,TeamB,2021-10-27,1,6.0,6,60,60.0,360,360.0,360
TeamB-48bfd4ea-e9e2-45b5-befc-3383cae87fdf,TeamB,2021-10-30,1,8.0,8,80,80.0,640,640.0,640
TeamB-48bfd4ea-e9e2-45b5-befc-3383cae87fdf,TeamB,2021-11-02,1,8.0,8,50,50.0,400,400.0,400
TeamB-48bfd4ea-e9e2-45b5-befc-3383cae87fdf,TeamB,2021-11-04,2,6.5,7,100,50.0,640,320.0,360
TeamB-48bfd4ea-e9e2-45b5-befc-3383cae87fdf,TeamB,2021-11-06,1,7.0,7,40,40.0,280,280.0,280
TeamB-48bfd4ea-e9e2-45b5-befc-3383cae87fdf,TeamB,2021-11-07,1,7.0,7,60,60.0,420,420.0,420
TeamB-48bfd4ea-e9e2-45b5-befc-3383cae87fdf,TeamB,2021-11-09,1,7.0,7,70,70.0,490,490.0,490
TeamB-48bfd4ea-e9e2-45b5-befc-3383cae87fdf,TeamB,2021-11-10,2,7.0,9,90,45.0,610,305.0,360
TeamB-48bfd4ea-e9e2-45b5-befc-3383cae87fdf,TeamB,2021-11-12,1,7.0,7,60,60.0,420,420.0,420
TeamB-4b1e23d2-4204-4e16-9991-e0490649079b,TeamB,2021-02-12,1,6.0,6,60,60.0,360,360.0,360
TeamB-4b1e23d2-4204-4e16-9991-e0490649079b,TeamB,2021-02-26,1,7.0,7,90,90.0,630,630.0,630
TeamB-4b1e23d2-4204-4e16-9991-e0490649079b,TeamB,2021-03-01,1,5.0,5,90,90.0,450,450.0,450
TeamB-4b1e23d2-4204-4e16-9991-e0490649079b,TeamB,2021-03-04,1,7.0,7,90,90.0,630,630.0,630
TeamB-4b1e23d2-4204-4e16-9991-e0490649079b,TeamB,2021-03-05,1,5.0,5,90,90.0,450,450.0,450
TeamB-4b1e23d2-4204-4e16-9991-e0490649079b,TeamB,2021-03-06,1,6.0,6,90,90.0,540,540.0,540
TeamB-4b1e23d2-4204-4e16-9991-e0490649079b,TeamB,2021-03-08,1,6.0,6,90,90.0,540,540.0,540
TeamB-4b1e23d2-4204-4e16-9991-e0490649079b,TeamB,2021-03-09,1,7.0,7,90,90.0,630,630.0,630
TeamB-4b1e23d2-4204-4e16-9991-e0490649079b,TeamB,2021-03-11,1,7.0,7,70,70.0,490,490.0,490
TeamB-4b1e23d2-4204-4e16-9991-e0490649079b,TeamB,2021-03-12,1,8.0,8,90,90.0,720,720.0,720
TeamB-4b1e23d2-4204-4e16-9991-e0490649079b,TeamB,2021-03-13,1,6.0,6,90,90.0,540,540.0,540
TeamB-4b1e23d2-4204-4e16-9991-e0490649079b,TeamB,2021-03-16,1,5.0,5,90,90.0,450,450.0,450
TeamB-4b1e23d2-4204-4e16-9991-e0490649079b,TeamB,2021-03-18,1,8.0,8,100,100.0,800,800.0,800
TeamB-4b1e23d2-4204-4e16-9991-e0490649079b,TeamB,2021-03-19,1,6.0,6,90,90.0,540,540.0,540
TeamB-4b1e23d2-4204-4e16-9991-e0490649079b,TeamB,2021-03-20,1,7.0,7,90,90.0,630,630.0,630
TeamB-4b1e23d2-4204-4e16-9991-e0490649079b,TeamB,2021-03-22,1,7.0,7,100,100.0,700,700.0,700
TeamB-4b1e23d2-4204-4e16-9991-e0490649079b,TeamB,2021-03-23,1,8.0,8,120,120.0,960,960.0,960
TeamB-4b1e23d2-4204-4e16-9991-e0490649079b,TeamB,2021-03-25,1,7.0,7,110,110.0,770,770.0,770
TeamB-4b1e23d2-4204-4e16-9991-e0490649079b,TeamB,2021-03-26,1,5.0,5,90,90.0,450,450.0,450
TeamB-4b1e23d2-4204-4e16-9991-e0490649079b,TeamB,2021-04-09,1,4.0,4,80,80.0,320,320.0,320
TeamB-4b1e23d2-4204-4e16-9991-e0490649079b,TeamB,2021-04-10,1,6.0,6,90,90.0,540,540.0,540
TeamB-4b1e23d2-4204-4e16-9991-e0490649079b,TeamB,2021-04-12,1,7.0,7,120,120.0,840,840.0,840
TeamB-4b1e23d2-4204-4e16-9991-e0490649079b,TeamB,2021-04-13,1,7.0,7,120,120.0,840,840.0,840
TeamB-4b1e23d2-4204-4e16-9991-e0490649079b,TeamB,2021-04-15,1,7.0,7,110,110.0,770,770.0,770
TeamB-4b1e23d2-4204-4e16-9991-e0490649079b,TeamB,2021-04-16,1,6.0,6,90,90.0,540,540.0,540
TeamB-4b1e23d2-4204-4e16-9991-e0490649079b,TeamB,2021-04-19,1,5.0,5,100,100.0,500,500.0,500
TeamB-4b1e23d2-4204-4e16-9991-e0490649079b,TeamB,2021-04-21,1,7.0,7,80,80.0,560,560.0,560
TeamB-4b1e23d2-4204-4e16-9991-e0490649079b,TeamB,2021-04-26,1,6.0,6,110,110.0,660,660.0,660
TeamB-4b1e23d2-4204-4e16-9991-e0490649079b,TeamB,2021-04-27,1,8.0,8,90,90.0,720,720.0,720
TeamB-4b1e23d2-4204-4e16-9991-e0490649079b,TeamB,2021-04-29,1,7.0,7,90,90.0,630,630.0,630
TeamB-4b1e23d2-4204-4e16-9991-e0490649079b,TeamB,2021-05-03,1,4.0,4,90,90.0,360,360.0,360
TeamB-4b1e23d2-4204-4e16-9991-e0490649079b,TeamB,2021-05-04,1,8.0,8,100,100.0,800,800.0,800
TeamB-4b1e23d2-4204-4e16-9991-e0490649079b,TeamB,2021-05-06,1,3.0,3,60,60.0,180,180.0,180
TeamB-4b1e23d2-4204-4e16-9991-e0490649079b,TeamB,2021-05-07,1,5.0,5,90,90.0,450,450.0,450
TeamB-4b1e23d2-4204-4e16-9991-e0490649079b,TeamB,2021-05-10,1,3.0,3,90,90.0,270,270.0,270
TeamB-4b1e23d2-4204-4e16-9991-e0490649079b,TeamB,2021-05-12,1,3.0,3,60,60.0,180,180.0,180
TeamB-4b1e23d2-4204-4e16-9991-e0490649079b,TeamB,2021-05-18,1,8.0,8,90,90.0,720,720.0,720
TeamB-4b1e23d2-4204-4e16-9991-e0490649079b,TeamB,2021-05-24,1,7.0,7,90,90.0,630,630.0,630
TeamB-4b1e23d2-4204-4e16-9991-e0490649079b,TeamB,2021-05-29,1,8.0,8,50,50.0,400,400.0,400
TeamB-4b1e23d2-4204-4e16-9991-e0490649079b,TeamB,2021-05-31,1,8.0,8,50,50.0,400,400.0,400
TeamB-4b1e23d2-4204-4e16-9991-e0490649079b,TeamB,2021-06-01,1,8.0,8,100,100.0,800,800.0,800
TeamB-4b1e23d2-4204-4e16-9991-e0490649079b,TeamB,2021-06-02,1,9.0,9,120,120.0,1080,1080.0,1080
TeamB-4b1e23d2-4204-4e16-9991-e0490649079b,TeamB,2021-06-04,1,5.0,5,80,80.0,400,400.0,400
TeamB-4b1e23d2-4204-4e16-9991-e0490649079b,TeamB,2021-06-17,1,6.0,6,90,90.0,540,540.0,540
TeamB-4b1e23d2-4204-4e16-9991-e0490649079b,TeamB,2021-06-20,1,6.0,6,90,90.0,540,540.0,540
TeamB-4b1e23d2-4204-4e16-9991-e0490649079b,TeamB,2021-06-29,1,6.0,6,90,90.0,540,540.0,540
TeamB-4b1e23d2-4204-4e16-9991-e0490649079b,TeamB,2021-07-04,1,8.0,8,30,30.0,240,240.0,240
TeamB-4b1e23d2-4204-4e16-9991-e0490649079b,TeamB,2021-07-06,1,7.0,7,90,90.0,630,630.0,630
TeamB-4b1e23d2-4204-4e16-9991-e0490649079b,TeamB,2021-08-03,1,7.0,7,120,120.0,840,840.0,840
TeamB-4b1e23d2-4204-4e16-9991-e0490649079b,TeamB,2021-08-05,1,8.0,8,90,90.0,720,720.0,720
TeamB-4b1e23d2-4204-4e16-9991-e0490649079b,TeamB,2021-08-07,1,4.0,4,70,70.0,280,280.0,280
TeamB-4b1e23d2-4204-4e16-9991-e0490649079b,TeamB,2021-08-19,1,7.0,7,80,80.0,560,560.0,560
TeamB-4b1e23d2-4204-4e16-9991-e0490649079b,TeamB,2021-08-20,1,5.0,5,60,60.0,300,300.0,300
TeamB-4b1e23d2-4204-4e16-9991-e0490649079b,TeamB,2021-08-28,1,6.0,6,10,10.0,60,60.0,60
TeamB-4b1e23d2-4204-4e16-9991-e0490649079b,TeamB,2021-09-10,1,6.0,6,60,60.0,360,360.0,360
TeamB-4b1e23d2-4204-4e16-9991-e0490649079b,TeamB,2021-09-24,1,7.0,7,90,90.0,630,630.0,630
TeamB-4b1e23d2-4204-4e16-9991-e0490649079b,TeamB,2021-09-25,1,5.0,5,70,70.0,350,350.0,350
TeamB-4b1e23d2-4204-4e16-9991-e0490649079b,TeamB,2021-09-28,1,8.0,8,90,90.0,720,720.0,720
TeamB-4b1e23d2-4204-4e16-9991-e0490649079b,TeamB,2021-09-29,2,5.0,7,150,75.0,810,405.0,630
TeamB-4b1e23d2-4204-4e16-9991-e0490649079b,TeamB,2021-10-06,2,6.5,7,210,105.0,1380,690.0,840
TeamB-4d54416a-8e5f-42c0-8dd0-12700569908f,TeamB,2020-01-09,1,9.0,9,120,120.0,1080,1080.0,1080
TeamB-4d54416a-8e5f-42c0-8dd0-12700569908f,TeamB,2020-03-26,1,6.0,6,60,60.0,360,360.0,360
TeamB-4d54416a-8e5f-42c0-8dd0-12700569908f,TeamB,2020-03-27,1,10.0,10,60,60.0,600,600.0,600
TeamB-4d54416a-8e5f-42c0-8dd0-12700569908f,TeamB,2020-03-28,1,6.0,6,70,70.0,420,420.0,420
TeamB-4d54416a-8e5f-42c0-8dd0-12700569908f,TeamB,2020-03-30,1,8.0,8,60,60.0,480,480.0,480
TeamB-4d54416a-8e5f-42c0-8dd0-12700569908f,TeamB,2020-03-31,1,8.0,8,80,80.0,640,640.0,640
TeamB-4d54416a-8e5f-42c0-8dd0-12700569908f,TeamB,2020-04-02,1,6.0,6,70,70.0,420,420.0,420
TeamB-4d54416a-8e5f-42c0-8dd0-12700569908f,TeamB,2020-04-03,1,10.0,10,50,50.0,500,500.0,500
TeamB-4d54416a-8e5f-42c0-8dd0-12700569908f,TeamB,2020-04-04,1,8.0,8,60,60.0,480,480.0,480
TeamB-4d54416a-8e5f-42c0-8dd0-12700569908f,TeamB,2020-04-06,1,9.0,9,80,80.0,720,720.0,720
TeamB-4d54416a-8e5f-42c0-8dd0-12700569908f,TeamB,2020-04-07,1,10.0,10,80,80.0,800,800.0,800
TeamB-4d54416a-8e5f-42c0-8dd0-12700569908f,TeamB,2020-04-10,1,10.0,10,60,60.0,600,600.0,600
TeamB-4d54416a-8e5f-42c0-8dd0-12700569908f,TeamB,2020-04-11,1,8.0,8,50,50.0,400,400.0,400
TeamB-4d54416a-8e5f-42c0-8dd0-12700569908f,TeamB,2020-04-15,1,9.0,9,60,60.0,540,540.0,540
TeamB-4d54416a-8e5f-42c0-8dd0-12700569908f,TeamB,2020-04-16,1,8.0,8,60,60.0,480,480.0,480
TeamB-4d54416a-8e5f-42c0-8dd0-12700569908f,TeamB,2020-04-19,1,6.0,6,60,60.0,360,360.0,360
TeamB-4d54416a-8e5f-42c0-8dd0-12700569908f,TeamB,2020-04-21,1,8.0,8,60,60.0,480,480.0,480
TeamB-4d54416a-8e5f-42c0-8dd0-12700569908f,TeamB,2020-04-23,1,8.0,8,80,80.0,640,640.0,640
TeamB-4d54416a-8e5f-42c0-8dd0-12700569908f,TeamB,2020-04-25,1,8.0,8,70,70.0,560,560.0,560
TeamB-4d54416a-8e5f-42c0-8dd0-12700569908f,TeamB,2020-04-27,1,6.0,6,60,60.0,360,360.0,360
TeamB-4d54416a-8e5f-42c0-8dd0-12700569908f,TeamB,2020-04-28,1,8.0,8,80,80.0,640,640.0,640
TeamB-4d54416a-8e5f-42c0-8dd0-12700569908f,TeamB,2020-04-29,1,7.0,7,60,60.0,420,420.0,420
TeamB-4d54416a-8e5f-42c0-8dd0-12700569908f,TeamB,2020-04-30,1,7.0,7,80,80.0,560,560.0,560
TeamB-4d54416a-8e5f-42c0-8dd0-12700569908f,TeamB,2020-05-01,1,8.0,8,90,90.0,720,720.0,720
TeamB-4d54416a-8e5f-42c0-8dd0-12700569908f,TeamB,2020-05-02,1,9.0,9,90,90.0,810,810.0,810
TeamB-4d54416a-8e5f-42c0-8dd0-12700569908f,TeamB,2020-05-04,1,8.0,8,60,60.0,480,480.0,480
TeamB-4d54416a-8e5f-42c0-8dd0-12700569908f,TeamB,2020-05-05,1,7.0,7,90,90.0,630,630.0,630
TeamB-4d54416a-8e5f-42c0-8dd0-12700569908f,TeamB,2020-05-07,1,6.0,6,60,60.0,360,360.0,360
TeamB-4d54416a-8e5f-42c0-8dd0-12700569908f,TeamB,2020-05-10,1,6.0,6,60,60.0,360,360.0,360
TeamB-4d54416a-8e5f-42c0-8dd0-12700569908f,TeamB,2020-05-11,1,8.0,8,70,70.0,560,560.0,560
TeamB-4d54416a-8e5f-42c0-8dd0-12700569908f,TeamB,2020-05-13,1,7.0,7,70,70.0,490,490.0,490
TeamB-4d54416a-8e5f-42c0-8dd0-12700569908f,TeamB,2020-05-19,1,7.0,7,60,60.0,420,420.0,420
TeamB-4d54416a-8e5f-42c0-8dd0-12700569908f,TeamB,2021-07-10,1,8.0,8,60,60.0,480,480.0,480
TeamB-4d54416a-8e5f-42c0-8dd0-12700569908f,TeamB,2021-07-11,1,8.0,8,80,80.0,640,640.0,640
TeamB-4d54416a-8e5f-42c0-8dd0-12700569908f,TeamB,2021-07-13,1,5.0,5,70,70.0,350,350.0,350
TeamB-4d54416a-8e5f-42c0-8dd0-12700569908f,TeamB,2021-07-19,2,7.5,8,110,55.0,820,410.0,420
TeamB-4d54416a-8e5f-42c0-8dd0-12700569908f,TeamB,2021-07-20,2,8.0,9,110,55.0,870,435.0,450
TeamB-4d54416a-8e5f-42c0-8dd0-12700569908f,TeamB,2021-07-27,2,7.0,8,140,70.0,960,480.0,480
TeamB-4d54416a-8e5f-42c0-8dd0-12700569908f,TeamB,2021-07-29,2,8.0,8,140,70.0,1120,560.0,640
TeamB-4d54416a-8e5f-42c0-8dd0-12700569908f,TeamB,2021-07-31,1,7.0,7,100,100.0,700,700.0,700
TeamB-4d54416a-8e5f-42c0-8dd0-12700569908f,TeamB,2021-08-01,1,6.0,6,90,90.0,540,540.0,540
TeamB-4d54416a-8e5f-42c0-8dd0-12700569908f,TeamB,2021-08-03,2,7.5,8,140,70.0,1060,530.0,640
TeamB-4d54416a-8e5f-42c0-8dd0-12700569908f,TeamB,2021-08-05,1,8.0,8,120,120.0,960,960.0,960
TeamB-4d54416a-8e5f-42c0-8dd0-12700569908f,TeamB,2021-08-08,1,7.0,7,70,70.0,490,490.0,490
TeamB-4d54416a-8e5f-42c0-8dd0-12700569908f,TeamB,2021-08-10,1,7.0,7,80,80.0,560,560.0,560
TeamB-4d54416a-8e5f-42c0-8dd0-12700569908f,TeamB,2021-08-11,1,9.0,9,90,90.0,810,810.0,810
TeamB-4d54416a-8e5f-42c0-8dd0-12700569908f,TeamB,2021-08-13,1,5.0,5,80,80.0,400,400.0,400
TeamB-4d54416a-8e5f-42c0-8dd0-12700569908f,TeamB,2021-08-16,1,7.0,7,60,60.0,420,420.0,420
TeamB-4d54416a-8e5f-42c0-8dd0-12700569908f,TeamB,2021-08-17,1,6.0,6,60,60.0,360,360.0,360
TeamB-4d54416a-8e5f-42c0-8dd0-12700569908f,TeamB,2021-08-18,2,7.0,8,50,25.0,360,180.0,240
TeamB-4d54416a-8e5f-42c0-8dd0-12700569908f,TeamB,2021-08-19,2,7.0,7,90,45.0,630,315.0,420
TeamB-4d54416a-8e5f-42c0-8dd0-12700569908f,TeamB,2021-08-23,1,6.0,6,50,50.0,300,300.0,300
TeamB-4d54416a-8e5f-42c0-8dd0-12700569908f,TeamB,2021-08-24,1,4.0,4,30,30.0,120,120.0,120
TeamB-4d54416a-8e5f-42c0-8dd0-12700569908f,TeamB,2021-08-26,2,6.5,7,130,65.0,830,415.0,480
TeamB-4d54416a-8e5f-42c0-8dd0-12700569908f,TeamB,2021-08-30,1,8.0,8,80,80.0,640,640.0,640
TeamB-4d54416a-8e5f-42c0-8dd0-12700569908f,TeamB,2021-08-31,1,6.0,6,70,70.0,420,420.0,420
TeamB-4d54416a-8e5f-42c0-8dd0-12700569908f,TeamB,2021-09-03,1,8.0,8,70,70.0,560,560.0,560
TeamB-4d54416a-8e5f-42c0-8dd0-12700569908f,TeamB,2021-09-04,1,7.0,7,60,60.0,420,420.0,420
TeamB-4d54416a-8e5f-42c0-8dd0-12700569908f,TeamB,2021-09-07,1,5.0,5,60,60.0,300,300.0,300
TeamB-4d54416a-8e5f-42c0-8dd0-12700569908f,TeamB,2021-09-09,1,8.0,8,70,70.0,560,560.0,560
TeamB-4d54416a-8e5f-42c0-8dd0-12700569908f,TeamB,2021-09-10,1,5.0,5,60,60.0,300,300.0,300
TeamB-4d54416a-8e5f-42c0-8dd0-12700569908f,TeamB,2021-09-11,1,8.0,8,20,20.0,160,160.0,160
TeamB-4d54416a-8e5f-42c0-8dd0-12700569908f,TeamB,2021-09-14,1,7.0,7,60,60.0,420,420.0,420
TeamB-4d54416a-8e5f-42c0-8dd0-12700569908f,TeamB,2021-09-15,1,8.0,8,60,60.0,480,480.0,480
TeamB-4d54416a-8e5f-42c0-8dd0-12700569908f,TeamB,2021-09-16,1,7.0,7,90,90.0,630,630.0,630
TeamB-4d54416a-8e5f-42c0-8dd0-12700569908f,TeamB,2021-09-17,1,8.0,8,70,70.0,560,560.0,560
TeamB-4d54416a-8e5f-42c0-8dd0-12700569908f,TeamB,2021-09-18,1,7.0,7,60,60.0,420,420.0,420
TeamB-4d54416a-8e5f-42c0-8dd0-12700569908f,TeamB,2021-09-22,2,7.5,8,170,85.0,1300,650.0,880
TeamB-4d54416a-8e5f-42c0-8dd0-12700569908f,TeamB,2021-09-24,1,7.0,7,100,100.0,700,700.0,700
TeamB-4d54416a-8e5f-42c0-8dd0-12700569908f,TeamB,2021-09-25,1,5.0,5,80,80.0,400,400.0,400
TeamB-4d54416a-8e5f-42c0-8dd0-12700569908f,TeamB,2021-09-28,1,6.0,6,60,60.0,360,360.0,360
TeamB-4d54416a-8e5f-42c0-8dd0-12700569908f,TeamB,2021-09-29,2,7.0,7,150,75.0,1050,525.0,700
TeamB-4d54416a-8e5f-42c0-8dd0-12700569908f,TeamB,2021-10-01,1,6.0,6,90,90.0,540,540.0,540
TeamB-4d54416a-8e5f-42c0-8dd0-12700569908f,TeamB,2021-10-05,1,7.0,7,100,100.0,700,700.0,700
TeamB-4d54416a-8e5f-42c0-8dd0-12700569908f,TeamB,2021-10-06,1,5.0,5,70,70.0,350,350.0,350
TeamB-4d54416a-8e5f-42c0-8dd0-12700569908f,TeamB,2021-10-08,1,6.0,6,70,70.0,420,420.0,420
TeamB-4d54416a-8e5f-42c0-8dd0-12700569908f,TeamB,2021-10-13,1,8.0,8,120,120.0,960,960.0,960
TeamB-4d54416a-8e5f-42c0-8dd0-12700569908f,TeamB,2021-10-15,1,7.0,7,50,50.0,350,350.0,350
TeamB-4d54416a-8e5f-42c0-8dd0-12700569908f,TeamB,2021-10-21,1,7.0,7,90,90.0,630,630.0,630
TeamB-4d54416a-8e5f-42c0-8dd0-12700569908f,TeamB,2021-10-26,1,7.0,7,60,60.0,420,420.0,420
TeamB-4d54416a-8e5f-42c0-8dd0-12700569908f,TeamB,2021-10-27,2,7.5,9,140,70.0,1110,555.0,810
TeamB-4d54416a-8e5f-42c0-8dd0-12700569908f,TeamB,2021-10-28,1,7.0,7,80,80.0,560,560.0,560
TeamB-4d54416a-8e5f-42c0-8dd0-12700569908f,TeamB,2021-10-30,1,5.0,5,80,80.0,400,400.0,400
TeamB-4d54416a-8e5f-42c0-8dd0-12700569908f,TeamB,2021-11-03,1,7.0,7,90,90.0,630,630.0,630
TeamB-4d54416a-8e5f-42c0-8dd0-12700569908f,TeamB,2021-11-11,1,7.0,7,60,60.0,420,420.0,420
TeamB-5a921187-19c7-8df4-8f4f-f31e78de5857,TeamB,2021-07-07,1,7.0,7,90,90.0,630,630.0,630
TeamB-5a921187-19c7-8df4-8f4f-f31e78de5857,TeamB,2021-07-11,1,8.0,8,70,70.0,560,560.0,560
TeamB-5a921187-19c7-8df4-8f4f-f31e78de5857,TeamB,2021-07-13,1,5.0,5,60,60.0,300,300.0,300
TeamB-5a921187-19c7-8df4-8f4f-f31e78de5857,TeamB,2021-08-01,1,4.0,4,80,80.0,320,320.0,320
TeamB-5a921187-19c7-8df4-8f4f-f31e78de5857,TeamB,2021-08-02,1,7.0,7,40,40.0,280,280.0,280
TeamB-5a921187-19c7-8df4-8f4f-f31e78de5857,TeamB,2021-08-03,1,5.0,5,60,60.0,300,300.0,300
TeamB-5a921187-19c7-8df4-8f4f-f31e78de5857,TeamB,2021-08-05,1,7.0,7,90,90.0,630,630.0,630
TeamB-5a921187-19c7-8df4-8f4f-f31e78de5857,TeamB,2021-08-06,1,5.0,5,80,80.0,400,400.0,400
TeamB-5a921187-19c7-8df4-8f4f-f31e78de5857,TeamB,2021-08-07,1,9.0,9,90,90.0,810,810.0,810
TeamB-5a921187-19c7-8df4-8f4f-f31e78de5857,TeamB,2021-08-10,1,9.0,9,90,90.0,810,810.0,810
TeamB-5a921187-19c7-8df4-8f4f-f31e78de5857,TeamB,2021-08-13,1,4.0,4,60,60.0,240,240.0,240
TeamB-5a921187-19c7-8df4-8f4f-f31e78de5857,TeamB,2021-08-14,1,8.0,8,60,60.0,480,480.0,480
TeamB-5a921187-19c7-8df4-8f4f-f31e78de5857,TeamB,2021-08-17,1,3.0,3,60,60.0,180,180.0,180
TeamB-5a921187-19c7-8df4-8f4f-f31e78de5857,TeamB,2021-08-18,1,8.0,8,70,70.0,560,560.0,560
TeamB-5a921187-19c7-8df4-8f4f-f31e78de5857,TeamB,2021-08-20,1,5.0,5,60,60.0,300,300.0,300
TeamB-5a921187-19c7-8df4-8f4f-f31e78de5857,TeamB,2021-08-22,1,8.0,8,80,80.0,640,640.0,640
TeamB-5a921187-19c7-8df4-8f4f-f31e78de5857,TeamB,2021-08-23,1,5.0,5,60,60.0,300,300.0,300
TeamB-5a921187-19c7-8df4-8f4f-f31e78de5857,TeamB,2021-08-24,1,7.0,7,40,40.0,280,280.0,280
TeamB-5a921187-19c7-8df4-8f4f-f31e78de5857,TeamB,2021-08-28,1,9.0,9,90,90.0,810,810.0,810
TeamB-5a921187-19c7-8df4-8f4f-f31e78de5857,TeamB,2021-08-30,1,5.0,5,60,60.0,300,300.0,300
TeamB-5a921187-19c7-8df4-8f4f-f31e78de5857,TeamB,2021-09-03,1,4.0,4,40,40.0,160,160.0,160
TeamB-5a921187-19c7-8df4-8f4f-f31e78de5857,TeamB,2021-09-05,1,5.0,5,70,70.0,350,350.0,350
TeamB-5a921187-19c7-8df4-8f4f-f31e78de5857,TeamB,2021-09-08,1,8.0,8,80,80.0,640,640.0,640
TeamB-5a921187-19c7-8df4-8f4f-f31e78de5857,TeamB,2021-09-11,1,6.0,6,30,30.0,180,180.0,180
TeamB-5a921187-19c7-8df4-8f4f-f31e78de5857,TeamB,2021-09-26,1,7.0,7,30,30.0,210,210.0,210
TeamB-5a921187-19c7-8df4-8f4f-f31e78de5857,TeamB,2021-10-01,1,4.0,4,80,80.0,320,320.0,320
TeamB-5a921187-19c7-8df4-8f4f-f31e78de5857,TeamB,2021-10-02,1,9.0,9,70,70.0,630,630.0,630
TeamB-5a921187-19c7-8df4-8f4f-f31e78de5857,TeamB,2021-10-12,1,6.0,6,60,60.0,360,360.0,360
TeamB-5a921187-19c7-8df4-8f4f-f31e78de5857,TeamB,2021-10-14,1,8.0,8,40,40.0,320,320.0,320
TeamB-5a921187-19c7-8df4-8f4f-f31e78de5857,TeamB,2021-10-27,1,7.0,7,80,80.0,560,560.0,560
TeamB-5a921187-19c7-8df4-8f4f-f31e78de5857,TeamB,2021-10-29,1,5.0,5,100,100.0,500,500.0,500
TeamB-5a921187-19c7-8df4-8f4f-f31e78de5857,TeamB,2021-11-03,1,5.0,5,70,70.0,350,350.0,350
TeamB-5eba590a-cecb-400f-a92e-08224c7e2e59,TeamB,2021-01-11,1,8.0,8,70,70.0,560,560.0,560
TeamB-5eba590a-cecb-400f-a92e-08224c7e2e59,TeamB,2021-01-12,2,5.0,6,170,85.0,880,440.0,600
TeamB-5eba590a-cecb-400f-a92e-08224c7e2e59,TeamB,2021-01-14,1,6.0,6,60,60.0,360,360.0,360
TeamB-5eba590a-cecb-400f-a92e-08224c7e2e59,TeamB,2021-01-15,2,6.0,8,150,75.0,960,480.0,720
TeamB-5eba590a-cecb-400f-a92e-08224c7e2e59,TeamB,2021-01-17,1,6.0,6,90,90.0,540,540.0,540
TeamB-5eba590a-cecb-400f-a92e-08224c7e2e59,TeamB,2021-01-18,1,7.0,7,90,90.0,630,630.0,630
TeamB-5eba590a-cecb-400f-a92e-08224c7e2e59,TeamB,2021-01-20,1,6.0,6,90,90.0,540,540.0,540
TeamB-5eba590a-cecb-400f-a92e-08224c7e2e59,TeamB,2021-01-21,1,8.0,8,90,90.0,720,720.0,720
TeamB-5eba590a-cecb-400f-a92e-08224c7e2e59,TeamB,2021-01-22,1,4.0,4,100,100.0,400,400.0,400
TeamB-5eba590a-cecb-400f-a92e-08224c7e2e59,TeamB,2021-01-24,2,6.5,8,140,70.0,880,440.0,480
TeamB-5eba590a-cecb-400f-a92e-08224c7e2e59,TeamB,2021-01-25,1,4.0,4,80,80.0,320,320.0,320
TeamB-5eba590a-cecb-400f-a92e-08224c7e2e59,TeamB,2021-01-26,2,6.5,8,150,75.0,930,465.0,480
TeamB-5eba590a-cecb-400f-a92e-08224c7e2e59,TeamB,2021-01-28,1,4.0,4,70,70.0,280,280.0,280
TeamB-5eba590a-cecb-400f-a92e-08224c7e2e59,TeamB,2021-01-29,2,6.0,8,140,70.0,800,400.0,480
TeamB-5eba590a-cecb-400f-a92e-08224c7e2e59,TeamB,2021-01-30,1,3.0,3,70,70.0,210,210.0,210
TeamB-5eba590a-cecb-400f-a92e-08224c7e2e59,TeamB,2021-02-01,1,6.0,6,100,100.0,600,600.0,600
TeamB-5eba590a-cecb-400f-a92e-08224c7e2e59,TeamB,2021-02-02,2,5.0,5,160,80.0,800,400.0,450
TeamB-5eba590a-cecb-400f-a92e-08224c7e2e59,TeamB,2021-02-03,1,2.0,2,50,50.0,100,100.0,100
TeamB-5eba590a-cecb-400f-a92e-08224c7e2e59,TeamB,2021-02-04,1,8.0,8,30,30.0,240,240.0,240
TeamB-5eba590a-cecb-400f-a92e-08224c7e2e59,TeamB,2021-02-05,1,7.0,7,80,80.0,560,560.0,560
TeamB-5eba590a-cecb-400f-a92e-08224c7e2e59,TeamB,2021-02-07,1,6.0,6,90,90.0,540,540.0,540
TeamB-5eba590a-cecb-400f-a92e-08224c7e2e59,TeamB,2021-02-08,2,4.5,5,120,60.0,550,275.0,350
TeamB-5eba590a-cecb-400f-a92e-08224c7e2e59,TeamB,2021-02-10,1,8.0,8,80,80.0,640,640.0,640
TeamB-5eba590a-cecb-400f-a92e-08224c7e2e59,TeamB,2021-02-11,2,6.5,8,130,65.0,830,415.0,480
TeamB-5eba590a-cecb-400f-a92e-08224c7e2e59,TeamB,2021-02-12,1,2.0,2,90,90.0,180,180.0,180
TeamB-5eba590a-cecb-400f-a92e-08224c7e2e59,TeamB,2021-02-14,1,5.0,5,110,110.0,550,550.0,550
TeamB-5eba590a-cecb-400f-a92e-08224c7e2e59,TeamB,2021-02-15,1,5.0,5,110,110.0,550,550.0,550
TeamB-5eba590a-cecb-400f-a92e-08224c7e2e59,TeamB,2021-02-17,1,4.0,4,90,90.0,360,360.0,360
TeamB-5eba590a-cecb-400f-a92e-08224c7e2e59,TeamB,2021-02-18,1,6.0,6,120,120.0,720,720.0,720
TeamB-5eba590a-cecb-400f-a92e-08224c7e2e59,TeamB,2021-02-19,1,2.0,2,70,70.0,140,140.0,140
TeamB-5eba590a-cecb-400f-a92e-08224c7e2e59,TeamB,2021-02-20,1,6.0,6,70,70.0,420,420.0,420
TeamB-5eba590a-cecb-400f-a92e-08224c7e2e59,TeamB,2021-02-22,1,5.0,5,70,70.0,350,350.0,350
TeamB-5eba590a-cecb-400f-a92e-08224c7e2e59,TeamB,2021-02-24,2,5.5,7,150,75.0,870,435.0,630
TeamB-5eba590a-cecb-400f-a92e-08224c7e2e59,TeamB,2021-02-25,1,5.0,5,90,90.0,450,450.0,450
TeamB-5eba590a-cecb-400f-a92e-08224c7e2e59,TeamB,2021-02-26,2,5.0,5,150,75.0,750,375.0,450
TeamB-5eba590a-cecb-400f-a92e-08224c7e2e59,TeamB,2021-02-28,1,3.0,3,40,40.0,120,120.0,120
TeamB-5eba590a-cecb-400f-a92e-08224c7e2e59,TeamB,2021-03-01,2,4.0,5,150,75.0,630,315.0,450
TeamB-5eba590a-cecb-400f-a92e-08224c7e2e59,TeamB,2021-03-02,2,5.0,7,160,80.0,880,440.0,700
TeamB-5eba590a-cecb-400f-a92e-08224c7e2e59,TeamB,2021-03-04,2,5.0,6,150,75.0,780,390.0,540
TeamB-5eba590a-cecb-400f-a92e-08224c7e2e59,TeamB,2021-03-05,1,5.0,5,90,90.0,450,450.0,450
TeamB-5eba590a-cecb-400f-a92e-08224c7e2e59,TeamB,2021-03-06,2,5.0,7,170,85.0,990,495.0,840
TeamB-5eba590a-cecb-400f-a92e-08224c7e2e59,TeamB,2021-03-08,2,5.0,5,150,75.0,750,375.0,450
TeamB-5eba590a-cecb-400f-a92e-08224c7e2e59,TeamB,2021-03-09,2,5.0,7,160,80.0,880,440.0,700
TeamB-5eba590a-cecb-400f-a92e-08224c7e2e59,TeamB,2021-03-11,1,7.0,7,90,90.0,630,630.0,630
TeamB-5eba590a-cecb-400f-a92e-08224c7e2e59,TeamB,2021-03-12,1,6.0,6,90,90.0,540,540.0,540
TeamB-5eba590a-cecb-400f-a92e-08224c7e2e59,TeamB,2021-03-13,2,4.0,5,150,75.0,630,315.0,450
TeamB-5eba590a-cecb-400f-a92e-08224c7e2e59,TeamB,2021-03-15,2,5.5,6,150,75.0,840,420.0,540
TeamB-5eba590a-cecb-400f-a92e-08224c7e2e59,TeamB,2021-03-16,1,4.0,4,90,90.0,360,360.0,360
TeamB-5eba590a-cecb-400f-a92e-08224c7e2e59,TeamB,2021-03-18,2,6.0,7,170,85.0,1050,525.0,700
TeamB-5eba590a-cecb-400f-a92e-08224c7e2e59,TeamB,2021-03-19,1,4.0,4,90,90.0,360,360.0,360
TeamB-5eba590a-cecb-400f-a92e-08224c7e2e59,TeamB,2021-03-20,2,4.5,6,130,65.0,660,330.0,540
TeamB-5eba590a-cecb-400f-a92e-08224c7e2e59,TeamB,2021-03-21,1,3.0,3,60,60.0,180,180.0,180
TeamB-5eba590a-cecb-400f-a92e-08224c7e2e59,TeamB,2021-03-22,1,6.0,6,110,110.0,660,660.0,660
TeamB-5eba590a-cecb-400f-a92e-08224c7e2e59,TeamB,2021-03-23,1,6.0,6,120,120.0,720,720.0,720
TeamB-5eba590a-cecb-400f-a92e-08224c7e2e59,TeamB,2021-03-25,1,6.0,6,120,120.0,720,720.0,720
TeamB-5eba590a-cecb-400f-a92e-08224c7e2e59,TeamB,2021-03-26,1,4.0,4,100,100.0,400,400.0,400
TeamB-5eba590a-cecb-400f-a92e-08224c7e2e59,TeamB,2021-03-27,1,6.0,6,120,120.0,720,720.0,720
TeamB-5eba590a-cecb-400f-a92e-08224c7e2e59,TeamB,2021-03-29,1,5.0,5,110,110.0,550,550.0,550
TeamB-5eba590a-cecb-400f-a92e-08224c7e2e59,TeamB,2021-03-30,1,5.0,5,120,120.0,600,600.0,600
TeamB-5eba590a-cecb-400f-a92e-08224c7e2e59,TeamB,2021-03-31,1,7.0,7,120,120.0,840,840.0,840
TeamB-5eba590a-cecb-400f-a92e-08224c7e2e59,TeamB,2021-04-06,1,8.0,8,120,120.0,960,960.0,960
TeamB-5eba590a-cecb-400f-a92e-08224c7e2e59,TeamB,2021-04-08,1,5.0,5,100,100.0,500,500.0,500
TeamB-5eba590a-cecb-400f-a92e-08224c7e2e59,TeamB,2021-04-09,1,4.0,4,80,80.0,320,320.0,320
TeamB-5eba590a-cecb-400f-a92e-08224c7e2e59,TeamB,2021-04-10,1,7.0,7,120,120.0,840,840.0,840
TeamB-5eba590a-cecb-400f-a92e-08224c7e2e59,TeamB,2021-04-12,2,5.0,6,160,80.0,880,440.0,720
TeamB-5eba590a-cecb-400f-a92e-08224c7e2e59,TeamB,2021-04-13,1,4.0,4,100,100.0,400,400.0,400
TeamB-5eba590a-cecb-400f-a92e-08224c7e2e59,TeamB,2021-04-15,1,5.0,5,100,100.0,500,500.0,500
TeamB-5eba590a-cecb-400f-a92e-08224c7e2e59,TeamB,2021-05-12,1,3.0,3,100,100.0,300,300.0,300
TeamB-5eba590a-cecb-400f-a92e-08224c7e2e59,TeamB,2021-05-14,1,3.0,3,80,80.0,240,240.0,240
TeamB-5eba590a-cecb-400f-a92e-08224c7e2e59,TeamB,2021-05-15,1,8.0,8,50,50.0,400,400.0,400
TeamB-5eba590a-cecb-400f-a92e-08224c7e2e59,TeamB,2021-05-18,1,6.0,6,120,120.0,720,720.0,720
TeamB-5eba590a-cecb-400f-a92e-08224c7e2e59,TeamB,2021-05-19,1,5.0,5,100,100.0,500,500.0,500
TeamB-5eba590a-cecb-400f-a92e-08224c7e2e59,TeamB,2021-05-21,1,4.0,4,70,70.0,280,280.0,280
TeamB-5eba590a-cecb-400f-a92e-08224c7e2e59,TeamB,2021-05-22,1,7.0,7,40,40.0,280,280.0,280
TeamB-5eba590a-cecb-400f-a92e-08224c7e2e59,TeamB,2021-05-23,1,5.0,5,40,40.0,200,200.0,200
TeamB-5eba590a-cecb-400f-a92e-08224c7e2e59,TeamB,2021-05-25,1,5.0,5,90,90.0,450,450.0,450
TeamB-5eba590a-cecb-400f-a92e-08224c7e2e59,TeamB,2021-05-26,1,6.0,6,110,110.0,660,660.0,660
TeamB-5eba590a-cecb-400f-a92e-08224c7e2e59,TeamB,2021-06-01,1,6.0,6,100,100.0,600,600.0,600
TeamB-5eba590a-cecb-400f-a92e-08224c7e2e59,TeamB,2021-06-02,2,5.5,7,180,90.0,1080,540.0,840
TeamB-5eba590a-cecb-400f-a92e-08224c7e2e59,TeamB,2021-06-07,2,4.0,4,150,75.0,600,300.0,360
TeamB-5eba590a-cecb-400f-a92e-08224c7e2e59,TeamB,2021-06-08,1,6.0,6,90,90.0,540,540.0,540
TeamB-5eba590a-cecb-400f-a92e-08224c7e2e59,TeamB,2021-06-14,2,4.5,5,140,70.0,630,315.0,350
TeamB-5eba590a-cecb-400f-a92e-08224c7e2e59,TeamB,2021-06-15,1,7.0,7,90,90.0,630,630.0,630
TeamB-5eba590a-cecb-400f-a92e-08224c7e2e59,TeamB,2021-06-17,1,7.0,7,90,90.0,630,630.0,630
TeamB-5eba590a-cecb-400f-a92e-08224c7e2e59,TeamB,2021-06-18,2,5.0,6,160,80.0,840,420.0,600
TeamB-5eba590a-cecb-400f-a92e-08224c7e2e59,TeamB,2021-06-29,1,4.0,4,80,80.0,320,320.0,320
TeamB-5eba590a-cecb-400f-a92e-08224c7e2e59,TeamB,2021-07-05,1,4.0,4,60,60.0,240,240.0,240
TeamB-5eba590a-cecb-400f-a92e-08224c7e2e59,TeamB,2021-07-06,2,5.0,6,150,75.0,760,380.0,480
TeamB-5eba590a-cecb-400f-a92e-08224c7e2e59,TeamB,2021-07-07,1,6.0,6,90,90.0,540,540.0,540
TeamB-5eba590a-cecb-400f-a92e-08224c7e2e59,TeamB,2021-07-31,1,5.0,5,100,100.0,500,500.0,500
TeamB-5eba590a-cecb-400f-a92e-08224c7e2e59,TeamB,2021-08-01,1,3.0,3,80,80.0,240,240.0,240
TeamB-5eba590a-cecb-400f-a92e-08224c7e2e59,TeamB,2021-08-03,2,5.0,5,130,65.0,650,325.0,350
TeamB-5eba590a-cecb-400f-a92e-08224c7e2e59,TeamB,2021-08-06,1,4.0,4,90,90.0,360,360.0,360
TeamB-5eba590a-cecb-400f-a92e-08224c7e2e59,TeamB,2021-08-18,1,9.0,9,90,90.0,810,810.0,810
TeamB-5eba590a-cecb-400f-a92e-08224c7e2e59,TeamB,2021-08-21,1,7.0,7,90,90.0,630,630.0,630
TeamB-6d568bee-175f-4dcb-9d3a-0f3e8f35de07,TeamB,2021-08-10,1,6.0,6,100,100.0,600,600.0,600
TeamB-6d568bee-175f-4dcb-9d3a-0f3e8f35de07,TeamB,2021-08-11,4,6.25,7,280,70.0,1780,445.0,700
TeamB-6d568bee-175f-4dcb-9d3a-0f3e8f35de07,TeamB,2021-08-13,1,4.0,4,80,80.0,320,320.0,320
TeamB-6d568bee-175f-4dcb-9d3a-0f3e8f35de07,TeamB,2021-08-14,1,7.0,7,60,60.0,420,420.0,420
TeamB-6d568bee-175f-4dcb-9d3a-0f3e8f35de07,TeamB,2021-08-15,1,2.0,2,60,60.0,120,120.0,120
TeamB-6d568bee-175f-4dcb-9d3a-0f3e8f35de07,TeamB,2021-08-17,1,4.0,4,60,60.0,240,240.0,240
TeamB-6d568bee-175f-4dcb-9d3a-0f3e8f35de07,TeamB,2021-08-18,1,4.0,4,30,30.0,120,120.0,120
TeamB-6d568bee-175f-4dcb-9d3a-0f3e8f35de07,TeamB,2021-08-19,1,6.0,6,60,60.0,360,360.0,360
TeamB-6d568bee-175f-4dcb-9d3a-0f3e8f35de07,TeamB,2021-08-20,1,6.0,6,70,70.0,420,420.0,420
TeamB-6d568bee-175f-4dcb-9d3a-0f3e8f35de07,TeamB,2021-08-21,1,4.0,4,20,20.0,80,80.0,80
TeamB-6d568bee-175f-4dcb-9d3a-0f3e8f35de07,TeamB,2021-08-23,1,4.0,4,70,70.0,280,280.0,280
TeamB-6d568bee-175f-4dcb-9d3a-0f3e8f35de07,TeamB,2021-08-24,1,5.0,5,45,45.0,225,225.0,225
TeamB-6d568bee-175f-4dcb-9d3a-0f3e8f35de07,TeamB,2021-08-26,1,6.0,6,100,100.0,600,600.0,600
TeamB-6d568bee-175f-4dcb-9d3a-0f3e8f35de07,TeamB,2021-08-27,1,5.0,5,80,80.0,400,400.0,400
TeamB-6d568bee-175f-4dcb-9d3a-0f3e8f35de07,TeamB,2021-08-30,1,4.0,4,80,80.0,320,320.0,320
TeamB-6d568bee-175f-4dcb-9d3a-0f3e8f35de07,TeamB,2021-08-31,1,5.0,5,70,70.0,350,350.0,350
TeamB-6d568bee-175f-4dcb-9d3a-0f3e8f35de07,TeamB,2021-09-01,1,7.0,7,10,10.0,70,70.0,70
TeamB-6d568bee-175f-4dcb-9d3a-0f3e8f35de07,TeamB,2021-09-03,1,3.0,3,70,70.0,210,210.0,210
TeamB-6d568bee-175f-4dcb-9d3a-0f3e8f35de07,TeamB,2021-09-05,1,3.0,3,50,50.0,150,150.0,150
TeamB-6d568bee-175f-4dcb-9d3a-0f3e8f35de07,TeamB,2021-09-07,1,5.0,5,60,60.0,300,300.0,300
TeamB-6d568bee-175f-4dcb-9d3a-0f3e8f35de07,TeamB,2021-09-08,1,7.0,7,90,90.0,630,630.0,630
TeamB-6d568bee-175f-4dcb-9d3a-0f3e8f35de07,TeamB,2021-09-11,1,6.0,6,70,70.0,420,420.0,420
TeamB-6d568bee-175f-4dcb-9d3a-0f3e8f35de07,TeamB,2021-09-16,1,7.0,7,90,90.0,630,630.0,630
TeamB-6d568bee-175f-4dcb-9d3a-0f3e8f35de07,TeamB,2021-09-17,1,6.0,6,70,70.0,420,420.0,420
TeamB-6d568bee-175f-4dcb-9d3a-0f3e8f35de07,TeamB,2021-09-21,1,8.0,8,100,100.0,800,800.0,800
TeamB-6d568bee-175f-4dcb-9d3a-0f3e8f35de07,TeamB,2021-09-22,2,5.0,6,150,75.0,840,420.0,720
TeamB-6d568bee-175f-4dcb-9d3a-0f3e8f35de07,TeamB,2021-09-24,1,5.0,5,100,100.0,500,500.0,500
TeamB-6d568bee-175f-4dcb-9d3a-0f3e8f35de07,TeamB,2021-09-25,1,4.0,4,70,70.0,280,280.0,280
TeamB-6d568bee-175f-4dcb-9d3a-0f3e8f35de07,TeamB,2021-09-26,1,6.0,6,20,20.0,120,120.0,120
TeamB-6d568bee-175f-4dcb-9d3a-0f3e8f35de07,TeamB,2021-09-28,1,8.0,8,120,120.0,960,960.0,960
TeamB-6d568bee-175f-4dcb-9d3a-0f3e8f35de07,TeamB,2021-09-29,1,7.0,7,120,120.0,840,840.0,840
TeamB-6d568bee-175f-4dcb-9d3a-0f3e8f35de07,TeamB,2021-10-01,1,3.0,3,60,60.0,180,180.0,180
TeamB-6d568bee-175f-4dcb-9d3a-0f3e8f35de07,TeamB,2021-10-05,1,6.0,6,100,100.0,600,600.0,600
TeamB-6d568bee-175f-4dcb-9d3a-0f3e8f35de07,TeamB,2021-10-06,1,5.0,5,100,100.0,500,500.0,500
TeamB-6d568bee-175f-4dcb-9d3a-0f3e8f35de07,TeamB,2021-10-08,1,4.0,4,70,70.0,280,280.0,280
TeamB-6d568bee-175f-4dcb-9d3a-0f3e8f35de07,TeamB,2021-10-10,1,5.0,5,70,70.0,350,350.0,350
TeamB-6d568bee-175f-4dcb-9d3a-0f3e8f35de07,TeamB,2021-10-12,1,6.0,6,100,100.0,600,600.0,600
TeamB-6d568bee-175f-4dcb-9d3a-0f3e8f35de07,TeamB,2021-10-13,1,8.0,8,120,120.0,960,960.0,960
TeamB-6d568bee-175f-4dcb-9d3a-0f3e8f35de07,TeamB,2021-10-15,1,6.0,6,90,90.0,540,540.0,540
TeamB-6d568bee-175f-4dcb-9d3a-0f3e8f35de07,TeamB,2021-10-16,1,3.0,3,60,60.0,180,180.0,180
TeamB-6d568bee-175f-4dcb-9d3a-0f3e8f35de07,TeamB,2021-10-17,1,4.0,4,30,30.0,120,120.0,120
TeamB-6d568bee-175f-4dcb-9d3a-0f3e8f35de07,TeamB,2021-10-19,1,5.0,5,70,70.0,350,350.0,350
TeamB-6d568bee-175f-4dcb-9d3a-0f3e8f35de07,TeamB,2021-10-20,1,4.0,4,30,30.0,120,120.0,120
TeamB-6d568bee-175f-4dcb-9d3a-0f3e8f35de07,TeamB,2021-10-21,1,5.0,5,80,80.0,400,400.0,400
TeamB-6d568bee-175f-4dcb-9d3a-0f3e8f35de07,TeamB,2021-10-22,1,7.0,7,90,90.0,630,630.0,630
TeamB-6d568bee-175f-4dcb-9d3a-0f3e8f35de07,TeamB,2021-10-23,1,5.0,5,30,30.0,150,150.0,150
TeamB-6d568bee-175f-4dcb-9d3a-0f3e8f35de07,TeamB,2021-10-26,1,5.0,5,80,80.0,400,400.0,400
TeamB-6d568bee-175f-4dcb-9d3a-0f3e8f35de07,TeamB,2021-10-27,2,6.0,6,150,75.0,900,450.0,540
TeamB-6d568bee-175f-4dcb-9d3a-0f3e8f35de07,TeamB,2021-10-29,1,7.0,7,120,120.0,840,840.0,840
TeamB-6d568bee-175f-4dcb-9d3a-0f3e8f35de07,TeamB,2021-10-30,1,5.0,5,70,70.0,350,350.0,350
TeamB-6d568bee-175f-4dcb-9d3a-0f3e8f35de07,TeamB,2021-10-31,1,6.0,6,30,30.0,180,180.0,180
TeamB-6d568bee-175f-4dcb-9d3a-0f3e8f35de07,TeamB,2021-11-03,1,6.0,6,80,80.0,480,480.0,480
TeamB-6d568bee-175f-4dcb-9d3a-0f3e8f35de07,TeamB,2021-11-04,1,5.0,5,90,90.0,450,450.0,450
TeamB-6d568bee-175f-4dcb-9d3a-0f3e8f35de07,TeamB,2021-11-06,1,3.0,3,70,70.0,210,210.0,210
TeamB-6d568bee-175f-4dcb-9d3a-0f3e8f35de07,TeamB,2021-11-09,1,4.0,4,70,70.0,280,280.0,280
TeamB-6d568bee-175f-4dcb-9d3a-0f3e8f35de07,TeamB,2021-11-10,1,6.0,6,90,90.0,540,540.0,540
TeamB-70b74270-f655-43cc-a188-1ebc7a828b95,TeamB,2020-01-09,2,7.5,8,140,70.0,1070,535.0,720
TeamB-70b74270-f655-43cc-a188-1ebc7a828b95,TeamB,2020-01-10,1,8.0,8,90,90.0,720,720.0,720
TeamB-70b74270-f655-43cc-a188-1ebc7a828b95,TeamB,2020-01-14,2,6.0,8,130,65.0,880,440.0,720
TeamB-70b74270-f655-43cc-a188-1ebc7a828b95,TeamB,2020-01-16,2,6.5,9,160,80.0,1240,620.0,1080
TeamB-70b74270-f655-43cc-a188-1ebc7a828b95,TeamB,2020-01-17,1,8.0,8,90,90.0,720,720.0,720
TeamB-70b74270-f655-43cc-a188-1ebc7a828b95,TeamB,2020-01-18,1,3.0,3,60,60.0,180,180.0,180
TeamB-70b74270-f655-43cc-a188-1ebc7a828b95,TeamB,2020-01-20,1,7.0,7,90,90.0,630,630.0,630
TeamB-70b74270-f655-43cc-a188-1ebc7a828b95,TeamB,2020-01-21,2,7.0,9,170,85.0,1290,645.0,990
TeamB-70b74270-f655-43cc-a188-1ebc7a828b95,TeamB,2020-01-23,1,6.0,6,100,100.0,600,600.0,600
TeamB-70b74270-f655-43cc-a188-1ebc7a828b95,TeamB,2020-01-27,1,5.0,5,60,60.0,300,300.0,300
TeamB-70b74270-f655-43cc-a188-1ebc7a828b95,TeamB,2020-01-28,1,4.0,4,60,60.0,240,240.0,240
TeamB-70b74270-f655-43cc-a188-1ebc7a828b95,TeamB,2020-01-29,1,5.0,5,70,70.0,350,350.0,350
TeamB-70b74270-f655-43cc-a188-1ebc7a828b95,TeamB,2020-02-02,1,4.0,4,70,70.0,280,280.0,280
TeamB-70b74270-f655-43cc-a188-1ebc7a828b95,TeamB,2020-02-03,1,8.0,8,90,90.0,720,720.0,720
TeamB-70b74270-f655-43cc-a188-1ebc7a828b95,TeamB,2020-02-04,2,5.5,7,150,75.0,870,435.0,630
TeamB-70b74270-f655-43cc-a188-1ebc7a828b95,TeamB,2020-02-05,1,5.0,5,60,60.0,300,300.0,300
TeamB-70b74270-f655-43cc-a188-1ebc7a828b95,TeamB,2020-02-06,1,9.0,9,120,120.0,1080,1080.0,1080
TeamB-70b74270-f655-43cc-a188-1ebc7a828b95,TeamB,2020-02-07,1,7.0,7,90,90.0,630,630.0,630
TeamB-70b74270-f655-43cc-a188-1ebc7a828b95,TeamB,2020-02-08,1,10.0,10,90,90.0,900,900.0,900
TeamB-70b74270-f655-43cc-a188-1ebc7a828b95,TeamB,2020-02-10,1,5.0,5,60,60.0,300,300.0,300
TeamB-70b74270-f655-43cc-a188-1ebc7a828b95,TeamB,2020-02-11,2,6.0,8,160,80.0,1080,540.0,880
TeamB-70b74270-f655-43cc-a188-1ebc7a828b95,TeamB,2020-02-13,2,7.0,8,140,70.0,1020,510.0,720
TeamB-70b74270-f655-43cc-a188-1ebc7a828b95,TeamB,2020-02-14,1,7.0,7,80,80.0,560,560.0,560
TeamB-70b74270-f655-43cc-a188-1ebc7a828b95,TeamB,2020-02-15,1,9.0,9,30,30.0,270,270.0,270
TeamB-70b74270-f655-43cc-a188-1ebc7a828b95,TeamB,2020-02-17,1,7.0,7,90,90.0,630,630.0,630
TeamB-70b74270-f655-43cc-a188-1ebc7a828b95,TeamB,2020-02-18,2,5.5,7,140,70.0,830,415.0,630
TeamB-70b74270-f655-43cc-a188-1ebc7a828b95,TeamB,2020-02-19,1,4.0,4,60,60.0,240,240.0,240
TeamB-70b74270-f655-43cc-a188-1ebc7a828b95,TeamB,2020-02-20,1,6.0,6,50,50.0,300,300.0,300
TeamB-70b74270-f655-43cc-a188-1ebc7a828b95,TeamB,2020-02-22,1,7.0,7,90,90.0,630,630.0,630
TeamB-70b74270-f655-43cc-a188-1ebc7a828b95,TeamB,2020-02-23,1,8.0,8,90,90.0,720,720.0,720
TeamB-70b74270-f655-43cc-a188-1ebc7a828b95,TeamB,2020-02-24,1,8.0,8,90,90.0,720,720.0,720
TeamB-70b74270-f655-43cc-a188-1ebc7a828b95,TeamB,2020-02-25,1,4.0,4,100,100.0,400,400.0,400
TeamB-70b74270-f655-43cc-a188-1ebc7a828b95,TeamB,2020-02-27,1,10.0,10,120,120.0,1200,1200.0,1200
TeamB-70b74270-f655-43cc-a188-1ebc7a828b95,TeamB,2020-03-01,1,3.0,3,50,50.0,150,150.0,150
TeamB-70b74270-f655-43cc-a188-1ebc7a828b95,TeamB,2020-03-02,1,7.0,7,60,60.0,420,420.0,420
TeamB-70b74270-f655-43cc-a188-1ebc7a828b95,TeamB,2020-03-03,1,7.0,7,60,60.0,420,420.0,420
TeamB-70b74270-f655-43cc-a188-1ebc7a828b95,TeamB,2020-03-04,1,9.0,9,40,40.0,360,360.0,360
TeamB-70b74270-f655-43cc-a188-1ebc7a828b95,TeamB,2020-03-06,1,7.0,7,60,60.0,420,420.0,420
TeamB-70b74270-f655-43cc-a188-1ebc7a828b95,TeamB,2020-03-08,1,5.0,5,60,60.0,300,300.0,300
TeamB-70b74270-f655-43cc-a188-1ebc7a828b95,TeamB,2020-03-11,1,8.0,8,60,60.0,480,480.0,480
TeamB-70b74270-f655-43cc-a188-1ebc7a828b95,TeamB,2020-03-13,1,4.0,4,50,50.0,200,200.0,200
TeamB-70b74270-f655-43cc-a188-1ebc7a828b95,TeamB,2020-03-14,1,8.0,8,70,70.0,560,560.0,560
TeamB-70b74270-f655-43cc-a188-1ebc7a828b95,TeamB,2020-03-20,1,8.0,8,50,50.0,400,400.0,400
TeamB-70b74270-f655-43cc-a188-1ebc7a828b95,TeamB,2020-03-21,1,7.0,7,50,50.0,350,350.0,350
TeamB-70b74270-f655-43cc-a188-1ebc7a828b95,TeamB,2020-03-22,1,8.0,8,60,60.0,480,480.0,480
TeamB-70b74270-f655-43cc-a188-1ebc7a828b95,TeamB,2020-03-24,1,8.0,8,60,60.0,480,480.0,480
TeamB-70b74270-f655-43cc-a188-1ebc7a828b95,TeamB,2020-03-25,1,5.0,5,40,40.0,200,200.0,200
TeamB-70b74270-f655-43cc-a188-1ebc7a828b95,TeamB,2020-03-26,1,7.0,7,60,60.0,420,420.0,420
TeamB-70b74270-f655-43cc-a188-1ebc7a828b95,TeamB,2020-03-27,1,6.0,6,70,70.0,420,420.0,420
TeamB-70b74270-f655-43cc-a188-1ebc7a828b95,TeamB,2020-03-28,1,7.0,7,100,100.0,700,700.0,700
TeamB-70b74270-f655-43cc-a188-1ebc7a828b95,TeamB,2020-03-30,1,7.0,7,100,100.0,700,700.0,700
TeamB-70b74270-f655-43cc-a188-1ebc7a828b95,TeamB,2020-03-31,1,8.0,8,110,110.0,880,880.0,880
TeamB-70b74270-f655-43cc-a188-1ebc7a828b95,TeamB,2020-04-01,1,5.0,5,50,50.0,250,250.0,250
TeamB-70b74270-f655-43cc-a188-1ebc7a828b95,TeamB,2020-04-02,1,4.0,4,60,60.0,240,240.0,240
TeamB-70b74270-f655-43cc-a188-1ebc7a828b95,TeamB,2020-04-03,2,4.0,4,80,40.0,320,160.0,240
TeamB-70b74270-f655-43cc-a188-1ebc7a828b95,TeamB,2020-04-04,1,5.0,5,60,60.0,300,300.0,300
TeamB-70b74270-f655-43cc-a188-1ebc7a828b95,TeamB,2020-04-06,1,4.0,4,30,30.0,120,120.0,120
TeamB-70b74270-f655-43cc-a188-1ebc7a828b95,TeamB,2020-04-07,1,8.0,8,100,100.0,800,800.0,800
TeamB-70b74270-f655-43cc-a188-1ebc7a828b95,TeamB,2020-04-08,1,4.0,4,60,60.0,240,240.0,240
TeamB-70b74270-f655-43cc-a188-1ebc7a828b95,TeamB,2020-04-10,1,6.0,6,60,60.0,360,360.0,360
TeamB-70b74270-f655-43cc-a188-1ebc7a828b95,TeamB,2020-04-13,1,5.0,5,40,40.0,200,200.0,200
TeamB-70b74270-f655-43cc-a188-1ebc7a828b95,TeamB,2020-04-16,1,5.0,5,30,30.0,150,150.0,150
TeamB-70b74270-f655-43cc-a188-1ebc7a828b95,TeamB,2020-04-23,1,5.0,5,30,30.0,150,150.0,150
TeamB-70b74270-f655-43cc-a188-1ebc7a828b95,TeamB,2020-04-24,1,7.0,7,80,80.0,560,560.0,560
TeamB-70b74270-f655-43cc-a188-1ebc7a828b95,TeamB,2020-04-25,1,6.0,6,60,60.0,360,360.0,360
TeamB-70b74270-f655-43cc-a188-1ebc7a828b95,TeamB,2020-04-26,1,7.0,7,90,90.0,630,630.0,630
TeamB-70b74270-f655-43cc-a188-1ebc7a828b95,TeamB,2020-04-27,1,7.0,7,60,60.0,420,420.0,420
TeamB-70b74270-f655-43cc-a188-1ebc7a828b95,TeamB,2020-04-28,1,7.0,7,90,90.0,630,630.0,630
TeamB-70b74270-f655-43cc-a188-1ebc7a828b95,TeamB,2020-04-30,1,7.0,7,60,60.0,420,420.0,420
TeamB-70b74270-f655-43cc-a188-1ebc7a828b95,TeamB,2020-05-01,1,6.0,6,60,60.0,360,360.0,360
TeamB-70b74270-f655-43cc-a188-1ebc7a828b95,TeamB,2020-05-19,1,4.0,4,60,60.0,240,240.0,240
TeamB-70b74270-f655-43cc-a188-1ebc7a828b95,TeamB,2020-05-20,1,6.0,6,60,60.0,360,360.0,360
TeamB-70b74270-f655-43cc-a188-1ebc7a828b95,TeamB,2020-05-21,1,4.0,4,50,50.0,200,200.0,200
TeamB-70b74270-f655-43cc-a188-1ebc7a828b95,TeamB,2020-05-22,1,7.0,7,40,40.0,280,280.0,280
TeamB-70b74270-f655-43cc-a188-1ebc7a828b95,TeamB,2020-05-23,1,6.0,6,50,50.0,300,300.0,300
TeamB-70b74270-f655-43cc-a188-1ebc7a828b95,TeamB,2020-05-24,1,7.0,7,40,40.0,280,280.0,280
TeamB-70b74270-f655-43cc-a188-1ebc7a828b95,TeamB,2020-05-25,1,5.0,5,50,50.0,250,250.0,250
TeamB-70b74270-f655-43cc-a188-1ebc7a828b95,TeamB,2020-05-26,1,6.0,6,30,30.0,180,180.0,180
TeamB-70b74270-f655-43cc-a188-1ebc7a828b95,TeamB,2020-05-27,1,5.0,5,40,40.0,200,200.0,200
TeamB-70b74270-f655-43cc-a188-1ebc7a828b95,TeamB,2020-05-28,1,8.0,8,90,90.0,720,720.0,720
TeamB-70b74270-f655-43cc-a188-1ebc7a828b95,TeamB,2020-05-29,1,7.0,7,90,90.0,630,630.0,630
TeamB-70b74270-f655-43cc-a188-1ebc7a828b95,TeamB,2020-05-30,1,5.0,5,40,40.0,200,200.0,200
TeamB-70b74270-f655-43cc-a188-1ebc7a828b95,TeamB,2020-06-01,1,7.0,7,90,90.0,630,630.0,630
TeamB-70b74270-f655-43cc-a188-1ebc7a828b95,TeamB,2020-06-02,1,8.0,8,80,80.0,640,640.0,640
TeamB-70b74270-f655-43cc-a188-1ebc7a828b95,TeamB,2020-06-03,1,5.0,5,60,60.0,300,300.0,300
TeamB-70b74270-f655-43cc-a188-1ebc7a828b95,TeamB,2020-06-04,1,7.0,7,90,90.0,630,630.0,630
TeamB-70b74270-f655-43cc-a188-1ebc7a828b95,TeamB,2020-06-05,1,8.0,8,90,90.0,720,720.0,720
TeamB-70b74270-f655-43cc-a188-1ebc7a828b95,TeamB,2020-06-06,1,4.0,4,50,50.0,200,200.0,200
TeamB-70b74270-f655-43cc-a188-1ebc7a828b95,TeamB,2020-06-08,1,8.0,8,90,90.0,720,720.0,720
TeamB-70b74270-f655-43cc-a188-1ebc7a828b95,TeamB,2020-06-09,1,7.0,7,80,80.0,560,560.0,560
TeamB-70b74270-f655-43cc-a188-1ebc7a828b95,TeamB,2020-06-10,1,7.0,7,90,90.0,630,630.0,630
TeamB-70b74270-f655-43cc-a188-1ebc7a828b95,TeamB,2020-06-11,1,4.0,4,50,50.0,200,200.0,200
TeamB-70b74270-f655-43cc-a188-1ebc7a828b95,TeamB,2020-06-12,1,7.0,7,70,70.0,490,490.0,490
TeamB-70b74270-f655-43cc-a188-1ebc7a828b95,TeamB,2020-06-13,1,8.0,8,50,50.0,400,400.0,400
TeamB-70b74270-f655-43cc-a188-1ebc7a828b95,TeamB,2020-06-15,1,4.0,4,90,90.0,360,360.0,360
TeamB-70b74270-f655-43cc-a188-1ebc7a828b95,TeamB,2020-06-16,1,8.0,8,100,100.0,800,800.0,800
TeamB-70b74270-f655-43cc-a188-1ebc7a828b95,TeamB,2020-06-17,1,7.0,7,90,90.0,630,630.0,630
TeamB-70b74270-f655-43cc-a188-1ebc7a828b95,TeamB,2020-06-18,1,7.0,7,60,60.0,420,420.0,420
TeamB-70b74270-f655-43cc-a188-1ebc7a828b95,TeamB,2020-06-19,1,5.0,5,90,90.0,450,450.0,450
TeamB-70b74270-f655-43cc-a188-1ebc7a828b95,TeamB,2020-06-22,1,6.0,6,80,80.0,480,480.0,480
TeamB-70b74270-f655-43cc-a188-1ebc7a828b95,TeamB,2020-06-23,1,9.0,9,80,80.0,720,720.0,720
TeamB-70b74270-f655-43cc-a188-1ebc7a828b95,TeamB,2020-06-25,1,5.0,5,70,70.0,350,350.0,350
TeamB-70b74270-f655-43cc-a188-1ebc7a828b95,TeamB,2020-06-26,1,7.0,7,60,60.0,420,420.0,420
TeamB-70b74270-f655-43cc-a188-1ebc7a828b95,TeamB,2020-06-27,1,9.0,9,80,80.0,720,720.0,720
TeamB-70b74270-f655-43cc-a188-1ebc7a828b95,TeamB,2020-06-28,1,4.0,4,50,50.0,200,200.0,200
TeamB-70b74270-f655-43cc-a188-1ebc7a828b95,TeamB,2020-06-29,1,5.0,5,90,90.0,450,450.0,450
TeamB-70b74270-f655-43cc-a188-1ebc7a828b95,TeamB,2020-06-30,1,8.0,8,90,90.0,720,720.0,720
TeamB-70b74270-f655-43cc-a188-1ebc7a828b95,TeamB,2020-07-01,1,6.0,6,90,90.0,540,540.0,540
TeamB-70b74270-f655-43cc-a188-1ebc7a828b95,TeamB,2020-07-03,1,7.0,7,70,70.0,490,490.0,490
TeamB-70b74270-f655-43cc-a188-1ebc7a828b95,TeamB,2020-07-04,1,9.0,9,90,90.0,810,810.0,810
TeamB-70b74270-f655-43cc-a188-1ebc7a828b95,TeamB,2020-07-05,1,3.0,3,70,70.0,210,210.0,210
TeamB-70b74270-f655-43cc-a188-1ebc7a828b95,TeamB,2020-07-06,1,5.0,5,80,80.0,400,400.0,400
TeamB-70b74270-f655-43cc-a188-1ebc7a828b95,TeamB,2020-07-07,1,7.0,7,90,90.0,630,630.0,630
TeamB-70b74270-f655-43cc-a188-1ebc7a828b95,TeamB,2020-07-08,1,6.0,6,60,60.0,360,360.0,360
TeamB-70b74270-f655-43cc-a188-1ebc7a828b95,TeamB,2020-07-09,1,6.0,6,60,60.0,360,360.0,360
TeamB-70b74270-f655-43cc-a188-1ebc7a828b95,TeamB,2020-07-10,1,10.0,10,90,90.0,900,900.0,900
TeamB-70b74270-f655-43cc-a188-1ebc7a828b95,TeamB,2020-07-13,1,3.0,3,50,50.0,150,150.0,150
TeamB-70b74270-f655-43cc-a188-1ebc7a828b95,TeamB,2020-07-14,1,5.0,5,60,60.0,300,300.0,300
TeamB-70b74270-f655-43cc-a188-1ebc7a828b95,TeamB,2020-07-15,1,5.0,5,60,60.0,300,300.0,300
TeamB-70b74270-f655-43cc-a188-1ebc7a828b95,TeamB,2020-07-16,1,4.0,4,50,50.0,200,200.0,200
TeamB-70b74270-f655-43cc-a188-1ebc7a828b95,TeamB,2020-07-17,1,6.0,6,50,50.0,300,300.0,300
TeamB-70b74270-f655-43cc-a188-1ebc7a828b95,TeamB,2020-07-18,1,8.0,8,50,50.0,400,400.0,400
TeamB-70b74270-f655-43cc-a188-1ebc7a828b95,TeamB,2020-07-19,1,7.0,7,90,90.0,630,630.0,630
TeamB-70b74270-f655-43cc-a188-1ebc7a828b95,TeamB,2020-07-20,2,4.5,5,120,60.0,530,265.0,280
TeamB-70b74270-f655-43cc-a188-1ebc7a828b95,TeamB,2020-07-21,1,7.0,7,80,80.0,560,560.0,560
TeamB-70b74270-f655-43cc-a188-1ebc7a828b95,TeamB,2020-07-22,1,6.0,6,70,70.0,420,420.0,420
TeamB-70b74270-f655-43cc-a188-1ebc7a828b95,TeamB,2020-07-23,1,7.0,7,60,60.0,420,420.0,420
TeamB-70b74270-f655-43cc-a188-1ebc7a828b95,TeamB,2020-07-24,1,9.0,9,90,90.0,810,810.0,810
TeamB-70b74270-f655-43cc-a188-1ebc7a828b95,TeamB,2020-07-25,1,4.0,4,40,40.0,160,160.0,160
TeamB-70b74270-f655-43cc-a188-1ebc7a828b95,TeamB,2020-07-26,1,7.0,7,50,50.0,350,350.0,350
TeamB-70b74270-f655-43cc-a188-1ebc7a828b95,TeamB,2020-07-27,2,6.0,6,100,50.0,600,300.0,300
TeamB-70b74270-f655-43cc-a188-1ebc7a828b95,TeamB,2020-07-28,1,9.0,9,100,100.0,900,900.0,900
TeamB-70b74270-f655-43cc-a188-1ebc7a828b95,TeamB,2020-07-29,1,7.0,7,80,80.0,560,560.0,560
TeamB-70b74270-f655-43cc-a188-1ebc7a828b95,TeamB,2020-07-31,1,7.0,7,70,70.0,490,490.0,490
TeamB-70b74270-f655-43cc-a188-1ebc7a828b95,TeamB,2020-08-01,1,9.0,9,90,90.0,810,810.0,810
TeamB-70b74270-f655-43cc-a188-1ebc7a828b95,TeamB,2020-08-02,1,4.0,4,60,60.0,240,240.0,240
TeamB-70b74270-f655-43cc-a188-1ebc7a828b95,TeamB,2020-08-03,1,5.0,5,70,70.0,350,350.0,350
TeamB-70b74270-f655-43cc-a188-1ebc7a828b95,TeamB,2020-08-04,1,7.0,7,90,90.0,630,630.0,630
TeamB-70b74270-f655-43cc-a188-1ebc7a828b95,TeamB,2020-08-05,1,6.0,6,60,60.0,360,360.0,360
TeamB-70b74270-f655-43cc-a188-1ebc7a828b95,TeamB,2020-08-06,1,6.0,6,60,60.0,360,360.0,360
TeamB-70b74270-f655-43cc-a188-1ebc7a828b95,TeamB,2020-08-07,1,9.0,9,90,90.0,810,810.0,810
TeamB-70b74270-f655-43cc-a188-1ebc7a828b95,TeamB,2020-08-10,1,7.0,7,80,80.0,560,560.0,560
TeamB-70b74270-f655-43cc-a188-1ebc7a828b95,TeamB,2020-08-11,1,6.0,6,40,40.0,240,240.0,240
TeamB-70b74270-f655-43cc-a188-1ebc7a828b95,TeamB,2020-08-12,1,9.0,9,90,90.0,810,810.0,810
TeamB-70b74270-f655-43cc-a188-1ebc7a828b95,TeamB,2020-08-15,1,5.0,5,40,40.0,200,200.0,200
TeamB-70b74270-f655-43cc-a188-1ebc7a828b95,TeamB,2020-08-16,1,9.0,9,90,90.0,810,810.0,810
TeamB-70b74270-f655-43cc-a188-1ebc7a828b95,TeamB,2020-08-18,1,4.0,4,50,50.0,200,200.0,200
TeamB-70b74270-f655-43cc-a188-1ebc7a828b95,TeamB,2020-08-19,1,7.0,7,80,80.0,560,560.0,560
TeamB-70b74270-f655-43cc-a188-1ebc7a828b95,TeamB,2020-08-20,1,6.0,6,70,70.0,420,420.0,420
TeamB-70b74270-f655-43cc-a188-1ebc7a828b95,TeamB,2020-08-21,1,6.0,6,50,50.0,300,300.0,300
TeamB-70b74270-f655-43cc-a188-1ebc7a828b95,TeamB,2020-08-22,1,10.0,10,90,90.0,900,900.0,900
TeamB-70b74270-f655-43cc-a188-1ebc7a828b95,TeamB,2020-08-24,1,5.0,5,40,40.0,200,200.0,200
TeamB-70b74270-f655-43cc-a188-1ebc7a828b95,TeamB,2020-08-25,1,6.0,6,40,40.0,240,240.0,240
TeamB-70b74270-f655-43cc-a188-1ebc7a828b95,TeamB,2020-08-26,1,10.0,10,90,90.0,900,900.0,900
TeamB-70b74270-f655-43cc-a188-1ebc7a828b95,TeamB,2020-08-29,1,6.0,6,40,40.0,240,240.0,240
TeamB-70b74270-f655-43cc-a188-1ebc7a828b95,TeamB,2020-08-30,1,9.0,9,90,90.0,810,810.0,810
TeamB-70b74270-f655-43cc-a188-1ebc7a828b95,TeamB,2020-09-01,1,4.0,4,50,50.0,200,200.0,200
TeamB-70b74270-f655-43cc-a188-1ebc7a828b95,TeamB,2020-09-02,1,6.0,6,50,50.0,300,300.0,300
TeamB-70b74270-f655-43cc-a188-1ebc7a828b95,TeamB,2020-09-03,1,4.0,4,60,60.0,240,240.0,240
TeamB-70b74270-f655-43cc-a188-1ebc7a828b95,TeamB,2020-09-04,1,6.0,6,50,50.0,300,300.0,300
TeamB-70b74270-f655-43cc-a188-1ebc7a828b95,TeamB,2020-09-05,1,9.0,9,90,90.0,810,810.0,810
TeamB-70b74270-f655-43cc-a188-1ebc7a828b95,TeamB,2020-09-07,1,4.0,4,50,50.0,200,200.0,200
TeamB-70b74270-f655-43cc-a188-1ebc7a828b95,TeamB,2020-09-08,1,7.0,7,70,70.0,490,490.0,490
TeamB-70b74270-f655-43cc-a188-1ebc7a828b95,TeamB,2020-09-09,1,7.0,7,90,90.0,630,630.0,630
TeamB-70b74270-f655-43cc-a188-1ebc7a828b95,TeamB,2020-09-11,1,6.0,6,60,60.0,360,360.0,360
TeamB-70b74270-f655-43cc-a188-1ebc7a828b95,TeamB,2020-09-14,1,8.0,8,40,40.0,320,320.0,320
TeamB-70b74270-f655-43cc-a188-1ebc7a828b95,TeamB,2020-09-19,1,7.0,7,60,60.0,420,420.0,420
TeamB-70b74270-f655-43cc-a188-1ebc7a828b95,TeamB,2020-09-21,1,7.0,7,100,100.0,700,700.0,700
TeamB-70b74270-f655-43cc-a188-1ebc7a828b95,TeamB,2020-09-22,2,6.0,8,150,75.0,960,480.0,720
TeamB-70b74270-f655-43cc-a188-1ebc7a828b95,TeamB,2020-09-24,1,6.0,6,80,80.0,480,480.0,480
TeamB-70b74270-f655-43cc-a188-1ebc7a828b95,TeamB,2020-09-25,1,7.0,7,90,90.0,630,630.0,630
TeamB-70b74270-f655-43cc-a188-1ebc7a828b95,TeamB,2020-09-26,1,5.0,5,60,60.0,300,300.0,300
TeamB-70b74270-f655-43cc-a188-1ebc7a828b95,TeamB,2020-09-27,1,9.0,9,60,60.0,540,540.0,540
TeamB-70b74270-f655-43cc-a188-1ebc7a828b95,TeamB,2020-09-30,1,3.0,3,50,50.0,150,150.0,150
TeamB-70b74270-f655-43cc-a188-1ebc7a828b95,TeamB,2020-10-01,1,8.0,8,80,80.0,640,640.0,640
TeamB-70b74270-f655-43cc-a188-1ebc7a828b95,TeamB,2020-10-02,2,5.5,7,140,70.0,830,415.0,630
TeamB-70b74270-f655-43cc-a188-1ebc7a828b95,TeamB,2020-10-04,1,7.0,7,60,60.0,420,420.0,420
TeamB-70b74270-f655-43cc-a188-1ebc7a828b95,TeamB,2020-10-05,1,7.0,7,90,90.0,630,630.0,630
TeamB-70b74270-f655-43cc-a188-1ebc7a828b95,TeamB,2020-10-06,1,7.0,7,60,60.0,420,420.0,420
TeamB-70b74270-f655-43cc-a188-1ebc7a828b95,TeamB,2020-10-07,1,9.0,9,60,60.0,540,540.0,540
TeamB-70b74270-f655-43cc-a188-1ebc7a828b95,TeamB,2020-10-08,1,3.0,3,30,30.0,90,90.0,90
TeamB-70b74270-f655-43cc-a188-1ebc7a828b95,TeamB,2020-10-10,1,4.0,4,50,50.0,200,200.0,200
TeamB-70b74270-f655-43cc-a188-1ebc7a828b95,TeamB,2020-10-13,1,4.0,4,50,50.0,200,200.0,200
TeamB-70b74270-f655-43cc-a188-1ebc7a828b95,TeamB,2020-10-14,1,4.0,4,50,50.0,200,200.0,200
TeamB-70b74270-f655-43cc-a188-1ebc7a828b95,TeamB,2020-10-15,1,4.0,4,90,90.0,360,360.0,360
TeamB-70b74270-f655-43cc-a188-1ebc7a828b95,TeamB,2020-10-16,1,4.0,4,60,60.0,240,240.0,240
TeamB-70b74270-f655-43cc-a188-1ebc7a828b95,TeamB,2020-10-17,1,7.0,7,60,60.0,420,420.0,420
TeamB-70b74270-f655-43cc-a188-1ebc7a828b95,TeamB,2020-10-18,1,9.0,9,30,30.0,270,270.0,270
TeamB-70b74270-f655-43cc-a188-1ebc7a828b95,TeamB,2020-10-19,1,7.0,7,70,70.0,490,490.0,490
TeamB-70b74270-f655-43cc-a188-1ebc7a828b95,TeamB,2020-10-20,1,7.0,7,60,60.0,420,420.0,420
TeamB-70b74270-f655-43cc-a188-1ebc7a828b95,TeamB,2020-10-22,1,9.0,9,90,90.0,810,810.0,810
TeamB-70b74270-f655-43cc-a188-1ebc7a828b95,TeamB,2020-10-23,1,8.0,8,90,90.0,720,720.0,720
TeamB-70b74270-f655-43cc-a188-1ebc7a828b95,TeamB,2020-10-24,1,7.0,7,80,80.0,560,560.0,560
TeamB-70b74270-f655-43cc-a188-1ebc7a828b95,TeamB,2020-10-25,1,7.0,7,80,80.0,560,560.0,560
TeamB-70b74270-f655-43cc-a188-1ebc7a828b95,TeamB,2020-10-26,1,7.0,7,60,60.0,420,420.0,420
TeamB-70b74270-f655-43cc-a188-1ebc7a828b95,TeamB,2020-10-28,1,3.0,3,40,40.0,120,120.0,120
TeamB-70b74270-f655-43cc-a188-1ebc7a828b95,TeamB,2020-10-29,1,8.0,8,90,90.0,720,720.0,720
TeamB-70b74270-f655-43cc-a188-1ebc7a828b95,TeamB,2020-10-30,1,7.0,7,70,70.0,490,490.0,490
TeamB-70b74270-f655-43cc-a188-1ebc7a828b95,TeamB,2020-10-31,1,6.0,6,50,50.0,300,300.0,300
TeamB-70b74270-f655-43cc-a188-1ebc7a828b95,TeamB,2020-11-01,1,9.0,9,90,90.0,810,810.0,810
TeamB-70b74270-f655-43cc-a188-1ebc7a828b95,TeamB,2020-11-02,1,3.0,3,30,30.0,90,90.0,90
TeamB-70b74270-f655-43cc-a188-1ebc7a828b95,TeamB,2020-11-03,1,6.0,6,60,60.0,360,360.0,360
TeamB-70b74270-f655-43cc-a188-1ebc7a828b95,TeamB,2020-11-05,2,4.0,6,80,40.0,400,200.0,360
TeamB-70b74270-f655-43cc-a188-1ebc7a828b95,TeamB,2020-11-06,1,7.0,7,60,60.0,420,420.0,420
TeamB-70b74270-f655-43cc-a188-1ebc7a828b95,TeamB,2020-11-07,1,9.0,9,90,90.0,810,810.0,810
TeamB-70b74270-f655-43cc-a188-1ebc7a828b95,TeamB,2020-11-08,1,2.0,2,60,60.0,120,120.0,120
TeamB-70b74270-f655-43cc-a188-1ebc7a828b95,TeamB,2020-11-09,1,5.0,5,50,50.0,250,250.0,250
TeamB-70b74270-f655-43cc-a188-1ebc7a828b95,TeamB,2020-11-10,1,6.0,6,60,60.0,360,360.0,360
TeamB-70b74270-f655-43cc-a188-1ebc7a828b95,TeamB,2020-11-11,1,9.0,9,70,70.0,630,630.0,630
TeamB-70b74270-f655-43cc-a188-1ebc7a828b95,TeamB,2020-11-12,1,6.0,6,50,50.0,300,300.0,300
TeamB-70b74270-f655-43cc-a188-1ebc7a828b95,TeamB,2020-11-14,1,8.0,8,110,110.0,880,880.0,880
TeamB-70b74270-f655-43cc-a188-1ebc7a828b95,TeamB,2020-11-15,1,7.0,7,100,100.0,700,700.0,700
TeamB-70b74270-f655-43cc-a188-1ebc7a828b95,TeamB,2020-11-16,1,5.0,5,60,60.0,300,300.0,300
TeamB-70b74270-f655-43cc-a188-1ebc7a828b95,TeamB,2020-11-18,1,6.0,6,50,50.0,300,300.0,300
TeamB-70b74270-f655-43cc-a188-1ebc7a828b95,TeamB,2020-11-19,1,9.0,9,70,70.0,630,630.0,630
TeamB-70b74270-f655-43cc-a188-1ebc7a828b95,TeamB,2020-11-21,1,6.0,6,50,50.0,300,300.0,300
TeamB-70b74270-f655-43cc-a188-1ebc7a828b95,TeamB,2020-11-22,1,9.0,9,80,80.0,720,720.0,720
TeamB-70b74270-f655-43cc-a188-1ebc7a828b95,TeamB,2021-01-17,1,8.0,8,90,90.0,720,720.0,720
TeamB-70b74270-f655-43cc-a188-1ebc7a828b95,TeamB,2021-01-18,1,6.0,6,60,60.0,360,360.0,360
TeamB-70b74270-f655-43cc-a188-1ebc7a828b95,TeamB,2021-01-20,1,7.0,7,90,90.0,630,630.0,630
TeamB-70b74270-f655-43cc-a188-1ebc7a828b95,TeamB,2021-01-21,1,8.0,8,30,30.0,240,240.0,240
TeamB-70b74270-f655-43cc-a188-1ebc7a828b95,TeamB,2021-01-22,1,5.0,5,60,60.0,300,300.0,300
TeamB-70b74270-f655-43cc-a188-1ebc7a828b95,TeamB,2021-01-24,2,6.5,8,100,50.0,650,325.0,400
TeamB-70b74270-f655-43cc-a188-1ebc7a828b95,TeamB,2021-01-25,1,7.0,7,60,60.0,420,420.0,420
TeamB-70b74270-f655-43cc-a188-1ebc7a828b95,TeamB,2021-01-26,2,6.5,8,90,45.0,600,300.0,400
TeamB-70b74270-f655-43cc-a188-1ebc7a828b95,TeamB,2021-01-28,1,7.0,7,60,60.0,420,420.0,420
TeamB-70b74270-f655-43cc-a188-1ebc7a828b95,TeamB,2021-01-29,2,7.0,9,120,60.0,800,400.0,450
TeamB-70b74270-f655-43cc-a188-1ebc7a828b95,TeamB,2021-01-30,1,6.0,6,50,50.0,300,300.0,300
TeamB-70b74270-f655-43cc-a188-1ebc7a828b95,TeamB,2021-02-01,1,7.0,7,100,100.0,700,700.0,700
TeamB-70b74270-f655-43cc-a188-1ebc7a828b95,TeamB,2021-02-03,1,3.0,3,30,30.0,90,90.0,90
TeamB-70b74270-f655-43cc-a188-1ebc7a828b95,TeamB,2021-02-04,1,8.0,8,70,70.0,560,560.0,560
TeamB-70b74270-f655-43cc-a188-1ebc7a828b95,TeamB,2021-02-05,1,3.0,3,60,60.0,180,180.0,180
TeamB-70b74270-f655-43cc-a188-1ebc7a828b95,TeamB,2021-02-07,1,3.0,3,60,60.0,180,180.0,180
TeamB-70b74270-f655-43cc-a188-1ebc7a828b95,TeamB,2021-02-08,1,7.0,7,40,40.0,280,280.0,280
TeamB-70b74270-f655-43cc-a188-1ebc7a828b95,TeamB,2021-02-09,1,7.0,7,40,40.0,280,280.0,280
TeamB-70b74270-f655-43cc-a188-1ebc7a828b95,TeamB,2021-02-10,1,6.0,6,60,60.0,360,360.0,360
TeamB-70b74270-f655-43cc-a188-1ebc7a828b95,TeamB,2021-02-11,1,10.0,10,120,120.0,1200,1200.0,1200
TeamB-70b74270-f655-43cc-a188-1ebc7a828b95,TeamB,2021-02-15,1,7.0,7,40,40.0,280,280.0,280
TeamB-70b74270-f655-43cc-a188-1ebc7a828b95,TeamB,2021-02-16,1,5.0,5,50,50.0,250,250.0,250
TeamB-70b74270-f655-43cc-a188-1ebc7a828b95,TeamB,2021-02-17,1,8.0,8,50,50.0,400,400.0,400
TeamB-70b74270-f655-43cc-a188-1ebc7a828b95,TeamB,2021-02-18,2,5.5,6,110,55.0,600,300.0,300
TeamB-70b74270-f655-43cc-a188-1ebc7a828b95,TeamB,2021-02-20,1,7.0,7,60,60.0,420,420.0,420
TeamB-70b74270-f655-43cc-a188-1ebc7a828b95,TeamB,2021-02-21,2,6.0,7,130,65.0,830,415.0,630
TeamB-70b74270-f655-43cc-a188-1ebc7a828b95,TeamB,2021-02-24,2,6.5,8,150,75.0,1020,510.0,720
TeamB-70b74270-f655-43cc-a188-1ebc7a828b95,TeamB,2021-02-25,1,7.0,7,90,90.0,630,630.0,630
TeamB-70b74270-f655-43cc-a188-1ebc7a828b95,TeamB,2021-02-26,2,6.0,7,140,70.0,860,430.0,560
TeamB-70b74270-f655-43cc-a188-1ebc7a828b95,TeamB,2021-03-01,2,5.0,6,140,70.0,720,360.0,480
TeamB-70b74270-f655-43cc-a188-1ebc7a828b95,TeamB,2021-03-02,1,8.0,8,90,90.0,720,720.0,720
TeamB-70b74270-f655-43cc-a188-1ebc7a828b95,TeamB,2021-03-04,2,7.0,8,150,75.0,1080,540.0,720
TeamB-70b74270-f655-43cc-a188-1ebc7a828b95,TeamB,2021-03-05,1,7.0,7,80,80.0,560,560.0,560
TeamB-70b74270-f655-43cc-a188-1ebc7a828b95,TeamB,2021-03-06,2,6.0,8,120,60.0,800,400.0,640
TeamB-70b74270-f655-43cc-a188-1ebc7a828b95,TeamB,2021-03-08,1,6.0,6,90,90.0,540,540.0,540
TeamB-70b74270-f655-43cc-a188-1ebc7a828b95,TeamB,2021-03-09,2,6.0,7,130,65.0,810,405.0,560
TeamB-70b74270-f655-43cc-a188-1ebc7a828b95,TeamB,2021-03-11,1,8.0,8,110,110.0,880,880.0,880
TeamB-70b74270-f655-43cc-a188-1ebc7a828b95,TeamB,2021-03-12,1,8.0,8,90,90.0,720,720.0,720
TeamB-70b74270-f655-43cc-a188-1ebc7a828b95,TeamB,2021-03-13,2,6.5,7,150,75.0,990,495.0,630
TeamB-70b74270-f655-43cc-a188-1ebc7a828b95,TeamB,2021-03-15,2,6.5,7,150,75.0,990,495.0,630
TeamB-70b74270-f655-43cc-a188-1ebc7a828b95,TeamB,2021-03-16,1,7.0,7,90,90.0,630,630.0,630
TeamB-70b74270-f655-43cc-a188-1ebc7a828b95,TeamB,2021-03-18,2,6.5,8,170,85.0,1180,590.0,880
TeamB-70b74270-f655-43cc-a188-1ebc7a828b95,TeamB,2021-03-19,2,6.0,7,100,50.0,580,290.0,300
TeamB-70b74270-f655-43cc-a188-1ebc7a828b95,TeamB,2021-03-22,1,8.0,8,120,120.0,960,960.0,960
TeamB-70b74270-f655-43cc-a188-1ebc7a828b95,TeamB,2021-03-23,1,8.0,8,180,180.0,1440,1440.0,1440
TeamB-70b74270-f655-43cc-a188-1ebc7a828b95,TeamB,2021-03-25,1,7.0,7,120,120.0,840,840.0,840
TeamB-70b74270-f655-43cc-a188-1ebc7a828b95,TeamB,2021-03-26,1,7.0,7,90,90.0,630,630.0,630
TeamB-70b74270-f655-43cc-a188-1ebc7a828b95,TeamB,2021-03-27,1,8.0,8,100,100.0,800,800.0,800
TeamB-70b74270-f655-43cc-a188-1ebc7a828b95,TeamB,2021-03-29,1,8.0,8,120,120.0,960,960.0,960
TeamB-70b74270-f655-43cc-a188-1ebc7a828b95,TeamB,2021-04-05,1,4.0,4,50,50.0,200,200.0,200
TeamB-70b74270-f655-43cc-a188-1ebc7a828b95,TeamB,2021-04-06,2,5.0,6,90,45.0,480,240.0,360
TeamB-70b74270-f655-43cc-a188-1ebc7a828b95,TeamB,2021-04-08,1,7.0,7,110,110.0,770,770.0,770
TeamB-70b74270-f655-43cc-a188-1ebc7a828b95,TeamB,2021-04-09,1,6.0,6,80,80.0,480,480.0,480
TeamB-70b74270-f655-43cc-a188-1ebc7a828b95,TeamB,2021-04-10,2,6.0,8,130,65.0,920,460.0,800
TeamB-70b74270-f655-43cc-a188-1ebc7a828b95,TeamB,2021-04-12,2,6.5,8,130,65.0,950,475.0,800
TeamB-70b74270-f655-43cc-a188-1ebc7a828b95,TeamB,2021-04-13,1,7.0,7,100,100.0,700,700.0,700
TeamB-70b74270-f655-43cc-a188-1ebc7a828b95,TeamB,2021-04-15,1,8.0,8,100,100.0,800,800.0,800
TeamB-70b74270-f655-43cc-a188-1ebc7a828b95,TeamB,2021-04-16,1,6.0,6,80,80.0,480,480.0,480
TeamB-70b74270-f655-43cc-a188-1ebc7a828b95,TeamB,2021-04-17,1,9.0,9,30,30.0,270,270.0,270
TeamB-70b74270-f655-43cc-a188-1ebc7a828b95,TeamB,2021-04-19,1,6.0,6,90,90.0,540,540.0,540
TeamB-70b74270-f655-43cc-a188-1ebc7a828b95,TeamB,2021-04-20,1,9.0,9,90,90.0,810,810.0,810
TeamB-70b74270-f655-43cc-a188-1ebc7a828b95,TeamB,2021-04-21,1,4.0,4,40,40.0,160,160.0,160
TeamB-70b74270-f655-43cc-a188-1ebc7a828b95,TeamB,2021-04-24,1,7.0,7,70,70.0,490,490.0,490
TeamB-70b74270-f655-43cc-a188-1ebc7a828b95,TeamB,2021-04-26,1,6.0,6,100,100.0,600,600.0,600
TeamB-70b74270-f655-43cc-a188-1ebc7a828b95,TeamB,2021-04-27,1,8.0,8,180,180.0,1440,1440.0,1440
TeamB-70b74270-f655-43cc-a188-1ebc7a828b95,TeamB,2021-04-28,1,5.0,5,30,30.0,150,150.0,150
TeamB-70b74270-f655-43cc-a188-1ebc7a828b95,TeamB,2021-04-29,1,8.0,8,80,80.0,640,640.0,640
TeamB-70b74270-f655-43cc-a188-1ebc7a828b95,TeamB,2021-04-30,1,7.0,7,70,70.0,490,490.0,490
TeamB-70b74270-f655-43cc-a188-1ebc7a828b95,TeamB,2021-05-01,1,8.0,8,60,60.0,480,480.0,480
TeamB-70b74270-f655-43cc-a188-1ebc7a828b95,TeamB,2021-05-03,1,6.0,6,90,90.0,540,540.0,540
TeamB-70b74270-f655-43cc-a188-1ebc7a828b95,TeamB,2021-05-04,1,8.0,8,120,120.0,960,960.0,960
TeamB-70b74270-f655-43cc-a188-1ebc7a828b95,TeamB,2021-05-05,1,9.0,9,120,120.0,1080,1080.0,1080
TeamB-70b74270-f655-43cc-a188-1ebc7a828b95,TeamB,2021-05-06,1,6.0,6,70,70.0,420,420.0,420
TeamB-70b74270-f655-43cc-a188-1ebc7a828b95,TeamB,2021-05-07,1,7.0,7,70,70.0,490,490.0,490
TeamB-70b74270-f655-43cc-a188-1ebc7a828b95,TeamB,2021-05-08,1,9.0,9,80,80.0,720,720.0,720
TeamB-70b74270-f655-43cc-a188-1ebc7a828b95,TeamB,2021-05-10,1,6.0,6,60,60.0,360,360.0,360
TeamB-70b74270-f655-43cc-a188-1ebc7a828b95,TeamB,2021-05-11,1,9.0,9,80,80.0,720,720.0,720
TeamB-70b74270-f655-43cc-a188-1ebc7a828b95,TeamB,2021-05-12,1,4.0,4,30,30.0,120,120.0,120
TeamB-70b74270-f655-43cc-a188-1ebc7a828b95,TeamB,2021-05-18,1,8.0,8,110,110.0,880,880.0,880
TeamB-70b74270-f655-43cc-a188-1ebc7a828b95,TeamB,2021-05-19,1,8.0,8,100,100.0,800,800.0,800
TeamB-70b74270-f655-43cc-a188-1ebc7a828b95,TeamB,2021-05-21,1,6.0,6,70,70.0,420,420.0,420
TeamB-70b74270-f655-43cc-a188-1ebc7a828b95,TeamB,2021-05-23,1,9.0,9,80,80.0,720,720.0,720
TeamB-70b74270-f655-43cc-a188-1ebc7a828b95,TeamB,2021-05-24,1,6.0,6,80,80.0,480,480.0,480
TeamB-70b74270-f655-43cc-a188-1ebc7a828b95,TeamB,2021-05-25,1,8.0,8,90,90.0,720,720.0,720
TeamB-70b74270-f655-43cc-a188-1ebc7a828b95,TeamB,2021-05-26,1,7.0,7,110,110.0,770,770.0,770
TeamB-70b74270-f655-43cc-a188-1ebc7a828b95,TeamB,2021-05-28,1,6.0,6,70,70.0,420,420.0,420
TeamB-70b74270-f655-43cc-a188-1ebc7a828b95,TeamB,2021-05-29,1,10.0,10,80,80.0,800,800.0,800
TeamB-70b74270-f655-43cc-a188-1ebc7a828b95,TeamB,2021-05-31,1,5.0,5,50,50.0,250,250.0,250
TeamB-70b74270-f655-43cc-a188-1ebc7a828b95,TeamB,2021-06-01,1,8.0,8,90,90.0,720,720.0,720
TeamB-70b74270-f655-43cc-a188-1ebc7a828b95,TeamB,2021-06-02,2,6.5,9,160,80.0,1190,595.0,990
TeamB-70b74270-f655-43cc-a188-1ebc7a828b95,TeamB,2021-06-04,1,6.0,6,70,70.0,420,420.0,420
TeamB-70b74270-f655-43cc-a188-1ebc7a828b95,TeamB,2021-06-06,1,9.0,9,90,90.0,810,810.0,810
TeamB-70b74270-f655-43cc-a188-1ebc7a828b95,TeamB,2021-06-07,1,8.0,8,90,90.0,720,720.0,720
TeamB-70b74270-f655-43cc-a188-1ebc7a828b95,TeamB,2021-06-08,1,8.0,8,90,90.0,720,720.0,720
TeamB-70b74270-f655-43cc-a188-1ebc7a828b95,TeamB,2021-06-09,1,7.0,7,60,60.0,420,420.0,420
TeamB-70b74270-f655-43cc-a188-1ebc7a828b95,TeamB,2021-06-11,1,10.0,10,70,70.0,700,700.0,700
TeamB-70b74270-f655-43cc-a188-1ebc7a828b95,TeamB,2021-06-13,1,7.0,7,80,80.0,560,560.0,560
TeamB-70b74270-f655-43cc-a188-1ebc7a828b95,TeamB,2021-06-14,1,7.0,7,60,60.0,420,420.0,420
TeamB-70b74270-f655-43cc-a188-1ebc7a828b95,TeamB,2021-06-15,1,10.0,10,50,50.0,500,500.0,500
TeamB-70b74270-f655-43cc-a188-1ebc7a828b95,TeamB,2021-06-19,1,7.0,7,50,50.0,350,350.0,350
TeamB-70b74270-f655-43cc-a188-1ebc7a828b95,TeamB,2021-06-21,1,6.0,6,60,60.0,360,360.0,360
TeamB-70b74270-f655-43cc-a188-1ebc7a828b95,TeamB,2021-06-22,1,9.0,9,90,90.0,810,810.0,810
TeamB-70b74270-f655-43cc-a188-1ebc7a828b95,TeamB,2021-06-24,1,4.0,4,30,30.0,120,120.0,120
TeamB-70b74270-f655-43cc-a188-1ebc7a828b95,TeamB,2021-06-26,1,9.0,9,50,50.0,450,450.0,450
TeamB-70b74270-f655-43cc-a188-1ebc7a828b95,TeamB,2021-06-27,1,7.0,7,60,60.0,420,420.0,420
TeamB-70b74270-f655-43cc-a188-1ebc7a828b95,TeamB,2021-06-29,1,7.0,7,60,60.0,420,420.0,420
TeamB-70b74270-f655-43cc-a188-1ebc7a828b95,TeamB,2021-07-02,1,3.0,3,50,50.0,150,150.0,150
TeamB-70b74270-f655-43cc-a188-1ebc7a828b95,TeamB,2021-07-05,1,9.0,9,70,70.0,630,630.0,630
TeamB-70b74270-f655-43cc-a188-1ebc7a828b95,TeamB,2021-07-06,1,5.0,5,50,50.0,250,250.0,250
TeamB-70b74270-f655-43cc-a188-1ebc7a828b95,TeamB,2021-07-07,1,8.0,8,110,110.0,880,880.0,880
TeamB-70b74270-f655-43cc-a188-1ebc7a828b95,TeamB,2021-07-09,1,7.0,7,60,60.0,420,420.0,420
TeamB-70b74270-f655-43cc-a188-1ebc7a828b95,TeamB,2021-07-11,1,7.0,7,70,70.0,490,490.0,490
TeamB-70b74270-f655-43cc-a188-1ebc7a828b95,TeamB,2021-07-13,1,7.0,7,60,60.0,420,420.0,420
TeamB-70b74270-f655-43cc-a188-1ebc7a828b95,TeamB,2021-08-02,1,5.0,5,60,60.0,300,300.0,300
TeamB-70b74270-f655-43cc-a188-1ebc7a828b95,TeamB,2021-08-03,1,9.0,9,50,50.0,450,450.0,450
TeamB-70b74270-f655-43cc-a188-1ebc7a828b95,TeamB,2021-08-05,1,7.0,7,100,100.0,700,700.0,700
TeamB-70b74270-f655-43cc-a188-1ebc7a828b95,TeamB,2021-08-06,1,7.0,7,60,60.0,420,420.0,420
TeamB-70b74270-f655-43cc-a188-1ebc7a828b95,TeamB,2021-08-07,1,9.0,9,30,30.0,270,270.0,270
TeamB-70b74270-f655-43cc-a188-1ebc7a828b95,TeamB,2021-08-08,1,7.0,7,90,90.0,630,630.0,630
TeamB-70b74270-f655-43cc-a188-1ebc7a828b95,TeamB,2021-08-10,1,7.0,7,90,90.0,630,630.0,630
TeamB-70b74270-f655-43cc-a188-1ebc7a828b95,TeamB,2021-08-11,1,9.0,9,80,80.0,720,720.0,720
TeamB-70b74270-f655-43cc-a188-1ebc7a828b95,TeamB,2021-08-13,1,7.0,7,60,60.0,420,420.0,420
TeamB-70b74270-f655-43cc-a188-1ebc7a828b95,TeamB,2021-08-14,1,9.0,9,30,30.0,270,270.0,270
TeamB-70b74270-f655-43cc-a188-1ebc7a828b95,TeamB,2021-08-17,1,7.0,7,60,60.0,420,420.0,420
TeamB-70b74270-f655-43cc-a188-1ebc7a828b95,TeamB,2021-08-18,1,9.0,9,70,70.0,630,630.0,630
TeamB-70b74270-f655-43cc-a188-1ebc7a828b95,TeamB,2021-08-20,1,7.0,7,60,60.0,420,420.0,420
TeamB-70b74270-f655-43cc-a188-1ebc7a828b95,TeamB,2021-08-21,1,9.0,9,90,90.0,810,810.0,810
TeamB-70b74270-f655-43cc-a188-1ebc7a828b95,TeamB,2021-08-24,1,9.0,9,30,30.0,270,270.0,270
TeamB-70b74270-f655-43cc-a188-1ebc7a828b95,TeamB,2021-08-26,1,8.0,8,90,90.0,720,720.0,720
TeamB-70b74270-f655-43cc-a188-1ebc7a828b95,TeamB,2021-08-27,1,6.0,6,70,70.0,420,420.0,420
TeamB-70b74270-f655-43cc-a188-1ebc7a828b95,TeamB,2021-08-28,1,8.0,8,60,60.0,480,480.0,480
TeamB-70b74270-f655-43cc-a188-1ebc7a828b95,TeamB,2021-08-30,1,6.0,6,80,80.0,480,480.0,480
TeamB-70b74270-f655-43cc-a188-1ebc7a828b95,TeamB,2021-09-04,1,9.0,9,70,70.0,630,630.0,630
TeamB-70b74270-f655-43cc-a188-1ebc7a828b95,TeamB,2021-09-05,1,5.0,5,60,60.0,300,300.0,300
TeamB-70b74270-f655-43cc-a188-1ebc7a828b95,TeamB,2021-09-07,1,7.0,7,60,60.0,420,420.0,420
TeamB-70b74270-f655-43cc-a188-1ebc7a828b95,TeamB,2021-09-08,1,9.0,9,50,50.0,450,450.0,450
TeamB-70b74270-f655-43cc-a188-1ebc7a828b95,TeamB,2021-09-11,1,7.0,7,20,20.0,140,140.0,140
TeamB-70b74270-f655-43cc-a188-1ebc7a828b95,TeamB,2021-09-12,1,6.0,6,40,40.0,240,240.0,240
TeamB-70b74270-f655-43cc-a188-1ebc7a828b95,TeamB,2021-09-13,1,7.0,7,70,70.0,490,490.0,490
TeamB-70b74270-f655-43cc-a188-1ebc7a828b95,TeamB,2021-09-14,1,8.0,8,90,90.0,720,720.0,720
TeamB-70b74270-f655-43cc-a188-1ebc7a828b95,TeamB,2021-09-19,1,7.0,7,70,70.0,490,490.0,490
TeamB-70b74270-f655-43cc-a188-1ebc7a828b95,TeamB,2021-09-20,2,6.0,8,120,60.0,720,360.0,480
TeamB-70b74270-f655-43cc-a188-1ebc7a828b95,TeamB,2021-09-21,1,9.0,9,40,40.0,360,360.0,360
TeamB-70b74270-f655-43cc-a188-1ebc7a828b95,TeamB,2021-09-24,2,5.0,7,120,60.0,720,360.0,630
TeamB-70b74270-f655-43cc-a188-1ebc7a828b95,TeamB,2021-09-25,1,6.0,6,60,60.0,360,360.0,360
TeamB-70b74270-f655-43cc-a188-1ebc7a828b95,TeamB,2021-09-26,1,9.0,9,70,70.0,630,630.0,630
TeamB-70b74270-f655-43cc-a188-1ebc7a828b95,TeamB,2021-09-27,1,4.0,4,60,60.0,240,240.0,240
TeamB-70b74270-f655-43cc-a188-1ebc7a828b95,TeamB,2021-09-28,1,6.0,6,50,50.0,300,300.0,300
TeamB-70b74270-f655-43cc-a188-1ebc7a828b95,TeamB,2021-09-29,2,7.5,8,170,85.0,1310,655.0,960
TeamB-70b74270-f655-43cc-a188-1ebc7a828b95,TeamB,2021-10-01,1,7.0,7,60,60.0,420,420.0,420
TeamB-70b74270-f655-43cc-a188-1ebc7a828b95,TeamB,2021-10-02,1,9.0,9,30,30.0,270,270.0,270
TeamB-70b74270-f655-43cc-a188-1ebc7a828b95,TeamB,2021-10-04,1,7.0,7,80,80.0,560,560.0,560
TeamB-70b74270-f655-43cc-a188-1ebc7a828b95,TeamB,2021-10-05,2,6.5,8,140,70.0,1000,500.0,800
TeamB-70b74270-f655-43cc-a188-1ebc7a828b95,TeamB,2021-10-08,1,6.0,6,60,60.0,360,360.0,360
TeamB-70b74270-f655-43cc-a188-1ebc7a828b95,TeamB,2021-10-09,1,10.0,10,90,90.0,900,900.0,900
TeamB-70b74270-f655-43cc-a188-1ebc7a828b95,TeamB,2021-10-11,1,6.0,6,60,60.0,360,360.0,360
TeamB-70b74270-f655-43cc-a188-1ebc7a828b95,TeamB,2021-10-12,1,5.0,5,50,50.0,250,250.0,250
TeamB-70b74270-f655-43cc-a188-1ebc7a828b95,TeamB,2021-10-13,2,8.0,9,210,105.0,1710,855.0,1080
TeamB-70b74270-f655-43cc-a188-1ebc7a828b95,TeamB,2021-10-15,1,7.0,7,90,90.0,630,630.0,630
TeamB-70b74270-f655-43cc-a188-1ebc7a828b95,TeamB,2021-10-16,1,6.0,6,60,60.0,360,360.0,360
TeamB-70b74270-f655-43cc-a188-1ebc7a828b95,TeamB,2021-10-17,1,9.0,9,90,90.0,810,810.0,810
TeamB-70b74270-f655-43cc-a188-1ebc7a828b95,TeamB,2021-10-29,1,7.0,7,110,110.0,770,770.0,770
TeamB-789547e7-1325-4153-a98d-5ecd497f3668,TeamB,2020-01-09,2,8.5,9,130,65.0,1130,565.0,810
TeamB-789547e7-1325-4153-a98d-5ecd497f3668,TeamB,2020-01-14,1,7.0,7,90,90.0,630,630.0,630
TeamB-789547e7-1325-4153-a98d-5ecd497f3668,TeamB,2020-01-16,2,5.0,6,160,80.0,880,440.0,720
TeamB-789547e7-1325-4153-a98d-5ecd497f3668,TeamB,2020-01-17,1,5.0,5,90,90.0,450,450.0,450
TeamB-789547e7-1325-4153-a98d-5ecd497f3668,TeamB,2020-01-20,1,3.0,3,80,80.0,240,240.0,240
TeamB-789547e7-1325-4153-a98d-5ecd497f3668,TeamB,2020-01-21,2,6.0,7,180,90.0,1140,570.0,840
TeamB-789547e7-1325-4153-a98d-5ecd497f3668,TeamB,2020-01-23,1,3.0,3,70,70.0,210,210.0,210
TeamB-789547e7-1325-4153-a98d-5ecd497f3668,TeamB,2020-01-24,1,4.0,4,90,90.0,360,360.0,360
TeamB-789547e7-1325-4153-a98d-5ecd497f3668,TeamB,2020-01-26,1,5.0,5,90,90.0,450,450.0,450
TeamB-789547e7-1325-4153-a98d-5ecd497f3668,TeamB,2020-01-27,1,4.0,4,40,40.0,160,160.0,160
TeamB-789547e7-1325-4153-a98d-5ecd497f3668,TeamB,2020-01-28,1,7.0,7,90,90.0,630,630.0,630
TeamB-789547e7-1325-4153-a98d-5ecd497f3668,TeamB,2020-02-01,1,6.0,6,90,90.0,540,540.0,540
TeamB-789547e7-1325-4153-a98d-5ecd497f3668,TeamB,2020-02-02,1,5.0,5,60,60.0,300,300.0,300
TeamB-789547e7-1325-4153-a98d-5ecd497f3668,TeamB,2020-02-03,1,6.0,6,90,90.0,540,540.0,540
TeamB-789547e7-1325-4153-a98d-5ecd497f3668,TeamB,2020-02-04,1,5.0,5,120,120.0,600,600.0,600
TeamB-789547e7-1325-4153-a98d-5ecd497f3668,TeamB,2020-02-07,1,5.0,5,90,90.0,450,450.0,450
TeamB-789547e7-1325-4153-a98d-5ecd497f3668,TeamB,2020-02-11,3,5.666666666666667,9,260,86.66666666666667,1640,546.6666666666666,1080
TeamB-789547e7-1325-4153-a98d-5ecd497f3668,TeamB,2020-02-14,1,4.0,4,90,90.0,360,360.0,360
TeamB-789547e7-1325-4153-a98d-5ecd497f3668,TeamB,2020-02-15,1,4.0,4,120,120.0,480,480.0,480
TeamB-789547e7-1325-4153-a98d-5ecd497f3668,TeamB,2020-02-17,1,5.0,5,90,90.0,450,450.0,450
TeamB-789547e7-1325-4153-a98d-5ecd497f3668,TeamB,2020-02-20,1,5.0,5,120,120.0,600,600.0,600
TeamB-789547e7-1325-4153-a98d-5ecd497f3668,TeamB,2020-02-22,1,4.0,4,110,110.0,440,440.0,440
TeamB-789547e7-1325-4153-a98d-5ecd497f3668,TeamB,2020-02-23,2,3.5,5,180,90.0,630,315.0,450
TeamB-789547e7-1325-4153-a98d-5ecd497f3668,TeamB,2020-02-24,1,6.0,6,90,90.0,540,540.0,540
TeamB-789547e7-1325-4153-a98d-5ecd497f3668,TeamB,2020-02-25,3,5.0,6,260,86.66666666666667,1330,443.3333333333333,720
TeamB-789547e7-1325-4153-a98d-5ecd497f3668,TeamB,2020-02-26,1,4.0,4,80,80.0,320,320.0,320
TeamB-789547e7-1325-4153-a98d-5ecd497f3668,TeamB,2020-02-27,1,5.0,5,120,120.0,600,600.0,600
TeamB-789547e7-1325-4153-a98d-5ecd497f3668,TeamB,2020-03-02,1,4.0,4,90,90.0,360,360.0,360
TeamB-789547e7-1325-4153-a98d-5ecd497f3668,TeamB,2020-03-03,2,5.0,6,170,85.0,900,450.0,660
TeamB-789547e7-1325-4153-a98d-5ecd497f3668,TeamB,2020-03-05,2,7.0,7,140,70.0,980,490.0,560
TeamB-789547e7-1325-4153-a98d-5ecd497f3668,TeamB,2020-03-07,1,4.0,4,70,70.0,280,280.0,280
TeamB-789547e7-1325-4153-a98d-5ecd497f3668,TeamB,2020-03-09,1,6.0,6,60,60.0,360,360.0,360
TeamB-789547e7-1325-4153-a98d-5ecd497f3668,TeamB,2020-03-10,2,6.0,7,140,70.0,860,430.0,560
TeamB-789547e7-1325-4153-a98d-5ecd497f3668,TeamB,2020-03-13,2,3.5,4,120,60.0,420,210.0,240
TeamB-789547e7-1325-4153-a98d-5ecd497f3668,TeamB,2020-03-14,1,5.0,5,90,90.0,450,450.0,450
TeamB-789547e7-1325-4153-a98d-5ecd497f3668,TeamB,2020-03-15,1,4.0,4,70,70.0,280,280.0,280
TeamB-789547e7-1325-4153-a98d-5ecd497f3668,TeamB,2020-03-16,1,6.0,6,110,110.0,660,660.0,660
TeamB-789547e7-1325-4153-a98d-5ecd497f3668,TeamB,2020-03-17,1,4.0,4,90,90.0,360,360.0,360
TeamB-789547e7-1325-4153-a98d-5ecd497f3668,TeamB,2020-03-18,1,6.0,6,80,80.0,480,480.0,480
TeamB-789547e7-1325-4153-a98d-5ecd497f3668,TeamB,2020-03-19,1,4.0,4,60,60.0,240,240.0,240
TeamB-789547e7-1325-4153-a98d-5ecd497f3668,TeamB,2020-03-21,1,5.0,5,90,90.0,450,450.0,450
TeamB-789547e7-1325-4153-a98d-5ecd497f3668,TeamB,2020-03-22,1,5.0,5,40,40.0,200,200.0,200
TeamB-789547e7-1325-4153-a98d-5ecd497f3668,TeamB,2020-03-23,1,6.0,6,60,60.0,360,360.0,360
TeamB-789547e7-1325-4153-a98d-5ecd497f3668,TeamB,2020-03-24,1,8.0,8,60,60.0,480,480.0,480
TeamB-789547e7-1325-4153-a98d-5ecd497f3668,TeamB,2020-03-25,1,4.0,4,60,60.0,240,240.0,240
TeamB-789547e7-1325-4153-a98d-5ecd497f3668,TeamB,2020-03-26,1,6.0,6,70,70.0,420,420.0,420
TeamB-789547e7-1325-4153-a98d-5ecd497f3668,TeamB,2020-03-27,1,5.0,5,80,80.0,400,400.0,400
TeamB-789547e7-1325-4153-a98d-5ecd497f3668,TeamB,2020-03-28,1,5.0,5,70,70.0,350,350.0,350
TeamB-789547e7-1325-4153-a98d-5ecd497f3668,TeamB,2020-03-30,1,7.0,7,80,80.0,560,560.0,560
TeamB-789547e7-1325-4153-a98d-5ecd497f3668,TeamB,2020-03-31,1,5.0,5,90,90.0,450,450.0,450
TeamB-789547e7-1325-4153-a98d-5ecd497f3668,TeamB,2020-04-02,1,6.0,6,80,80.0,480,480.0,480
TeamB-789547e7-1325-4153-a98d-5ecd497f3668,TeamB,2020-04-03,1,4.0,4,80,80.0,320,320.0,320
TeamB-789547e7-1325-4153-a98d-5ecd497f3668,TeamB,2020-04-04,1,5.0,5,70,70.0,350,350.0,350
TeamB-789547e7-1325-4153-a98d-5ecd497f3668,TeamB,2020-04-05,1,5.0,5,50,50.0,250,250.0,250
TeamB-789547e7-1325-4153-a98d-5ecd497f3668,TeamB,2020-04-07,1,0.0,0,90,90.0,0,0.0,0
TeamB-789547e7-1325-4153-a98d-5ecd497f3668,TeamB,2020-04-08,1,7.0,7,60,60.0,420,420.0,420
TeamB-789547e7-1325-4153-a98d-5ecd497f3668,TeamB,2020-04-09,1,5.0,5,90,90.0,450,450.0,450
TeamB-789547e7-1325-4153-a98d-5ecd497f3668,TeamB,2020-04-10,1,5.0,5,70,70.0,350,350.0,350
TeamB-789547e7-1325-4153-a98d-5ecd497f3668,TeamB,2020-04-11,1,5.0,5,90,90.0,450,450.0,450
TeamB-789547e7-1325-4153-a98d-5ecd497f3668,TeamB,2020-04-13,1,6.0,6,90,90.0,540,540.0,540
TeamB-789547e7-1325-4153-a98d-5ecd497f3668,TeamB,2020-04-15,1,5.0,5,90,90.0,450,450.0,450
TeamB-789547e7-1325-4153-a98d-5ecd497f3668,TeamB,2020-04-16,1,6.0,6,60,60.0,360,360.0,360
TeamB-789547e7-1325-4153-a98d-5ecd497f3668,TeamB,2020-04-17,1,6.0,6,70,70.0,420,420.0,420
TeamB-789547e7-1325-4153-a98d-5ecd497f3668,TeamB,2020-04-20,1,8.0,8,60,60.0,480,480.0,480
TeamB-789547e7-1325-4153-a98d-5ecd497f3668,TeamB,2020-04-21,1,5.0,5,60,60.0,300,300.0,300
TeamB-789547e7-1325-4153-a98d-5ecd497f3668,TeamB,2020-04-22,1,5.0,5,80,80.0,400,400.0,400
TeamB-789547e7-1325-4153-a98d-5ecd497f3668,TeamB,2020-04-24,1,5.0,5,90,90.0,450,450.0,450
TeamB-789547e7-1325-4153-a98d-5ecd497f3668,TeamB,2020-04-25,1,5.0,5,90,90.0,450,450.0,450
TeamB-789547e7-1325-4153-a98d-5ecd497f3668,TeamB,2020-04-27,1,5.0,5,60,60.0,300,300.0,300
TeamB-789547e7-1325-4153-a98d-5ecd497f3668,TeamB,2020-04-28,1,7.0,7,70,70.0,490,490.0,490
TeamB-789547e7-1325-4153-a98d-5ecd497f3668,TeamB,2020-04-29,1,4.0,4,70,70.0,280,280.0,280
TeamB-789547e7-1325-4153-a98d-5ecd497f3668,TeamB,2020-04-30,1,5.0,5,70,70.0,350,350.0,350
TeamB-789547e7-1325-4153-a98d-5ecd497f3668,TeamB,2020-05-04,1,4.0,4,70,70.0,280,280.0,280
TeamB-789547e7-1325-4153-a98d-5ecd497f3668,TeamB,2020-05-05,1,5.0,5,90,90.0,450,450.0,450
TeamB-789547e7-1325-4153-a98d-5ecd497f3668,TeamB,2020-05-06,1,5.0,5,80,80.0,400,400.0,400
TeamB-789547e7-1325-4153-a98d-5ecd497f3668,TeamB,2020-05-07,1,4.0,4,40,40.0,160,160.0,160
TeamB-789547e7-1325-4153-a98d-5ecd497f3668,TeamB,2020-05-08,1,3.0,3,40,40.0,120,120.0,120
TeamB-789547e7-1325-4153-a98d-5ecd497f3668,TeamB,2020-05-09,2,7.0,8,120,60.0,840,420.0,480
TeamB-789547e7-1325-4153-a98d-5ecd497f3668,TeamB,2020-05-10,1,5.0,5,180,180.0,900,900.0,900
TeamB-789547e7-1325-4153-a98d-5ecd497f3668,TeamB,2020-05-12,1,4.0,4,80,80.0,320,320.0,320
TeamB-789547e7-1325-4153-a98d-5ecd497f3668,TeamB,2020-05-14,1,7.0,7,70,70.0,490,490.0,490
TeamB-789547e7-1325-4153-a98d-5ecd497f3668,TeamB,2020-05-15,1,6.0,6,80,80.0,480,480.0,480
TeamB-789547e7-1325-4153-a98d-5ecd497f3668,TeamB,2020-05-16,1,5.0,5,60,60.0,300,300.0,300
TeamB-789547e7-1325-4153-a98d-5ecd497f3668,TeamB,2020-05-18,1,6.0,6,100,100.0,600,600.0,600
TeamB-789547e7-1325-4153-a98d-5ecd497f3668,TeamB,2020-05-19,1,6.0,6,110,110.0,660,660.0,660
TeamB-789547e7-1325-4153-a98d-5ecd497f3668,TeamB,2020-05-21,1,7.0,7,120,120.0,840,840.0,840
TeamB-789547e7-1325-4153-a98d-5ecd497f3668,TeamB,2020-05-22,1,6.0,6,70,70.0,420,420.0,420
TeamB-789547e7-1325-4153-a98d-5ecd497f3668,TeamB,2020-05-23,1,7.0,7,40,40.0,280,280.0,280
TeamB-789547e7-1325-4153-a98d-5ecd497f3668,TeamB,2020-05-25,1,6.0,6,100,100.0,600,600.0,600
TeamB-789547e7-1325-4153-a98d-5ecd497f3668,TeamB,2020-05-26,1,5.0,5,110,110.0,550,550.0,550
TeamB-789547e7-1325-4153-a98d-5ecd497f3668,TeamB,2020-05-27,1,5.0,5,70,70.0,350,350.0,350
TeamB-789547e7-1325-4153-a98d-5ecd497f3668,TeamB,2020-05-28,1,6.0,6,90,90.0,540,540.0,540
TeamB-789547e7-1325-4153-a98d-5ecd497f3668,TeamB,2020-05-29,1,6.0,6,90,90.0,540,540.0,540
TeamB-789547e7-1325-4153-a98d-5ecd497f3668,TeamB,2020-05-30,1,5.0,5,50,50.0,250,250.0,250
TeamB-789547e7-1325-4153-a98d-5ecd497f3668,TeamB,2020-06-01,1,4.0,4,90,90.0,360,360.0,360
TeamB-789547e7-1325-4153-a98d-5ecd497f3668,TeamB,2020-06-02,1,5.0,5,80,80.0,400,400.0,400
TeamB-789547e7-1325-4153-a98d-5ecd497f3668,TeamB,2020-06-03,1,5.0,5,60,60.0,300,300.0,300
TeamB-789547e7-1325-4153-a98d-5ecd497f3668,TeamB,2020-06-04,1,5.0,5,90,90.0,450,450.0,450
TeamB-789547e7-1325-4153-a98d-5ecd497f3668,TeamB,2020-06-05,1,7.0,7,90,90.0,630,630.0,630
TeamB-789547e7-1325-4153-a98d-5ecd497f3668,TeamB,2020-06-06,1,4.0,4,50,50.0,200,200.0,200
TeamB-789547e7-1325-4153-a98d-5ecd497f3668,TeamB,2020-06-08,1,6.0,6,70,70.0,420,420.0,420
TeamB-789547e7-1325-4153-a98d-5ecd497f3668,TeamB,2020-06-09,1,4.0,4,80,80.0,320,320.0,320
TeamB-789547e7-1325-4153-a98d-5ecd497f3668,TeamB,2020-06-10,1,5.0,5,90,90.0,450,450.0,450
TeamB-789547e7-1325-4153-a98d-5ecd497f3668,TeamB,2020-06-11,1,5.0,5,60,60.0,300,300.0,300
TeamB-789547e7-1325-4153-a98d-5ecd497f3668,TeamB,2020-06-12,1,4.0,4,70,70.0,280,280.0,280
TeamB-789547e7-1325-4153-a98d-5ecd497f3668,TeamB,2020-06-13,1,4.0,4,50,50.0,200,200.0,200
TeamB-789547e7-1325-4153-a98d-5ecd497f3668,TeamB,2020-06-15,1,7.0,7,80,80.0,560,560.0,560
TeamB-789547e7-1325-4153-a98d-5ecd497f3668,TeamB,2020-06-16,1,6.0,6,100,100.0,600,600.0,600
TeamB-789547e7-1325-4153-a98d-5ecd497f3668,TeamB,2020-06-17,1,5.0,5,90,90.0,450,450.0,450
TeamB-789547e7-1325-4153-a98d-5ecd497f3668,TeamB,2020-06-18,1,5.0,5,90,90.0,450,450.0,450
TeamB-789547e7-1325-4153-a98d-5ecd497f3668,TeamB,2020-06-19,1,6.0,6,50,50.0,300,300.0,300
TeamB-789547e7-1325-4153-a98d-5ecd497f3668,TeamB,2020-06-23,1,6.0,6,90,90.0,540,540.0,540
TeamB-789547e7-1325-4153-a98d-5ecd497f3668,TeamB,2020-06-25,1,5.0,5,70,70.0,350,350.0,350
TeamB-789547e7-1325-4153-a98d-5ecd497f3668,TeamB,2020-06-26,1,5.0,5,80,80.0,400,400.0,400
TeamB-789547e7-1325-4153-a98d-5ecd497f3668,TeamB,2020-06-27,1,5.0,5,90,90.0,450,450.0,450
TeamB-789547e7-1325-4153-a98d-5ecd497f3668,TeamB,2020-06-29,1,4.0,4,70,70.0,280,280.0,280
TeamB-789547e7-1325-4153-a98d-5ecd497f3668,TeamB,2020-06-30,1,5.0,5,90,90.0,450,450.0,450
TeamB-789547e7-1325-4153-a98d-5ecd497f3668,TeamB,2020-07-01,1,3.0,3,90,90.0,270,270.0,270
TeamB-789547e7-1325-4153-a98d-5ecd497f3668,TeamB,2020-07-02,1,4.0,4,70,70.0,280,280.0,280
TeamB-789547e7-1325-4153-a98d-5ecd497f3668,TeamB,2020-07-04,1,6.0,6,90,90.0,540,540.0,540
TeamB-789547e7-1325-4153-a98d-5ecd497f3668,TeamB,2020-07-06,2,5.5,7,90,45.0,540,270.0,420
TeamB-789547e7-1325-4153-a98d-5ecd497f3668,TeamB,2020-07-07,1,3.0,3,90,90.0,270,270.0,270
TeamB-789547e7-1325-4153-a98d-5ecd497f3668,TeamB,2020-07-08,1,3.0,3,60,60.0,180,180.0,180
TeamB-789547e7-1325-4153-a98d-5ecd497f3668,TeamB,2020-07-09,1,5.0,5,70,70.0,350,350.0,350
TeamB-789547e7-1325-4153-a98d-5ecd497f3668,TeamB,2020-07-10,1,5.0,5,90,90.0,450,450.0,450
TeamB-789547e7-1325-4153-a98d-5ecd497f3668,TeamB,2020-07-13,1,6.0,6,90,90.0,540,540.0,540
TeamB-789547e7-1325-4153-a98d-5ecd497f3668,TeamB,2020-07-15,1,5.0,5,90,90.0,450,450.0,450
TeamB-789547e7-1325-4153-a98d-5ecd497f3668,TeamB,2020-07-16,1,6.0,6,80,80.0,480,480.0,480
TeamB-789547e7-1325-4153-a98d-5ecd497f3668,TeamB,2020-07-17,1,6.0,6,70,70.0,420,420.0,420
TeamB-789547e7-1325-4153-a98d-5ecd497f3668,TeamB,2020-07-18,1,4.0,4,90,90.0,360,360.0,360
TeamB-789547e7-1325-4153-a98d-5ecd497f3668,TeamB,2020-07-20,1,7.0,7,90,90.0,630,630.0,630
TeamB-789547e7-1325-4153-a98d-5ecd497f3668,TeamB,2020-07-21,1,6.0,6,100,100.0,600,600.0,600
TeamB-789547e7-1325-4153-a98d-5ecd497f3668,TeamB,2020-07-22,1,4.0,4,60,60.0,240,240.0,240
TeamB-789547e7-1325-4153-a98d-5ecd497f3668,TeamB,2020-07-25,1,6.0,6,90,90.0,540,540.0,540
TeamB-789547e7-1325-4153-a98d-5ecd497f3668,TeamB,2020-07-27,1,6.0,6,90,90.0,540,540.0,540
TeamB-789547e7-1325-4153-a98d-5ecd497f3668,TeamB,2020-07-28,1,7.0,7,100,100.0,700,700.0,700
TeamB-789547e7-1325-4153-a98d-5ecd497f3668,TeamB,2020-07-29,1,4.0,4,80,80.0,320,320.0,320
TeamB-789547e7-1325-4153-a98d-5ecd497f3668,TeamB,2020-07-31,1,6.0,6,80,80.0,480,480.0,480
TeamB-789547e7-1325-4153-a98d-5ecd497f3668,TeamB,2020-08-01,1,5.0,5,90,90.0,450,450.0,450
TeamB-789547e7-1325-4153-a98d-5ecd497f3668,TeamB,2020-08-03,1,7.0,7,90,90.0,630,630.0,630
TeamB-789547e7-1325-4153-a98d-5ecd497f3668,TeamB,2020-08-04,1,6.0,6,90,90.0,540,540.0,540
TeamB-789547e7-1325-4153-a98d-5ecd497f3668,TeamB,2020-08-05,1,5.0,5,70,70.0,350,350.0,350
TeamB-789547e7-1325-4153-a98d-5ecd497f3668,TeamB,2020-08-06,1,5.0,5,70,70.0,350,350.0,350
TeamB-789547e7-1325-4153-a98d-5ecd497f3668,TeamB,2020-08-10,1,5.0,5,80,80.0,400,400.0,400
TeamB-789547e7-1325-4153-a98d-5ecd497f3668,TeamB,2020-08-11,1,4.0,4,90,90.0,360,360.0,360
TeamB-789547e7-1325-4153-a98d-5ecd497f3668,TeamB,2020-08-12,1,4.0,4,90,90.0,360,360.0,360
TeamB-789547e7-1325-4153-a98d-5ecd497f3668,TeamB,2020-08-14,1,6.0,6,60,60.0,360,360.0,360
TeamB-789547e7-1325-4153-a98d-5ecd497f3668,TeamB,2020-08-15,1,6.0,6,80,80.0,480,480.0,480
TeamB-789547e7-1325-4153-a98d-5ecd497f3668,TeamB,2020-08-18,1,6.0,6,100,100.0,600,600.0,600
TeamB-789547e7-1325-4153-a98d-5ecd497f3668,TeamB,2020-08-19,1,5.0,5,90,90.0,450,450.0,450
TeamB-789547e7-1325-4153-a98d-5ecd497f3668,TeamB,2020-08-20,1,6.0,6,100,100.0,600,600.0,600
TeamB-789547e7-1325-4153-a98d-5ecd497f3668,TeamB,2020-08-21,1,5.0,5,70,70.0,350,350.0,350
TeamB-789547e7-1325-4153-a98d-5ecd497f3668,TeamB,2020-08-24,1,4.0,4,70,70.0,280,280.0,280
TeamB-789547e7-1325-4153-a98d-5ecd497f3668,TeamB,2020-08-25,2,5.0,6,120,60.0,560,280.0,320
TeamB-789547e7-1325-4153-a98d-5ecd497f3668,TeamB,2020-08-27,1,5.0,5,70,70.0,350,350.0,350
TeamB-789547e7-1325-4153-a98d-5ecd497f3668,TeamB,2020-08-28,1,5.0,5,60,60.0,300,300.0,300
TeamB-789547e7-1325-4153-a98d-5ecd497f3668,TeamB,2020-08-29,1,4.0,4,60,60.0,240,240.0,240
TeamB-789547e7-1325-4153-a98d-5ecd497f3668,TeamB,2020-09-01,1,6.0,6,90,90.0,540,540.0,540
TeamB-789547e7-1325-4153-a98d-5ecd497f3668,TeamB,2020-09-02,1,5.0,5,90,90.0,450,450.0,450
TeamB-789547e7-1325-4153-a98d-5ecd497f3668,TeamB,2020-09-03,1,5.0,5,90,90.0,450,450.0,450
TeamB-789547e7-1325-4153-a98d-5ecd497f3668,TeamB,2020-09-04,1,5.0,5,80,80.0,400,400.0,400
TeamB-789547e7-1325-4153-a98d-5ecd497f3668,TeamB,2020-09-07,1,5.0,5,100,100.0,500,500.0,500
TeamB-789547e7-1325-4153-a98d-5ecd497f3668,TeamB,2020-09-08,1,6.0,6,90,90.0,540,540.0,540
TeamB-789547e7-1325-4153-a98d-5ecd497f3668,TeamB,2020-09-09,1,6.0,6,90,90.0,540,540.0,540
TeamB-789547e7-1325-4153-a98d-5ecd497f3668,TeamB,2020-09-11,1,6.0,6,50,50.0,300,300.0,300
TeamB-789547e7-1325-4153-a98d-5ecd497f3668,TeamB,2020-09-14,1,5.0,5,90,90.0,450,450.0,450
TeamB-789547e7-1325-4153-a98d-5ecd497f3668,TeamB,2020-09-15,1,7.0,7,60,60.0,420,420.0,420
TeamB-789547e7-1325-4153-a98d-5ecd497f3668,TeamB,2020-09-21,1,6.0,6,80,80.0,480,480.0,480
TeamB-789547e7-1325-4153-a98d-5ecd497f3668,TeamB,2020-09-22,1,7.0,7,90,90.0,630,630.0,630
TeamB-789547e7-1325-4153-a98d-5ecd497f3668,TeamB,2020-09-24,1,7.0,7,110,110.0,770,770.0,770
TeamB-789547e7-1325-4153-a98d-5ecd497f3668,TeamB,2020-09-25,1,5.0,5,80,80.0,400,400.0,400
TeamB-789547e7-1325-4153-a98d-5ecd497f3668,TeamB,2020-09-26,1,5.0,5,80,80.0,400,400.0,400
TeamB-789547e7-1325-4153-a98d-5ecd497f3668,TeamB,2020-09-28,1,4.0,4,30,30.0,120,120.0,120
TeamB-789547e7-1325-4153-a98d-5ecd497f3668,TeamB,2020-09-29,1,6.0,6,90,90.0,540,540.0,540
TeamB-789547e7-1325-4153-a98d-5ecd497f3668,TeamB,2020-09-30,1,7.0,7,110,110.0,770,770.0,770
TeamB-789547e7-1325-4153-a98d-5ecd497f3668,TeamB,2020-10-01,1,7.0,7,100,100.0,700,700.0,700
TeamB-789547e7-1325-4153-a98d-5ecd497f3668,TeamB,2020-10-02,2,6.0,6,130,65.0,780,390.0,540
TeamB-789547e7-1325-4153-a98d-5ecd497f3668,TeamB,2020-10-03,1,7.0,7,30,30.0,210,210.0,210
TeamB-789547e7-1325-4153-a98d-5ecd497f3668,TeamB,2020-10-05,1,6.0,6,80,80.0,480,480.0,480
TeamB-789547e7-1325-4153-a98d-5ecd497f3668,TeamB,2020-10-06,1,5.0,5,90,90.0,450,450.0,450
TeamB-789547e7-1325-4153-a98d-5ecd497f3668,TeamB,2020-10-07,1,6.0,6,120,120.0,720,720.0,720
TeamB-789547e7-1325-4153-a98d-5ecd497f3668,TeamB,2020-10-08,1,5.0,5,60,60.0,300,300.0,300
TeamB-789547e7-1325-4153-a98d-5ecd497f3668,TeamB,2020-10-10,2,5.0,6,120,60.0,620,310.0,420
TeamB-789547e7-1325-4153-a98d-5ecd497f3668,TeamB,2020-10-11,1,6.0,6,90,90.0,540,540.0,540
TeamB-789547e7-1325-4153-a98d-5ecd497f3668,TeamB,2020-10-13,2,5.0,6,140,70.0,760,380.0,600
TeamB-789547e7-1325-4153-a98d-5ecd497f3668,TeamB,2020-10-14,1,5.0,5,100,100.0,500,500.0,500
TeamB-789547e7-1325-4153-a98d-5ecd497f3668,TeamB,2020-10-16,1,6.0,6,110,110.0,660,660.0,660
TeamB-789547e7-1325-4153-a98d-5ecd497f3668,TeamB,2020-10-17,1,6.0,6,60,60.0,360,360.0,360
TeamB-789547e7-1325-4153-a98d-5ecd497f3668,TeamB,2020-10-19,1,4.0,4,60,60.0,240,240.0,240
TeamB-789547e7-1325-4153-a98d-5ecd497f3668,TeamB,2020-10-21,2,7.0,8,150,75.0,1020,510.0,540
TeamB-789547e7-1325-4153-a98d-5ecd497f3668,TeamB,2020-10-23,1,5.0,5,60,60.0,300,300.0,300
TeamB-789547e7-1325-4153-a98d-5ecd497f3668,TeamB,2020-10-26,1,6.0,6,90,90.0,540,540.0,540
TeamB-789547e7-1325-4153-a98d-5ecd497f3668,TeamB,2020-10-27,1,8.0,8,110,110.0,880,880.0,880
TeamB-789547e7-1325-4153-a98d-5ecd497f3668,TeamB,2020-10-29,1,6.0,6,90,90.0,540,540.0,540
TeamB-789547e7-1325-4153-a98d-5ecd497f3668,TeamB,2020-10-30,1,4.0,4,80,80.0,320,320.0,320
TeamB-789547e7-1325-4153-a98d-5ecd497f3668,TeamB,2020-10-31,1,5.0,5,80,80.0,400,400.0,400
TeamB-789547e7-1325-4153-a98d-5ecd497f3668,TeamB,2020-11-02,1,5.0,5,70,70.0,350,350.0,350
TeamB-789547e7-1325-4153-a98d-5ecd497f3668,TeamB,2020-11-03,1,5.0,5,90,90.0,450,450.0,450
TeamB-789547e7-1325-4153-a98d-5ecd497f3668,TeamB,2020-11-04,1,3.0,3,90,90.0,270,270.0,270
TeamB-789547e7-1325-4153-a98d-5ecd497f3668,TeamB,2020-11-05,1,4.0,4,60,60.0,240,240.0,240
TeamB-789547e7-1325-4153-a98d-5ecd497f3668,TeamB,2020-11-06,1,5.0,5,90,90.0,450,450.0,450
TeamB-789547e7-1325-4153-a98d-5ecd497f3668,TeamB,2020-11-09,1,4.0,4,40,40.0,160,160.0,160
TeamB-789547e7-1325-4153-a98d-5ecd497f3668,TeamB,2020-11-10,1,5.0,5,60,60.0,300,300.0,300
TeamB-789547e7-1325-4153-a98d-5ecd497f3668,TeamB,2020-11-11,1,6.0,6,90,90.0,540,540.0,540
TeamB-789547e7-1325-4153-a98d-5ecd497f3668,TeamB,2020-11-12,1,5.0,5,60,60.0,300,300.0,300
TeamB-789547e7-1325-4153-a98d-5ecd497f3668,TeamB,2020-11-13,1,5.0,5,60,60.0,300,300.0,300
TeamB-789547e7-1325-4153-a98d-5ecd497f3668,TeamB,2020-11-14,1,6.0,6,110,110.0,660,660.0,660
TeamB-789547e7-1325-4153-a98d-5ecd497f3668,TeamB,2020-11-15,1,6.0,6,100,100.0,600,600.0,600
TeamB-789547e7-1325-4153-a98d-5ecd497f3668,TeamB,2020-11-16,1,4.0,4,60,60.0,240,240.0,240
TeamB-789547e7-1325-4153-a98d-5ecd497f3668,TeamB,2020-11-20,1,5.0,5,20,20.0,100,100.0,100
TeamB-789547e7-1325-4153-a98d-5ecd497f3668,TeamB,2020-11-21,1,5.0,5,60,60.0,300,300.0,300
TeamB-789547e7-1325-4153-a98d-5ecd497f3668,TeamB,2020-11-22,1,6.0,6,90,90.0,540,540.0,540
TeamB-789547e7-1325-4153-a98d-5ecd497f3668,TeamB,2020-11-24,1,7.0,7,50,50.0,350,350.0,350
TeamB-789547e7-1325-4153-a98d-5ecd497f3668,TeamB,2020-11-26,1,10.0,10,100,100.0,1000,1000.0,1000
TeamB-789547e7-1325-4153-a98d-5ecd497f3668,TeamB,2020-11-28,1,6.0,6,30,30.0,180,180.0,180
TeamB-789547e7-1325-4153-a98d-5ecd497f3668,TeamB,2020-11-30,1,7.0,7,80,80.0,560,560.0,560
TeamB-789547e7-1325-4153-a98d-5ecd497f3668,TeamB,2020-12-01,1,6.0,6,70,70.0,420,420.0,420
TeamB-789547e7-1325-4153-a98d-5ecd497f3668,TeamB,2020-12-02,1,5.0,5,60,60.0,300,300.0,300
TeamB-789547e7-1325-4153-a98d-5ecd497f3668,TeamB,2020-12-04,1,6.0,6,90,90.0,540,540.0,540
TeamB-789547e7-1325-4153-a98d-5ecd497f3668,TeamB,2020-12-05,1,5.0,5,80,80.0,400,400.0,400
TeamB-789547e7-1325-4153-a98d-5ecd497f3668,TeamB,2020-12-08,1,6.0,6,70,70.0,420,420.0,420
TeamB-789547e7-1325-4153-a98d-5ecd497f3668,TeamB,2020-12-09,1,5.0,5,60,60.0,300,300.0,300
TeamB-789547e7-1325-4153-a98d-5ecd497f3668,TeamB,2020-12-10,1,6.0,6,70,70.0,420,420.0,420
TeamB-789547e7-1325-4153-a98d-5ecd497f3668,TeamB,2021-01-20,1,6.0,6,80,80.0,480,480.0,480
TeamB-789547e7-1325-4153-a98d-5ecd497f3668,TeamB,2021-01-21,1,4.0,4,30,30.0,120,120.0,120
TeamB-789547e7-1325-4153-a98d-5ecd497f3668,TeamB,2021-01-22,1,8.0,8,100,100.0,800,800.0,800
TeamB-789547e7-1325-4153-a98d-5ecd497f3668,TeamB,2021-01-24,1,9.0,9,90,90.0,810,810.0,810
TeamB-789547e7-1325-4153-a98d-5ecd497f3668,TeamB,2021-01-25,1,5.0,5,60,60.0,300,300.0,300
TeamB-789547e7-1325-4153-a98d-5ecd497f3668,TeamB,2021-01-26,2,6.5,7,110,55.0,730,365.0,490
TeamB-789547e7-1325-4153-a98d-5ecd497f3668,TeamB,2021-01-28,1,5.0,5,60,60.0,300,300.0,300
TeamB-789547e7-1325-4153-a98d-5ecd497f3668,TeamB,2021-01-29,1,7.0,7,100,100.0,700,700.0,700
TeamB-789547e7-1325-4153-a98d-5ecd497f3668,TeamB,2021-01-30,1,5.0,5,60,60.0,300,300.0,300
TeamB-789547e7-1325-4153-a98d-5ecd497f3668,TeamB,2021-02-01,1,7.0,7,100,100.0,700,700.0,700
TeamB-789547e7-1325-4153-a98d-5ecd497f3668,TeamB,2021-02-02,1,7.0,7,90,90.0,630,630.0,630
TeamB-789547e7-1325-4153-a98d-5ecd497f3668,TeamB,2021-02-03,1,3.0,3,60,60.0,180,180.0,180
TeamB-789547e7-1325-4153-a98d-5ecd497f3668,TeamB,2021-02-04,1,4.0,4,50,50.0,200,200.0,200
TeamB-789547e7-1325-4153-a98d-5ecd497f3668,TeamB,2021-02-05,1,5.0,5,70,70.0,350,350.0,350
TeamB-789547e7-1325-4153-a98d-5ecd497f3668,TeamB,2021-02-07,1,5.0,5,110,110.0,550,550.0,550
TeamB-789547e7-1325-4153-a98d-5ecd497f3668,TeamB,2021-02-08,1,6.0,6,90,90.0,540,540.0,540
TeamB-789547e7-1325-4153-a98d-5ecd497f3668,TeamB,2021-02-10,1,5.0,5,60,60.0,300,300.0,300
TeamB-789547e7-1325-4153-a98d-5ecd497f3668,TeamB,2021-02-11,1,8.0,8,120,120.0,960,960.0,960
TeamB-789547e7-1325-4153-a98d-5ecd497f3668,TeamB,2021-02-15,1,7.0,7,40,40.0,280,280.0,280
TeamB-789547e7-1325-4153-a98d-5ecd497f3668,TeamB,2021-02-17,1,5.0,5,50,50.0,250,250.0,250
TeamB-789547e7-1325-4153-a98d-5ecd497f3668,TeamB,2021-02-18,1,7.0,7,30,30.0,210,210.0,210
TeamB-789547e7-1325-4153-a98d-5ecd497f3668,TeamB,2021-02-20,1,6.0,6,80,80.0,480,480.0,480
TeamB-789547e7-1325-4153-a98d-5ecd497f3668,TeamB,2021-02-21,2,5.5,6,150,75.0,810,405.0,450
TeamB-789547e7-1325-4153-a98d-5ecd497f3668,TeamB,2021-02-22,1,7.0,7,80,80.0,560,560.0,560
TeamB-789547e7-1325-4153-a98d-5ecd497f3668,TeamB,2021-02-24,2,6.0,7,140,70.0,880,440.0,630
TeamB-789547e7-1325-4153-a98d-5ecd497f3668,TeamB,2021-02-25,1,8.0,8,100,100.0,800,800.0,800
TeamB-789547e7-1325-4153-a98d-5ecd497f3668,TeamB,2021-02-26,2,8.0,9,160,80.0,1320,660.0,900
TeamB-789547e7-1325-4153-a98d-5ecd497f3668,TeamB,2021-03-01,2,5.0,5,150,75.0,750,375.0,450
TeamB-789547e7-1325-4153-a98d-5ecd497f3668,TeamB,2021-03-02,1,7.0,7,180,180.0,1260,1260.0,1260
TeamB-789547e7-1325-4153-a98d-5ecd497f3668,TeamB,2021-03-04,2,6.0,6,150,75.0,900,450.0,540
TeamB-789547e7-1325-4153-a98d-5ecd497f3668,TeamB,2021-03-05,1,7.0,7,120,120.0,840,840.0,840
TeamB-789547e7-1325-4153-a98d-5ecd497f3668,TeamB,2021-03-06,1,6.0,6,90,90.0,540,540.0,540
TeamB-789547e7-1325-4153-a98d-5ecd497f3668,TeamB,2021-03-08,2,5.5,6,160,80.0,870,435.0,450
TeamB-789547e7-1325-4153-a98d-5ecd497f3668,TeamB,2021-03-09,1,6.0,6,110,110.0,660,660.0,660
TeamB-789547e7-1325-4153-a98d-5ecd497f3668,TeamB,2021-03-11,1,8.0,8,90,90.0,720,720.0,720
TeamB-789547e7-1325-4153-a98d-5ecd497f3668,TeamB,2021-03-12,1,5.0,5,90,90.0,450,450.0,450
TeamB-789547e7-1325-4153-a98d-5ecd497f3668,TeamB,2021-03-13,1,8.0,8,180,180.0,1440,1440.0,1440
TeamB-789547e7-1325-4153-a98d-5ecd497f3668,TeamB,2021-03-15,2,7.0,7,150,75.0,1050,525.0,630
TeamB-789547e7-1325-4153-a98d-5ecd497f3668,TeamB,2021-03-16,1,5.0,5,90,90.0,450,450.0,450
TeamB-789547e7-1325-4153-a98d-5ecd497f3668,TeamB,2021-03-18,2,5.5,6,150,75.0,810,405.0,450
TeamB-789547e7-1325-4153-a98d-5ecd497f3668,TeamB,2021-03-19,1,6.0,6,100,100.0,600,600.0,600
TeamB-789547e7-1325-4153-a98d-5ecd497f3668,TeamB,2021-03-20,1,5.0,5,120,120.0,600,600.0,600
TeamB-789547e7-1325-4153-a98d-5ecd497f3668,TeamB,2021-03-22,1,5.0,5,110,110.0,550,550.0,550
TeamB-789547e7-1325-4153-a98d-5ecd497f3668,TeamB,2021-03-23,1,6.0,6,120,120.0,720,720.0,720
TeamB-789547e7-1325-4153-a98d-5ecd497f3668,TeamB,2021-03-25,1,5.0,5,110,110.0,550,550.0,550
TeamB-789547e7-1325-4153-a98d-5ecd497f3668,TeamB,2021-03-26,1,5.0,5,60,60.0,300,300.0,300
TeamB-789547e7-1325-4153-a98d-5ecd497f3668,TeamB,2021-03-29,1,4.0,4,120,120.0,480,480.0,480
TeamB-789547e7-1325-4153-a98d-5ecd497f3668,TeamB,2021-03-30,1,7.0,7,180,180.0,1260,1260.0,1260
TeamB-789547e7-1325-4153-a98d-5ecd497f3668,TeamB,2021-03-31,1,6.0,6,80,80.0,480,480.0,480
TeamB-789547e7-1325-4153-a98d-5ecd497f3668,TeamB,2021-04-06,1,8.0,8,120,120.0,960,960.0,960
TeamB-789547e7-1325-4153-a98d-5ecd497f3668,TeamB,2021-04-08,1,5.0,5,100,100.0,500,500.0,500
TeamB-789547e7-1325-4153-a98d-5ecd497f3668,TeamB,2021-04-09,1,6.0,6,60,60.0,360,360.0,360
TeamB-789547e7-1325-4153-a98d-5ecd497f3668,TeamB,2021-04-10,1,7.0,7,110,110.0,770,770.0,770
TeamB-789547e7-1325-4153-a98d-5ecd497f3668,TeamB,2021-04-12,1,8.0,8,100,100.0,800,800.0,800
TeamB-789547e7-1325-4153-a98d-5ecd497f3668,TeamB,2021-04-13,1,6.0,6,110,110.0,660,660.0,660
TeamB-789547e7-1325-4153-a98d-5ecd497f3668,TeamB,2021-04-15,1,6.0,6,100,100.0,600,600.0,600
TeamB-789547e7-1325-4153-a98d-5ecd497f3668,TeamB,2021-04-16,1,5.0,5,100,100.0,500,500.0,500
TeamB-789547e7-1325-4153-a98d-5ecd497f3668,TeamB,2021-04-17,1,4.0,4,90,90.0,360,360.0,360
TeamB-789547e7-1325-4153-a98d-5ecd497f3668,TeamB,2021-04-19,1,4.0,4,90,90.0,360,360.0,360
TeamB-789547e7-1325-4153-a98d-5ecd497f3668,TeamB,2021-04-20,1,6.0,6,30,30.0,180,180.0,180
TeamB-789547e7-1325-4153-a98d-5ecd497f3668,TeamB,2021-04-26,1,4.0,4,90,90.0,360,360.0,360
TeamB-789547e7-1325-4153-a98d-5ecd497f3668,TeamB,2021-04-27,1,8.0,8,120,120.0,960,960.0,960
TeamB-789547e7-1325-4153-a98d-5ecd497f3668,TeamB,2021-04-28,1,7.0,7,60,60.0,420,420.0,420
TeamB-789547e7-1325-4153-a98d-5ecd497f3668,TeamB,2021-04-29,1,6.0,6,100,100.0,600,600.0,600
TeamB-789547e7-1325-4153-a98d-5ecd497f3668,TeamB,2021-04-30,1,5.0,5,90,90.0,450,450.0,450
TeamB-789547e7-1325-4153-a98d-5ecd497f3668,TeamB,2021-05-01,1,6.0,6,90,90.0,540,540.0,540
TeamB-789547e7-1325-4153-a98d-5ecd497f3668,TeamB,2021-05-03,1,5.0,5,70,70.0,350,350.0,350
TeamB-789547e7-1325-4153-a98d-5ecd497f3668,TeamB,2021-05-04,1,6.0,6,90,90.0,540,540.0,540
TeamB-789547e7-1325-4153-a98d-5ecd497f3668,TeamB,2021-05-05,1,6.0,6,120,120.0,720,720.0,720
TeamB-789547e7-1325-4153-a98d-5ecd497f3668,TeamB,2021-05-06,1,4.0,4,60,60.0,240,240.0,240
TeamB-789547e7-1325-4153-a98d-5ecd497f3668,TeamB,2021-05-07,1,5.0,5,90,90.0,450,450.0,450
TeamB-789547e7-1325-4153-a98d-5ecd497f3668,TeamB,2021-05-08,1,4.0,4,30,30.0,120,120.0,120
TeamB-789547e7-1325-4153-a98d-5ecd497f3668,TeamB,2021-05-10,1,4.0,4,90,90.0,360,360.0,360
TeamB-789547e7-1325-4153-a98d-5ecd497f3668,TeamB,2021-05-11,1,7.0,7,90,90.0,630,630.0,630
TeamB-789547e7-1325-4153-a98d-5ecd497f3668,TeamB,2021-05-15,1,6.0,6,90,90.0,540,540.0,540
TeamB-789547e7-1325-4153-a98d-5ecd497f3668,TeamB,2021-05-16,1,7.0,7,90,90.0,630,630.0,630
TeamB-789547e7-1325-4153-a98d-5ecd497f3668,TeamB,2021-05-19,1,6.0,6,110,110.0,660,660.0,660
TeamB-789547e7-1325-4153-a98d-5ecd497f3668,TeamB,2021-05-21,1,5.0,5,90,90.0,450,450.0,450
TeamB-789547e7-1325-4153-a98d-5ecd497f3668,TeamB,2021-05-22,1,6.0,6,90,90.0,540,540.0,540
TeamB-789547e7-1325-4153-a98d-5ecd497f3668,TeamB,2021-05-26,1,6.0,6,120,120.0,720,720.0,720
TeamB-789547e7-1325-4153-a98d-5ecd497f3668,TeamB,2021-05-28,1,5.0,5,80,80.0,400,400.0,400
TeamB-789547e7-1325-4153-a98d-5ecd497f3668,TeamB,2021-05-29,1,6.0,6,90,90.0,540,540.0,540
TeamB-789547e7-1325-4153-a98d-5ecd497f3668,TeamB,2021-05-31,2,5.5,6,140,70.0,770,385.0,420
TeamB-789547e7-1325-4153-a98d-5ecd497f3668,TeamB,2021-06-01,1,7.0,7,100,100.0,700,700.0,700
TeamB-789547e7-1325-4153-a98d-5ecd497f3668,TeamB,2021-06-02,1,5.0,5,60,60.0,300,300.0,300
TeamB-789547e7-1325-4153-a98d-5ecd497f3668,TeamB,2021-06-04,1,6.0,6,90,90.0,540,540.0,540
TeamB-789547e7-1325-4153-a98d-5ecd497f3668,TeamB,2021-06-05,1,6.0,6,90,90.0,540,540.0,540
TeamB-789547e7-1325-4153-a98d-5ecd497f3668,TeamB,2021-06-07,1,6.0,6,60,60.0,360,360.0,360
TeamB-789547e7-1325-4153-a98d-5ecd497f3668,TeamB,2021-06-08,1,7.0,7,60,60.0,420,420.0,420
TeamB-789547e7-1325-4153-a98d-5ecd497f3668,TeamB,2021-06-09,1,7.0,7,70,70.0,490,490.0,490
TeamB-789547e7-1325-4153-a98d-5ecd497f3668,TeamB,2021-06-14,2,5.5,6,130,65.0,710,355.0,360
TeamB-789547e7-1325-4153-a98d-5ecd497f3668,TeamB,2021-06-16,1,6.0,6,80,80.0,480,480.0,480
TeamB-789547e7-1325-4153-a98d-5ecd497f3668,TeamB,2021-06-17,1,6.0,6,90,90.0,540,540.0,540
TeamB-789547e7-1325-4153-a98d-5ecd497f3668,TeamB,2021-06-18,1,5.0,5,60,60.0,300,300.0,300
TeamB-789547e7-1325-4153-a98d-5ecd497f3668,TeamB,2021-06-20,1,6.0,6,110,110.0,660,660.0,660
TeamB-789547e7-1325-4153-a98d-5ecd497f3668,TeamB,2021-06-23,1,7.0,7,60,60.0,420,420.0,420
TeamB-789547e7-1325-4153-a98d-5ecd497f3668,TeamB,2021-06-24,1,6.0,6,40,40.0,240,240.0,240
TeamB-789547e7-1325-4153-a98d-5ecd497f3668,TeamB,2021-06-25,1,6.0,6,90,90.0,540,540.0,540
TeamB-789547e7-1325-4153-a98d-5ecd497f3668,TeamB,2021-06-27,1,6.0,6,90,90.0,540,540.0,540
TeamB-789547e7-1325-4153-a98d-5ecd497f3668,TeamB,2021-06-29,1,6.0,6,80,80.0,480,480.0,480
TeamB-789547e7-1325-4153-a98d-5ecd497f3668,TeamB,2021-07-01,1,7.0,7,60,60.0,420,420.0,420
TeamB-789547e7-1325-4153-a98d-5ecd497f3668,TeamB,2021-07-02,1,6.0,6,60,60.0,360,360.0,360
TeamB-789547e7-1325-4153-a98d-5ecd497f3668,TeamB,2021-07-04,1,6.0,6,70,70.0,420,420.0,420
TeamB-789547e7-1325-4153-a98d-5ecd497f3668,TeamB,2021-07-06,2,6.0,7,140,70.0,820,410.0,420
TeamB-789547e7-1325-4153-a98d-5ecd497f3668,TeamB,2021-07-08,1,6.0,6,30,30.0,180,180.0,180
TeamB-789547e7-1325-4153-a98d-5ecd497f3668,TeamB,2021-08-02,2,7.0,8,70,35.0,500,250.0,320
TeamB-789547e7-1325-4153-a98d-5ecd497f3668,TeamB,2021-08-03,1,6.0,6,90,90.0,540,540.0,540
TeamB-789547e7-1325-4153-a98d-5ecd497f3668,TeamB,2021-08-05,1,5.0,5,90,90.0,450,450.0,450
TeamB-789547e7-1325-4153-a98d-5ecd497f3668,TeamB,2021-08-06,1,6.0,6,80,80.0,480,480.0,480
TeamB-789547e7-1325-4153-a98d-5ecd497f3668,TeamB,2021-08-08,2,6.5,7,120,60.0,810,405.0,630
TeamB-789547e7-1325-4153-a98d-5ecd497f3668,TeamB,2021-08-10,1,6.0,6,110,110.0,660,660.0,660
TeamB-789547e7-1325-4153-a98d-5ecd497f3668,TeamB,2021-08-11,1,4.0,4,90,90.0,360,360.0,360
TeamB-789547e7-1325-4153-a98d-5ecd497f3668,TeamB,2021-08-14,1,7.0,7,60,60.0,420,420.0,420
TeamB-789547e7-1325-4153-a98d-5ecd497f3668,TeamB,2021-08-17,1,5.0,5,60,60.0,300,300.0,300
TeamB-789547e7-1325-4153-a98d-5ecd497f3668,TeamB,2021-08-18,1,6.0,6,90,90.0,540,540.0,540
TeamB-789547e7-1325-4153-a98d-5ecd497f3668,TeamB,2021-08-19,1,7.0,7,60,60.0,420,420.0,420
TeamB-789547e7-1325-4153-a98d-5ecd497f3668,TeamB,2021-08-20,1,5.0,5,60,60.0,300,300.0,300
TeamB-789547e7-1325-4153-a98d-5ecd497f3668,TeamB,2021-08-23,1,6.0,6,80,80.0,480,480.0,480
TeamB-789547e7-1325-4153-a98d-5ecd497f3668,TeamB,2021-08-24,1,4.0,4,90,90.0,360,360.0,360
TeamB-789547e7-1325-4153-a98d-5ecd497f3668,TeamB,2021-08-26,1,5.0,5,90,90.0,450,450.0,450
TeamB-789547e7-1325-4153-a98d-5ecd497f3668,TeamB,2021-08-27,1,5.0,5,80,80.0,400,400.0,400
TeamB-789547e7-1325-4153-a98d-5ecd497f3668,TeamB,2021-08-29,1,6.0,6,50,50.0,300,300.0,300
TeamB-789547e7-1325-4153-a98d-5ecd497f3668,TeamB,2021-08-30,1,6.0,6,90,90.0,540,540.0,540
TeamB-789547e7-1325-4153-a98d-5ecd497f3668,TeamB,2021-08-31,1,5.0,5,80,80.0,400,400.0,400
TeamB-789547e7-1325-4153-a98d-5ecd497f3668,TeamB,2021-09-01,1,7.0,7,90,90.0,630,630.0,630
TeamB-789547e7-1325-4153-a98d-5ecd497f3668,TeamB,2021-09-03,1,6.0,6,90,90.0,540,540.0,540
TeamB-789547e7-1325-4153-a98d-5ecd497f3668,TeamB,2021-09-04,1,5.0,5,90,90.0,450,450.0,450
TeamB-789547e7-1325-4153-a98d-5ecd497f3668,TeamB,2021-09-05,1,3.0,3,60,60.0,180,180.0,180
TeamB-789547e7-1325-4153-a98d-5ecd497f3668,TeamB,2021-09-07,1,4.0,4,60,60.0,240,240.0,240
TeamB-789547e7-1325-4153-a98d-5ecd497f3668,TeamB,2021-09-08,1,6.0,6,90,90.0,540,540.0,540
TeamB-789547e7-1325-4153-a98d-5ecd497f3668,TeamB,2021-09-10,1,5.0,5,70,70.0,350,350.0,350
TeamB-789547e7-1325-4153-a98d-5ecd497f3668,TeamB,2021-09-12,1,6.0,6,40,40.0,240,240.0,240
TeamB-789547e7-1325-4153-a98d-5ecd497f3668,TeamB,2021-09-14,1,7.0,7,40,40.0,280,280.0,280
TeamB-789547e7-1325-4153-a98d-5ecd497f3668,TeamB,2021-09-16,1,6.0,6,90,90.0,540,540.0,540
TeamB-789547e7-1325-4153-a98d-5ecd497f3668,TeamB,2021-09-17,2,7.0,7,130,65.0,910,455.0,490
TeamB-789547e7-1325-4153-a98d-5ecd497f3668,TeamB,2021-09-21,1,7.0,7,70,70.0,490,490.0,490
TeamB-789547e7-1325-4153-a98d-5ecd497f3668,TeamB,2021-09-22,1,8.0,8,60,60.0,480,480.0,480
TeamB-789547e7-1325-4153-a98d-5ecd497f3668,TeamB,2021-09-24,1,5.0,5,90,90.0,450,450.0,450
TeamB-789547e7-1325-4153-a98d-5ecd497f3668,TeamB,2021-09-25,1,6.0,6,80,80.0,480,480.0,480
TeamB-789547e7-1325-4153-a98d-5ecd497f3668,TeamB,2021-09-27,1,5.0,5,40,40.0,200,200.0,200
TeamB-789547e7-1325-4153-a98d-5ecd497f3668,TeamB,2021-09-28,1,6.0,6,110,110.0,660,660.0,660
TeamB-789547e7-1325-4153-a98d-5ecd497f3668,TeamB,2021-09-29,2,5.0,6,120,60.0,660,330.0,540
TeamB-789547e7-1325-4153-a98d-5ecd497f3668,TeamB,2021-10-02,1,7.0,7,90,90.0,630,630.0,630
TeamB-789547e7-1325-4153-a98d-5ecd497f3668,TeamB,2021-10-05,2,7.0,8,150,75.0,980,490.0,660
TeamB-789547e7-1325-4153-a98d-5ecd497f3668,TeamB,2021-10-06,1,6.0,6,100,100.0,600,600.0,600
TeamB-789547e7-1325-4153-a98d-5ecd497f3668,TeamB,2021-10-08,1,5.0,5,100,100.0,500,500.0,500
TeamB-789547e7-1325-4153-a98d-5ecd497f3668,TeamB,2021-10-09,1,6.0,6,90,90.0,540,540.0,540
TeamB-789547e7-1325-4153-a98d-5ecd497f3668,TeamB,2021-10-10,1,5.0,5,70,70.0,350,350.0,350
TeamB-789547e7-1325-4153-a98d-5ecd497f3668,TeamB,2021-10-12,2,6.0,6,140,70.0,840,420.0,540
TeamB-789547e7-1325-4153-a98d-5ecd497f3668,TeamB,2021-10-14,1,6.0,6,110,110.0,660,660.0,660
TeamB-789547e7-1325-4153-a98d-5ecd497f3668,TeamB,2021-10-15,1,5.0,5,90,90.0,450,450.0,450
TeamB-789547e7-1325-4153-a98d-5ecd497f3668,TeamB,2021-10-16,1,5.0,5,60,60.0,300,300.0,300
TeamB-789547e7-1325-4153-a98d-5ecd497f3668,TeamB,2021-10-17,1,5.0,5,90,90.0,450,450.0,450
TeamB-789547e7-1325-4153-a98d-5ecd497f3668,TeamB,2021-10-22,1,6.0,6,50,50.0,300,300.0,300
TeamB-789547e7-1325-4153-a98d-5ecd497f3668,TeamB,2021-10-24,1,7.0,7,50,50.0,350,350.0,350
TeamB-789547e7-1325-4153-a98d-5ecd497f3668,TeamB,2021-10-26,1,7.0,7,90,90.0,630,630.0,630
TeamB-789547e7-1325-4153-a98d-5ecd497f3668,TeamB,2021-10-27,1,8.0,8,90,90.0,720,720.0,720
TeamB-789547e7-1325-4153-a98d-5ecd497f3668,TeamB,2021-10-29,1,6.0,6,100,100.0,600,600.0,600
TeamB-789547e7-1325-4153-a98d-5ecd497f3668,TeamB,2021-10-30,1,7.0,7,100,100.0,700,700.0,700
TeamB-789547e7-1325-4153-a98d-5ecd497f3668,TeamB,2021-11-04,1,6.0,6,100,100.0,600,600.0,600
TeamB-789547e7-1325-4153-a98d-5ecd497f3668,TeamB,2021-11-06,1,5.0,5,90,90.0,450,450.0,450
TeamB-789547e7-1325-4153-a98d-5ecd497f3668,TeamB,2021-11-07,1,6.0,6,90,90.0,540,540.0,540
TeamB-789547e7-1325-4153-a98d-5ecd497f3668,TeamB,2021-11-09,1,6.0,6,90,90.0,540,540.0,540
TeamB-789547e7-1325-4153-a98d-5ecd497f3668,TeamB,2021-11-10,1,6.0,6,90,90.0,540,540.0,540
TeamB-7ab47f4e-6eca-4793-880f-6a0dad3459c3,TeamB,2020-01-21,1,5.0,5,90,90.0,450,450.0,450
TeamB-7ab47f4e-6eca-4793-880f-6a0dad3459c3,TeamB,2020-01-22,1,3.0,3,90,90.0,270,270.0,270
TeamB-7ab47f4e-6eca-4793-880f-6a0dad3459c3,TeamB,2020-01-24,2,7.5,9,180,90.0,1350,675.0,810
TeamB-7ab47f4e-6eca-4793-880f-6a0dad3459c3,TeamB,2020-01-26,1,8.0,8,50,50.0,400,400.0,400
TeamB-7ab47f4e-6eca-4793-880f-6a0dad3459c3,TeamB,2020-01-28,1,7.0,7,90,90.0,630,630.0,630
TeamB-7ab47f4e-6eca-4793-880f-6a0dad3459c3,TeamB,2020-01-30,1,5.0,5,100,100.0,500,500.0,500
TeamB-7ab47f4e-6eca-4793-880f-6a0dad3459c3,TeamB,2020-01-31,2,5.5,6,150,75.0,810,405.0,450
TeamB-7ab47f4e-6eca-4793-880f-6a0dad3459c3,TeamB,2020-02-02,1,8.0,8,80,80.0,640,640.0,640
TeamB-7ab47f4e-6eca-4793-880f-6a0dad3459c3,TeamB,2020-02-03,1,3.0,3,70,70.0,210,210.0,210
TeamB-7ab47f4e-6eca-4793-880f-6a0dad3459c3,TeamB,2020-02-04,1,6.0,6,90,90.0,540,540.0,540
TeamB-7ab47f4e-6eca-4793-880f-6a0dad3459c3,TeamB,2020-02-06,1,9.0,9,120,120.0,1080,1080.0,1080
TeamB-7ab47f4e-6eca-4793-880f-6a0dad3459c3,TeamB,2020-02-07,1,5.0,5,60,60.0,300,300.0,300
TeamB-7ab47f4e-6eca-4793-880f-6a0dad3459c3,TeamB,2020-02-08,1,3.0,3,90,90.0,270,270.0,270
TeamB-7ab47f4e-6eca-4793-880f-6a0dad3459c3,TeamB,2020-02-09,2,9.5,10,160,80.0,1520,760.0,800
TeamB-7ab47f4e-6eca-4793-880f-6a0dad3459c3,TeamB,2020-02-10,1,3.0,3,90,90.0,270,270.0,270
TeamB-7ab47f4e-6eca-4793-880f-6a0dad3459c3,TeamB,2020-02-11,1,6.0,6,90,90.0,540,540.0,540
TeamB-7ab47f4e-6eca-4793-880f-6a0dad3459c3,TeamB,2020-02-16,1,6.0,6,80,80.0,480,480.0,480
TeamB-7ab47f4e-6eca-4793-880f-6a0dad3459c3,TeamB,2020-02-18,1,8.0,8,60,60.0,480,480.0,480
TeamB-7ab47f4e-6eca-4793-880f-6a0dad3459c3,TeamB,2020-02-20,1,7.0,7,60,60.0,420,420.0,420
TeamB-7ab47f4e-6eca-4793-880f-6a0dad3459c3,TeamB,2020-02-23,1,6.0,6,90,90.0,540,540.0,540
TeamB-7ab47f4e-6eca-4793-880f-6a0dad3459c3,TeamB,2020-02-25,1,6.0,6,90,90.0,540,540.0,540
TeamB-7ab47f4e-6eca-4793-880f-6a0dad3459c3,TeamB,2020-02-26,1,6.0,6,90,90.0,540,540.0,540
TeamB-7ab47f4e-6eca-4793-880f-6a0dad3459c3,TeamB,2020-02-28,2,4.5,5,150,75.0,660,330.0,360
TeamB-7ab47f4e-6eca-4793-880f-6a0dad3459c3,TeamB,2020-03-03,1,7.0,7,90,90.0,630,630.0,630
TeamB-7ab47f4e-6eca-4793-880f-6a0dad3459c3,TeamB,2020-03-04,1,3.0,3,90,90.0,270,270.0,270
TeamB-7ab47f4e-6eca-4793-880f-6a0dad3459c3,TeamB,2020-03-05,1,7.0,7,90,90.0,630,630.0,630
TeamB-7ab47f4e-6eca-4793-880f-6a0dad3459c3,TeamB,2020-03-07,1,10.0,10,80,80.0,800,800.0,800
TeamB-7ab47f4e-6eca-4793-880f-6a0dad3459c3,TeamB,2020-03-09,1,1.0,1,80,80.0,80,80.0,80
TeamB-7ab47f4e-6eca-4793-880f-6a0dad3459c3,TeamB,2020-03-11,1,6.0,6,60,60.0,360,360.0,360
TeamB-7ab47f4e-6eca-4793-880f-6a0dad3459c3,TeamB,2020-03-13,1,4.0,4,180,180.0,720,720.0,720
TeamB-7ab47f4e-6eca-4793-880f-6a0dad3459c3,TeamB,2020-03-14,1,5.0,5,120,120.0,600,600.0,600
TeamB-7ab47f4e-6eca-4793-880f-6a0dad3459c3,TeamB,2020-03-15,1,4.0,4,120,120.0,480,480.0,480
TeamB-7ab47f4e-6eca-4793-880f-6a0dad3459c3,TeamB,2020-03-16,2,4.0,7,120,60.0,480,240.0,420
TeamB-7ab47f4e-6eca-4793-880f-6a0dad3459c3,TeamB,2020-03-17,1,5.0,5,180,180.0,900,900.0,900
TeamB-7ab47f4e-6eca-4793-880f-6a0dad3459c3,TeamB,2020-03-18,1,5.0,5,60,60.0,300,300.0,300
TeamB-7ab47f4e-6eca-4793-880f-6a0dad3459c3,TeamB,2020-03-21,2,4.0,5,260,130.0,940,470.0,540
TeamB-7ab47f4e-6eca-4793-880f-6a0dad3459c3,TeamB,2020-03-22,2,4.5,5,360,180.0,1620,810.0,900
TeamB-7ab47f4e-6eca-4793-880f-6a0dad3459c3,TeamB,2020-03-23,1,7.0,7,60,60.0,420,420.0,420
TeamB-7ab47f4e-6eca-4793-880f-6a0dad3459c3,TeamB,2020-03-24,1,7.0,7,90,90.0,630,630.0,630
TeamB-7ab47f4e-6eca-4793-880f-6a0dad3459c3,TeamB,2020-03-25,1,4.0,4,60,60.0,240,240.0,240
TeamB-7ab47f4e-6eca-4793-880f-6a0dad3459c3,TeamB,2021-01-24,1,5.0,5,40,40.0,200,200.0,200
TeamB-7ab47f4e-6eca-4793-880f-6a0dad3459c3,TeamB,2021-01-25,1,6.0,6,60,60.0,360,360.0,360
TeamB-7ab47f4e-6eca-4793-880f-6a0dad3459c3,TeamB,2021-01-26,1,5.0,5,90,90.0,450,450.0,450
TeamB-7ab47f4e-6eca-4793-880f-6a0dad3459c3,TeamB,2021-01-27,1,6.0,6,60,60.0,360,360.0,360
TeamB-7ab47f4e-6eca-4793-880f-6a0dad3459c3,TeamB,2021-01-29,1,8.0,8,120,120.0,960,960.0,960
TeamB-7ab47f4e-6eca-4793-880f-6a0dad3459c3,TeamB,2021-02-01,1,7.0,7,100,100.0,700,700.0,700
TeamB-7ab47f4e-6eca-4793-880f-6a0dad3459c3,TeamB,2021-02-02,1,6.0,6,80,80.0,480,480.0,480
TeamB-7ab47f4e-6eca-4793-880f-6a0dad3459c3,TeamB,2021-02-04,1,7.0,7,20,20.0,140,140.0,140
TeamB-7ab47f4e-6eca-4793-880f-6a0dad3459c3,TeamB,2021-02-05,1,8.0,8,90,90.0,720,720.0,720
TeamB-7ab47f4e-6eca-4793-880f-6a0dad3459c3,TeamB,2021-02-07,1,8.0,8,100,100.0,800,800.0,800
TeamB-7ab47f4e-6eca-4793-880f-6a0dad3459c3,TeamB,2021-02-08,1,7.0,7,120,120.0,840,840.0,840
TeamB-7ab47f4e-6eca-4793-880f-6a0dad3459c3,TeamB,2021-02-10,1,6.0,6,180,180.0,1080,1080.0,1080
TeamB-7ab47f4e-6eca-4793-880f-6a0dad3459c3,TeamB,2021-02-12,1,7.0,7,70,70.0,490,490.0,490
TeamB-7ab47f4e-6eca-4793-880f-6a0dad3459c3,TeamB,2021-02-17,1,5.0,5,120,120.0,600,600.0,600
TeamB-7ab47f4e-6eca-4793-880f-6a0dad3459c3,TeamB,2021-02-20,1,6.0,6,110,110.0,660,660.0,660
TeamB-7ab47f4e-6eca-4793-880f-6a0dad3459c3,TeamB,2021-02-21,1,7.0,7,180,180.0,1260,1260.0,1260
TeamB-7ab47f4e-6eca-4793-880f-6a0dad3459c3,TeamB,2021-02-26,2,4.5,5,150,75.0,690,345.0,450
TeamB-7ab47f4e-6eca-4793-880f-6a0dad3459c3,TeamB,2021-03-02,1,7.0,7,90,90.0,630,630.0,630
TeamB-7ab47f4e-6eca-4793-880f-6a0dad3459c3,TeamB,2021-03-04,1,5.0,5,90,90.0,450,450.0,450
TeamB-7ab47f4e-6eca-4793-880f-6a0dad3459c3,TeamB,2021-03-05,1,4.0,4,90,90.0,360,360.0,360
TeamB-7ab47f4e-6eca-4793-880f-6a0dad3459c3,TeamB,2021-03-08,1,6.0,6,90,90.0,540,540.0,540
TeamB-7ab47f4e-6eca-4793-880f-6a0dad3459c3,TeamB,2021-03-09,1,5.0,5,90,90.0,450,450.0,450
TeamB-7ab47f4e-6eca-4793-880f-6a0dad3459c3,TeamB,2021-03-11,1,6.0,6,90,90.0,540,540.0,540
TeamB-7ab47f4e-6eca-4793-880f-6a0dad3459c3,TeamB,2021-03-12,1,8.0,8,90,90.0,720,720.0,720
TeamB-7ab47f4e-6eca-4793-880f-6a0dad3459c3,TeamB,2021-03-13,1,5.0,5,90,90.0,450,450.0,450
TeamB-7ab47f4e-6eca-4793-880f-6a0dad3459c3,TeamB,2021-03-15,1,5.0,5,60,60.0,300,300.0,300
TeamB-7ab47f4e-6eca-4793-880f-6a0dad3459c3,TeamB,2021-03-18,1,9.0,9,110,110.0,990,990.0,990
TeamB-7ab47f4e-6eca-4793-880f-6a0dad3459c3,TeamB,2021-03-20,1,5.0,5,110,110.0,550,550.0,550
TeamB-7ab47f4e-6eca-4793-880f-6a0dad3459c3,TeamB,2021-03-26,1,5.0,5,70,70.0,350,350.0,350
TeamB-7ab47f4e-6eca-4793-880f-6a0dad3459c3,TeamB,2021-03-27,1,7.0,7,110,110.0,770,770.0,770
TeamB-7ab47f4e-6eca-4793-880f-6a0dad3459c3,TeamB,2021-03-30,1,6.0,6,120,120.0,720,720.0,720
TeamB-7ab47f4e-6eca-4793-880f-6a0dad3459c3,TeamB,2021-03-31,1,6.0,6,120,120.0,720,720.0,720
TeamB-7ab47f4e-6eca-4793-880f-6a0dad3459c3,TeamB,2021-04-08,1,7.0,7,100,100.0,700,700.0,700
TeamB-7ab47f4e-6eca-4793-880f-6a0dad3459c3,TeamB,2021-04-12,1,6.0,6,120,120.0,720,720.0,720
TeamB-7ab47f4e-6eca-4793-880f-6a0dad3459c3,TeamB,2021-04-13,1,9.0,9,120,120.0,1080,1080.0,1080
TeamB-7ab47f4e-6eca-4793-880f-6a0dad3459c3,TeamB,2021-05-11,1,9.0,9,60,60.0,540,540.0,540
TeamB-7ab47f4e-6eca-4793-880f-6a0dad3459c3,TeamB,2021-05-25,1,7.0,7,90,90.0,630,630.0,630
TeamB-7ab47f4e-6eca-4793-880f-6a0dad3459c3,TeamB,2021-05-31,1,6.0,6,70,70.0,420,420.0,420
TeamB-7ab47f4e-6eca-4793-880f-6a0dad3459c3,TeamB,2021-06-01,1,8.0,8,110,110.0,880,880.0,880
TeamB-7ab47f4e-6eca-4793-880f-6a0dad3459c3,TeamB,2021-06-21,1,5.0,5,100,100.0,500,500.0,500
TeamB-7ab47f4e-6eca-4793-880f-6a0dad3459c3,TeamB,2021-06-23,1,7.0,7,90,90.0,630,630.0,630
TeamB-7ab47f4e-6eca-4793-880f-6a0dad3459c3,TeamB,2021-07-31,1,7.0,7,100,100.0,700,700.0,700
TeamB-7ab47f4e-6eca-4793-880f-6a0dad3459c3,TeamB,2021-08-01,1,6.0,6,90,90.0,540,540.0,540
TeamB-7ab47f4e-6eca-4793-880f-6a0dad3459c3,TeamB,2021-08-17,1,7.0,7,60,60.0,420,420.0,420
TeamB-7ab47f4e-6eca-4793-880f-6a0dad3459c3,TeamB,2021-10-05,1,7.0,7,100,100.0,700,700.0,700
TeamB-7ab47f4e-6eca-4793-880f-6a0dad3459c3,TeamB,2021-11-04,1,7.0,7,90,90.0,630,630.0,630
TeamB-7d41e602-eece-328b-ff7b-118e820865d6,TeamB,2021-01-11,1,7.0,7,70,70.0,490,490.0,490
TeamB-7d41e602-eece-328b-ff7b-118e820865d6,TeamB,2021-01-12,2,6.0,7,150,75.0,930,465.0,630
TeamB-7d41e602-eece-328b-ff7b-118e820865d6,TeamB,2021-01-14,1,7.0,7,60,60.0,420,420.0,420
TeamB-7d41e602-eece-328b-ff7b-118e820865d6,TeamB,2021-01-15,2,6.5,8,150,75.0,1020,510.0,720
TeamB-7d41e602-eece-328b-ff7b-118e820865d6,TeamB,2021-01-17,1,7.0,7,90,90.0,630,630.0,630
TeamB-7d41e602-eece-328b-ff7b-118e820865d6,TeamB,2021-01-18,2,7.0,8,160,80.0,1140,570.0,720
TeamB-7d41e602-eece-328b-ff7b-118e820865d6,TeamB,2021-01-20,1,7.0,7,90,90.0,630,630.0,630
TeamB-7d41e602-eece-328b-ff7b-118e820865d6,TeamB,2021-01-21,1,8.0,8,50,50.0,400,400.0,400
TeamB-7d41e602-eece-328b-ff7b-118e820865d6,TeamB,2021-01-22,1,5.0,5,80,80.0,400,400.0,400
TeamB-7d41e602-eece-328b-ff7b-118e820865d6,TeamB,2021-01-24,2,7.5,8,160,80.0,1210,605.0,720
TeamB-7d41e602-eece-328b-ff7b-118e820865d6,TeamB,2021-01-25,2,6.0,7,180,90.0,1140,570.0,840
TeamB-7d41e602-eece-328b-ff7b-118e820865d6,TeamB,2021-01-26,2,8.0,9,170,85.0,1390,695.0,900
TeamB-7d41e602-eece-328b-ff7b-118e820865d6,TeamB,2021-01-27,2,6.0,6,110,55.0,660,330.0,360
TeamB-7d41e602-eece-328b-ff7b-118e820865d6,TeamB,2021-01-28,1,7.0,7,110,110.0,770,770.0,770
TeamB-7d41e602-eece-328b-ff7b-118e820865d6,TeamB,2021-01-29,2,8.0,9,120,60.0,960,480.0,540
TeamB-7d41e602-eece-328b-ff7b-118e820865d6,TeamB,2021-01-30,1,7.0,7,90,90.0,630,630.0,630
TeamB-7d41e602-eece-328b-ff7b-118e820865d6,TeamB,2021-02-01,2,5.5,6,140,70.0,800,400.0,600
TeamB-7d41e602-eece-328b-ff7b-118e820865d6,TeamB,2021-02-02,2,6.5,7,150,75.0,990,495.0,630
TeamB-7d41e602-eece-328b-ff7b-118e820865d6,TeamB,2021-02-03,2,3.5,4,80,40.0,300,150.0,240
TeamB-7d41e602-eece-328b-ff7b-118e820865d6,TeamB,2021-02-04,2,5.5,6,80,40.0,450,225.0,300
TeamB-7d41e602-eece-328b-ff7b-118e820865d6,TeamB,2021-02-05,1,8.0,8,90,90.0,720,720.0,720
TeamB-7d41e602-eece-328b-ff7b-118e820865d6,TeamB,2021-02-07,1,7.0,7,110,110.0,770,770.0,770
TeamB-7d41e602-eece-328b-ff7b-118e820865d6,TeamB,2021-02-08,2,6.5,7,130,65.0,850,425.0,490
TeamB-7d41e602-eece-328b-ff7b-118e820865d6,TeamB,2021-02-09,1,6.0,6,70,70.0,420,420.0,420
TeamB-7d41e602-eece-328b-ff7b-118e820865d6,TeamB,2021-02-10,1,8.0,8,70,70.0,560,560.0,560
TeamB-7d41e602-eece-328b-ff7b-118e820865d6,TeamB,2021-02-11,2,7.5,8,140,70.0,1050,525.0,560
TeamB-7d41e602-eece-328b-ff7b-118e820865d6,TeamB,2021-02-12,2,5.5,7,120,60.0,690,345.0,490
TeamB-7d41e602-eece-328b-ff7b-118e820865d6,TeamB,2021-02-14,2,5.0,6,120,60.0,580,290.0,300
TeamB-7d41e602-eece-328b-ff7b-118e820865d6,TeamB,2021-02-15,1,4.0,4,30,30.0,120,120.0,120
TeamB-7d41e602-eece-328b-ff7b-118e820865d6,TeamB,2021-02-16,2,4.0,4,70,35.0,280,140.0,160
TeamB-7d41e602-eece-328b-ff7b-118e820865d6,TeamB,2021-02-17,1,6.0,6,90,90.0,540,540.0,540
TeamB-7d41e602-eece-328b-ff7b-118e820865d6,TeamB,2021-02-18,2,5.5,7,130,65.0,790,395.0,630
TeamB-7d41e602-eece-328b-ff7b-118e820865d6,TeamB,2021-02-20,1,6.0,6,90,90.0,540,540.0,540
TeamB-7d41e602-eece-328b-ff7b-118e820865d6,TeamB,2021-02-21,2,5.5,6,130,65.0,720,360.0,420
TeamB-7d41e602-eece-328b-ff7b-118e820865d6,TeamB,2021-02-22,2,6.0,8,130,65.0,800,400.0,560
TeamB-7d41e602-eece-328b-ff7b-118e820865d6,TeamB,2021-02-23,1,3.0,3,40,40.0,120,120.0,120
TeamB-7d41e602-eece-328b-ff7b-118e820865d6,TeamB,2021-02-24,2,6.0,8,150,75.0,1000,500.0,800
TeamB-7d41e602-eece-328b-ff7b-118e820865d6,TeamB,2021-02-25,1,7.0,7,100,100.0,700,700.0,700
TeamB-7d41e602-eece-328b-ff7b-118e820865d6,TeamB,2021-02-26,2,7.0,8,150,75.0,1080,540.0,720
TeamB-7d41e602-eece-328b-ff7b-118e820865d6,TeamB,2021-02-28,1,5.0,5,70,70.0,350,350.0,350
TeamB-7d41e602-eece-328b-ff7b-118e820865d6,TeamB,2021-03-01,2,6.5,8,160,80.0,1100,550.0,800
TeamB-7d41e602-eece-328b-ff7b-118e820865d6,TeamB,2021-03-02,2,6.0,8,150,75.0,1000,500.0,800
TeamB-7d41e602-eece-328b-ff7b-118e820865d6,TeamB,2021-03-03,1,5.0,5,40,40.0,200,200.0,200
TeamB-7d41e602-eece-328b-ff7b-118e820865d6,TeamB,2021-03-04,2,6.5,7,170,85.0,1120,560.0,700
TeamB-7d41e602-eece-328b-ff7b-118e820865d6,TeamB,2021-03-05,2,4.5,6,120,60.0,630,315.0,540
TeamB-7d41e602-eece-328b-ff7b-118e820865d6,TeamB,2021-03-06,2,7.0,8,140,70.0,1040,520.0,800
TeamB-7d41e602-eece-328b-ff7b-118e820865d6,TeamB,2021-03-07,1,4.0,4,50,50.0,200,200.0,200
TeamB-7d41e602-eece-328b-ff7b-118e820865d6,TeamB,2021-03-08,2,7.0,7,160,80.0,1120,560.0,630
TeamB-7d41e602-eece-328b-ff7b-118e820865d6,TeamB,2021-03-09,2,6.0,7,150,75.0,950,475.0,700
TeamB-7d41e602-eece-328b-ff7b-118e820865d6,TeamB,2021-03-10,1,5.0,5,50,50.0,250,250.0,250
TeamB-7d41e602-eece-328b-ff7b-118e820865d6,TeamB,2021-03-11,2,5.5,6,130,65.0,740,370.0,540
TeamB-7d41e602-eece-328b-ff7b-118e820865d6,TeamB,2021-03-12,1,7.0,7,90,90.0,630,630.0,630
TeamB-7d41e602-eece-328b-ff7b-118e820865d6,TeamB,2021-03-13,2,5.5,6,130,65.0,740,370.0,540
TeamB-7d41e602-eece-328b-ff7b-118e820865d6,TeamB,2021-03-14,1,4.0,4,60,60.0,240,240.0,240
TeamB-7d41e602-eece-328b-ff7b-118e820865d6,TeamB,2021-03-15,2,6.5,7,160,80.0,1060,530.0,700
TeamB-7d41e602-eece-328b-ff7b-118e820865d6,TeamB,2021-03-16,2,6.0,7,150,75.0,930,465.0,630
TeamB-7d41e602-eece-328b-ff7b-118e820865d6,TeamB,2021-03-17,1,5.0,5,60,60.0,300,300.0,300
TeamB-7d41e602-eece-328b-ff7b-118e820865d6,TeamB,2021-03-18,2,7.0,8,160,80.0,1160,580.0,800
TeamB-7d41e602-eece-328b-ff7b-118e820865d6,TeamB,2021-03-19,1,5.0,5,60,60.0,300,300.0,300
TeamB-7d41e602-eece-328b-ff7b-118e820865d6,TeamB,2021-03-20,2,6.5,8,150,75.0,1050,525.0,800
TeamB-7d41e602-eece-328b-ff7b-118e820865d6,TeamB,2021-03-21,1,5.0,5,60,60.0,300,300.0,300
TeamB-7d41e602-eece-328b-ff7b-118e820865d6,TeamB,2021-03-22,1,7.0,7,120,120.0,840,840.0,840
TeamB-7d41e602-eece-328b-ff7b-118e820865d6,TeamB,2021-03-23,2,6.0,7,150,75.0,950,475.0,700
TeamB-7d41e602-eece-328b-ff7b-118e820865d6,TeamB,2021-03-24,1,5.0,5,60,60.0,300,300.0,300
TeamB-7d41e602-eece-328b-ff7b-118e820865d6,TeamB,2021-03-25,1,7.0,7,120,120.0,840,840.0,840
TeamB-7d41e602-eece-328b-ff7b-118e820865d6,TeamB,2021-03-26,1,5.0,5,90,90.0,450,450.0,450
TeamB-7d41e602-eece-328b-ff7b-118e820865d6,TeamB,2021-03-27,1,8.0,8,90,90.0,720,720.0,720
TeamB-7d41e602-eece-328b-ff7b-118e820865d6,TeamB,2021-03-28,1,5.0,5,70,70.0,350,350.0,350
TeamB-7d41e602-eece-328b-ff7b-118e820865d6,TeamB,2021-03-29,2,5.5,6,150,75.0,840,420.0,540
TeamB-7d41e602-eece-328b-ff7b-118e820865d6,TeamB,2021-03-30,2,6.0,7,140,70.0,900,450.0,700
TeamB-7d41e602-eece-328b-ff7b-118e820865d6,TeamB,2021-03-31,1,6.0,6,60,60.0,360,360.0,360
TeamB-7d41e602-eece-328b-ff7b-118e820865d6,TeamB,2021-04-01,1,6.0,6,60,60.0,360,360.0,360
TeamB-7d41e602-eece-328b-ff7b-118e820865d6,TeamB,2021-04-02,1,7.0,7,60,60.0,420,420.0,420
TeamB-7d41e602-eece-328b-ff7b-118e820865d6,TeamB,2021-04-03,2,6.5,8,80,40.0,550,275.0,400
TeamB-7d41e602-eece-328b-ff7b-118e820865d6,TeamB,2021-04-04,1,6.0,6,60,60.0,360,360.0,360
TeamB-7d41e602-eece-328b-ff7b-118e820865d6,TeamB,2021-04-05,1,7.0,7,50,50.0,350,350.0,350
TeamB-7d41e602-eece-328b-ff7b-118e820865d6,TeamB,2021-04-06,2,7.0,8,120,60.0,860,430.0,560
TeamB-7d41e602-eece-328b-ff7b-118e820865d6,TeamB,2021-04-07,1,5.0,5,60,60.0,300,300.0,300
TeamB-7d41e602-eece-328b-ff7b-118e820865d6,TeamB,2021-04-08,2,7.0,8,100,50.0,740,370.0,560
TeamB-7d41e602-eece-328b-ff7b-118e820865d6,TeamB,2021-04-09,2,5.0,6,130,65.0,720,360.0,600
TeamB-7d41e602-eece-328b-ff7b-118e820865d6,TeamB,2021-04-10,2,7.0,8,140,70.0,1040,520.0,800
TeamB-7d41e602-eece-328b-ff7b-118e820865d6,TeamB,2021-04-11,1,5.0,5,30,30.0,150,150.0,150
TeamB-7d41e602-eece-328b-ff7b-118e820865d6,TeamB,2021-04-12,2,5.0,6,140,70.0,760,380.0,600
TeamB-7d41e602-eece-328b-ff7b-118e820865d6,TeamB,2021-04-13,1,8.0,8,100,100.0,800,800.0,800
TeamB-7d41e602-eece-328b-ff7b-118e820865d6,TeamB,2021-04-14,1,6.0,6,50,50.0,300,300.0,300
TeamB-7d41e602-eece-328b-ff7b-118e820865d6,TeamB,2021-04-15,1,6.0,6,100,100.0,600,600.0,600
TeamB-7d41e602-eece-328b-ff7b-118e820865d6,TeamB,2021-04-16,1,6.0,6,90,90.0,540,540.0,540
TeamB-7d41e602-eece-328b-ff7b-118e820865d6,TeamB,2021-04-17,1,7.0,7,60,60.0,420,420.0,420
TeamB-7d41e602-eece-328b-ff7b-118e820865d6,TeamB,2021-04-18,1,4.0,4,50,50.0,200,200.0,200
TeamB-7d41e602-eece-328b-ff7b-118e820865d6,TeamB,2021-04-19,1,6.0,6,90,90.0,540,540.0,540
TeamB-7d41e602-eece-328b-ff7b-118e820865d6,TeamB,2021-04-20,1,7.0,7,50,50.0,350,350.0,350
TeamB-7d41e602-eece-328b-ff7b-118e820865d6,TeamB,2021-04-21,1,7.0,7,70,70.0,490,490.0,490
TeamB-7d41e602-eece-328b-ff7b-118e820865d6,TeamB,2021-04-22,1,5.0,5,50,50.0,250,250.0,250
TeamB-7d41e602-eece-328b-ff7b-118e820865d6,TeamB,2021-04-23,1,6.0,6,90,90.0,540,540.0,540
TeamB-7d41e602-eece-328b-ff7b-118e820865d6,TeamB,2021-04-24,1,4.0,4,50,50.0,200,200.0,200
TeamB-7d41e602-eece-328b-ff7b-118e820865d6,TeamB,2021-04-25,2,5.5,6,130,65.0,740,370.0,540
TeamB-7d41e602-eece-328b-ff7b-118e820865d6,TeamB,2021-04-26,2,5.0,5,140,70.0,700,350.0,450
TeamB-7d41e602-eece-328b-ff7b-118e820865d6,TeamB,2021-04-27,1,8.0,8,120,120.0,960,960.0,960
TeamB-7d41e602-eece-328b-ff7b-118e820865d6,TeamB,2021-04-28,2,5.5,6,120,60.0,670,335.0,420
TeamB-7d41e602-eece-328b-ff7b-118e820865d6,TeamB,2021-04-29,1,7.0,7,90,90.0,630,630.0,630
TeamB-7d41e602-eece-328b-ff7b-118e820865d6,TeamB,2021-04-30,1,6.0,6,90,90.0,540,540.0,540
TeamB-7d41e602-eece-328b-ff7b-118e820865d6,TeamB,2021-05-01,1,9.0,9,90,90.0,810,810.0,810
TeamB-7d41e602-eece-328b-ff7b-118e820865d6,TeamB,2021-05-02,1,3.0,3,40,40.0,120,120.0,120
TeamB-7d41e602-eece-328b-ff7b-118e820865d6,TeamB,2021-05-03,1,6.0,6,100,100.0,600,600.0,600
TeamB-7d41e602-eece-328b-ff7b-118e820865d6,TeamB,2021-05-04,1,8.0,8,120,120.0,960,960.0,960
TeamB-7d41e602-eece-328b-ff7b-118e820865d6,TeamB,2021-05-05,1,8.0,8,120,120.0,960,960.0,960
TeamB-7d41e602-eece-328b-ff7b-118e820865d6,TeamB,2021-05-07,1,5.0,5,70,70.0,350,350.0,350
TeamB-7d41e602-eece-328b-ff7b-118e820865d6,TeamB,2021-05-08,1,7.0,7,40,40.0,280,280.0,280
TeamB-7d41e602-eece-328b-ff7b-118e820865d6,TeamB,2021-05-09,1,5.0,5,60,60.0,300,300.0,300
TeamB-7d41e602-eece-328b-ff7b-118e820865d6,TeamB,2021-05-10,1,4.0,4,70,70.0,280,280.0,280
TeamB-7d41e602-eece-328b-ff7b-118e820865d6,TeamB,2021-05-11,1,9.0,9,90,90.0,810,810.0,810
TeamB-7d41e602-eece-328b-ff7b-118e820865d6,TeamB,2021-05-12,1,5.0,5,100,100.0,500,500.0,500
TeamB-7d41e602-eece-328b-ff7b-118e820865d6,TeamB,2021-05-14,1,5.0,5,90,90.0,450,450.0,450
TeamB-7d41e602-eece-328b-ff7b-118e820865d6,TeamB,2021-05-15,2,8.0,8,80,40.0,640,320.0,400
TeamB-7d41e602-eece-328b-ff7b-118e820865d6,TeamB,2021-05-16,1,7.0,7,80,80.0,560,560.0,560
TeamB-7d41e602-eece-328b-ff7b-118e820865d6,TeamB,2021-05-17,1,5.0,5,40,40.0,200,200.0,200
TeamB-7d41e602-eece-328b-ff7b-118e820865d6,TeamB,2021-05-18,1,8.0,8,120,120.0,960,960.0,960
TeamB-7d41e602-eece-328b-ff7b-118e820865d6,TeamB,2021-05-19,1,7.0,7,120,120.0,840,840.0,840
TeamB-7d41e602-eece-328b-ff7b-118e820865d6,TeamB,2021-05-21,1,6.0,6,90,90.0,540,540.0,540
TeamB-7d41e602-eece-328b-ff7b-118e820865d6,TeamB,2021-05-22,1,5.0,5,30,30.0,150,150.0,150
TeamB-7d41e602-eece-328b-ff7b-118e820865d6,TeamB,2021-05-23,1,7.0,7,90,90.0,630,630.0,630
TeamB-7d41e602-eece-328b-ff7b-118e820865d6,TeamB,2021-05-24,1,7.0,7,120,120.0,840,840.0,840
TeamB-7d41e602-eece-328b-ff7b-118e820865d6,TeamB,2021-05-25,1,8.0,8,110,110.0,880,880.0,880
TeamB-7d41e602-eece-328b-ff7b-118e820865d6,TeamB,2021-05-26,1,7.0,7,90,90.0,630,630.0,630
TeamB-7d41e602-eece-328b-ff7b-118e820865d6,TeamB,2021-05-28,1,6.0,6,90,90.0,540,540.0,540
TeamB-7d41e602-eece-328b-ff7b-118e820865d6,TeamB,2021-05-29,1,7.0,7,50,50.0,350,350.0,350
TeamB-7d41e602-eece-328b-ff7b-118e820865d6,TeamB,2021-05-31,2,6.0,6,140,70.0,840,420.0,420
TeamB-7d41e602-eece-328b-ff7b-118e820865d6,TeamB,2021-06-01,1,8.0,8,100,100.0,800,800.0,800
TeamB-7d41e602-eece-328b-ff7b-118e820865d6,TeamB,2021-06-02,2,7.5,9,150,75.0,1230,615.0,990
TeamB-7d41e602-eece-328b-ff7b-118e820865d6,TeamB,2021-06-04,1,5.0,5,90,90.0,450,450.0,450
TeamB-7d41e602-eece-328b-ff7b-118e820865d6,TeamB,2021-06-05,1,8.0,8,60,60.0,480,480.0,480
TeamB-7d41e602-eece-328b-ff7b-118e820865d6,TeamB,2021-06-07,2,6.0,6,160,80.0,960,480.0,540
TeamB-7d41e602-eece-328b-ff7b-118e820865d6,TeamB,2021-06-08,1,7.0,7,80,80.0,560,560.0,560
TeamB-7d41e602-eece-328b-ff7b-118e820865d6,TeamB,2021-06-09,1,7.0,7,90,90.0,630,630.0,630
TeamB-7d41e602-eece-328b-ff7b-118e820865d6,TeamB,2021-06-10,2,8.0,8,140,70.0,1120,560.0,720
TeamB-7d41e602-eece-328b-ff7b-118e820865d6,TeamB,2021-06-11,1,5.0,5,50,50.0,250,250.0,250
TeamB-7d41e602-eece-328b-ff7b-118e820865d6,TeamB,2021-06-12,1,7.0,7,90,90.0,630,630.0,630
TeamB-7d41e602-eece-328b-ff7b-118e820865d6,TeamB,2021-06-13,1,5.0,5,60,60.0,300,300.0,300
TeamB-7d41e602-eece-328b-ff7b-118e820865d6,TeamB,2021-06-14,2,5.5,6,150,75.0,830,415.0,480
TeamB-7d41e602-eece-328b-ff7b-118e820865d6,TeamB,2021-06-15,1,8.0,8,90,90.0,720,720.0,720
TeamB-7d41e602-eece-328b-ff7b-118e820865d6,TeamB,2021-06-16,1,5.0,5,50,50.0,250,250.0,250
TeamB-7d41e602-eece-328b-ff7b-118e820865d6,TeamB,2021-06-17,1,7.0,7,90,90.0,630,630.0,630
TeamB-7d41e602-eece-328b-ff7b-118e820865d6,TeamB,2021-06-18,2,6.5,8,160,80.0,1100,550.0,800
TeamB-7d41e602-eece-328b-ff7b-118e820865d6,TeamB,2021-06-20,1,8.0,8,100,100.0,800,800.0,800
TeamB-7d41e602-eece-328b-ff7b-118e820865d6,TeamB,2021-06-21,1,5.0,5,60,60.0,300,300.0,300
TeamB-7d41e602-eece-328b-ff7b-118e820865d6,TeamB,2021-06-22,1,7.0,7,20,20.0,140,140.0,140
TeamB-7d41e602-eece-328b-ff7b-118e820865d6,TeamB,2021-06-23,1,7.0,7,80,80.0,560,560.0,560
TeamB-7d41e602-eece-328b-ff7b-118e820865d6,TeamB,2021-06-24,1,5.0,5,30,30.0,150,150.0,150
TeamB-7d41e602-eece-328b-ff7b-118e820865d6,TeamB,2021-06-25,1,6.0,6,90,90.0,540,540.0,540
TeamB-7d41e602-eece-328b-ff7b-118e820865d6,TeamB,2021-06-26,1,7.0,7,50,50.0,350,350.0,350
TeamB-7d41e602-eece-328b-ff7b-118e820865d6,TeamB,2021-06-27,1,3.0,3,60,60.0,180,180.0,180
TeamB-7d41e602-eece-328b-ff7b-118e820865d6,TeamB,2021-06-29,1,6.0,6,80,80.0,480,480.0,480
TeamB-7d41e602-eece-328b-ff7b-118e820865d6,TeamB,2021-06-30,1,9.0,9,80,80.0,720,720.0,720
TeamB-7d41e602-eece-328b-ff7b-118e820865d6,TeamB,2021-07-01,1,3.0,3,60,60.0,180,180.0,180
TeamB-7d41e602-eece-328b-ff7b-118e820865d6,TeamB,2021-07-02,1,5.0,5,50,50.0,250,250.0,250
TeamB-7d41e602-eece-328b-ff7b-118e820865d6,TeamB,2021-07-03,1,5.0,5,80,80.0,400,400.0,400
TeamB-7d41e602-eece-328b-ff7b-118e820865d6,TeamB,2021-07-04,1,8.0,8,30,30.0,240,240.0,240
TeamB-7d41e602-eece-328b-ff7b-118e820865d6,TeamB,2021-07-05,1,8.0,8,90,90.0,720,720.0,720
TeamB-7d41e602-eece-328b-ff7b-118e820865d6,TeamB,2021-07-06,2,6.0,7,160,80.0,960,480.0,560
TeamB-7d41e602-eece-328b-ff7b-118e820865d6,TeamB,2021-07-07,1,7.0,7,80,80.0,560,560.0,560
TeamB-7d41e602-eece-328b-ff7b-118e820865d6,TeamB,2021-07-09,1,3.0,3,80,80.0,240,240.0,240
TeamB-7d41e602-eece-328b-ff7b-118e820865d6,TeamB,2021-07-10,1,7.0,7,20,20.0,140,140.0,140
TeamB-7d41e602-eece-328b-ff7b-118e820865d6,TeamB,2021-07-11,1,7.0,7,90,90.0,630,630.0,630
TeamB-7d41e602-eece-328b-ff7b-118e820865d6,TeamB,2021-07-12,1,5.0,5,60,60.0,300,300.0,300
TeamB-7d41e602-eece-328b-ff7b-118e820865d6,TeamB,2021-07-13,1,6.0,6,70,70.0,420,420.0,420
TeamB-7d41e602-eece-328b-ff7b-118e820865d6,TeamB,2021-07-14,1,8.0,8,70,70.0,560,560.0,560
TeamB-7d41e602-eece-328b-ff7b-118e820865d6,TeamB,2021-07-16,1,5.0,5,70,70.0,350,350.0,350
TeamB-7d41e602-eece-328b-ff7b-118e820865d6,TeamB,2021-07-17,1,7.0,7,90,90.0,630,630.0,630
TeamB-7d41e602-eece-328b-ff7b-118e820865d6,TeamB,2021-07-18,2,5.0,6,150,75.0,780,390.0,540
TeamB-7d41e602-eece-328b-ff7b-118e820865d6,TeamB,2021-07-20,1,7.0,7,80,80.0,560,560.0,560
TeamB-7d41e602-eece-328b-ff7b-118e820865d6,TeamB,2021-07-21,1,5.0,5,80,80.0,400,400.0,400
TeamB-7d41e602-eece-328b-ff7b-118e820865d6,TeamB,2021-07-22,1,4.0,4,70,70.0,280,280.0,280
TeamB-7d41e602-eece-328b-ff7b-118e820865d6,TeamB,2021-07-23,1,7.0,7,90,90.0,630,630.0,630
TeamB-7d41e602-eece-328b-ff7b-118e820865d6,TeamB,2021-07-24,1,6.0,6,50,50.0,300,300.0,300
TeamB-7d41e602-eece-328b-ff7b-118e820865d6,TeamB,2021-07-25,1,3.0,3,50,50.0,150,150.0,150
TeamB-7d41e602-eece-328b-ff7b-118e820865d6,TeamB,2021-07-26,2,6.5,8,130,65.0,920,460.0,720
TeamB-7d41e602-eece-328b-ff7b-118e820865d6,TeamB,2021-07-27,1,6.0,6,80,80.0,480,480.0,480
TeamB-7d41e602-eece-328b-ff7b-118e820865d6,TeamB,2021-07-28,1,3.0,3,60,60.0,180,180.0,180
TeamB-7d41e602-eece-328b-ff7b-118e820865d6,TeamB,2021-07-29,1,8.0,8,90,90.0,720,720.0,720
TeamB-7d41e602-eece-328b-ff7b-118e820865d6,TeamB,2021-07-31,1,7.0,7,100,100.0,700,700.0,700
TeamB-7d41e602-eece-328b-ff7b-118e820865d6,TeamB,2021-08-01,1,5.0,5,80,80.0,400,400.0,400
TeamB-7d41e602-eece-328b-ff7b-118e820865d6,TeamB,2021-08-02,1,7.0,7,50,50.0,350,350.0,350
TeamB-7d41e602-eece-328b-ff7b-118e820865d6,TeamB,2021-08-03,1,6.0,6,80,80.0,480,480.0,480
TeamB-7d41e602-eece-328b-ff7b-118e820865d6,TeamB,2021-08-04,1,5.0,5,60,60.0,300,300.0,300
TeamB-7d41e602-eece-328b-ff7b-118e820865d6,TeamB,2021-08-05,1,7.0,7,100,100.0,700,700.0,700
TeamB-7d41e602-eece-328b-ff7b-118e820865d6,TeamB,2021-08-06,1,5.0,5,80,80.0,400,400.0,400
TeamB-7d41e602-eece-328b-ff7b-118e820865d6,TeamB,2021-08-07,1,7.0,7,30,30.0,210,210.0,210
TeamB-7d41e602-eece-328b-ff7b-118e820865d6,TeamB,2021-08-08,1,7.0,7,110,110.0,770,770.0,770
TeamB-7d41e602-eece-328b-ff7b-118e820865d6,TeamB,2021-08-10,1,7.0,7,90,90.0,630,630.0,630
TeamB-7d41e602-eece-328b-ff7b-118e820865d6,TeamB,2021-08-11,1,8.0,8,90,90.0,720,720.0,720
TeamB-7d41e602-eece-328b-ff7b-118e820865d6,TeamB,2021-08-13,1,7.0,7,80,80.0,560,560.0,560
TeamB-7d41e602-eece-328b-ff7b-118e820865d6,TeamB,2021-08-14,2,6.0,7,140,70.0,860,430.0,560
TeamB-7d41e602-eece-328b-ff7b-118e820865d6,TeamB,2021-08-15,1,8.0,8,80,80.0,640,640.0,640
TeamB-7d41e602-eece-328b-ff7b-118e820865d6,TeamB,2021-08-17,1,3.0,3,40,40.0,120,120.0,120
TeamB-7d41e602-eece-328b-ff7b-118e820865d6,TeamB,2021-08-18,3,5.666666666666667,7,140,46.666666666666664,820,273.3333333333333,420
TeamB-7d41e602-eece-328b-ff7b-118e820865d6,TeamB,2021-08-19,1,6.0,6,60,60.0,360,360.0,360
TeamB-7d41e602-eece-328b-ff7b-118e820865d6,TeamB,2021-08-20,1,8.0,8,80,80.0,640,640.0,640
TeamB-7d41e602-eece-328b-ff7b-118e820865d6,TeamB,2021-08-21,1,8.0,8,90,90.0,720,720.0,720
TeamB-7d41e602-eece-328b-ff7b-118e820865d6,TeamB,2021-08-22,1,4.0,4,60,60.0,240,240.0,240
TeamB-7d41e602-eece-328b-ff7b-118e820865d6,TeamB,2021-08-23,1,8.0,8,110,110.0,880,880.0,880
TeamB-7d41e602-eece-328b-ff7b-118e820865d6,TeamB,2021-08-24,1,8.0,8,100,100.0,800,800.0,800
TeamB-7d41e602-eece-328b-ff7b-118e820865d6,TeamB,2021-08-26,1,8.0,8,120,120.0,960,960.0,960
TeamB-7d41e602-eece-328b-ff7b-118e820865d6,TeamB,2021-08-27,1,7.0,7,70,70.0,490,490.0,490
TeamB-7d41e602-eece-328b-ff7b-118e820865d6,TeamB,2021-08-28,1,6.0,6,60,60.0,360,360.0,360
TeamB-7d41e602-eece-328b-ff7b-118e820865d6,TeamB,2021-08-30,1,8.0,8,120,120.0,960,960.0,960
TeamB-7d41e602-eece-328b-ff7b-118e820865d6,TeamB,2021-08-31,1,7.0,7,70,70.0,490,490.0,490
TeamB-7d41e602-eece-328b-ff7b-118e820865d6,TeamB,2021-09-01,1,6.0,6,80,80.0,480,480.0,480
TeamB-7d41e602-eece-328b-ff7b-118e820865d6,TeamB,2021-09-02,2,7.5,8,220,110.0,1650,825.0,880
TeamB-7d41e602-eece-328b-ff7b-118e820865d6,TeamB,2021-09-03,1,7.0,7,60,60.0,420,420.0,420
TeamB-7d41e602-eece-328b-ff7b-118e820865d6,TeamB,2021-09-04,1,5.0,5,60,60.0,300,300.0,300
TeamB-7d41e602-eece-328b-ff7b-118e820865d6,TeamB,2021-09-06,2,6.5,8,140,70.0,910,455.0,560
TeamB-7d41e602-eece-328b-ff7b-118e820865d6,TeamB,2021-09-07,2,6.0,7,120,60.0,720,360.0,420
TeamB-7d41e602-eece-328b-ff7b-118e820865d6,TeamB,2021-09-08,1,7.0,7,100,100.0,700,700.0,700
TeamB-7d41e602-eece-328b-ff7b-118e820865d6,TeamB,2021-09-09,1,5.0,5,60,60.0,300,300.0,300
TeamB-7d41e602-eece-328b-ff7b-118e820865d6,TeamB,2021-09-10,1,7.0,7,80,80.0,560,560.0,560
TeamB-7d41e602-eece-328b-ff7b-118e820865d6,TeamB,2021-09-11,1,8.0,8,110,110.0,880,880.0,880
TeamB-7d41e602-eece-328b-ff7b-118e820865d6,TeamB,2021-09-13,1,7.0,7,90,90.0,630,630.0,630
TeamB-7d41e602-eece-328b-ff7b-118e820865d6,TeamB,2021-09-14,3,6.333333333333333,7,210,70.0,1350,450.0,630
TeamB-7d41e602-eece-328b-ff7b-118e820865d6,TeamB,2021-09-15,1,5.0,5,60,60.0,300,300.0,300
TeamB-7d41e602-eece-328b-ff7b-118e820865d6,TeamB,2021-09-16,1,7.0,7,90,90.0,630,630.0,630
TeamB-7d41e602-eece-328b-ff7b-118e820865d6,TeamB,2021-09-17,2,5.0,5,110,55.0,550,275.0,300
TeamB-7d41e602-eece-328b-ff7b-118e820865d6,TeamB,2021-09-19,1,7.0,7,100,100.0,700,700.0,700
TeamB-7d41e602-eece-328b-ff7b-118e820865d6,TeamB,2021-09-20,1,7.0,7,70,70.0,490,490.0,490
TeamB-7d41e602-eece-328b-ff7b-118e820865d6,TeamB,2021-09-21,1,6.0,6,80,80.0,480,480.0,480
TeamB-7d41e602-eece-328b-ff7b-118e820865d6,TeamB,2021-09-22,2,5.5,6,170,85.0,950,475.0,600
TeamB-7d41e602-eece-328b-ff7b-118e820865d6,TeamB,2021-09-23,1,5.0,5,30,30.0,150,150.0,150
TeamB-7d41e602-eece-328b-ff7b-118e820865d6,TeamB,2021-09-24,1,7.0,7,100,100.0,700,700.0,700
TeamB-7d41e602-eece-328b-ff7b-118e820865d6,TeamB,2021-09-25,1,6.0,6,60,60.0,360,360.0,360
TeamB-7d41e602-eece-328b-ff7b-118e820865d6,TeamB,2021-09-26,3,5.333333333333333,8,140,46.666666666666664,790,263.3333333333333,400
TeamB-7d41e602-eece-328b-ff7b-118e820865d6,TeamB,2021-09-27,1,3.0,3,40,40.0,120,120.0,120
TeamB-7d41e602-eece-328b-ff7b-118e820865d6,TeamB,2021-09-28,1,5.0,5,60,60.0,300,300.0,300
TeamB-7d41e602-eece-328b-ff7b-118e820865d6,TeamB,2021-09-29,2,5.5,6,150,75.0,840,420.0,540
TeamB-7d41e602-eece-328b-ff7b-118e820865d6,TeamB,2021-10-01,1,5.0,5,70,70.0,350,350.0,350
TeamB-7d41e602-eece-328b-ff7b-118e820865d6,TeamB,2021-10-02,1,7.0,7,50,50.0,350,350.0,350
TeamB-7d41e602-eece-328b-ff7b-118e820865d6,TeamB,2021-10-03,1,7.0,7,90,90.0,630,630.0,630
TeamB-7d41e602-eece-328b-ff7b-118e820865d6,TeamB,2021-10-04,1,4.0,4,50,50.0,200,200.0,200
TeamB-7d41e602-eece-328b-ff7b-118e820865d6,TeamB,2021-10-05,2,6.0,6,140,70.0,840,420.0,420
TeamB-7d41e602-eece-328b-ff7b-118e820865d6,TeamB,2021-10-06,1,7.0,7,70,70.0,490,490.0,490
TeamB-7d41e602-eece-328b-ff7b-118e820865d6,TeamB,2021-10-07,1,4.0,4,40,40.0,160,160.0,160
TeamB-7d41e602-eece-328b-ff7b-118e820865d6,TeamB,2021-10-08,1,5.0,5,90,90.0,450,450.0,450
TeamB-7d41e602-eece-328b-ff7b-118e820865d6,TeamB,2021-10-09,1,7.0,7,50,50.0,350,350.0,350
TeamB-7d41e602-eece-328b-ff7b-118e820865d6,TeamB,2021-10-10,2,5.5,6,130,65.0,730,365.0,480
TeamB-7d41e602-eece-328b-ff7b-118e820865d6,TeamB,2021-10-12,2,6.0,7,150,75.0,930,465.0,630
TeamB-7d41e602-eece-328b-ff7b-118e820865d6,TeamB,2021-10-13,1,8.0,8,110,110.0,880,880.0,880
TeamB-7d41e602-eece-328b-ff7b-118e820865d6,TeamB,2021-10-15,1,4.0,4,60,60.0,240,240.0,240
TeamB-7d41e602-eece-328b-ff7b-118e820865d6,TeamB,2021-10-16,1,6.0,6,60,60.0,360,360.0,360
TeamB-7d41e602-eece-328b-ff7b-118e820865d6,TeamB,2021-10-18,1,7.0,7,100,100.0,700,700.0,700
TeamB-7d41e602-eece-328b-ff7b-118e820865d6,TeamB,2021-10-19,1,7.0,7,70,70.0,490,490.0,490
TeamB-7d41e602-eece-328b-ff7b-118e820865d6,TeamB,2021-10-20,1,7.0,7,70,70.0,490,490.0,490
TeamB-7d41e602-eece-328b-ff7b-118e820865d6,TeamB,2021-10-21,1,6.0,6,90,90.0,540,540.0,540
TeamB-7d41e602-eece-328b-ff7b-118e820865d6,TeamB,2021-10-22,1,8.0,8,90,90.0,720,720.0,720
TeamB-7d41e602-eece-328b-ff7b-118e820865d6,TeamB,2021-10-23,1,6.0,6,90,90.0,540,540.0,540
TeamB-7d41e602-eece-328b-ff7b-118e820865d6,TeamB,2021-10-26,1,6.0,6,90,90.0,540,540.0,540
TeamB-7d41e602-eece-328b-ff7b-118e820865d6,TeamB,2021-10-27,1,5.0,5,60,60.0,300,300.0,300
TeamB-7d41e602-eece-328b-ff7b-118e820865d6,TeamB,2021-10-29,1,5.0,5,40,40.0,200,200.0,200
TeamB-7d41e602-eece-328b-ff7b-118e820865d6,TeamB,2021-10-30,1,6.0,6,80,80.0,480,480.0,480
TeamB-7d41e602-eece-328b-ff7b-118e820865d6,TeamB,2021-11-02,1,7.0,7,70,70.0,490,490.0,490
TeamB-7d41e602-eece-328b-ff7b-118e820865d6,TeamB,2021-11-03,2,5.5,6,140,70.0,780,390.0,480
TeamB-7d41e602-eece-328b-ff7b-118e820865d6,TeamB,2021-11-04,2,6.0,7,150,75.0,930,465.0,630
TeamB-7d41e602-eece-328b-ff7b-118e820865d6,TeamB,2021-11-06,1,6.0,6,70,70.0,420,420.0,420
TeamB-7d41e602-eece-328b-ff7b-118e820865d6,TeamB,2021-11-08,1,6.0,6,70,70.0,420,420.0,420
TeamB-7d41e602-eece-328b-ff7b-118e820865d6,TeamB,2021-11-09,1,5.0,5,60,60.0,300,300.0,300
TeamB-7d41e602-eece-328b-ff7b-118e820865d6,TeamB,2021-11-10,2,5.5,7,110,55.0,680,340.0,560
TeamB-7d41e602-eece-328b-ff7b-118e820865d6,TeamB,2021-11-12,1,6.0,6,70,70.0,420,420.0,420
TeamB-7d41e602-eece-328b-ff7b-118e820865d6,TeamB,2021-11-15,1,5.0,5,60,60.0,300,300.0,300
TeamB-9c845827-99f9-47f4-977d-2200a107a013,TeamB,2020-10-01,1,9.0,9,110,110.0,990,990.0,990
TeamB-9c845827-99f9-47f4-977d-2200a107a013,TeamB,2021-01-24,1,2.0,2,90,90.0,180,180.0,180
TeamB-9c845827-99f9-47f4-977d-2200a107a013,TeamB,2021-01-27,1,6.0,6,70,70.0,420,420.0,420
TeamB-9c845827-99f9-47f4-977d-2200a107a013,TeamB,2021-02-02,1,8.0,8,100,100.0,800,800.0,800
TeamB-9c845827-99f9-47f4-977d-2200a107a013,TeamB,2021-03-05,1,4.0,4,50,50.0,200,200.0,200
TeamB-9c845827-99f9-47f4-977d-2200a107a013,TeamB,2021-03-06,1,8.0,8,90,90.0,720,720.0,720
TeamB-9c845827-99f9-47f4-977d-2200a107a013,TeamB,2021-03-09,1,7.0,7,90,90.0,630,630.0,630
TeamB-9c845827-99f9-47f4-977d-2200a107a013,TeamB,2021-03-11,1,7.0,7,90,90.0,630,630.0,630
TeamB-a7126274-c2d2-4f4e-9b67-35d376aefacc,TeamB,2020-01-23,1,5.0,5,100,100.0,500,500.0,500
TeamB-a7126274-c2d2-4f4e-9b67-35d376aefacc,TeamB,2020-02-03,1,8.0,8,90,90.0,720,720.0,720
TeamB-a7126274-c2d2-4f4e-9b67-35d376aefacc,TeamB,2020-02-13,1,5.0,5,90,90.0,450,450.0,450
TeamB-a7126274-c2d2-4f4e-9b67-35d376aefacc,TeamB,2020-02-23,1,6.0,6,90,90.0,540,540.0,540
TeamB-a7126274-c2d2-4f4e-9b67-35d376aefacc,TeamB,2020-02-24,1,9.0,9,90,90.0,810,810.0,810
TeamB-a7126274-c2d2-4f4e-9b67-35d376aefacc,TeamB,2020-02-25,1,3.0,3,90,90.0,270,270.0,270
TeamB-a7126274-c2d2-4f4e-9b67-35d376aefacc,TeamB,2020-02-26,1,6.0,6,90,90.0,540,540.0,540
TeamB-a7126274-c2d2-4f4e-9b67-35d376aefacc,TeamB,2020-02-28,1,8.0,8,90,90.0,720,720.0,720
TeamB-a7126274-c2d2-4f4e-9b67-35d376aefacc,TeamB,2020-03-01,1,5.0,5,60,60.0,300,300.0,300
TeamB-a7126274-c2d2-4f4e-9b67-35d376aefacc,TeamB,2020-03-02,1,6.0,6,70,70.0,420,420.0,420
TeamB-a7126274-c2d2-4f4e-9b67-35d376aefacc,TeamB,2020-03-03,1,5.0,5,60,60.0,300,300.0,300
TeamB-a7126274-c2d2-4f4e-9b67-35d376aefacc,TeamB,2020-03-05,1,7.0,7,90,90.0,630,630.0,630
TeamB-a7126274-c2d2-4f4e-9b67-35d376aefacc,TeamB,2020-03-06,1,7.0,7,90,90.0,630,630.0,630
TeamB-a7126274-c2d2-4f4e-9b67-35d376aefacc,TeamB,2020-03-07,1,6.0,6,90,90.0,540,540.0,540
TeamB-a7126274-c2d2-4f4e-9b67-35d376aefacc,TeamB,2020-03-16,1,8.0,8,60,60.0,480,480.0,480
TeamB-a7126274-c2d2-4f4e-9b67-35d376aefacc,TeamB,2020-03-18,1,8.0,8,60,60.0,480,480.0,480
TeamB-a7126274-c2d2-4f4e-9b67-35d376aefacc,TeamB,2020-03-21,1,8.0,8,60,60.0,480,480.0,480
TeamB-a7126274-c2d2-4f4e-9b67-35d376aefacc,TeamB,2020-03-23,1,5.0,5,30,30.0,150,150.0,150
TeamB-a7126274-c2d2-4f4e-9b67-35d376aefacc,TeamB,2020-03-24,1,8.0,8,30,30.0,240,240.0,240
TeamB-a7126274-c2d2-4f4e-9b67-35d376aefacc,TeamB,2020-03-25,1,4.0,4,60,60.0,240,240.0,240
TeamB-a7126274-c2d2-4f4e-9b67-35d376aefacc,TeamB,2020-03-26,1,4.0,4,40,40.0,160,160.0,160
TeamB-a7126274-c2d2-4f4e-9b67-35d376aefacc,TeamB,2020-03-28,1,6.0,6,70,70.0,420,420.0,420
TeamB-a7126274-c2d2-4f4e-9b67-35d376aefacc,TeamB,2020-03-30,1,7.0,7,60,60.0,420,420.0,420
TeamB-a7126274-c2d2-4f4e-9b67-35d376aefacc,TeamB,2020-03-31,1,6.0,6,60,60.0,360,360.0,360
TeamB-a7126274-c2d2-4f4e-9b67-35d376aefacc,TeamB,2020-04-01,1,7.0,7,40,40.0,280,280.0,280
TeamB-a7126274-c2d2-4f4e-9b67-35d376aefacc,TeamB,2020-04-02,1,5.0,5,70,70.0,350,350.0,350
TeamB-a7126274-c2d2-4f4e-9b67-35d376aefacc,TeamB,2020-04-04,1,6.0,6,90,90.0,540,540.0,540
TeamB-a7126274-c2d2-4f4e-9b67-35d376aefacc,TeamB,2020-04-10,1,6.0,6,70,70.0,420,420.0,420
TeamB-a7126274-c2d2-4f4e-9b67-35d376aefacc,TeamB,2020-04-14,1,6.0,6,40,40.0,240,240.0,240
TeamB-a7126274-c2d2-4f4e-9b67-35d376aefacc,TeamB,2020-04-15,1,6.0,6,60,60.0,360,360.0,360
TeamB-a7126274-c2d2-4f4e-9b67-35d376aefacc,TeamB,2020-04-16,1,0.0,0,60,60.0,0,0.0,0
TeamB-a7126274-c2d2-4f4e-9b67-35d376aefacc,TeamB,2020-04-17,1,5.0,5,50,50.0,250,250.0,250
TeamB-a7126274-c2d2-4f4e-9b67-35d376aefacc,TeamB,2020-04-18,1,7.0,7,60,60.0,420,420.0,420
TeamB-a7126274-c2d2-4f4e-9b67-35d376aefacc,TeamB,2020-04-20,1,6.0,6,120,120.0,720,720.0,720
TeamB-a7126274-c2d2-4f4e-9b67-35d376aefacc,TeamB,2020-04-24,1,7.0,7,60,60.0,420,420.0,420
TeamB-a7126274-c2d2-4f4e-9b67-35d376aefacc,TeamB,2020-04-25,1,6.0,6,40,40.0,240,240.0,240
TeamB-a7126274-c2d2-4f4e-9b67-35d376aefacc,TeamB,2020-04-26,1,6.0,6,60,60.0,360,360.0,360
TeamB-a7126274-c2d2-4f4e-9b67-35d376aefacc,TeamB,2020-04-30,1,5.0,5,40,40.0,200,200.0,200
TeamB-a7126274-c2d2-4f4e-9b67-35d376aefacc,TeamB,2020-05-01,1,3.0,3,40,40.0,120,120.0,120
TeamB-a7126274-c2d2-4f4e-9b67-35d376aefacc,TeamB,2020-05-02,1,10.0,10,70,70.0,700,700.0,700
TeamB-a7126274-c2d2-4f4e-9b67-35d376aefacc,TeamB,2020-05-07,1,10.0,10,70,70.0,700,700.0,700
TeamB-a7126274-c2d2-4f4e-9b67-35d376aefacc,TeamB,2020-05-09,1,6.0,6,80,80.0,480,480.0,480
TeamB-a7126274-c2d2-4f4e-9b67-35d376aefacc,TeamB,2020-05-11,1,3.0,3,40,40.0,120,120.0,120
TeamB-a7126274-c2d2-4f4e-9b67-35d376aefacc,TeamB,2020-05-12,1,6.0,6,70,70.0,420,420.0,420
TeamB-a7126274-c2d2-4f4e-9b67-35d376aefacc,TeamB,2020-05-14,1,10.0,10,70,70.0,700,700.0,700
TeamB-a7126274-c2d2-4f4e-9b67-35d376aefacc,TeamB,2020-05-18,1,6.0,6,100,100.0,600,600.0,600
TeamB-a7126274-c2d2-4f4e-9b67-35d376aefacc,TeamB,2020-05-19,1,7.0,7,110,110.0,770,770.0,770
TeamB-a7126274-c2d2-4f4e-9b67-35d376aefacc,TeamB,2020-05-21,1,7.0,7,90,90.0,630,630.0,630
TeamB-a7126274-c2d2-4f4e-9b67-35d376aefacc,TeamB,2020-05-22,1,6.0,6,70,70.0,420,420.0,420
TeamB-a7126274-c2d2-4f4e-9b67-35d376aefacc,TeamB,2020-05-23,1,7.0,7,50,50.0,350,350.0,350
TeamB-a7126274-c2d2-4f4e-9b67-35d376aefacc,TeamB,2020-05-25,1,8.0,8,80,80.0,640,640.0,640
TeamB-a7126274-c2d2-4f4e-9b67-35d376aefacc,TeamB,2020-05-26,1,9.0,9,100,100.0,900,900.0,900
TeamB-a7126274-c2d2-4f4e-9b67-35d376aefacc,TeamB,2020-05-28,1,8.0,8,90,90.0,720,720.0,720
TeamB-a7126274-c2d2-4f4e-9b67-35d376aefacc,TeamB,2020-05-29,1,6.0,6,90,90.0,540,540.0,540
TeamB-a7126274-c2d2-4f4e-9b67-35d376aefacc,TeamB,2020-05-30,1,5.0,5,50,50.0,250,250.0,250
TeamB-a7126274-c2d2-4f4e-9b67-35d376aefacc,TeamB,2020-06-01,1,7.0,7,100,100.0,700,700.0,700
TeamB-a7126274-c2d2-4f4e-9b67-35d376aefacc,TeamB,2020-06-02,1,9.0,9,80,80.0,720,720.0,720
TeamB-a7126274-c2d2-4f4e-9b67-35d376aefacc,TeamB,2020-06-04,1,8.0,8,80,80.0,640,640.0,640
TeamB-a7126274-c2d2-4f4e-9b67-35d376aefacc,TeamB,2020-06-05,1,10.0,10,90,90.0,900,900.0,900
TeamB-a7126274-c2d2-4f4e-9b67-35d376aefacc,TeamB,2020-06-06,1,6.0,6,60,60.0,360,360.0,360
TeamB-a7126274-c2d2-4f4e-9b67-35d376aefacc,TeamB,2020-06-08,1,9.0,9,80,80.0,720,720.0,720
TeamB-a7126274-c2d2-4f4e-9b67-35d376aefacc,TeamB,2020-06-09,1,1.0,1,30,30.0,30,30.0,30
TeamB-a7126274-c2d2-4f4e-9b67-35d376aefacc,TeamB,2020-06-10,1,3.0,3,30,30.0,90,90.0,90
TeamB-a7126274-c2d2-4f4e-9b67-35d376aefacc,TeamB,2020-06-11,1,5.0,5,60,60.0,300,300.0,300
TeamB-a7126274-c2d2-4f4e-9b67-35d376aefacc,TeamB,2020-06-15,1,4.0,4,40,40.0,160,160.0,160
TeamB-a7126274-c2d2-4f4e-9b67-35d376aefacc,TeamB,2020-06-16,1,6.0,6,90,90.0,540,540.0,540
TeamB-a7126274-c2d2-4f4e-9b67-35d376aefacc,TeamB,2020-06-17,1,7.0,7,100,100.0,700,700.0,700
TeamB-a7126274-c2d2-4f4e-9b67-35d376aefacc,TeamB,2020-06-18,1,7.0,7,90,90.0,630,630.0,630
TeamB-a7126274-c2d2-4f4e-9b67-35d376aefacc,TeamB,2020-06-22,1,6.0,6,90,90.0,540,540.0,540
TeamB-a7126274-c2d2-4f4e-9b67-35d376aefacc,TeamB,2020-06-23,1,7.0,7,50,50.0,350,350.0,350
TeamB-a7126274-c2d2-4f4e-9b67-35d376aefacc,TeamB,2020-06-25,1,5.0,5,70,70.0,350,350.0,350
TeamB-a7126274-c2d2-4f4e-9b67-35d376aefacc,TeamB,2020-06-26,1,6.0,6,70,70.0,420,420.0,420
TeamB-a7126274-c2d2-4f4e-9b67-35d376aefacc,TeamB,2020-06-27,1,10.0,10,70,70.0,700,700.0,700
TeamB-a7126274-c2d2-4f4e-9b67-35d376aefacc,TeamB,2020-06-29,1,4.0,4,40,40.0,160,160.0,160
TeamB-a7126274-c2d2-4f4e-9b67-35d376aefacc,TeamB,2020-06-30,1,8.0,8,90,90.0,720,720.0,720
TeamB-a7126274-c2d2-4f4e-9b67-35d376aefacc,TeamB,2020-07-02,1,4.0,4,60,60.0,240,240.0,240
TeamB-a7126274-c2d2-4f4e-9b67-35d376aefacc,TeamB,2020-07-04,1,10.0,10,80,80.0,800,800.0,800
TeamB-a7126274-c2d2-4f4e-9b67-35d376aefacc,TeamB,2020-07-06,1,6.0,6,60,60.0,360,360.0,360
TeamB-a7126274-c2d2-4f4e-9b67-35d376aefacc,TeamB,2020-07-08,1,4.0,4,40,40.0,160,160.0,160
TeamB-a7126274-c2d2-4f4e-9b67-35d376aefacc,TeamB,2020-07-09,1,5.0,5,30,30.0,150,150.0,150
TeamB-a7126274-c2d2-4f4e-9b67-35d376aefacc,TeamB,2020-07-11,2,4.5,5,100,50.0,460,230.0,300
TeamB-a7126274-c2d2-4f4e-9b67-35d376aefacc,TeamB,2020-07-12,1,4.0,4,50,50.0,200,200.0,200
TeamB-a7126274-c2d2-4f4e-9b67-35d376aefacc,TeamB,2020-07-13,1,7.0,7,60,60.0,420,420.0,420
TeamB-a7126274-c2d2-4f4e-9b67-35d376aefacc,TeamB,2020-07-14,1,7.0,7,90,90.0,630,630.0,630
TeamB-a7126274-c2d2-4f4e-9b67-35d376aefacc,TeamB,2020-07-15,1,6.0,6,70,70.0,420,420.0,420
TeamB-a7126274-c2d2-4f4e-9b67-35d376aefacc,TeamB,2020-07-16,1,6.0,6,70,70.0,420,420.0,420
TeamB-a7126274-c2d2-4f4e-9b67-35d376aefacc,TeamB,2020-07-17,1,7.0,7,90,90.0,630,630.0,630
TeamB-a7126274-c2d2-4f4e-9b67-35d376aefacc,TeamB,2020-07-18,1,9.0,9,30,30.0,270,270.0,270
TeamB-a7126274-c2d2-4f4e-9b67-35d376aefacc,TeamB,2020-07-21,1,6.0,6,60,60.0,360,360.0,360
TeamB-a7126274-c2d2-4f4e-9b67-35d376aefacc,TeamB,2020-07-22,1,5.0,5,80,80.0,400,400.0,400
TeamB-a7126274-c2d2-4f4e-9b67-35d376aefacc,TeamB,2020-07-29,1,6.0,6,70,70.0,420,420.0,420
TeamB-a7126274-c2d2-4f4e-9b67-35d376aefacc,TeamB,2020-07-31,1,6.0,6,50,50.0,300,300.0,300
TeamB-a7126274-c2d2-4f4e-9b67-35d376aefacc,TeamB,2020-08-02,1,5.0,5,90,90.0,450,450.0,450
TeamB-a7126274-c2d2-4f4e-9b67-35d376aefacc,TeamB,2020-08-09,1,6.0,6,70,70.0,420,420.0,420
TeamB-a7126274-c2d2-4f4e-9b67-35d376aefacc,TeamB,2020-08-14,1,7.0,7,70,70.0,490,490.0,490
TeamB-a7126274-c2d2-4f4e-9b67-35d376aefacc,TeamB,2020-09-21,1,8.0,8,90,90.0,720,720.0,720
TeamB-a7126274-c2d2-4f4e-9b67-35d376aefacc,TeamB,2020-09-30,1,8.0,8,90,90.0,720,720.0,720
TeamB-a7126274-c2d2-4f4e-9b67-35d376aefacc,TeamB,2020-10-02,2,8.0,10,130,65.0,1140,570.0,900
TeamB-a7126274-c2d2-4f4e-9b67-35d376aefacc,TeamB,2020-10-05,1,8.0,8,90,90.0,720,720.0,720
TeamB-a7126274-c2d2-4f4e-9b67-35d376aefacc,TeamB,2020-11-07,1,9.0,9,80,80.0,720,720.0,720
TeamB-a7126274-c2d2-4f4e-9b67-35d376aefacc,TeamB,2020-11-11,1,7.0,7,30,30.0,210,210.0,210
TeamB-a7126274-c2d2-4f4e-9b67-35d376aefacc,TeamB,2020-11-14,1,9.0,9,110,110.0,990,990.0,990
TeamB-a7126274-c2d2-4f4e-9b67-35d376aefacc,TeamB,2020-11-16,1,5.0,5,60,60.0,300,300.0,300
TeamB-a7126274-c2d2-4f4e-9b67-35d376aefacc,TeamB,2021-01-14,1,7.0,7,70,70.0,490,490.0,490
TeamB-a7126274-c2d2-4f4e-9b67-35d376aefacc,TeamB,2021-01-18,1,9.0,9,90,90.0,810,810.0,810
TeamB-a7126274-c2d2-4f4e-9b67-35d376aefacc,TeamB,2021-01-20,1,8.0,8,80,80.0,640,640.0,640
TeamB-a7126274-c2d2-4f4e-9b67-35d376aefacc,TeamB,2021-01-21,1,8.0,8,50,50.0,400,400.0,400
TeamB-a7126274-c2d2-4f4e-9b67-35d376aefacc,TeamB,2021-01-22,1,4.0,4,60,60.0,240,240.0,240
TeamB-ab5ec6e5-b0f3-401e-8dc5-aa6c5070e255,TeamB,2020-02-03,1,6.0,6,70,70.0,420,420.0,420
TeamB-ab5ec6e5-b0f3-401e-8dc5-aa6c5070e255,TeamB,2020-02-04,2,7.5,8,140,70.0,1060,530.0,640
TeamB-ab5ec6e5-b0f3-401e-8dc5-aa6c5070e255,TeamB,2020-02-06,1,8.0,8,100,100.0,800,800.0,800
TeamB-ab5ec6e5-b0f3-401e-8dc5-aa6c5070e255,TeamB,2020-02-07,1,6.0,6,90,90.0,540,540.0,540
TeamB-ab5ec6e5-b0f3-401e-8dc5-aa6c5070e255,TeamB,2020-02-08,1,8.0,8,50,50.0,400,400.0,400
TeamB-ab5ec6e5-b0f3-401e-8dc5-aa6c5070e255,TeamB,2020-02-10,1,6.0,6,100,100.0,600,600.0,600
TeamB-ab5ec6e5-b0f3-401e-8dc5-aa6c5070e255,TeamB,2020-02-11,2,8.5,10,160,80.0,1420,710.0,1000
TeamB-ab5ec6e5-b0f3-401e-8dc5-aa6c5070e255,TeamB,2020-02-13,2,8.5,10,160,80.0,1450,725.0,1100
TeamB-ab5ec6e5-b0f3-401e-8dc5-aa6c5070e255,TeamB,2020-02-14,1,4.0,4,90,90.0,360,360.0,360
TeamB-ab5ec6e5-b0f3-401e-8dc5-aa6c5070e255,TeamB,2020-02-15,1,8.0,8,100,100.0,800,800.0,800
TeamB-ab5ec6e5-b0f3-401e-8dc5-aa6c5070e255,TeamB,2020-02-17,1,7.0,7,90,90.0,630,630.0,630
TeamB-ab5ec6e5-b0f3-401e-8dc5-aa6c5070e255,TeamB,2020-02-18,2,7.0,7,180,90.0,1260,630.0,630
TeamB-ab5ec6e5-b0f3-401e-8dc5-aa6c5070e255,TeamB,2020-02-19,1,6.0,6,90,90.0,540,540.0,540
TeamB-ab5ec6e5-b0f3-401e-8dc5-aa6c5070e255,TeamB,2020-02-20,1,9.0,9,120,120.0,1080,1080.0,1080
TeamB-ab5ec6e5-b0f3-401e-8dc5-aa6c5070e255,TeamB,2020-02-22,1,5.0,5,90,90.0,450,450.0,450
TeamB-ab5ec6e5-b0f3-401e-8dc5-aa6c5070e255,TeamB,2020-02-23,2,4.0,6,180,90.0,720,360.0,540
TeamB-ab5ec6e5-b0f3-401e-8dc5-aa6c5070e255,TeamB,2020-02-24,2,7.5,9,150,75.0,1200,600.0,900
TeamB-ab5ec6e5-b0f3-401e-8dc5-aa6c5070e255,TeamB,2020-02-25,2,5.0,6,210,105.0,1080,540.0,720
TeamB-ab5ec6e5-b0f3-401e-8dc5-aa6c5070e255,TeamB,2020-02-26,1,5.0,5,80,80.0,400,400.0,400
TeamB-ab5ec6e5-b0f3-401e-8dc5-aa6c5070e255,TeamB,2020-02-27,1,8.0,8,120,120.0,960,960.0,960
TeamB-ab5ec6e5-b0f3-401e-8dc5-aa6c5070e255,TeamB,2020-03-02,1,4.0,4,90,90.0,360,360.0,360
TeamB-ab5ec6e5-b0f3-401e-8dc5-aa6c5070e255,TeamB,2020-03-03,1,3.0,3,90,90.0,270,270.0,270
TeamB-ab5ec6e5-b0f3-401e-8dc5-aa6c5070e255,TeamB,2020-03-04,1,9.0,9,90,90.0,810,810.0,810
TeamB-ab5ec6e5-b0f3-401e-8dc5-aa6c5070e255,TeamB,2020-03-06,1,2.0,2,70,70.0,140,140.0,140
TeamB-ab5ec6e5-b0f3-401e-8dc5-aa6c5070e255,TeamB,2020-03-07,1,7.0,7,90,90.0,630,630.0,630
TeamB-ab5ec6e5-b0f3-401e-8dc5-aa6c5070e255,TeamB,2020-03-09,1,3.0,3,80,80.0,240,240.0,240
TeamB-ab5ec6e5-b0f3-401e-8dc5-aa6c5070e255,TeamB,2020-03-10,1,7.0,7,90,90.0,630,630.0,630
TeamB-ab5ec6e5-b0f3-401e-8dc5-aa6c5070e255,TeamB,2020-03-14,1,4.0,4,50,50.0,200,200.0,200
TeamB-ab5ec6e5-b0f3-401e-8dc5-aa6c5070e255,TeamB,2020-03-16,1,5.0,5,60,60.0,300,300.0,300
TeamB-ab5ec6e5-b0f3-401e-8dc5-aa6c5070e255,TeamB,2020-03-17,1,7.0,7,40,40.0,280,280.0,280
TeamB-ab5ec6e5-b0f3-401e-8dc5-aa6c5070e255,TeamB,2020-03-18,1,7.0,7,70,70.0,490,490.0,490
TeamB-ab5ec6e5-b0f3-401e-8dc5-aa6c5070e255,TeamB,2020-03-20,1,6.0,6,50,50.0,300,300.0,300
TeamB-ab5ec6e5-b0f3-401e-8dc5-aa6c5070e255,TeamB,2020-03-21,1,7.0,7,60,60.0,420,420.0,420
TeamB-ab5ec6e5-b0f3-401e-8dc5-aa6c5070e255,TeamB,2020-03-23,1,6.0,6,40,40.0,240,240.0,240
TeamB-ab5ec6e5-b0f3-401e-8dc5-aa6c5070e255,TeamB,2020-03-24,1,7.0,7,60,60.0,420,420.0,420
TeamB-ab5ec6e5-b0f3-401e-8dc5-aa6c5070e255,TeamB,2020-03-26,1,6.0,6,80,80.0,480,480.0,480
TeamB-ab5ec6e5-b0f3-401e-8dc5-aa6c5070e255,TeamB,2020-03-27,1,5.0,5,60,60.0,300,300.0,300
TeamB-ab5ec6e5-b0f3-401e-8dc5-aa6c5070e255,TeamB,2020-03-28,1,7.0,7,80,80.0,560,560.0,560
TeamB-ab5ec6e5-b0f3-401e-8dc5-aa6c5070e255,TeamB,2020-03-30,1,6.0,6,60,60.0,360,360.0,360
TeamB-ab5ec6e5-b0f3-401e-8dc5-aa6c5070e255,TeamB,2020-03-31,1,6.0,6,80,80.0,480,480.0,480
TeamB-ab5ec6e5-b0f3-401e-8dc5-aa6c5070e255,TeamB,2020-04-01,1,6.0,6,60,60.0,360,360.0,360
TeamB-ab5ec6e5-b0f3-401e-8dc5-aa6c5070e255,TeamB,2020-04-02,1,6.0,6,60,60.0,360,360.0,360
TeamB-ab5ec6e5-b0f3-401e-8dc5-aa6c5070e255,TeamB,2020-04-03,1,7.0,7,60,60.0,420,420.0,420
TeamB-ab5ec6e5-b0f3-401e-8dc5-aa6c5070e255,TeamB,2020-04-04,1,7.0,7,60,60.0,420,420.0,420
TeamB-ab5ec6e5-b0f3-401e-8dc5-aa6c5070e255,TeamB,2020-04-06,1,7.0,7,60,60.0,420,420.0,420
TeamB-ab5ec6e5-b0f3-401e-8dc5-aa6c5070e255,TeamB,2020-04-07,2,5.5,7,80,40.0,500,250.0,420
TeamB-ab5ec6e5-b0f3-401e-8dc5-aa6c5070e255,TeamB,2020-04-08,1,7.0,7,90,90.0,630,630.0,630
TeamB-ab5ec6e5-b0f3-401e-8dc5-aa6c5070e255,TeamB,2020-04-09,1,7.0,7,60,60.0,420,420.0,420
TeamB-ab5ec6e5-b0f3-401e-8dc5-aa6c5070e255,TeamB,2020-04-10,1,7.0,7,90,90.0,630,630.0,630
TeamB-ab5ec6e5-b0f3-401e-8dc5-aa6c5070e255,TeamB,2020-04-11,1,8.0,8,60,60.0,480,480.0,480
TeamB-ab5ec6e5-b0f3-401e-8dc5-aa6c5070e255,TeamB,2020-04-14,2,5.5,6,60,30.0,330,165.0,180
TeamB-ab5ec6e5-b0f3-401e-8dc5-aa6c5070e255,TeamB,2020-04-15,1,7.0,7,60,60.0,420,420.0,420
TeamB-ab5ec6e5-b0f3-401e-8dc5-aa6c5070e255,TeamB,2020-04-16,1,7.0,7,50,50.0,350,350.0,350
TeamB-ab5ec6e5-b0f3-401e-8dc5-aa6c5070e255,TeamB,2020-04-17,1,5.0,5,60,60.0,300,300.0,300
TeamB-ab5ec6e5-b0f3-401e-8dc5-aa6c5070e255,TeamB,2020-04-18,1,6.0,6,30,30.0,180,180.0,180
TeamB-ab5ec6e5-b0f3-401e-8dc5-aa6c5070e255,TeamB,2020-04-19,1,7.0,7,60,60.0,420,420.0,420
TeamB-ab5ec6e5-b0f3-401e-8dc5-aa6c5070e255,TeamB,2020-04-20,2,6.0,6,90,45.0,540,270.0,300
TeamB-ab5ec6e5-b0f3-401e-8dc5-aa6c5070e255,TeamB,2020-04-21,1,7.0,7,70,70.0,490,490.0,490
TeamB-ab5ec6e5-b0f3-401e-8dc5-aa6c5070e255,TeamB,2020-04-22,1,7.0,7,30,30.0,210,210.0,210
TeamB-ab5ec6e5-b0f3-401e-8dc5-aa6c5070e255,TeamB,2020-04-24,1,7.0,7,80,80.0,560,560.0,560
TeamB-ab5ec6e5-b0f3-401e-8dc5-aa6c5070e255,TeamB,2020-04-25,1,7.0,7,90,90.0,630,630.0,630
TeamB-ab5ec6e5-b0f3-401e-8dc5-aa6c5070e255,TeamB,2020-04-26,1,5.0,5,50,50.0,250,250.0,250
TeamB-ab5ec6e5-b0f3-401e-8dc5-aa6c5070e255,TeamB,2020-04-27,1,7.0,7,90,90.0,630,630.0,630
TeamB-ab5ec6e5-b0f3-401e-8dc5-aa6c5070e255,TeamB,2020-04-28,1,4.0,4,60,60.0,240,240.0,240
TeamB-ab5ec6e5-b0f3-401e-8dc5-aa6c5070e255,TeamB,2020-04-29,1,7.0,7,20,20.0,140,140.0,140
TeamB-ab5ec6e5-b0f3-401e-8dc5-aa6c5070e255,TeamB,2020-04-30,1,6.0,6,60,60.0,360,360.0,360
TeamB-ab5ec6e5-b0f3-401e-8dc5-aa6c5070e255,TeamB,2020-05-01,1,6.0,6,50,50.0,300,300.0,300
TeamB-ab5ec6e5-b0f3-401e-8dc5-aa6c5070e255,TeamB,2020-05-04,2,7.0,8,70,35.0,520,260.0,400
TeamB-ab5ec6e5-b0f3-401e-8dc5-aa6c5070e255,TeamB,2020-05-06,1,7.0,7,60,60.0,420,420.0,420
TeamB-ab5ec6e5-b0f3-401e-8dc5-aa6c5070e255,TeamB,2020-05-07,1,7.0,7,40,40.0,280,280.0,280
TeamB-ab5ec6e5-b0f3-401e-8dc5-aa6c5070e255,TeamB,2020-05-08,1,7.0,7,30,30.0,210,210.0,210
TeamB-ab5ec6e5-b0f3-401e-8dc5-aa6c5070e255,TeamB,2020-05-09,1,8.0,8,60,60.0,480,480.0,480
TeamB-ab5ec6e5-b0f3-401e-8dc5-aa6c5070e255,TeamB,2020-05-10,1,4.0,4,120,120.0,480,480.0,480
TeamB-ab5ec6e5-b0f3-401e-8dc5-aa6c5070e255,TeamB,2020-08-10,1,6.0,6,60,60.0,360,360.0,360
TeamB-ab5ec6e5-b0f3-401e-8dc5-aa6c5070e255,TeamB,2020-08-13,1,7.0,7,60,60.0,420,420.0,420
TeamB-ab5ec6e5-b0f3-401e-8dc5-aa6c5070e255,TeamB,2020-08-15,1,7.0,7,60,60.0,420,420.0,420
TeamB-ab5ec6e5-b0f3-401e-8dc5-aa6c5070e255,TeamB,2020-08-17,1,8.0,8,60,60.0,480,480.0,480
TeamB-ab5ec6e5-b0f3-401e-8dc5-aa6c5070e255,TeamB,2020-08-19,1,7.0,7,40,40.0,280,280.0,280
TeamB-ab5ec6e5-b0f3-401e-8dc5-aa6c5070e255,TeamB,2020-08-21,1,6.0,6,50,50.0,300,300.0,300
TeamB-ab5ec6e5-b0f3-401e-8dc5-aa6c5070e255,TeamB,2020-08-24,1,7.0,7,60,60.0,420,420.0,420
TeamB-ab5ec6e5-b0f3-401e-8dc5-aa6c5070e255,TeamB,2020-08-27,1,3.0,3,50,50.0,150,150.0,150
TeamB-ab5ec6e5-b0f3-401e-8dc5-aa6c5070e255,TeamB,2020-08-29,1,6.0,6,50,50.0,300,300.0,300
TeamB-ab5ec6e5-b0f3-401e-8dc5-aa6c5070e255,TeamB,2020-08-31,1,6.0,6,90,90.0,540,540.0,540
TeamB-ab5ec6e5-b0f3-401e-8dc5-aa6c5070e255,TeamB,2020-09-01,1,6.0,6,40,40.0,240,240.0,240
TeamB-ab5ec6e5-b0f3-401e-8dc5-aa6c5070e255,TeamB,2020-09-02,1,7.0,7,70,70.0,490,490.0,490
TeamB-ab5ec6e5-b0f3-401e-8dc5-aa6c5070e255,TeamB,2020-09-03,1,4.0,4,50,50.0,200,200.0,200
TeamB-ab5ec6e5-b0f3-401e-8dc5-aa6c5070e255,TeamB,2020-09-04,1,7.0,7,50,50.0,350,350.0,350
TeamB-ab5ec6e5-b0f3-401e-8dc5-aa6c5070e255,TeamB,2020-09-05,1,7.0,7,120,120.0,840,840.0,840
TeamB-ab5ec6e5-b0f3-401e-8dc5-aa6c5070e255,TeamB,2020-09-07,1,6.0,6,60,60.0,360,360.0,360
TeamB-ab5ec6e5-b0f3-401e-8dc5-aa6c5070e255,TeamB,2020-09-08,1,7.0,7,80,80.0,560,560.0,560
TeamB-ab5ec6e5-b0f3-401e-8dc5-aa6c5070e255,TeamB,2020-09-09,1,8.0,8,90,90.0,720,720.0,720
TeamB-ab5ec6e5-b0f3-401e-8dc5-aa6c5070e255,TeamB,2020-09-11,1,6.0,6,70,70.0,420,420.0,420
TeamB-ab5ec6e5-b0f3-401e-8dc5-aa6c5070e255,TeamB,2020-09-12,1,6.0,6,10,10.0,60,60.0,60
TeamB-ab5ec6e5-b0f3-401e-8dc5-aa6c5070e255,TeamB,2020-09-14,1,5.0,5,90,90.0,450,450.0,450
TeamB-ab5ec6e5-b0f3-401e-8dc5-aa6c5070e255,TeamB,2020-09-15,1,7.0,7,70,70.0,490,490.0,490
TeamB-ab5ec6e5-b0f3-401e-8dc5-aa6c5070e255,TeamB,2020-09-19,1,8.0,8,60,60.0,480,480.0,480
TeamB-ab5ec6e5-b0f3-401e-8dc5-aa6c5070e255,TeamB,2020-09-21,1,8.0,8,110,110.0,880,880.0,880
TeamB-ab5ec6e5-b0f3-401e-8dc5-aa6c5070e255,TeamB,2020-09-22,2,6.5,8,130,65.0,920,460.0,720
TeamB-ab5ec6e5-b0f3-401e-8dc5-aa6c5070e255,TeamB,2020-09-24,2,5.5,6,130,65.0,750,375.0,600
TeamB-ab5ec6e5-b0f3-401e-8dc5-aa6c5070e255,TeamB,2020-09-26,1,4.0,4,70,70.0,280,280.0,280
TeamB-ab5ec6e5-b0f3-401e-8dc5-aa6c5070e255,TeamB,2020-09-27,1,7.0,7,30,30.0,210,210.0,210
TeamB-ab5ec6e5-b0f3-401e-8dc5-aa6c5070e255,TeamB,2020-09-29,2,5.0,6,130,65.0,640,320.0,360
TeamB-ab5ec6e5-b0f3-401e-8dc5-aa6c5070e255,TeamB,2020-09-30,1,8.0,8,120,120.0,960,960.0,960
TeamB-ab5ec6e5-b0f3-401e-8dc5-aa6c5070e255,TeamB,2020-10-01,1,6.0,6,60,60.0,360,360.0,360
TeamB-ab5ec6e5-b0f3-401e-8dc5-aa6c5070e255,TeamB,2020-10-02,1,6.0,6,60,60.0,360,360.0,360
TeamB-ab5ec6e5-b0f3-401e-8dc5-aa6c5070e255,TeamB,2020-10-05,1,7.0,7,100,100.0,700,700.0,700
TeamB-ab5ec6e5-b0f3-401e-8dc5-aa6c5070e255,TeamB,2020-10-06,1,6.0,6,70,70.0,420,420.0,420
TeamB-ab5ec6e5-b0f3-401e-8dc5-aa6c5070e255,TeamB,2020-10-07,1,7.0,7,60,60.0,420,420.0,420
TeamB-ab5ec6e5-b0f3-401e-8dc5-aa6c5070e255,TeamB,2020-10-08,1,6.0,6,50,50.0,300,300.0,300
TeamB-ab5ec6e5-b0f3-401e-8dc5-aa6c5070e255,TeamB,2020-10-10,2,6.0,6,150,75.0,900,450.0,540
TeamB-ab5ec6e5-b0f3-401e-8dc5-aa6c5070e255,TeamB,2020-10-11,1,6.0,6,90,90.0,540,540.0,540
TeamB-ab5ec6e5-b0f3-401e-8dc5-aa6c5070e255,TeamB,2020-10-13,2,6.0,6,130,65.0,780,390.0,540
TeamB-ab5ec6e5-b0f3-401e-8dc5-aa6c5070e255,TeamB,2020-10-14,1,5.0,5,50,50.0,250,250.0,250
TeamB-ab5ec6e5-b0f3-401e-8dc5-aa6c5070e255,TeamB,2020-10-16,2,5.0,6,50,25.0,260,130.0,180
TeamB-ab5ec6e5-b0f3-401e-8dc5-aa6c5070e255,TeamB,2020-10-17,1,8.0,8,60,60.0,480,480.0,480
TeamB-ab5ec6e5-b0f3-401e-8dc5-aa6c5070e255,TeamB,2020-10-18,1,6.0,6,90,90.0,540,540.0,540
TeamB-ab5ec6e5-b0f3-401e-8dc5-aa6c5070e255,TeamB,2020-10-20,1,6.0,6,80,80.0,480,480.0,480
TeamB-ab5ec6e5-b0f3-401e-8dc5-aa6c5070e255,TeamB,2020-10-21,1,6.0,6,70,70.0,420,420.0,420
TeamB-ab5ec6e5-b0f3-401e-8dc5-aa6c5070e255,TeamB,2020-10-22,1,8.0,8,110,110.0,880,880.0,880
TeamB-ab5ec6e5-b0f3-401e-8dc5-aa6c5070e255,TeamB,2020-10-23,1,5.0,5,60,60.0,300,300.0,300
TeamB-ab5ec6e5-b0f3-401e-8dc5-aa6c5070e255,TeamB,2020-10-26,1,7.0,7,90,90.0,630,630.0,630
TeamB-ab5ec6e5-b0f3-401e-8dc5-aa6c5070e255,TeamB,2020-10-27,2,7.0,8,170,85.0,1240,620.0,880
TeamB-ab5ec6e5-b0f3-401e-8dc5-aa6c5070e255,TeamB,2020-10-29,1,8.0,8,90,90.0,720,720.0,720
TeamB-ab5ec6e5-b0f3-401e-8dc5-aa6c5070e255,TeamB,2020-10-30,1,7.0,7,80,80.0,560,560.0,560
TeamB-ab5ec6e5-b0f3-401e-8dc5-aa6c5070e255,TeamB,2020-10-31,1,5.0,5,60,60.0,300,300.0,300
TeamB-ab5ec6e5-b0f3-401e-8dc5-aa6c5070e255,TeamB,2020-11-01,1,7.0,7,10,10.0,70,70.0,70
TeamB-ab5ec6e5-b0f3-401e-8dc5-aa6c5070e255,TeamB,2020-11-02,1,6.0,6,60,60.0,360,360.0,360
TeamB-ab5ec6e5-b0f3-401e-8dc5-aa6c5070e255,TeamB,2020-11-03,1,4.0,4,70,70.0,280,280.0,280
TeamB-ab5ec6e5-b0f3-401e-8dc5-aa6c5070e255,TeamB,2020-11-04,1,7.0,7,90,90.0,630,630.0,630
TeamB-ab5ec6e5-b0f3-401e-8dc5-aa6c5070e255,TeamB,2020-11-05,1,3.0,3,60,60.0,180,180.0,180
TeamB-ab5ec6e5-b0f3-401e-8dc5-aa6c5070e255,TeamB,2020-11-06,1,5.0,5,60,60.0,300,300.0,300
TeamB-ab5ec6e5-b0f3-401e-8dc5-aa6c5070e255,TeamB,2020-11-09,1,7.0,7,90,90.0,630,630.0,630
TeamB-ab5ec6e5-b0f3-401e-8dc5-aa6c5070e255,TeamB,2020-11-10,1,6.0,6,60,60.0,360,360.0,360
TeamB-ab5ec6e5-b0f3-401e-8dc5-aa6c5070e255,TeamB,2020-11-11,1,7.0,7,90,90.0,630,630.0,630
TeamB-ab5ec6e5-b0f3-401e-8dc5-aa6c5070e255,TeamB,2020-11-12,1,2.0,2,60,60.0,120,120.0,120
TeamB-ab5ec6e5-b0f3-401e-8dc5-aa6c5070e255,TeamB,2020-11-13,1,6.0,6,60,60.0,360,360.0,360
TeamB-ab5ec6e5-b0f3-401e-8dc5-aa6c5070e255,TeamB,2020-11-14,1,8.0,8,110,110.0,880,880.0,880
TeamB-ab5ec6e5-b0f3-401e-8dc5-aa6c5070e255,TeamB,2020-11-15,1,6.0,6,60,60.0,360,360.0,360
TeamB-ab5ec6e5-b0f3-401e-8dc5-aa6c5070e255,TeamB,2020-11-16,1,3.0,3,20,20.0,60,60.0,60
TeamB-ab5ec6e5-b0f3-401e-8dc5-aa6c5070e255,TeamB,2020-11-18,1,5.0,5,60,60.0,300,300.0,300
TeamB-ab5ec6e5-b0f3-401e-8dc5-aa6c5070e255,TeamB,2020-11-19,1,7.0,7,30,30.0,210,210.0,210
TeamB-ab5ec6e5-b0f3-401e-8dc5-aa6c5070e255,TeamB,2020-11-21,1,6.0,6,60,60.0,360,360.0,360
TeamB-ab5ec6e5-b0f3-401e-8dc5-aa6c5070e255,TeamB,2020-11-22,1,6.0,6,30,30.0,180,180.0,180
TeamB-ab5ec6e5-b0f3-401e-8dc5-aa6c5070e255,TeamB,2020-11-23,1,5.0,5,50,50.0,250,250.0,250
TeamB-ab5ec6e5-b0f3-401e-8dc5-aa6c5070e255,TeamB,2020-11-26,1,10.0,10,100,100.0,1000,1000.0,1000
TeamB-ab5ec6e5-b0f3-401e-8dc5-aa6c5070e255,TeamB,2020-11-28,1,6.0,6,30,30.0,180,180.0,180
TeamB-ab5ec6e5-b0f3-401e-8dc5-aa6c5070e255,TeamB,2020-11-30,1,6.0,6,90,90.0,540,540.0,540
TeamB-ab5ec6e5-b0f3-401e-8dc5-aa6c5070e255,TeamB,2020-12-02,1,6.0,6,60,60.0,360,360.0,360
TeamB-ab5ec6e5-b0f3-401e-8dc5-aa6c5070e255,TeamB,2020-12-04,1,7.0,7,90,90.0,630,630.0,630
TeamB-ab5ec6e5-b0f3-401e-8dc5-aa6c5070e255,TeamB,2020-12-05,1,6.0,6,70,70.0,420,420.0,420
TeamB-ab5ec6e5-b0f3-401e-8dc5-aa6c5070e255,TeamB,2020-12-09,1,6.0,6,60,60.0,360,360.0,360
TeamB-ab5ec6e5-b0f3-401e-8dc5-aa6c5070e255,TeamB,2020-12-12,1,6.0,6,60,60.0,360,360.0,360
TeamB-ab5ec6e5-b0f3-401e-8dc5-aa6c5070e255,TeamB,2020-12-13,1,9.0,9,100,100.0,900,900.0,900
TeamB-ab5ec6e5-b0f3-401e-8dc5-aa6c5070e255,TeamB,2021-01-11,1,8.0,8,60,60.0,480,480.0,480
TeamB-ab5ec6e5-b0f3-401e-8dc5-aa6c5070e255,TeamB,2021-01-12,2,7.0,8,160,80.0,1100,550.0,560
TeamB-ab5ec6e5-b0f3-401e-8dc5-aa6c5070e255,TeamB,2021-01-14,1,7.0,7,60,60.0,420,420.0,420
TeamB-ab5ec6e5-b0f3-401e-8dc5-aa6c5070e255,TeamB,2021-01-15,2,7.0,8,130,65.0,960,480.0,720
TeamB-ab5ec6e5-b0f3-401e-8dc5-aa6c5070e255,TeamB,2021-01-17,1,5.0,5,60,60.0,300,300.0,300
TeamB-ab5ec6e5-b0f3-401e-8dc5-aa6c5070e255,TeamB,2021-01-18,2,7.5,8,190,95.0,1430,715.0,800
TeamB-ab5ec6e5-b0f3-401e-8dc5-aa6c5070e255,TeamB,2021-01-20,1,6.0,6,90,90.0,540,540.0,540
TeamB-ab5ec6e5-b0f3-401e-8dc5-aa6c5070e255,TeamB,2021-01-21,1,7.0,7,60,60.0,420,420.0,420
TeamB-ab5ec6e5-b0f3-401e-8dc5-aa6c5070e255,TeamB,2021-01-22,1,5.0,5,90,90.0,450,450.0,450
TeamB-ab5ec6e5-b0f3-401e-8dc5-aa6c5070e255,TeamB,2021-01-24,2,7.0,8,100,50.0,680,340.0,360
TeamB-ab5ec6e5-b0f3-401e-8dc5-aa6c5070e255,TeamB,2021-01-25,1,6.0,6,60,60.0,360,360.0,360
TeamB-ab5ec6e5-b0f3-401e-8dc5-aa6c5070e255,TeamB,2021-01-26,1,8.0,8,60,60.0,480,480.0,480
TeamB-ab5ec6e5-b0f3-401e-8dc5-aa6c5070e255,TeamB,2021-01-28,2,6.0,6,120,60.0,720,360.0,360
TeamB-ab5ec6e5-b0f3-401e-8dc5-aa6c5070e255,TeamB,2021-01-29,2,7.5,8,110,55.0,830,415.0,480
TeamB-ab5ec6e5-b0f3-401e-8dc5-aa6c5070e255,TeamB,2021-01-30,1,6.0,6,60,60.0,360,360.0,360
TeamB-ab5ec6e5-b0f3-401e-8dc5-aa6c5070e255,TeamB,2021-02-01,1,7.0,7,100,100.0,700,700.0,700
TeamB-ab5ec6e5-b0f3-401e-8dc5-aa6c5070e255,TeamB,2021-02-02,1,6.0,6,100,100.0,600,600.0,600
TeamB-ab5ec6e5-b0f3-401e-8dc5-aa6c5070e255,TeamB,2021-02-03,1,3.0,3,50,50.0,150,150.0,150
TeamB-ab5ec6e5-b0f3-401e-8dc5-aa6c5070e255,TeamB,2021-02-04,1,8.0,8,70,70.0,560,560.0,560
TeamB-ab5ec6e5-b0f3-401e-8dc5-aa6c5070e255,TeamB,2021-02-05,1,3.0,3,60,60.0,180,180.0,180
TeamB-ab5ec6e5-b0f3-401e-8dc5-aa6c5070e255,TeamB,2021-02-07,1,7.0,7,100,100.0,700,700.0,700
TeamB-ab5ec6e5-b0f3-401e-8dc5-aa6c5070e255,TeamB,2021-02-08,1,6.0,6,90,90.0,540,540.0,540
TeamB-ab5ec6e5-b0f3-401e-8dc5-aa6c5070e255,TeamB,2021-02-10,1,6.0,6,60,60.0,360,360.0,360
TeamB-ab5ec6e5-b0f3-401e-8dc5-aa6c5070e255,TeamB,2021-02-11,1,8.0,8,70,70.0,560,560.0,560
TeamB-ab5ec6e5-b0f3-401e-8dc5-aa6c5070e255,TeamB,2021-02-16,1,6.0,6,60,60.0,360,360.0,360
TeamB-ab5ec6e5-b0f3-401e-8dc5-aa6c5070e255,TeamB,2021-02-18,1,6.0,6,60,60.0,360,360.0,360
TeamB-ab5ec6e5-b0f3-401e-8dc5-aa6c5070e255,TeamB,2021-02-20,1,3.0,3,60,60.0,180,180.0,180
TeamB-ab5ec6e5-b0f3-401e-8dc5-aa6c5070e255,TeamB,2021-02-21,1,8.0,8,70,70.0,560,560.0,560
TeamB-ab5ec6e5-b0f3-401e-8dc5-aa6c5070e255,TeamB,2021-02-22,1,9.0,9,80,80.0,720,720.0,720
TeamB-ab5ec6e5-b0f3-401e-8dc5-aa6c5070e255,TeamB,2021-02-24,2,6.5,8,110,55.0,700,350.0,400
TeamB-ab5ec6e5-b0f3-401e-8dc5-aa6c5070e255,TeamB,2021-02-25,1,5.0,5,40,40.0,200,200.0,200
TeamB-ab5ec6e5-b0f3-401e-8dc5-aa6c5070e255,TeamB,2021-02-26,1,7.0,7,60,60.0,420,420.0,420
TeamB-ab5ec6e5-b0f3-401e-8dc5-aa6c5070e255,TeamB,2021-03-01,2,5.0,5,120,60.0,600,300.0,300
TeamB-ab5ec6e5-b0f3-401e-8dc5-aa6c5070e255,TeamB,2021-03-02,1,7.0,7,60,60.0,420,420.0,420
TeamB-ab5ec6e5-b0f3-401e-8dc5-aa6c5070e255,TeamB,2021-03-04,2,6.5,7,120,60.0,780,390.0,420
TeamB-ab5ec6e5-b0f3-401e-8dc5-aa6c5070e255,TeamB,2021-03-05,1,7.0,7,80,80.0,560,560.0,560
TeamB-ab5ec6e5-b0f3-401e-8dc5-aa6c5070e255,TeamB,2021-03-06,2,6.5,7,120,60.0,800,400.0,560
TeamB-ab5ec6e5-b0f3-401e-8dc5-aa6c5070e255,TeamB,2021-03-08,2,6.5,7,150,75.0,990,495.0,630
TeamB-ab5ec6e5-b0f3-401e-8dc5-aa6c5070e255,TeamB,2021-03-09,1,5.0,5,70,70.0,350,350.0,350
TeamB-ab5ec6e5-b0f3-401e-8dc5-aa6c5070e255,TeamB,2021-03-11,1,8.0,8,90,90.0,720,720.0,720
TeamB-ab5ec6e5-b0f3-401e-8dc5-aa6c5070e255,TeamB,2021-03-12,1,8.0,8,90,90.0,720,720.0,720
TeamB-ab5ec6e5-b0f3-401e-8dc5-aa6c5070e255,TeamB,2021-03-13,2,5.5,6,150,75.0,810,405.0,450
TeamB-ab5ec6e5-b0f3-401e-8dc5-aa6c5070e255,TeamB,2021-03-15,2,7.5,8,170,85.0,1280,640.0,720
TeamB-ab5ec6e5-b0f3-401e-8dc5-aa6c5070e255,TeamB,2021-03-16,1,6.0,6,90,90.0,540,540.0,540
TeamB-ab5ec6e5-b0f3-401e-8dc5-aa6c5070e255,TeamB,2021-03-18,2,6.5,7,170,85.0,1120,560.0,700
TeamB-ab5ec6e5-b0f3-401e-8dc5-aa6c5070e255,TeamB,2021-03-19,1,5.0,5,90,90.0,450,450.0,450
TeamB-ab5ec6e5-b0f3-401e-8dc5-aa6c5070e255,TeamB,2021-03-22,1,7.0,7,100,100.0,700,700.0,700
TeamB-ab5ec6e5-b0f3-401e-8dc5-aa6c5070e255,TeamB,2021-03-23,1,7.0,7,120,120.0,840,840.0,840
TeamB-ab5ec6e5-b0f3-401e-8dc5-aa6c5070e255,TeamB,2021-03-25,1,8.0,8,120,120.0,960,960.0,960
TeamB-ab5ec6e5-b0f3-401e-8dc5-aa6c5070e255,TeamB,2021-03-26,1,5.0,5,100,100.0,500,500.0,500
TeamB-ab5ec6e5-b0f3-401e-8dc5-aa6c5070e255,TeamB,2021-03-27,1,6.0,6,120,120.0,720,720.0,720
TeamB-ab5ec6e5-b0f3-401e-8dc5-aa6c5070e255,TeamB,2021-03-29,1,6.0,6,120,120.0,720,720.0,720
TeamB-ab5ec6e5-b0f3-401e-8dc5-aa6c5070e255,TeamB,2021-03-30,1,5.0,5,120,120.0,600,600.0,600
TeamB-ab5ec6e5-b0f3-401e-8dc5-aa6c5070e255,TeamB,2021-04-06,2,6.5,8,150,75.0,1110,555.0,960
TeamB-ab5ec6e5-b0f3-401e-8dc5-aa6c5070e255,TeamB,2021-04-08,1,6.0,6,100,100.0,600,600.0,600
TeamB-ab5ec6e5-b0f3-401e-8dc5-aa6c5070e255,TeamB,2021-04-09,1,6.0,6,80,80.0,480,480.0,480
TeamB-ab5ec6e5-b0f3-401e-8dc5-aa6c5070e255,TeamB,2021-04-10,1,7.0,7,120,120.0,840,840.0,840
TeamB-ab5ec6e5-b0f3-401e-8dc5-aa6c5070e255,TeamB,2021-04-12,1,7.0,7,120,120.0,840,840.0,840
TeamB-ab5ec6e5-b0f3-401e-8dc5-aa6c5070e255,TeamB,2021-04-13,1,7.0,7,100,100.0,700,700.0,700
TeamB-ab5ec6e5-b0f3-401e-8dc5-aa6c5070e255,TeamB,2021-04-15,1,5.0,5,100,100.0,500,500.0,500
TeamB-ab5ec6e5-b0f3-401e-8dc5-aa6c5070e255,TeamB,2021-04-16,1,6.0,6,90,90.0,540,540.0,540
TeamB-ab5ec6e5-b0f3-401e-8dc5-aa6c5070e255,TeamB,2021-04-17,1,6.0,6,90,90.0,540,540.0,540
TeamB-ab5ec6e5-b0f3-401e-8dc5-aa6c5070e255,TeamB,2021-04-19,1,4.0,4,80,80.0,320,320.0,320
TeamB-ab5ec6e5-b0f3-401e-8dc5-aa6c5070e255,TeamB,2021-04-20,1,5.0,5,40,40.0,200,200.0,200
TeamB-ab5ec6e5-b0f3-401e-8dc5-aa6c5070e255,TeamB,2021-04-26,1,7.0,7,80,80.0,560,560.0,560
TeamB-ab5ec6e5-b0f3-401e-8dc5-aa6c5070e255,TeamB,2021-04-27,1,7.0,7,60,60.0,420,420.0,420
TeamB-ab5ec6e5-b0f3-401e-8dc5-aa6c5070e255,TeamB,2021-04-28,1,6.0,6,70,70.0,420,420.0,420
TeamB-ab5ec6e5-b0f3-401e-8dc5-aa6c5070e255,TeamB,2021-04-29,1,7.0,7,80,80.0,560,560.0,560
TeamB-ab5ec6e5-b0f3-401e-8dc5-aa6c5070e255,TeamB,2021-04-30,1,4.0,4,60,60.0,240,240.0,240
TeamB-ab5ec6e5-b0f3-401e-8dc5-aa6c5070e255,TeamB,2021-05-03,1,5.0,5,100,100.0,500,500.0,500
TeamB-ab5ec6e5-b0f3-401e-8dc5-aa6c5070e255,TeamB,2021-05-04,1,6.0,6,80,80.0,480,480.0,480
TeamB-ab5ec6e5-b0f3-401e-8dc5-aa6c5070e255,TeamB,2021-05-05,1,6.0,6,100,100.0,600,600.0,600
TeamB-ab5ec6e5-b0f3-401e-8dc5-aa6c5070e255,TeamB,2021-05-06,1,4.0,4,50,50.0,200,200.0,200
TeamB-ab5ec6e5-b0f3-401e-8dc5-aa6c5070e255,TeamB,2021-05-07,1,5.0,5,60,60.0,300,300.0,300
TeamB-ab5ec6e5-b0f3-401e-8dc5-aa6c5070e255,TeamB,2021-05-08,1,7.0,7,50,50.0,350,350.0,350
TeamB-ab5ec6e5-b0f3-401e-8dc5-aa6c5070e255,TeamB,2021-05-11,1,7.0,7,90,90.0,630,630.0,630
TeamB-ab5ec6e5-b0f3-401e-8dc5-aa6c5070e255,TeamB,2021-05-12,1,5.0,5,80,80.0,400,400.0,400
TeamB-ab5ec6e5-b0f3-401e-8dc5-aa6c5070e255,TeamB,2021-05-14,1,6.0,6,80,80.0,480,480.0,480
TeamB-ab5ec6e5-b0f3-401e-8dc5-aa6c5070e255,TeamB,2021-05-15,1,5.0,5,60,60.0,300,300.0,300
TeamB-ab5ec6e5-b0f3-401e-8dc5-aa6c5070e255,TeamB,2021-05-16,1,7.0,7,30,30.0,210,210.0,210
TeamB-ab5ec6e5-b0f3-401e-8dc5-aa6c5070e255,TeamB,2021-05-18,1,7.0,7,90,90.0,630,630.0,630
TeamB-ab5ec6e5-b0f3-401e-8dc5-aa6c5070e255,TeamB,2021-05-19,1,8.0,8,110,110.0,880,880.0,880
TeamB-ab5ec6e5-b0f3-401e-8dc5-aa6c5070e255,TeamB,2021-05-24,1,6.0,6,60,60.0,360,360.0,360
TeamB-ab5ec6e5-b0f3-401e-8dc5-aa6c5070e255,TeamB,2021-05-25,1,5.0,5,60,60.0,300,300.0,300
TeamB-ab5ec6e5-b0f3-401e-8dc5-aa6c5070e255,TeamB,2021-05-26,1,6.0,6,120,120.0,720,720.0,720
TeamB-ab5ec6e5-b0f3-401e-8dc5-aa6c5070e255,TeamB,2021-05-28,1,6.0,6,80,80.0,480,480.0,480
TeamB-ab5ec6e5-b0f3-401e-8dc5-aa6c5070e255,TeamB,2021-05-29,1,7.0,7,50,50.0,350,350.0,350
TeamB-ab5ec6e5-b0f3-401e-8dc5-aa6c5070e255,TeamB,2021-05-31,2,6.0,7,120,60.0,720,360.0,420
TeamB-ab5ec6e5-b0f3-401e-8dc5-aa6c5070e255,TeamB,2021-06-01,1,8.0,8,100,100.0,800,800.0,800
TeamB-ab5ec6e5-b0f3-401e-8dc5-aa6c5070e255,TeamB,2021-06-02,2,6.5,7,180,90.0,1200,600.0,840
TeamB-ab5ec6e5-b0f3-401e-8dc5-aa6c5070e255,TeamB,2021-06-04,1,6.0,6,80,80.0,480,480.0,480
TeamB-ab5ec6e5-b0f3-401e-8dc5-aa6c5070e255,TeamB,2021-06-05,1,7.0,7,70,70.0,490,490.0,490
TeamB-ab5ec6e5-b0f3-401e-8dc5-aa6c5070e255,TeamB,2021-06-07,2,5.5,6,160,80.0,870,435.0,450
TeamB-ab5ec6e5-b0f3-401e-8dc5-aa6c5070e255,TeamB,2021-06-08,1,8.0,8,80,80.0,640,640.0,640
TeamB-ab5ec6e5-b0f3-401e-8dc5-aa6c5070e255,TeamB,2021-06-09,1,5.0,5,80,80.0,400,400.0,400
TeamB-ab5ec6e5-b0f3-401e-8dc5-aa6c5070e255,TeamB,2021-06-14,2,6.0,6,140,70.0,840,420.0,420
TeamB-ab5ec6e5-b0f3-401e-8dc5-aa6c5070e255,TeamB,2021-06-15,1,8.0,8,100,100.0,800,800.0,800
TeamB-ab5ec6e5-b0f3-401e-8dc5-aa6c5070e255,TeamB,2021-06-16,1,7.0,7,40,40.0,280,280.0,280
TeamB-ab5ec6e5-b0f3-401e-8dc5-aa6c5070e255,TeamB,2021-06-17,2,8.0,8,130,65.0,1040,520.0,720
TeamB-ab5ec6e5-b0f3-401e-8dc5-aa6c5070e255,TeamB,2021-06-18,2,5.5,6,150,75.0,840,420.0,540
TeamB-ab5ec6e5-b0f3-401e-8dc5-aa6c5070e255,TeamB,2021-06-20,1,7.0,7,110,110.0,770,770.0,770
TeamB-ab5ec6e5-b0f3-401e-8dc5-aa6c5070e255,TeamB,2021-06-21,1,5.0,5,80,80.0,400,400.0,400
TeamB-ab5ec6e5-b0f3-401e-8dc5-aa6c5070e255,TeamB,2021-06-22,1,7.0,7,60,60.0,420,420.0,420
TeamB-ab5ec6e5-b0f3-401e-8dc5-aa6c5070e255,TeamB,2021-06-23,1,3.0,3,30,30.0,90,90.0,90
TeamB-ab5ec6e5-b0f3-401e-8dc5-aa6c5070e255,TeamB,2021-06-25,1,5.0,5,60,60.0,300,300.0,300
TeamB-ab5ec6e5-b0f3-401e-8dc5-aa6c5070e255,TeamB,2021-06-26,1,7.0,7,90,90.0,630,630.0,630
TeamB-ab5ec6e5-b0f3-401e-8dc5-aa6c5070e255,TeamB,2021-06-27,1,2.0,2,40,40.0,80,80.0,80
TeamB-ab5ec6e5-b0f3-401e-8dc5-aa6c5070e255,TeamB,2021-06-29,1,5.0,5,70,70.0,350,350.0,350
TeamB-ab5ec6e5-b0f3-401e-8dc5-aa6c5070e255,TeamB,2021-06-30,1,7.0,7,80,80.0,560,560.0,560
TeamB-ab5ec6e5-b0f3-401e-8dc5-aa6c5070e255,TeamB,2021-07-01,1,3.0,3,40,40.0,120,120.0,120
TeamB-ab5ec6e5-b0f3-401e-8dc5-aa6c5070e255,TeamB,2021-07-03,1,6.0,6,70,70.0,420,420.0,420
TeamB-ab5ec6e5-b0f3-401e-8dc5-aa6c5070e255,TeamB,2021-07-04,1,7.0,7,90,90.0,630,630.0,630
TeamB-ab5ec6e5-b0f3-401e-8dc5-aa6c5070e255,TeamB,2021-08-01,1,2.0,2,20,20.0,40,40.0,40
TeamB-ab5ec6e5-b0f3-401e-8dc5-aa6c5070e255,TeamB,2021-08-06,1,4.0,4,60,60.0,240,240.0,240
TeamB-ab5ec6e5-b0f3-401e-8dc5-aa6c5070e255,TeamB,2021-08-08,2,4.5,6,110,55.0,600,300.0,540
TeamB-ab5ec6e5-b0f3-401e-8dc5-aa6c5070e255,TeamB,2021-08-18,1,4.0,4,60,60.0,240,240.0,240
TeamB-ab5ec6e5-b0f3-401e-8dc5-aa6c5070e255,TeamB,2021-08-19,1,6.0,6,60,60.0,360,360.0,360
TeamB-ab5ec6e5-b0f3-401e-8dc5-aa6c5070e255,TeamB,2021-08-23,2,3.5,5,90,45.0,420,210.0,400
TeamB-ab5ec6e5-b0f3-401e-8dc5-aa6c5070e255,TeamB,2021-08-24,1,6.0,6,50,50.0,300,300.0,300
TeamB-ab5ec6e5-b0f3-401e-8dc5-aa6c5070e255,TeamB,2021-08-27,1,4.0,4,80,80.0,320,320.0,320
TeamB-ab5ec6e5-b0f3-401e-8dc5-aa6c5070e255,TeamB,2021-08-29,1,7.0,7,60,60.0,420,420.0,420
TeamB-ab5ec6e5-b0f3-401e-8dc5-aa6c5070e255,TeamB,2021-08-30,1,4.0,4,60,60.0,240,240.0,240
TeamB-ab5ec6e5-b0f3-401e-8dc5-aa6c5070e255,TeamB,2021-08-31,1,6.0,6,80,80.0,480,480.0,480
TeamB-ab5ec6e5-b0f3-401e-8dc5-aa6c5070e255,TeamB,2021-09-01,1,6.0,6,30,30.0,180,180.0,180
TeamB-ab5ec6e5-b0f3-401e-8dc5-aa6c5070e255,TeamB,2021-09-03,1,6.0,6,70,70.0,420,420.0,420
TeamB-ab5ec6e5-b0f3-401e-8dc5-aa6c5070e255,TeamB,2021-09-04,1,7.0,7,60,60.0,420,420.0,420
TeamB-ab5ec6e5-b0f3-401e-8dc5-aa6c5070e255,TeamB,2021-09-05,1,2.0,2,40,40.0,80,80.0,80
TeamB-ab5ec6e5-b0f3-401e-8dc5-aa6c5070e255,TeamB,2021-09-07,1,6.0,6,60,60.0,360,360.0,360
TeamB-ab5ec6e5-b0f3-401e-8dc5-aa6c5070e255,TeamB,2021-09-08,1,7.0,7,20,20.0,140,140.0,140
TeamB-ab5ec6e5-b0f3-401e-8dc5-aa6c5070e255,TeamB,2021-09-10,1,5.0,5,60,60.0,300,300.0,300
TeamB-ab5ec6e5-b0f3-401e-8dc5-aa6c5070e255,TeamB,2021-09-16,1,7.0,7,90,90.0,630,630.0,630
TeamB-ab5ec6e5-b0f3-401e-8dc5-aa6c5070e255,TeamB,2021-09-17,1,8.0,8,70,70.0,560,560.0,560
TeamB-ab5ec6e5-b0f3-401e-8dc5-aa6c5070e255,TeamB,2021-09-22,2,6.5,7,230,115.0,1500,750.0,840
TeamB-ab5ec6e5-b0f3-401e-8dc5-aa6c5070e255,TeamB,2021-09-25,1,6.0,6,70,70.0,420,420.0,420
TeamB-ab5ec6e5-b0f3-401e-8dc5-aa6c5070e255,TeamB,2021-09-26,1,8.0,8,90,90.0,720,720.0,720
TeamB-ab5ec6e5-b0f3-401e-8dc5-aa6c5070e255,TeamB,2021-09-29,2,6.0,6,180,90.0,1080,540.0,720
TeamB-ab5ec6e5-b0f3-401e-8dc5-aa6c5070e255,TeamB,2021-10-03,1,7.0,7,90,90.0,630,630.0,630
TeamB-ab5ec6e5-b0f3-401e-8dc5-aa6c5070e255,TeamB,2021-10-05,2,6.0,7,170,85.0,1070,535.0,770
TeamB-ab5ec6e5-b0f3-401e-8dc5-aa6c5070e255,TeamB,2021-10-06,1,6.0,6,100,100.0,600,600.0,600
TeamB-ab5ec6e5-b0f3-401e-8dc5-aa6c5070e255,TeamB,2021-10-08,1,4.0,4,90,90.0,360,360.0,360
TeamB-ab5ec6e5-b0f3-401e-8dc5-aa6c5070e255,TeamB,2021-10-10,1,4.0,4,90,90.0,360,360.0,360
TeamB-ab5ec6e5-b0f3-401e-8dc5-aa6c5070e255,TeamB,2021-10-16,1,5.0,5,100,100.0,500,500.0,500
TeamB-ab691983-3544-4a0e-8f70-db44d85cb907,TeamB,2020-02-20,1,8.0,8,90,90.0,720,720.0,720
TeamB-ab691983-3544-4a0e-8f70-db44d85cb907,TeamB,2020-02-22,1,5.0,5,80,80.0,400,400.0,400
TeamB-ab691983-3544-4a0e-8f70-db44d85cb907,TeamB,2020-02-23,1,4.0,4,90,90.0,360,360.0,360
TeamB-ab691983-3544-4a0e-8f70-db44d85cb907,TeamB,2020-02-24,2,5.5,8,160,80.0,980,490.0,800
TeamB-ab691983-3544-4a0e-8f70-db44d85cb907,TeamB,2020-02-25,2,2.5,3,200,100.0,510,255.0,330
TeamB-ab691983-3544-4a0e-8f70-db44d85cb907,TeamB,2020-02-26,1,4.0,4,80,80.0,320,320.0,320
TeamB-ab691983-3544-4a0e-8f70-db44d85cb907,TeamB,2020-02-29,1,2.0,2,60,60.0,120,120.0,120
TeamB-ab691983-3544-4a0e-8f70-db44d85cb907,TeamB,2020-03-02,1,7.0,7,60,60.0,420,420.0,420
TeamB-ab691983-3544-4a0e-8f70-db44d85cb907,TeamB,2020-03-03,1,5.0,5,100,100.0,500,500.0,500
TeamB-ab691983-3544-4a0e-8f70-db44d85cb907,TeamB,2020-03-04,1,9.0,9,90,90.0,810,810.0,810
TeamB-ab691983-3544-4a0e-8f70-db44d85cb907,TeamB,2020-03-06,1,5.0,5,100,100.0,500,500.0,500
TeamB-ab691983-3544-4a0e-8f70-db44d85cb907,TeamB,2020-03-07,1,8.0,8,90,90.0,720,720.0,720
TeamB-ab691983-3544-4a0e-8f70-db44d85cb907,TeamB,2020-03-08,1,4.0,4,80,80.0,320,320.0,320
TeamB-ab691983-3544-4a0e-8f70-db44d85cb907,TeamB,2020-03-09,1,5.0,5,100,100.0,500,500.0,500
TeamB-ab691983-3544-4a0e-8f70-db44d85cb907,TeamB,2020-03-10,1,7.0,7,50,50.0,350,350.0,350
TeamB-ab691983-3544-4a0e-8f70-db44d85cb907,TeamB,2020-03-13,1,6.0,6,60,60.0,360,360.0,360
TeamB-ab691983-3544-4a0e-8f70-db44d85cb907,TeamB,2020-03-14,1,6.0,6,60,60.0,360,360.0,360
TeamB-ab691983-3544-4a0e-8f70-db44d85cb907,TeamB,2020-03-16,2,5.5,7,120,60.0,720,360.0,560
TeamB-ab691983-3544-4a0e-8f70-db44d85cb907,TeamB,2020-03-17,1,9.0,9,80,80.0,720,720.0,720
TeamB-ab691983-3544-4a0e-8f70-db44d85cb907,TeamB,2020-03-19,1,8.0,8,120,120.0,960,960.0,960
TeamB-ab691983-3544-4a0e-8f70-db44d85cb907,TeamB,2020-03-20,1,5.0,5,60,60.0,300,300.0,300
TeamB-ab691983-3544-4a0e-8f70-db44d85cb907,TeamB,2020-03-21,1,3.0,3,80,80.0,240,240.0,240
TeamB-ab691983-3544-4a0e-8f70-db44d85cb907,TeamB,2020-03-22,1,7.0,7,70,70.0,490,490.0,490
TeamB-ab691983-3544-4a0e-8f70-db44d85cb907,TeamB,2020-03-23,1,8.0,8,70,70.0,560,560.0,560
TeamB-ab691983-3544-4a0e-8f70-db44d85cb907,TeamB,2020-03-24,1,7.0,7,90,90.0,630,630.0,630
TeamB-ab691983-3544-4a0e-8f70-db44d85cb907,TeamB,2020-03-26,1,9.0,9,120,120.0,1080,1080.0,1080
TeamB-ab691983-3544-4a0e-8f70-db44d85cb907,TeamB,2020-03-27,1,5.0,5,60,60.0,300,300.0,300
TeamB-ab691983-3544-4a0e-8f70-db44d85cb907,TeamB,2020-03-28,1,7.0,7,100,100.0,700,700.0,700
TeamB-ab691983-3544-4a0e-8f70-db44d85cb907,TeamB,2020-03-30,1,9.0,9,90,90.0,810,810.0,810
TeamB-ab691983-3544-4a0e-8f70-db44d85cb907,TeamB,2020-03-31,1,8.0,8,100,100.0,800,800.0,800
TeamB-ab691983-3544-4a0e-8f70-db44d85cb907,TeamB,2020-04-01,1,3.0,3,40,40.0,120,120.0,120
TeamB-ab691983-3544-4a0e-8f70-db44d85cb907,TeamB,2020-04-02,1,7.0,7,90,90.0,630,630.0,630
TeamB-ab691983-3544-4a0e-8f70-db44d85cb907,TeamB,2020-04-03,1,6.0,6,90,90.0,540,540.0,540
TeamB-ab691983-3544-4a0e-8f70-db44d85cb907,TeamB,2020-04-04,1,7.0,7,120,120.0,840,840.0,840
TeamB-ab691983-3544-4a0e-8f70-db44d85cb907,TeamB,2020-04-05,1,6.0,6,50,50.0,300,300.0,300
TeamB-ab691983-3544-4a0e-8f70-db44d85cb907,TeamB,2020-04-06,1,7.0,7,90,90.0,630,630.0,630
TeamB-ab691983-3544-4a0e-8f70-db44d85cb907,TeamB,2020-04-07,1,7.0,7,90,90.0,630,630.0,630
TeamB-ab691983-3544-4a0e-8f70-db44d85cb907,TeamB,2020-04-08,1,8.0,8,60,60.0,480,480.0,480
TeamB-ab691983-3544-4a0e-8f70-db44d85cb907,TeamB,2020-04-09,1,8.0,8,110,110.0,880,880.0,880
TeamB-ab691983-3544-4a0e-8f70-db44d85cb907,TeamB,2020-04-10,1,7.0,7,30,30.0,210,210.0,210
TeamB-ab691983-3544-4a0e-8f70-db44d85cb907,TeamB,2020-04-11,1,6.0,6,90,90.0,540,540.0,540
TeamB-ab691983-3544-4a0e-8f70-db44d85cb907,TeamB,2020-04-13,1,5.0,5,50,50.0,250,250.0,250
TeamB-ab691983-3544-4a0e-8f70-db44d85cb907,TeamB,2020-04-14,1,6.0,6,80,80.0,480,480.0,480
TeamB-ab691983-3544-4a0e-8f70-db44d85cb907,TeamB,2020-04-16,1,7.0,7,40,40.0,280,280.0,280
TeamB-ab691983-3544-4a0e-8f70-db44d85cb907,TeamB,2020-04-18,1,6.0,6,60,60.0,360,360.0,360
TeamB-ab691983-3544-4a0e-8f70-db44d85cb907,TeamB,2020-04-20,1,10.0,10,90,90.0,900,900.0,900
TeamB-ab691983-3544-4a0e-8f70-db44d85cb907,TeamB,2020-04-21,1,5.0,5,60,60.0,300,300.0,300
TeamB-ab691983-3544-4a0e-8f70-db44d85cb907,TeamB,2020-04-22,1,8.0,8,60,60.0,480,480.0,480
TeamB-ab691983-3544-4a0e-8f70-db44d85cb907,TeamB,2020-04-24,1,7.0,7,80,80.0,560,560.0,560
TeamB-ab691983-3544-4a0e-8f70-db44d85cb907,TeamB,2020-04-25,1,8.0,8,110,110.0,880,880.0,880
TeamB-ab691983-3544-4a0e-8f70-db44d85cb907,TeamB,2020-04-27,1,7.0,7,90,90.0,630,630.0,630
TeamB-ab691983-3544-4a0e-8f70-db44d85cb907,TeamB,2020-04-28,1,7.0,7,90,90.0,630,630.0,630
TeamB-ab691983-3544-4a0e-8f70-db44d85cb907,TeamB,2020-04-29,1,7.0,7,100,100.0,700,700.0,700
TeamB-ab691983-3544-4a0e-8f70-db44d85cb907,TeamB,2020-04-30,1,6.0,6,90,90.0,540,540.0,540
TeamB-ab691983-3544-4a0e-8f70-db44d85cb907,TeamB,2020-05-05,1,7.0,7,90,90.0,630,630.0,630
TeamB-ab691983-3544-4a0e-8f70-db44d85cb907,TeamB,2020-05-06,1,8.0,8,60,60.0,480,480.0,480
TeamB-ab691983-3544-4a0e-8f70-db44d85cb907,TeamB,2020-05-07,1,6.0,6,80,80.0,480,480.0,480
TeamB-ab691983-3544-4a0e-8f70-db44d85cb907,TeamB,2020-05-18,1,5.0,5,110,110.0,550,550.0,550
TeamB-ab691983-3544-4a0e-8f70-db44d85cb907,TeamB,2020-05-19,1,8.0,8,110,110.0,880,880.0,880
TeamB-ab691983-3544-4a0e-8f70-db44d85cb907,TeamB,2020-05-21,1,8.0,8,120,120.0,960,960.0,960
TeamB-ab691983-3544-4a0e-8f70-db44d85cb907,TeamB,2020-05-22,1,5.0,5,60,60.0,300,300.0,300
TeamB-ab691983-3544-4a0e-8f70-db44d85cb907,TeamB,2020-05-23,1,5.0,5,50,50.0,250,250.0,250
TeamB-ab691983-3544-4a0e-8f70-db44d85cb907,TeamB,2020-05-25,1,4.0,4,60,60.0,240,240.0,240
TeamB-ab691983-3544-4a0e-8f70-db44d85cb907,TeamB,2020-05-28,1,7.0,7,90,90.0,630,630.0,630
TeamB-ab691983-3544-4a0e-8f70-db44d85cb907,TeamB,2020-06-01,1,6.0,6,100,100.0,600,600.0,600
TeamB-ab691983-3544-4a0e-8f70-db44d85cb907,TeamB,2020-06-02,1,8.0,8,80,80.0,640,640.0,640
TeamB-ab691983-3544-4a0e-8f70-db44d85cb907,TeamB,2020-06-03,1,3.0,3,60,60.0,180,180.0,180
TeamB-ab691983-3544-4a0e-8f70-db44d85cb907,TeamB,2020-06-04,1,6.0,6,80,80.0,480,480.0,480
TeamB-ab691983-3544-4a0e-8f70-db44d85cb907,TeamB,2020-06-05,1,5.0,5,90,90.0,450,450.0,450
TeamB-ab691983-3544-4a0e-8f70-db44d85cb907,TeamB,2020-06-06,1,4.0,4,50,50.0,200,200.0,200
TeamB-ab691983-3544-4a0e-8f70-db44d85cb907,TeamB,2020-06-08,1,9.0,9,80,80.0,720,720.0,720
TeamB-ab691983-3544-4a0e-8f70-db44d85cb907,TeamB,2020-06-09,1,6.0,6,80,80.0,480,480.0,480
TeamB-ab691983-3544-4a0e-8f70-db44d85cb907,TeamB,2020-06-10,1,8.0,8,90,90.0,720,720.0,720
TeamB-ab691983-3544-4a0e-8f70-db44d85cb907,TeamB,2020-06-11,1,5.0,5,60,60.0,300,300.0,300
TeamB-ab691983-3544-4a0e-8f70-db44d85cb907,TeamB,2020-06-12,1,3.0,3,80,80.0,240,240.0,240
TeamB-ab691983-3544-4a0e-8f70-db44d85cb907,TeamB,2020-06-13,1,8.0,8,80,80.0,640,640.0,640
TeamB-ab691983-3544-4a0e-8f70-db44d85cb907,TeamB,2020-06-15,1,4.0,4,60,60.0,240,240.0,240
TeamB-ab691983-3544-4a0e-8f70-db44d85cb907,TeamB,2020-06-16,1,9.0,9,100,100.0,900,900.0,900
TeamB-ab691983-3544-4a0e-8f70-db44d85cb907,TeamB,2020-06-17,1,6.0,6,80,80.0,480,480.0,480
TeamB-ab691983-3544-4a0e-8f70-db44d85cb907,TeamB,2020-06-18,1,10.0,10,90,90.0,900,900.0,900
TeamB-ab691983-3544-4a0e-8f70-db44d85cb907,TeamB,2020-06-22,1,7.0,7,90,90.0,630,630.0,630
TeamB-ab691983-3544-4a0e-8f70-db44d85cb907,TeamB,2020-06-23,1,9.0,9,90,90.0,810,810.0,810
TeamB-ab691983-3544-4a0e-8f70-db44d85cb907,TeamB,2020-06-25,1,4.0,4,70,70.0,280,280.0,280
TeamB-ab691983-3544-4a0e-8f70-db44d85cb907,TeamB,2020-06-26,1,5.0,5,60,60.0,300,300.0,300
TeamB-ab691983-3544-4a0e-8f70-db44d85cb907,TeamB,2020-06-27,1,8.0,8,90,90.0,720,720.0,720
TeamB-ab691983-3544-4a0e-8f70-db44d85cb907,TeamB,2020-06-29,1,4.0,4,50,50.0,200,200.0,200
TeamB-ab691983-3544-4a0e-8f70-db44d85cb907,TeamB,2020-06-30,1,9.0,9,90,90.0,810,810.0,810
TeamB-ab691983-3544-4a0e-8f70-db44d85cb907,TeamB,2020-07-01,1,7.0,7,90,90.0,630,630.0,630
TeamB-ab691983-3544-4a0e-8f70-db44d85cb907,TeamB,2020-07-04,1,10.0,10,90,90.0,900,900.0,900
TeamB-ab691983-3544-4a0e-8f70-db44d85cb907,TeamB,2020-07-05,1,6.0,6,90,90.0,540,540.0,540
TeamB-ab691983-3544-4a0e-8f70-db44d85cb907,TeamB,2020-07-07,1,9.0,9,90,90.0,810,810.0,810
TeamB-ab691983-3544-4a0e-8f70-db44d85cb907,TeamB,2020-07-08,1,4.0,4,60,60.0,240,240.0,240
TeamB-ab691983-3544-4a0e-8f70-db44d85cb907,TeamB,2020-07-09,1,6.0,6,90,90.0,540,540.0,540
TeamB-ab691983-3544-4a0e-8f70-db44d85cb907,TeamB,2020-07-10,1,9.0,9,90,90.0,810,810.0,810
TeamB-ab691983-3544-4a0e-8f70-db44d85cb907,TeamB,2020-07-13,1,7.0,7,90,90.0,630,630.0,630
TeamB-ab691983-3544-4a0e-8f70-db44d85cb907,TeamB,2020-07-14,1,7.0,7,90,90.0,630,630.0,630
TeamB-ab691983-3544-4a0e-8f70-db44d85cb907,TeamB,2020-07-15,1,7.0,7,90,90.0,630,630.0,630
TeamB-ab691983-3544-4a0e-8f70-db44d85cb907,TeamB,2020-07-16,1,5.0,5,60,60.0,300,300.0,300
TeamB-ab691983-3544-4a0e-8f70-db44d85cb907,TeamB,2020-07-17,1,7.0,7,70,70.0,490,490.0,490
TeamB-ab691983-3544-4a0e-8f70-db44d85cb907,TeamB,2020-07-18,1,10.0,10,90,90.0,900,900.0,900
TeamB-ab691983-3544-4a0e-8f70-db44d85cb907,TeamB,2020-07-20,1,3.0,3,60,60.0,180,180.0,180
TeamB-ab691983-3544-4a0e-8f70-db44d85cb907,TeamB,2020-07-21,1,10.0,10,90,90.0,900,900.0,900
TeamB-ab691983-3544-4a0e-8f70-db44d85cb907,TeamB,2020-07-22,1,3.0,3,70,70.0,210,210.0,210
TeamB-ab691983-3544-4a0e-8f70-db44d85cb907,TeamB,2020-07-23,1,5.0,5,60,60.0,300,300.0,300
TeamB-ab691983-3544-4a0e-8f70-db44d85cb907,TeamB,2020-07-24,1,10.0,10,90,90.0,900,900.0,900
TeamB-ab691983-3544-4a0e-8f70-db44d85cb907,TeamB,2020-07-27,2,6.5,7,100,50.0,660,330.0,420
TeamB-ab691983-3544-4a0e-8f70-db44d85cb907,TeamB,2020-07-28,1,9.0,9,100,100.0,900,900.0,900
TeamB-ab691983-3544-4a0e-8f70-db44d85cb907,TeamB,2020-07-29,1,7.0,7,80,80.0,560,560.0,560
TeamB-ab691983-3544-4a0e-8f70-db44d85cb907,TeamB,2020-07-31,1,8.0,8,90,90.0,720,720.0,720
TeamB-ab691983-3544-4a0e-8f70-db44d85cb907,TeamB,2020-08-01,1,10.0,10,90,90.0,900,900.0,900
TeamB-ab691983-3544-4a0e-8f70-db44d85cb907,TeamB,2020-08-03,1,3.0,3,40,40.0,120,120.0,120
TeamB-ab691983-3544-4a0e-8f70-db44d85cb907,TeamB,2020-08-04,1,8.0,8,90,90.0,720,720.0,720
TeamB-ab691983-3544-4a0e-8f70-db44d85cb907,TeamB,2020-08-05,1,4.0,4,60,60.0,240,240.0,240
TeamB-ab691983-3544-4a0e-8f70-db44d85cb907,TeamB,2020-08-06,1,7.0,7,70,70.0,490,490.0,490
TeamB-ab691983-3544-4a0e-8f70-db44d85cb907,TeamB,2020-08-07,1,10.0,10,90,90.0,900,900.0,900
TeamB-ab691983-3544-4a0e-8f70-db44d85cb907,TeamB,2020-08-10,1,7.0,7,90,90.0,630,630.0,630
TeamB-ab691983-3544-4a0e-8f70-db44d85cb907,TeamB,2020-08-11,1,8.0,8,70,70.0,560,560.0,560
TeamB-ab691983-3544-4a0e-8f70-db44d85cb907,TeamB,2020-08-12,1,10.0,10,90,90.0,900,900.0,900
TeamB-ab691983-3544-4a0e-8f70-db44d85cb907,TeamB,2020-08-14,1,3.0,3,60,60.0,180,180.0,180
TeamB-ab691983-3544-4a0e-8f70-db44d85cb907,TeamB,2020-08-15,1,7.0,7,70,70.0,490,490.0,490
TeamB-ab691983-3544-4a0e-8f70-db44d85cb907,TeamB,2020-08-16,1,9.0,9,90,90.0,810,810.0,810
TeamB-ab691983-3544-4a0e-8f70-db44d85cb907,TeamB,2020-08-18,1,5.0,5,60,60.0,300,300.0,300
TeamB-ab691983-3544-4a0e-8f70-db44d85cb907,TeamB,2020-08-19,1,8.0,8,90,90.0,720,720.0,720
TeamB-ab691983-3544-4a0e-8f70-db44d85cb907,TeamB,2020-08-20,1,4.0,4,90,90.0,360,360.0,360
TeamB-ab691983-3544-4a0e-8f70-db44d85cb907,TeamB,2020-08-21,1,6.0,6,60,60.0,360,360.0,360
TeamB-ab691983-3544-4a0e-8f70-db44d85cb907,TeamB,2020-08-22,1,9.0,9,90,90.0,810,810.0,810
TeamB-ab691983-3544-4a0e-8f70-db44d85cb907,TeamB,2020-08-24,1,3.0,3,60,60.0,180,180.0,180
TeamB-ab691983-3544-4a0e-8f70-db44d85cb907,TeamB,2020-08-25,1,6.0,6,70,70.0,420,420.0,420
TeamB-ab691983-3544-4a0e-8f70-db44d85cb907,TeamB,2020-08-26,1,8.0,8,80,80.0,640,640.0,640
TeamB-ab691983-3544-4a0e-8f70-db44d85cb907,TeamB,2020-09-03,1,7.0,7,70,70.0,490,490.0,490
TeamB-ab691983-3544-4a0e-8f70-db44d85cb907,TeamB,2020-09-04,1,7.0,7,80,80.0,560,560.0,560
TeamB-ab691983-3544-4a0e-8f70-db44d85cb907,TeamB,2020-09-05,1,9.0,9,90,90.0,810,810.0,810
TeamB-ab691983-3544-4a0e-8f70-db44d85cb907,TeamB,2020-09-07,2,4.5,7,110,55.0,520,260.0,420
TeamB-ab691983-3544-4a0e-8f70-db44d85cb907,TeamB,2020-09-08,1,4.0,4,40,40.0,160,160.0,160
TeamB-ab691983-3544-4a0e-8f70-db44d85cb907,TeamB,2020-09-11,1,7.0,7,70,70.0,490,490.0,490
TeamB-ab691983-3544-4a0e-8f70-db44d85cb907,TeamB,2020-09-12,1,10.0,10,90,90.0,900,900.0,900
TeamB-ab691983-3544-4a0e-8f70-db44d85cb907,TeamB,2020-09-21,1,7.0,7,70,70.0,490,490.0,490
TeamB-ab691983-3544-4a0e-8f70-db44d85cb907,TeamB,2020-09-22,1,10.0,10,90,90.0,900,900.0,900
TeamB-ab691983-3544-4a0e-8f70-db44d85cb907,TeamB,2020-09-24,1,2.0,2,40,40.0,80,80.0,80
TeamB-ab691983-3544-4a0e-8f70-db44d85cb907,TeamB,2020-09-25,1,8.0,8,100,100.0,800,800.0,800
TeamB-ab691983-3544-4a0e-8f70-db44d85cb907,TeamB,2020-09-26,1,7.0,7,70,70.0,490,490.0,490
TeamB-ab691983-3544-4a0e-8f70-db44d85cb907,TeamB,2020-09-27,1,10.0,10,90,90.0,900,900.0,900
TeamB-ab691983-3544-4a0e-8f70-db44d85cb907,TeamB,2020-09-29,1,3.0,3,60,60.0,180,180.0,180
TeamB-ab691983-3544-4a0e-8f70-db44d85cb907,TeamB,2020-09-30,1,10.0,10,120,120.0,1200,1200.0,1200
TeamB-ab691983-3544-4a0e-8f70-db44d85cb907,TeamB,2020-10-02,2,6.5,10,160,80.0,1320,660.0,1200
TeamB-ab691983-3544-4a0e-8f70-db44d85cb907,TeamB,2020-10-05,1,7.0,7,110,110.0,770,770.0,770
TeamB-ab691983-3544-4a0e-8f70-db44d85cb907,TeamB,2020-10-06,1,5.0,5,70,70.0,350,350.0,350
TeamB-ab691983-3544-4a0e-8f70-db44d85cb907,TeamB,2020-10-07,1,10.0,10,120,120.0,1200,1200.0,1200
TeamB-ab691983-3544-4a0e-8f70-db44d85cb907,TeamB,2020-10-08,1,2.0,2,60,60.0,120,120.0,120
TeamB-ab691983-3544-4a0e-8f70-db44d85cb907,TeamB,2020-10-10,1,6.0,6,80,80.0,480,480.0,480
TeamB-ab691983-3544-4a0e-8f70-db44d85cb907,TeamB,2020-10-11,1,7.0,7,70,70.0,490,490.0,490
TeamB-ab691983-3544-4a0e-8f70-db44d85cb907,TeamB,2020-10-13,2,4.5,6,140,70.0,690,345.0,540
TeamB-ab691983-3544-4a0e-8f70-db44d85cb907,TeamB,2020-10-14,1,7.0,7,80,80.0,560,560.0,560
TeamB-ab691983-3544-4a0e-8f70-db44d85cb907,TeamB,2020-10-17,1,7.0,7,70,70.0,490,490.0,490
TeamB-ab691983-3544-4a0e-8f70-db44d85cb907,TeamB,2020-10-18,1,10.0,10,90,90.0,900,900.0,900
TeamB-ab691983-3544-4a0e-8f70-db44d85cb907,TeamB,2020-10-21,1,6.0,6,90,90.0,540,540.0,540
TeamB-ab691983-3544-4a0e-8f70-db44d85cb907,TeamB,2020-10-22,1,8.0,8,60,60.0,480,480.0,480
TeamB-ab691983-3544-4a0e-8f70-db44d85cb907,TeamB,2020-10-23,1,7.0,7,60,60.0,420,420.0,420
TeamB-ab691983-3544-4a0e-8f70-db44d85cb907,TeamB,2020-10-24,1,8.0,8,80,80.0,640,640.0,640
TeamB-ab691983-3544-4a0e-8f70-db44d85cb907,TeamB,2020-10-25,1,7.0,7,80,80.0,560,560.0,560
TeamB-ab691983-3544-4a0e-8f70-db44d85cb907,TeamB,2020-10-27,1,10.0,10,90,90.0,900,900.0,900
TeamB-ab691983-3544-4a0e-8f70-db44d85cb907,TeamB,2020-10-29,1,3.0,3,40,40.0,120,120.0,120
TeamB-ab691983-3544-4a0e-8f70-db44d85cb907,TeamB,2020-10-30,2,5.5,7,130,65.0,700,350.0,420
TeamB-ab691983-3544-4a0e-8f70-db44d85cb907,TeamB,2020-11-01,1,9.0,9,90,90.0,810,810.0,810
TeamB-ab691983-3544-4a0e-8f70-db44d85cb907,TeamB,2020-11-02,1,3.0,3,60,60.0,180,180.0,180
TeamB-ab691983-3544-4a0e-8f70-db44d85cb907,TeamB,2020-11-03,1,6.0,6,60,60.0,360,360.0,360
TeamB-ab691983-3544-4a0e-8f70-db44d85cb907,TeamB,2020-11-04,1,1.0,1,10,10.0,10,10.0,10
TeamB-ab691983-3544-4a0e-8f70-db44d85cb907,TeamB,2020-11-05,1,4.0,4,30,30.0,120,120.0,120
TeamB-ab691983-3544-4a0e-8f70-db44d85cb907,TeamB,2020-11-06,1,7.0,7,60,60.0,420,420.0,420
TeamB-ab691983-3544-4a0e-8f70-db44d85cb907,TeamB,2020-11-08,1,9.0,9,90,90.0,810,810.0,810
TeamB-ab691983-3544-4a0e-8f70-db44d85cb907,TeamB,2020-11-10,1,6.0,6,60,60.0,360,360.0,360
TeamB-ab691983-3544-4a0e-8f70-db44d85cb907,TeamB,2020-11-11,1,9.0,9,90,90.0,810,810.0,810
TeamB-ab691983-3544-4a0e-8f70-db44d85cb907,TeamB,2020-11-12,1,4.0,4,60,60.0,240,240.0,240
TeamB-ab691983-3544-4a0e-8f70-db44d85cb907,TeamB,2020-11-14,1,8.0,8,110,110.0,880,880.0,880
TeamB-ab691983-3544-4a0e-8f70-db44d85cb907,TeamB,2020-11-16,1,3.0,3,60,60.0,180,180.0,180
TeamB-ab691983-3544-4a0e-8f70-db44d85cb907,TeamB,2020-11-19,2,6.0,6,110,55.0,660,330.0,360
TeamB-ab691983-3544-4a0e-8f70-db44d85cb907,TeamB,2020-11-21,1,7.0,7,60,60.0,420,420.0,420
TeamB-ab691983-3544-4a0e-8f70-db44d85cb907,TeamB,2020-11-22,1,8.0,8,90,90.0,720,720.0,720
TeamB-ab691983-3544-4a0e-8f70-db44d85cb907,TeamB,2020-11-24,1,7.0,7,60,60.0,420,420.0,420
TeamB-ab691983-3544-4a0e-8f70-db44d85cb907,TeamB,2020-11-25,1,7.0,7,60,60.0,420,420.0,420
TeamB-ab691983-3544-4a0e-8f70-db44d85cb907,TeamB,2020-11-26,1,9.0,9,90,90.0,810,810.0,810
TeamB-ab691983-3544-4a0e-8f70-db44d85cb907,TeamB,2020-11-27,1,3.0,3,50,50.0,150,150.0,150
TeamB-ab691983-3544-4a0e-8f70-db44d85cb907,TeamB,2020-11-28,1,6.0,6,70,70.0,420,420.0,420
TeamB-ab691983-3544-4a0e-8f70-db44d85cb907,TeamB,2020-11-29,1,6.0,6,70,70.0,420,420.0,420
TeamB-ab691983-3544-4a0e-8f70-db44d85cb907,TeamB,2020-11-30,1,7.0,7,70,70.0,490,490.0,490
TeamB-ab691983-3544-4a0e-8f70-db44d85cb907,TeamB,2020-12-01,1,8.0,8,90,90.0,720,720.0,720
TeamB-ab691983-3544-4a0e-8f70-db44d85cb907,TeamB,2020-12-04,1,8.0,8,80,80.0,640,640.0,640
TeamB-ab691983-3544-4a0e-8f70-db44d85cb907,TeamB,2020-12-05,1,6.0,6,60,60.0,360,360.0,360
TeamB-ab691983-3544-4a0e-8f70-db44d85cb907,TeamB,2020-12-06,1,10.0,10,90,90.0,900,900.0,900
TeamB-ab691983-3544-4a0e-8f70-db44d85cb907,TeamB,2021-01-17,1,5.0,5,90,90.0,450,450.0,450
TeamB-ab691983-3544-4a0e-8f70-db44d85cb907,TeamB,2021-01-18,2,7.5,8,190,95.0,1430,715.0,800
TeamB-ab691983-3544-4a0e-8f70-db44d85cb907,TeamB,2021-01-20,1,7.0,7,90,90.0,630,630.0,630
TeamB-ab691983-3544-4a0e-8f70-db44d85cb907,TeamB,2021-01-21,1,7.0,7,40,40.0,280,280.0,280
TeamB-ab691983-3544-4a0e-8f70-db44d85cb907,TeamB,2021-01-22,1,6.0,6,70,70.0,420,420.0,420
TeamB-ab691983-3544-4a0e-8f70-db44d85cb907,TeamB,2021-01-24,2,7.5,9,120,60.0,900,450.0,540
TeamB-ab691983-3544-4a0e-8f70-db44d85cb907,TeamB,2021-01-25,1,6.0,6,60,60.0,360,360.0,360
TeamB-ab691983-3544-4a0e-8f70-db44d85cb907,TeamB,2021-01-26,1,5.0,5,60,60.0,300,300.0,300
TeamB-ab691983-3544-4a0e-8f70-db44d85cb907,TeamB,2021-01-28,1,6.0,6,60,60.0,360,360.0,360
TeamB-ab691983-3544-4a0e-8f70-db44d85cb907,TeamB,2021-01-29,1,7.0,7,70,70.0,490,490.0,490
TeamB-ab691983-3544-4a0e-8f70-db44d85cb907,TeamB,2021-01-30,1,9.0,9,80,80.0,720,720.0,720
TeamB-ab691983-3544-4a0e-8f70-db44d85cb907,TeamB,2021-02-01,1,7.0,7,110,110.0,770,770.0,770
TeamB-ab691983-3544-4a0e-8f70-db44d85cb907,TeamB,2021-02-03,1,4.0,4,60,60.0,240,240.0,240
TeamB-ab691983-3544-4a0e-8f70-db44d85cb907,TeamB,2021-02-04,1,7.0,7,90,90.0,630,630.0,630
TeamB-ab691983-3544-4a0e-8f70-db44d85cb907,TeamB,2021-02-05,1,3.0,3,60,60.0,180,180.0,180
TeamB-ab691983-3544-4a0e-8f70-db44d85cb907,TeamB,2021-02-07,1,8.0,8,110,110.0,880,880.0,880
TeamB-ab691983-3544-4a0e-8f70-db44d85cb907,TeamB,2021-02-11,1,10.0,10,120,120.0,1200,1200.0,1200
TeamB-ab691983-3544-4a0e-8f70-db44d85cb907,TeamB,2021-02-15,2,6.5,7,110,55.0,710,355.0,360
TeamB-ab691983-3544-4a0e-8f70-db44d85cb907,TeamB,2021-02-16,1,7.0,7,60,60.0,420,420.0,420
TeamB-ab691983-3544-4a0e-8f70-db44d85cb907,TeamB,2021-02-18,2,4.5,6,90,45.0,450,225.0,360
TeamB-ab691983-3544-4a0e-8f70-db44d85cb907,TeamB,2021-02-20,1,6.0,6,70,70.0,420,420.0,420
TeamB-ab691983-3544-4a0e-8f70-db44d85cb907,TeamB,2021-02-21,2,5.5,6,150,75.0,840,420.0,540
TeamB-ab691983-3544-4a0e-8f70-db44d85cb907,TeamB,2021-02-24,2,4.5,7,120,60.0,540,270.0,420
TeamB-ab691983-3544-4a0e-8f70-db44d85cb907,TeamB,2021-02-26,2,6.0,8,150,75.0,960,480.0,720
TeamB-ab691983-3544-4a0e-8f70-db44d85cb907,TeamB,2021-03-01,2,4.5,6,150,75.0,720,360.0,540
TeamB-ab691983-3544-4a0e-8f70-db44d85cb907,TeamB,2021-03-02,1,7.0,7,100,100.0,700,700.0,700
TeamB-ab691983-3544-4a0e-8f70-db44d85cb907,TeamB,2021-03-04,2,5.5,7,150,75.0,870,435.0,630
TeamB-ab691983-3544-4a0e-8f70-db44d85cb907,TeamB,2021-03-05,1,7.0,7,100,100.0,700,700.0,700
TeamB-ab691983-3544-4a0e-8f70-db44d85cb907,TeamB,2021-03-06,2,7.0,8,140,70.0,1000,500.0,640
TeamB-ab691983-3544-4a0e-8f70-db44d85cb907,TeamB,2021-03-08,2,6.0,7,150,75.0,890,445.0,490
TeamB-ab691983-3544-4a0e-8f70-db44d85cb907,TeamB,2021-03-09,1,8.0,8,110,110.0,880,880.0,880
TeamB-ab691983-3544-4a0e-8f70-db44d85cb907,TeamB,2021-03-11,1,8.0,8,90,90.0,720,720.0,720
TeamB-ab691983-3544-4a0e-8f70-db44d85cb907,TeamB,2021-03-12,1,6.0,6,90,90.0,540,540.0,540
TeamB-ab691983-3544-4a0e-8f70-db44d85cb907,TeamB,2021-03-13,2,6.0,6,150,75.0,900,450.0,540
TeamB-ab691983-3544-4a0e-8f70-db44d85cb907,TeamB,2021-03-15,2,8.0,9,170,85.0,1370,685.0,810
TeamB-ab691983-3544-4a0e-8f70-db44d85cb907,TeamB,2021-03-18,2,5.5,6,170,85.0,960,480.0,660
TeamB-ab691983-3544-4a0e-8f70-db44d85cb907,TeamB,2021-03-19,1,5.0,5,90,90.0,450,450.0,450
TeamB-ab691983-3544-4a0e-8f70-db44d85cb907,TeamB,2021-03-22,1,8.0,8,120,120.0,960,960.0,960
TeamB-ab691983-3544-4a0e-8f70-db44d85cb907,TeamB,2021-03-23,1,8.0,8,180,180.0,1440,1440.0,1440
TeamB-ab691983-3544-4a0e-8f70-db44d85cb907,TeamB,2021-03-25,1,9.0,9,120,120.0,1080,1080.0,1080
TeamB-ab691983-3544-4a0e-8f70-db44d85cb907,TeamB,2021-03-26,1,6.0,6,90,90.0,540,540.0,540
TeamB-ab691983-3544-4a0e-8f70-db44d85cb907,TeamB,2021-03-27,1,8.0,8,120,120.0,960,960.0,960
TeamB-ab691983-3544-4a0e-8f70-db44d85cb907,TeamB,2021-03-29,1,7.0,7,90,90.0,630,630.0,630
TeamB-ab691983-3544-4a0e-8f70-db44d85cb907,TeamB,2021-03-30,1,8.0,8,180,180.0,1440,1440.0,1440
TeamB-ab691983-3544-4a0e-8f70-db44d85cb907,TeamB,2021-04-06,1,9.0,9,120,120.0,1080,1080.0,1080
TeamB-ab691983-3544-4a0e-8f70-db44d85cb907,TeamB,2021-04-08,1,8.0,8,120,120.0,960,960.0,960
TeamB-ab691983-3544-4a0e-8f70-db44d85cb907,TeamB,2021-04-09,1,5.0,5,90,90.0,450,450.0,450
TeamB-ab691983-3544-4a0e-8f70-db44d85cb907,TeamB,2021-04-10,1,9.0,9,180,180.0,1620,1620.0,1620
TeamB-ab691983-3544-4a0e-8f70-db44d85cb907,TeamB,2021-04-12,1,8.0,8,180,180.0,1440,1440.0,1440
TeamB-ab691983-3544-4a0e-8f70-db44d85cb907,TeamB,2021-04-13,1,7.0,7,120,120.0,840,840.0,840
TeamB-ab691983-3544-4a0e-8f70-db44d85cb907,TeamB,2021-04-15,1,7.0,7,100,100.0,700,700.0,700
TeamB-ab691983-3544-4a0e-8f70-db44d85cb907,TeamB,2021-04-16,1,6.0,6,90,90.0,540,540.0,540
TeamB-ab691983-3544-4a0e-8f70-db44d85cb907,TeamB,2021-04-17,1,8.0,8,90,90.0,720,720.0,720
TeamB-ab691983-3544-4a0e-8f70-db44d85cb907,TeamB,2021-04-19,1,6.0,6,120,120.0,720,720.0,720
TeamB-ab691983-3544-4a0e-8f70-db44d85cb907,TeamB,2021-04-20,1,9.0,9,90,90.0,810,810.0,810
TeamB-ab691983-3544-4a0e-8f70-db44d85cb907,TeamB,2021-04-26,2,5.5,7,150,75.0,780,390.0,420
TeamB-ab691983-3544-4a0e-8f70-db44d85cb907,TeamB,2021-04-27,1,10.0,10,120,120.0,1200,1200.0,1200
TeamB-ab691983-3544-4a0e-8f70-db44d85cb907,TeamB,2021-04-28,1,5.0,5,60,60.0,300,300.0,300
TeamB-ab691983-3544-4a0e-8f70-db44d85cb907,TeamB,2021-04-29,1,7.0,7,60,60.0,420,420.0,420
TeamB-ab691983-3544-4a0e-8f70-db44d85cb907,TeamB,2021-05-01,1,7.0,7,60,60.0,420,420.0,420
TeamB-ab691983-3544-4a0e-8f70-db44d85cb907,TeamB,2021-05-04,1,7.0,7,60,60.0,420,420.0,420
TeamB-ab691983-3544-4a0e-8f70-db44d85cb907,TeamB,2021-05-05,1,8.0,8,120,120.0,960,960.0,960
TeamB-ab691983-3544-4a0e-8f70-db44d85cb907,TeamB,2021-05-07,1,4.0,4,60,60.0,240,240.0,240
TeamB-ab691983-3544-4a0e-8f70-db44d85cb907,TeamB,2021-05-08,1,7.0,7,80,80.0,560,560.0,560
TeamB-ab691983-3544-4a0e-8f70-db44d85cb907,TeamB,2021-05-10,1,2.0,2,60,60.0,120,120.0,120
TeamB-ab691983-3544-4a0e-8f70-db44d85cb907,TeamB,2021-05-11,1,8.0,8,90,90.0,720,720.0,720
TeamB-ab691983-3544-4a0e-8f70-db44d85cb907,TeamB,2021-05-12,1,6.0,6,60,60.0,360,360.0,360
TeamB-ab691983-3544-4a0e-8f70-db44d85cb907,TeamB,2021-05-14,1,4.0,4,60,60.0,240,240.0,240
TeamB-ab691983-3544-4a0e-8f70-db44d85cb907,TeamB,2021-05-15,1,9.0,9,90,90.0,810,810.0,810
TeamB-ab691983-3544-4a0e-8f70-db44d85cb907,TeamB,2021-05-18,1,8.0,8,90,90.0,720,720.0,720
TeamB-ab691983-3544-4a0e-8f70-db44d85cb907,TeamB,2021-05-19,1,7.0,7,90,90.0,630,630.0,630
TeamB-ab691983-3544-4a0e-8f70-db44d85cb907,TeamB,2021-05-21,1,7.0,7,60,60.0,420,420.0,420
TeamB-ab691983-3544-4a0e-8f70-db44d85cb907,TeamB,2021-05-22,1,10.0,10,90,90.0,900,900.0,900
TeamB-ab691983-3544-4a0e-8f70-db44d85cb907,TeamB,2021-05-24,1,6.0,6,60,60.0,360,360.0,360
TeamB-ab691983-3544-4a0e-8f70-db44d85cb907,TeamB,2021-05-25,1,8.0,8,100,100.0,800,800.0,800
TeamB-ab691983-3544-4a0e-8f70-db44d85cb907,TeamB,2021-05-26,1,7.0,7,90,90.0,630,630.0,630
TeamB-ab691983-3544-4a0e-8f70-db44d85cb907,TeamB,2021-05-28,1,6.0,6,60,60.0,360,360.0,360
TeamB-ab691983-3544-4a0e-8f70-db44d85cb907,TeamB,2021-05-29,1,9.0,9,90,90.0,810,810.0,810
TeamB-ab691983-3544-4a0e-8f70-db44d85cb907,TeamB,2021-05-31,2,6.0,6,140,70.0,840,420.0,480
TeamB-ab691983-3544-4a0e-8f70-db44d85cb907,TeamB,2021-06-01,1,8.0,8,100,100.0,800,800.0,800
TeamB-ab691983-3544-4a0e-8f70-db44d85cb907,TeamB,2021-06-02,2,6.0,7,180,90.0,1140,570.0,840
TeamB-ab691983-3544-4a0e-8f70-db44d85cb907,TeamB,2021-06-04,1,5.0,5,60,60.0,300,300.0,300
TeamB-ab691983-3544-4a0e-8f70-db44d85cb907,TeamB,2021-06-07,1,5.0,5,60,60.0,300,300.0,300
TeamB-ab691983-3544-4a0e-8f70-db44d85cb907,TeamB,2021-06-08,2,7.5,8,140,70.0,1060,530.0,640
TeamB-ab691983-3544-4a0e-8f70-db44d85cb907,TeamB,2021-06-20,1,7.0,7,110,110.0,770,770.0,770
TeamB-ab691983-3544-4a0e-8f70-db44d85cb907,TeamB,2021-06-22,1,9.0,9,90,90.0,810,810.0,810
TeamB-ab691983-3544-4a0e-8f70-db44d85cb907,TeamB,2021-06-23,1,2.0,2,60,60.0,120,120.0,120
TeamB-ab691983-3544-4a0e-8f70-db44d85cb907,TeamB,2021-06-25,1,6.0,6,60,60.0,360,360.0,360
TeamB-ab691983-3544-4a0e-8f70-db44d85cb907,TeamB,2021-06-26,1,6.0,6,50,50.0,300,300.0,300
TeamB-ab691983-3544-4a0e-8f70-db44d85cb907,TeamB,2021-06-27,1,7.0,7,60,60.0,420,420.0,420
TeamB-ab691983-3544-4a0e-8f70-db44d85cb907,TeamB,2021-06-29,1,7.0,7,70,70.0,490,490.0,490
TeamB-ab691983-3544-4a0e-8f70-db44d85cb907,TeamB,2021-06-30,1,8.0,8,90,90.0,720,720.0,720
TeamB-ab691983-3544-4a0e-8f70-db44d85cb907,TeamB,2021-07-01,1,2.0,2,40,40.0,80,80.0,80
TeamB-ab691983-3544-4a0e-8f70-db44d85cb907,TeamB,2021-07-04,1,9.0,9,90,90.0,810,810.0,810
TeamB-ab691983-3544-4a0e-8f70-db44d85cb907,TeamB,2021-07-06,1,7.0,7,60,60.0,420,420.0,420
TeamB-ab691983-3544-4a0e-8f70-db44d85cb907,TeamB,2021-07-09,1,6.0,6,80,80.0,480,480.0,480
TeamB-ab691983-3544-4a0e-8f70-db44d85cb907,TeamB,2021-07-10,1,10.0,10,90,90.0,900,900.0,900
TeamB-ab691983-3544-4a0e-8f70-db44d85cb907,TeamB,2021-07-11,1,3.0,3,60,60.0,180,180.0,180
TeamB-ab691983-3544-4a0e-8f70-db44d85cb907,TeamB,2021-07-23,1,8.0,8,60,60.0,480,480.0,480
TeamB-ab691983-3544-4a0e-8f70-db44d85cb907,TeamB,2021-07-31,1,6.0,6,100,100.0,600,600.0,600
TeamB-ab691983-3544-4a0e-8f70-db44d85cb907,TeamB,2021-08-01,1,6.0,6,90,90.0,540,540.0,540
TeamB-ab691983-3544-4a0e-8f70-db44d85cb907,TeamB,2021-08-02,1,9.0,9,90,90.0,810,810.0,810
TeamB-ab691983-3544-4a0e-8f70-db44d85cb907,TeamB,2021-08-03,1,4.0,4,60,60.0,240,240.0,240
TeamB-ab691983-3544-4a0e-8f70-db44d85cb907,TeamB,2021-08-05,1,7.0,7,90,90.0,630,630.0,630
TeamB-ab691983-3544-4a0e-8f70-db44d85cb907,TeamB,2021-08-06,1,7.0,7,70,70.0,490,490.0,490
TeamB-ab691983-3544-4a0e-8f70-db44d85cb907,TeamB,2021-08-07,1,8.0,8,90,90.0,720,720.0,720
TeamB-ab691983-3544-4a0e-8f70-db44d85cb907,TeamB,2021-08-10,2,7.0,7,180,90.0,1260,630.0,630
TeamB-ab691983-3544-4a0e-8f70-db44d85cb907,TeamB,2021-08-11,1,6.0,6,50,50.0,300,300.0,300
TeamB-ab691983-3544-4a0e-8f70-db44d85cb907,TeamB,2021-08-13,1,7.0,7,90,90.0,630,630.0,630
TeamB-ab691983-3544-4a0e-8f70-db44d85cb907,TeamB,2021-08-14,1,9.0,9,90,90.0,810,810.0,810
TeamB-ab691983-3544-4a0e-8f70-db44d85cb907,TeamB,2021-08-15,1,6.0,6,60,60.0,360,360.0,360
TeamB-ab691983-3544-4a0e-8f70-db44d85cb907,TeamB,2021-08-17,1,7.0,7,60,60.0,420,420.0,420
TeamB-ab691983-3544-4a0e-8f70-db44d85cb907,TeamB,2021-08-18,1,9.0,9,90,90.0,810,810.0,810
TeamB-ab691983-3544-4a0e-8f70-db44d85cb907,TeamB,2021-08-19,1,2.0,2,40,40.0,80,80.0,80
TeamB-ab691983-3544-4a0e-8f70-db44d85cb907,TeamB,2021-08-20,1,7.0,7,60,60.0,420,420.0,420
TeamB-ab691983-3544-4a0e-8f70-db44d85cb907,TeamB,2021-08-21,1,7.0,7,90,90.0,630,630.0,630
TeamB-ab691983-3544-4a0e-8f70-db44d85cb907,TeamB,2021-08-23,1,6.0,6,80,80.0,480,480.0,480
TeamB-ab691983-3544-4a0e-8f70-db44d85cb907,TeamB,2021-08-24,1,7.0,7,50,50.0,350,350.0,350
TeamB-ab691983-3544-4a0e-8f70-db44d85cb907,TeamB,2021-08-26,1,5.0,5,60,60.0,300,300.0,300
TeamB-ab691983-3544-4a0e-8f70-db44d85cb907,TeamB,2021-08-27,1,5.0,5,60,60.0,300,300.0,300
TeamB-ab691983-3544-4a0e-8f70-db44d85cb907,TeamB,2021-08-28,1,10.0,10,90,90.0,900,900.0,900
TeamB-ab691983-3544-4a0e-8f70-db44d85cb907,TeamB,2021-09-01,1,9.0,9,90,90.0,810,810.0,810
TeamB-ab691983-3544-4a0e-8f70-db44d85cb907,TeamB,2021-09-03,1,6.0,6,60,60.0,360,360.0,360
TeamB-ab691983-3544-4a0e-8f70-db44d85cb907,TeamB,2021-09-04,1,9.0,9,90,90.0,810,810.0,810
TeamB-ab691983-3544-4a0e-8f70-db44d85cb907,TeamB,2021-09-05,1,2.0,2,60,60.0,120,120.0,120
TeamB-ab691983-3544-4a0e-8f70-db44d85cb907,TeamB,2021-09-07,1,6.0,6,60,60.0,360,360.0,360
TeamB-ab691983-3544-4a0e-8f70-db44d85cb907,TeamB,2021-09-08,1,9.0,9,90,90.0,810,810.0,810
TeamB-ab691983-3544-4a0e-8f70-db44d85cb907,TeamB,2021-09-10,1,7.0,7,60,60.0,420,420.0,420
TeamB-ab691983-3544-4a0e-8f70-db44d85cb907,TeamB,2021-09-11,1,8.0,8,90,90.0,720,720.0,720
TeamB-ab691983-3544-4a0e-8f70-db44d85cb907,TeamB,2021-09-13,1,6.0,6,60,60.0,360,360.0,360
TeamB-ab691983-3544-4a0e-8f70-db44d85cb907,TeamB,2021-09-15,1,7.0,7,100,100.0,700,700.0,700
TeamB-ab691983-3544-4a0e-8f70-db44d85cb907,TeamB,2021-09-16,1,7.0,7,90,90.0,630,630.0,630
TeamB-ab691983-3544-4a0e-8f70-db44d85cb907,TeamB,2021-09-18,1,7.0,7,120,120.0,840,840.0,840
TeamB-ab691983-3544-4a0e-8f70-db44d85cb907,TeamB,2021-09-19,1,6.0,6,90,90.0,540,540.0,540
TeamB-ab691983-3544-4a0e-8f70-db44d85cb907,TeamB,2021-09-20,1,5.0,5,60,60.0,300,300.0,300
TeamB-ab691983-3544-4a0e-8f70-db44d85cb907,TeamB,2021-09-26,1,9.0,9,90,90.0,810,810.0,810
TeamB-ab691983-3544-4a0e-8f70-db44d85cb907,TeamB,2021-09-28,1,6.0,6,60,60.0,360,360.0,360
TeamB-ab691983-3544-4a0e-8f70-db44d85cb907,TeamB,2021-09-29,2,7.0,8,180,90.0,1320,660.0,960
TeamB-ab691983-3544-4a0e-8f70-db44d85cb907,TeamB,2021-10-02,1,8.0,8,90,90.0,720,720.0,720
TeamB-ab691983-3544-4a0e-8f70-db44d85cb907,TeamB,2021-10-05,2,6.0,7,150,75.0,930,465.0,630
TeamB-ab691983-3544-4a0e-8f70-db44d85cb907,TeamB,2021-10-06,2,7.0,8,180,90.0,1280,640.0,800
TeamB-ab691983-3544-4a0e-8f70-db44d85cb907,TeamB,2021-10-08,1,6.0,6,90,90.0,540,540.0,540
TeamB-ab691983-3544-4a0e-8f70-db44d85cb907,TeamB,2021-10-09,1,9.0,9,100,100.0,900,900.0,900
TeamB-ab691983-3544-4a0e-8f70-db44d85cb907,TeamB,2021-10-10,1,4.0,4,60,60.0,240,240.0,240
TeamB-ab691983-3544-4a0e-8f70-db44d85cb907,TeamB,2021-10-12,2,6.0,7,170,85.0,1070,535.0,770
TeamB-ab691983-3544-4a0e-8f70-db44d85cb907,TeamB,2021-10-13,1,7.0,7,110,110.0,770,770.0,770
TeamB-ab691983-3544-4a0e-8f70-db44d85cb907,TeamB,2021-10-15,1,6.0,6,90,90.0,540,540.0,540
TeamB-ab691983-3544-4a0e-8f70-db44d85cb907,TeamB,2021-10-16,1,5.0,5,60,60.0,300,300.0,300
TeamB-ab691983-3544-4a0e-8f70-db44d85cb907,TeamB,2021-10-17,1,7.0,7,80,80.0,560,560.0,560
TeamB-ab691983-3544-4a0e-8f70-db44d85cb907,TeamB,2021-11-03,1,7.0,7,90,90.0,630,630.0,630
TeamB-ab691983-3544-4a0e-8f70-db44d85cb907,TeamB,2021-11-04,1,8.0,8,90,90.0,720,720.0,720
TeamB-ab691983-3544-4a0e-8f70-db44d85cb907,TeamB,2021-12-20,1,8.0,8,120,120.0,960,960.0,960
TeamB-ab691983-3544-4a0e-8f70-db44d85cb907,TeamB,2021-12-22,1,9.0,9,100,100.0,900,900.0,900
TeamB-ab691983-3544-4a0e-8f70-db44d85cb907,TeamB,2021-12-24,1,7.0,7,60,60.0,420,420.0,420
TeamB-ab691983-3544-4a0e-8f70-db44d85cb907,TeamB,2021-12-25,1,10.0,10,60,60.0,600,600.0,600
TeamB-ab691983-3544-4a0e-8f70-db44d85cb907,TeamB,2021-12-27,1,7.0,7,60,60.0,420,420.0,420
TeamB-afc13e53-2c77-48cb-8a78-743663bbb84f,TeamB,2020-01-09,2,8.0,9,180,90.0,1500,750.0,1080
TeamB-afc13e53-2c77-48cb-8a78-743663bbb84f,TeamB,2020-01-10,1,9.0,9,90,90.0,810,810.0,810
TeamB-afc13e53-2c77-48cb-8a78-743663bbb84f,TeamB,2020-01-13,1,4.0,4,90,90.0,360,360.0,360
TeamB-afc13e53-2c77-48cb-8a78-743663bbb84f,TeamB,2020-01-14,2,8.0,9,180,90.0,1500,750.0,1080
TeamB-afc13e53-2c77-48cb-8a78-743663bbb84f,TeamB,2020-01-16,2,7.0,9,160,80.0,1280,640.0,1080
TeamB-afc13e53-2c77-48cb-8a78-743663bbb84f,TeamB,2020-01-17,1,8.0,8,120,120.0,960,960.0,960
TeamB-afc13e53-2c77-48cb-8a78-743663bbb84f,TeamB,2020-01-20,2,6.0,9,170,85.0,1230,615.0,1080
TeamB-afc13e53-2c77-48cb-8a78-743663bbb84f,TeamB,2020-01-21,2,6.5,9,160,80.0,1190,595.0,990
TeamB-afc13e53-2c77-48cb-8a78-743663bbb84f,TeamB,2020-01-23,1,7.0,7,120,120.0,840,840.0,840
TeamB-afc13e53-2c77-48cb-8a78-743663bbb84f,TeamB,2020-01-24,1,10.0,10,110,110.0,1100,1100.0,1100
TeamB-afc13e53-2c77-48cb-8a78-743663bbb84f,TeamB,2020-01-26,1,8.0,8,90,90.0,720,720.0,720
TeamB-afc13e53-2c77-48cb-8a78-743663bbb84f,TeamB,2020-01-28,2,4.0,4,130,65.0,520,260.0,360
TeamB-afc13e53-2c77-48cb-8a78-743663bbb84f,TeamB,2020-01-29,1,5.0,5,20,20.0,100,100.0,100
TeamB-afc13e53-2c77-48cb-8a78-743663bbb84f,TeamB,2020-01-30,1,7.0,7,100,100.0,700,700.0,700
TeamB-afc13e53-2c77-48cb-8a78-743663bbb84f,TeamB,2020-01-31,1,9.0,9,120,120.0,1080,1080.0,1080
TeamB-afc13e53-2c77-48cb-8a78-743663bbb84f,TeamB,2020-02-02,1,4.0,4,50,50.0,200,200.0,200
TeamB-afc13e53-2c77-48cb-8a78-743663bbb84f,TeamB,2020-02-03,1,9.0,9,90,90.0,810,810.0,810
TeamB-afc13e53-2c77-48cb-8a78-743663bbb84f,TeamB,2020-02-04,2,7.0,9,170,85.0,1330,665.0,1080
TeamB-afc13e53-2c77-48cb-8a78-743663bbb84f,TeamB,2020-02-06,1,9.0,9,120,120.0,1080,1080.0,1080
TeamB-afc13e53-2c77-48cb-8a78-743663bbb84f,TeamB,2020-02-07,1,6.0,6,120,120.0,720,720.0,720
TeamB-afc13e53-2c77-48cb-8a78-743663bbb84f,TeamB,2020-02-08,1,9.0,9,120,120.0,1080,1080.0,1080
TeamB-afc13e53-2c77-48cb-8a78-743663bbb84f,TeamB,2020-02-10,2,4.0,6,110,55.0,580,290.0,540
TeamB-afc13e53-2c77-48cb-8a78-743663bbb84f,TeamB,2020-02-11,2,7.5,9,150,75.0,1200,600.0,900
TeamB-afc13e53-2c77-48cb-8a78-743663bbb84f,TeamB,2020-02-12,1,2.0,2,60,60.0,120,120.0,120
TeamB-afc13e53-2c77-48cb-8a78-743663bbb84f,TeamB,2020-02-13,2,6.5,8,160,80.0,1130,565.0,880
TeamB-afc13e53-2c77-48cb-8a78-743663bbb84f,TeamB,2020-02-14,1,3.0,3,90,90.0,270,270.0,270
TeamB-afc13e53-2c77-48cb-8a78-743663bbb84f,TeamB,2020-02-15,1,9.0,9,120,120.0,1080,1080.0,1080
TeamB-afc13e53-2c77-48cb-8a78-743663bbb84f,TeamB,2020-02-17,2,4.0,6,110,55.0,580,290.0,540
TeamB-afc13e53-2c77-48cb-8a78-743663bbb84f,TeamB,2020-02-18,2,6.5,7,140,70.0,930,465.0,630
TeamB-afc13e53-2c77-48cb-8a78-743663bbb84f,TeamB,2020-02-19,1,4.0,4,90,90.0,360,360.0,360
TeamB-afc13e53-2c77-48cb-8a78-743663bbb84f,TeamB,2020-02-20,1,8.0,8,120,120.0,960,960.0,960
TeamB-afc13e53-2c77-48cb-8a78-743663bbb84f,TeamB,2020-02-21,1,3.0,3,100,100.0,300,300.0,300
TeamB-afc13e53-2c77-48cb-8a78-743663bbb84f,TeamB,2020-02-22,1,6.0,6,90,90.0,540,540.0,540
TeamB-afc13e53-2c77-48cb-8a78-743663bbb84f,TeamB,2020-02-23,2,4.5,6,170,85.0,780,390.0,540
TeamB-afc13e53-2c77-48cb-8a78-743663bbb84f,TeamB,2020-02-24,2,5.0,5,140,70.0,700,350.0,450
TeamB-afc13e53-2c77-48cb-8a78-743663bbb84f,TeamB,2020-02-25,2,3.5,4,190,95.0,690,345.0,480
TeamB-afc13e53-2c77-48cb-8a78-743663bbb84f,TeamB,2020-02-26,1,5.0,5,70,70.0,350,350.0,350
TeamB-afc13e53-2c77-48cb-8a78-743663bbb84f,TeamB,2020-02-27,1,9.0,9,120,120.0,1080,1080.0,1080
TeamB-afc13e53-2c77-48cb-8a78-743663bbb84f,TeamB,2020-03-03,1,7.0,7,90,90.0,630,630.0,630
TeamB-afc13e53-2c77-48cb-8a78-743663bbb84f,TeamB,2020-03-04,1,3.0,3,30,30.0,90,90.0,90
TeamB-afc13e53-2c77-48cb-8a78-743663bbb84f,TeamB,2020-03-05,1,6.0,6,90,90.0,540,540.0,540
TeamB-afc13e53-2c77-48cb-8a78-743663bbb84f,TeamB,2020-03-06,1,7.0,7,80,80.0,560,560.0,560
TeamB-afc13e53-2c77-48cb-8a78-743663bbb84f,TeamB,2020-03-07,1,2.0,2,30,30.0,60,60.0,60
TeamB-afc13e53-2c77-48cb-8a78-743663bbb84f,TeamB,2020-03-08,2,5.0,8,110,55.0,640,320.0,560
TeamB-afc13e53-2c77-48cb-8a78-743663bbb84f,TeamB,2020-03-09,1,6.0,6,90,90.0,540,540.0,540
TeamB-afc13e53-2c77-48cb-8a78-743663bbb84f,TeamB,2020-03-10,1,8.0,8,90,90.0,720,720.0,720
TeamB-afc13e53-2c77-48cb-8a78-743663bbb84f,TeamB,2020-03-11,1,5.0,5,70,70.0,350,350.0,350
TeamB-afc13e53-2c77-48cb-8a78-743663bbb84f,TeamB,2020-03-13,1,3.0,3,60,60.0,180,180.0,180
TeamB-afc13e53-2c77-48cb-8a78-743663bbb84f,TeamB,2020-03-14,1,4.0,4,70,70.0,280,280.0,280
TeamB-afc13e53-2c77-48cb-8a78-743663bbb84f,TeamB,2020-03-15,2,4.0,5,90,45.0,390,195.0,300
TeamB-afc13e53-2c77-48cb-8a78-743663bbb84f,TeamB,2020-03-16,1,8.0,8,50,50.0,400,400.0,400
TeamB-afc13e53-2c77-48cb-8a78-743663bbb84f,TeamB,2020-03-17,1,6.0,6,60,60.0,360,360.0,360
TeamB-afc13e53-2c77-48cb-8a78-743663bbb84f,TeamB,2020-03-18,1,5.0,5,120,120.0,600,600.0,600
TeamB-afc13e53-2c77-48cb-8a78-743663bbb84f,TeamB,2020-03-20,1,8.0,8,120,120.0,960,960.0,960
TeamB-afc13e53-2c77-48cb-8a78-743663bbb84f,TeamB,2020-03-23,1,7.0,7,60,60.0,420,420.0,420
TeamB-afc13e53-2c77-48cb-8a78-743663bbb84f,TeamB,2020-03-24,1,8.0,8,50,50.0,400,400.0,400
TeamB-afc13e53-2c77-48cb-8a78-743663bbb84f,TeamB,2020-03-26,1,5.0,5,120,120.0,600,600.0,600
TeamB-afc13e53-2c77-48cb-8a78-743663bbb84f,TeamB,2020-03-27,1,8.0,8,40,40.0,320,320.0,320
TeamB-afc13e53-2c77-48cb-8a78-743663bbb84f,TeamB,2020-03-28,1,5.0,5,40,40.0,200,200.0,200
TeamB-afc13e53-2c77-48cb-8a78-743663bbb84f,TeamB,2020-03-29,1,4.0,4,60,60.0,240,240.0,240
TeamB-afc13e53-2c77-48cb-8a78-743663bbb84f,TeamB,2020-03-30,2,7.0,8,90,45.0,600,300.0,360
TeamB-afc13e53-2c77-48cb-8a78-743663bbb84f,TeamB,2020-03-31,2,6.0,7,120,60.0,780,390.0,630
TeamB-afc13e53-2c77-48cb-8a78-743663bbb84f,TeamB,2020-04-01,2,6.5,7,120,60.0,810,405.0,630
TeamB-afc13e53-2c77-48cb-8a78-743663bbb84f,TeamB,2020-04-02,3,5.666666666666667,7,130,43.333333333333336,710,236.66666666666666,300
TeamB-afc13e53-2c77-48cb-8a78-743663bbb84f,TeamB,2020-04-03,2,7.5,9,60,30.0,450,225.0,270
TeamB-afc13e53-2c77-48cb-8a78-743663bbb84f,TeamB,2020-04-04,1,2.0,2,50,50.0,100,100.0,100
TeamB-afc13e53-2c77-48cb-8a78-743663bbb84f,TeamB,2020-04-06,1,5.0,5,80,80.0,400,400.0,400
TeamB-afc13e53-2c77-48cb-8a78-743663bbb84f,TeamB,2020-04-07,1,4.0,4,70,70.0,280,280.0,280
TeamB-afc13e53-2c77-48cb-8a78-743663bbb84f,TeamB,2020-04-09,2,5.0,5,110,55.0,550,275.0,350
TeamB-afc13e53-2c77-48cb-8a78-743663bbb84f,TeamB,2020-04-10,1,9.0,9,40,40.0,360,360.0,360
TeamB-afc13e53-2c77-48cb-8a78-743663bbb84f,TeamB,2020-04-11,1,4.0,4,70,70.0,280,280.0,280
TeamB-afc13e53-2c77-48cb-8a78-743663bbb84f,TeamB,2020-04-12,1,4.0,4,80,80.0,320,320.0,320
TeamB-afc13e53-2c77-48cb-8a78-743663bbb84f,TeamB,2020-04-14,1,6.0,6,90,90.0,540,540.0,540
TeamB-afc13e53-2c77-48cb-8a78-743663bbb84f,TeamB,2020-04-15,1,8.0,8,50,50.0,400,400.0,400
TeamB-afc13e53-2c77-48cb-8a78-743663bbb84f,TeamB,2020-04-16,1,4.0,4,80,80.0,320,320.0,320
TeamB-afc13e53-2c77-48cb-8a78-743663bbb84f,TeamB,2020-04-18,1,7.0,7,90,90.0,630,630.0,630
TeamB-afc13e53-2c77-48cb-8a78-743663bbb84f,TeamB,2020-04-20,1,9.0,9,80,80.0,720,720.0,720
TeamB-afc13e53-2c77-48cb-8a78-743663bbb84f,TeamB,2020-04-22,2,4.5,7,120,60.0,640,320.0,560
TeamB-afc13e53-2c77-48cb-8a78-743663bbb84f,TeamB,2020-04-23,1,9.0,9,50,50.0,450,450.0,450
TeamB-afc13e53-2c77-48cb-8a78-743663bbb84f,TeamB,2020-04-24,1,8.0,8,80,80.0,640,640.0,640
TeamB-afc13e53-2c77-48cb-8a78-743663bbb84f,TeamB,2020-04-25,1,4.0,4,90,90.0,360,360.0,360
TeamB-afc13e53-2c77-48cb-8a78-743663bbb84f,TeamB,2020-04-26,1,3.0,3,70,70.0,210,210.0,210
TeamB-afc13e53-2c77-48cb-8a78-743663bbb84f,TeamB,2020-04-27,1,8.0,8,90,90.0,720,720.0,720
TeamB-afc13e53-2c77-48cb-8a78-743663bbb84f,TeamB,2020-04-28,2,7.5,8,130,65.0,970,485.0,490
TeamB-afc13e53-2c77-48cb-8a78-743663bbb84f,TeamB,2020-04-29,1,5.0,5,90,90.0,450,450.0,450
TeamB-afc13e53-2c77-48cb-8a78-743663bbb84f,TeamB,2020-04-30,1,7.0,7,110,110.0,770,770.0,770
TeamB-afc13e53-2c77-48cb-8a78-743663bbb84f,TeamB,2020-05-01,2,6.5,7,130,65.0,850,425.0,490
TeamB-afc13e53-2c77-48cb-8a78-743663bbb84f,TeamB,2020-05-03,1,7.0,7,70,70.0,490,490.0,490
TeamB-afc13e53-2c77-48cb-8a78-743663bbb84f,TeamB,2020-05-04,1,7.0,7,100,100.0,700,700.0,700
TeamB-afc13e53-2c77-48cb-8a78-743663bbb84f,TeamB,2020-05-07,1,4.0,4,90,90.0,360,360.0,360
TeamB-afc13e53-2c77-48cb-8a78-743663bbb84f,TeamB,2020-05-08,1,6.0,6,60,60.0,360,360.0,360
TeamB-afc13e53-2c77-48cb-8a78-743663bbb84f,TeamB,2020-05-09,2,3.5,5,170,85.0,610,305.0,450
TeamB-afc13e53-2c77-48cb-8a78-743663bbb84f,TeamB,2020-05-10,1,9.0,9,60,60.0,540,540.0,540
TeamB-afc13e53-2c77-48cb-8a78-743663bbb84f,TeamB,2020-05-11,1,7.0,7,90,90.0,630,630.0,630
TeamB-afc13e53-2c77-48cb-8a78-743663bbb84f,TeamB,2020-05-12,2,4.5,5,130,65.0,560,280.0,360
TeamB-afc13e53-2c77-48cb-8a78-743663bbb84f,TeamB,2020-05-13,1,5.0,5,120,120.0,600,600.0,600
TeamB-afc13e53-2c77-48cb-8a78-743663bbb84f,TeamB,2020-05-14,2,4.0,5,100,50.0,320,160.0,270
TeamB-afc13e53-2c77-48cb-8a78-743663bbb84f,TeamB,2020-05-15,1,7.0,7,180,180.0,1260,1260.0,1260
TeamB-afc13e53-2c77-48cb-8a78-743663bbb84f,TeamB,2020-05-18,2,4.5,6,140,70.0,780,390.0,720
TeamB-afc13e53-2c77-48cb-8a78-743663bbb84f,TeamB,2020-05-19,1,7.0,7,120,120.0,840,840.0,840
TeamB-afc13e53-2c77-48cb-8a78-743663bbb84f,TeamB,2020-05-21,1,7.0,7,120,120.0,840,840.0,840
TeamB-afc13e53-2c77-48cb-8a78-743663bbb84f,TeamB,2020-05-22,1,4.0,4,100,100.0,400,400.0,400
TeamB-afc13e53-2c77-48cb-8a78-743663bbb84f,TeamB,2020-05-23,1,7.0,7,50,50.0,350,350.0,350
TeamB-afc13e53-2c77-48cb-8a78-743663bbb84f,TeamB,2020-05-25,1,8.0,8,110,110.0,880,880.0,880
TeamB-afc13e53-2c77-48cb-8a78-743663bbb84f,TeamB,2020-05-26,1,8.0,8,100,100.0,800,800.0,800
TeamB-afc13e53-2c77-48cb-8a78-743663bbb84f,TeamB,2020-05-28,1,8.0,8,100,100.0,800,800.0,800
TeamB-afc13e53-2c77-48cb-8a78-743663bbb84f,TeamB,2020-05-29,1,6.0,6,120,120.0,720,720.0,720
TeamB-afc13e53-2c77-48cb-8a78-743663bbb84f,TeamB,2020-05-30,1,5.0,5,50,50.0,250,250.0,250
TeamB-afc13e53-2c77-48cb-8a78-743663bbb84f,TeamB,2020-06-01,1,7.0,7,100,100.0,700,700.0,700
TeamB-afc13e53-2c77-48cb-8a78-743663bbb84f,TeamB,2020-06-02,1,6.0,6,80,80.0,480,480.0,480
TeamB-afc13e53-2c77-48cb-8a78-743663bbb84f,TeamB,2020-06-03,1,3.0,3,70,70.0,210,210.0,210
TeamB-afc13e53-2c77-48cb-8a78-743663bbb84f,TeamB,2020-06-04,1,5.0,5,80,80.0,400,400.0,400
TeamB-afc13e53-2c77-48cb-8a78-743663bbb84f,TeamB,2020-06-05,1,9.0,9,90,90.0,810,810.0,810
TeamB-afc13e53-2c77-48cb-8a78-743663bbb84f,TeamB,2020-06-06,1,4.0,4,60,60.0,240,240.0,240
TeamB-afc13e53-2c77-48cb-8a78-743663bbb84f,TeamB,2020-06-08,1,8.0,8,80,80.0,640,640.0,640
TeamB-afc13e53-2c77-48cb-8a78-743663bbb84f,TeamB,2020-06-09,1,4.0,4,100,100.0,400,400.0,400
TeamB-afc13e53-2c77-48cb-8a78-743663bbb84f,TeamB,2020-06-10,1,9.0,9,100,100.0,900,900.0,900
TeamB-afc13e53-2c77-48cb-8a78-743663bbb84f,TeamB,2020-06-11,1,3.0,3,80,80.0,240,240.0,240
TeamB-afc13e53-2c77-48cb-8a78-743663bbb84f,TeamB,2020-06-12,1,3.0,3,80,80.0,240,240.0,240
TeamB-afc13e53-2c77-48cb-8a78-743663bbb84f,TeamB,2020-06-13,1,9.0,9,80,80.0,720,720.0,720
TeamB-afc13e53-2c77-48cb-8a78-743663bbb84f,TeamB,2020-06-14,1,2.0,2,60,60.0,120,120.0,120
TeamB-afc13e53-2c77-48cb-8a78-743663bbb84f,TeamB,2020-06-15,1,5.0,5,90,90.0,450,450.0,450
TeamB-afc13e53-2c77-48cb-8a78-743663bbb84f,TeamB,2020-06-16,1,8.0,8,90,90.0,720,720.0,720
TeamB-afc13e53-2c77-48cb-8a78-743663bbb84f,TeamB,2020-06-17,1,6.0,6,110,110.0,660,660.0,660
TeamB-afc13e53-2c77-48cb-8a78-743663bbb84f,TeamB,2020-06-18,1,9.0,9,90,90.0,810,810.0,810
TeamB-afc13e53-2c77-48cb-8a78-743663bbb84f,TeamB,2020-06-19,1,7.0,7,60,60.0,420,420.0,420
TeamB-afc13e53-2c77-48cb-8a78-743663bbb84f,TeamB,2020-06-22,1,3.0,3,80,80.0,240,240.0,240
TeamB-afc13e53-2c77-48cb-8a78-743663bbb84f,TeamB,2020-06-23,1,8.0,8,90,90.0,720,720.0,720
TeamB-afc13e53-2c77-48cb-8a78-743663bbb84f,TeamB,2020-06-25,1,3.0,3,80,80.0,240,240.0,240
TeamB-afc13e53-2c77-48cb-8a78-743663bbb84f,TeamB,2020-06-26,1,3.0,3,80,80.0,240,240.0,240
TeamB-afc13e53-2c77-48cb-8a78-743663bbb84f,TeamB,2020-06-27,1,9.0,9,90,90.0,810,810.0,810
TeamB-afc13e53-2c77-48cb-8a78-743663bbb84f,TeamB,2020-06-29,2,3.0,4,80,40.0,260,130.0,200
TeamB-afc13e53-2c77-48cb-8a78-743663bbb84f,TeamB,2020-06-30,1,9.0,9,110,110.0,990,990.0,990
TeamB-afc13e53-2c77-48cb-8a78-743663bbb84f,TeamB,2020-07-01,1,7.0,7,90,90.0,630,630.0,630
TeamB-afc13e53-2c77-48cb-8a78-743663bbb84f,TeamB,2020-07-02,1,4.0,4,90,90.0,360,360.0,360
TeamB-afc13e53-2c77-48cb-8a78-743663bbb84f,TeamB,2020-07-03,1,4.0,4,90,90.0,360,360.0,360
TeamB-afc13e53-2c77-48cb-8a78-743663bbb84f,TeamB,2020-07-04,1,8.0,8,60,60.0,480,480.0,480
TeamB-afc13e53-2c77-48cb-8a78-743663bbb84f,TeamB,2020-07-06,1,7.0,7,70,70.0,490,490.0,490
TeamB-afc13e53-2c77-48cb-8a78-743663bbb84f,TeamB,2020-07-07,1,7.0,7,90,90.0,630,630.0,630
TeamB-afc13e53-2c77-48cb-8a78-743663bbb84f,TeamB,2020-07-08,1,4.0,4,80,80.0,320,320.0,320
TeamB-afc13e53-2c77-48cb-8a78-743663bbb84f,TeamB,2020-07-09,1,6.0,6,80,80.0,480,480.0,480
TeamB-afc13e53-2c77-48cb-8a78-743663bbb84f,TeamB,2020-07-10,1,9.0,9,90,90.0,810,810.0,810
TeamB-afc13e53-2c77-48cb-8a78-743663bbb84f,TeamB,2020-07-12,1,3.0,3,100,100.0,300,300.0,300
TeamB-afc13e53-2c77-48cb-8a78-743663bbb84f,TeamB,2020-07-13,1,6.0,6,70,70.0,420,420.0,420
TeamB-afc13e53-2c77-48cb-8a78-743663bbb84f,TeamB,2020-07-14,1,9.0,9,110,110.0,990,990.0,990
TeamB-afc13e53-2c77-48cb-8a78-743663bbb84f,TeamB,2020-07-15,2,4.5,7,150,75.0,750,375.0,630
TeamB-afc13e53-2c77-48cb-8a78-743663bbb84f,TeamB,2020-07-17,1,6.0,6,90,90.0,540,540.0,540
TeamB-afc13e53-2c77-48cb-8a78-743663bbb84f,TeamB,2020-07-18,1,9.0,9,80,80.0,720,720.0,720
TeamB-afc13e53-2c77-48cb-8a78-743663bbb84f,TeamB,2020-07-20,1,5.0,5,60,60.0,300,300.0,300
TeamB-afc13e53-2c77-48cb-8a78-743663bbb84f,TeamB,2020-07-21,1,8.0,8,90,90.0,720,720.0,720
TeamB-afc13e53-2c77-48cb-8a78-743663bbb84f,TeamB,2020-07-22,1,6.0,6,90,90.0,540,540.0,540
TeamB-afc13e53-2c77-48cb-8a78-743663bbb84f,TeamB,2020-07-23,1,6.0,6,60,60.0,360,360.0,360
TeamB-afc13e53-2c77-48cb-8a78-743663bbb84f,TeamB,2020-07-25,2,6.5,7,120,60.0,770,385.0,420
TeamB-afc13e53-2c77-48cb-8a78-743663bbb84f,TeamB,2020-07-27,1,8.0,8,60,60.0,480,480.0,480
TeamB-afc13e53-2c77-48cb-8a78-743663bbb84f,TeamB,2020-07-28,1,7.0,7,120,120.0,840,840.0,840
TeamB-afc13e53-2c77-48cb-8a78-743663bbb84f,TeamB,2020-07-29,1,8.0,8,90,90.0,720,720.0,720
TeamB-afc13e53-2c77-48cb-8a78-743663bbb84f,TeamB,2020-07-31,1,7.0,7,90,90.0,630,630.0,630
TeamB-afc13e53-2c77-48cb-8a78-743663bbb84f,TeamB,2020-08-01,1,9.0,9,80,80.0,720,720.0,720
TeamB-afc13e53-2c77-48cb-8a78-743663bbb84f,TeamB,2020-08-03,2,3.5,4,130,65.0,460,230.0,280
TeamB-afc13e53-2c77-48cb-8a78-743663bbb84f,TeamB,2020-08-04,1,9.0,9,110,110.0,990,990.0,990
TeamB-afc13e53-2c77-48cb-8a78-743663bbb84f,TeamB,2020-08-05,1,7.0,7,80,80.0,560,560.0,560
TeamB-afc13e53-2c77-48cb-8a78-743663bbb84f,TeamB,2020-08-06,1,6.0,6,100,100.0,600,600.0,600
TeamB-afc13e53-2c77-48cb-8a78-743663bbb84f,TeamB,2020-08-07,1,9.0,9,90,90.0,810,810.0,810
TeamB-afc13e53-2c77-48cb-8a78-743663bbb84f,TeamB,2020-08-10,1,6.0,6,100,100.0,600,600.0,600
TeamB-afc13e53-2c77-48cb-8a78-743663bbb84f,TeamB,2020-08-11,1,6.0,6,80,80.0,480,480.0,480
TeamB-afc13e53-2c77-48cb-8a78-743663bbb84f,TeamB,2020-08-12,1,7.0,7,50,50.0,350,350.0,350
TeamB-afc13e53-2c77-48cb-8a78-743663bbb84f,TeamB,2020-08-13,1,4.0,4,60,60.0,240,240.0,240
TeamB-afc13e53-2c77-48cb-8a78-743663bbb84f,TeamB,2020-08-14,2,3.5,4,130,65.0,440,220.0,240
TeamB-afc13e53-2c77-48cb-8a78-743663bbb84f,TeamB,2020-08-15,1,7.0,7,80,80.0,560,560.0,560
TeamB-afc13e53-2c77-48cb-8a78-743663bbb84f,TeamB,2020-08-16,1,9.0,9,60,60.0,540,540.0,540
TeamB-afc13e53-2c77-48cb-8a78-743663bbb84f,TeamB,2020-08-17,1,4.0,4,60,60.0,240,240.0,240
TeamB-afc13e53-2c77-48cb-8a78-743663bbb84f,TeamB,2020-08-18,1,4.0,4,50,50.0,200,200.0,200
TeamB-afc13e53-2c77-48cb-8a78-743663bbb84f,TeamB,2020-08-19,1,7.0,7,100,100.0,700,700.0,700
TeamB-afc13e53-2c77-48cb-8a78-743663bbb84f,TeamB,2020-08-21,1,5.0,5,90,90.0,450,450.0,450
TeamB-afc13e53-2c77-48cb-8a78-743663bbb84f,TeamB,2020-08-22,1,8.0,8,90,90.0,720,720.0,720
TeamB-afc13e53-2c77-48cb-8a78-743663bbb84f,TeamB,2020-08-24,1,5.0,5,80,80.0,400,400.0,400
TeamB-afc13e53-2c77-48cb-8a78-743663bbb84f,TeamB,2020-08-26,1,4.0,4,90,90.0,360,360.0,360
TeamB-afc13e53-2c77-48cb-8a78-743663bbb84f,TeamB,2020-08-27,1,2.0,2,90,90.0,180,180.0,180
TeamB-afc13e53-2c77-48cb-8a78-743663bbb84f,TeamB,2020-08-29,1,4.0,4,80,80.0,320,320.0,320
TeamB-afc13e53-2c77-48cb-8a78-743663bbb84f,TeamB,2020-08-30,1,7.0,7,90,90.0,630,630.0,630
TeamB-afc13e53-2c77-48cb-8a78-743663bbb84f,TeamB,2020-08-31,1,2.0,2,50,50.0,100,100.0,100
TeamB-afc13e53-2c77-48cb-8a78-743663bbb84f,TeamB,2020-09-01,1,3.0,3,50,50.0,150,150.0,150
TeamB-afc13e53-2c77-48cb-8a78-743663bbb84f,TeamB,2020-09-02,1,6.0,6,80,80.0,480,480.0,480
TeamB-afc13e53-2c77-48cb-8a78-743663bbb84f,TeamB,2020-09-03,1,4.0,4,90,90.0,360,360.0,360
TeamB-afc13e53-2c77-48cb-8a78-743663bbb84f,TeamB,2020-09-05,1,9.0,9,90,90.0,810,810.0,810
TeamB-afc13e53-2c77-48cb-8a78-743663bbb84f,TeamB,2020-09-07,1,4.0,4,50,50.0,200,200.0,200
TeamB-afc13e53-2c77-48cb-8a78-743663bbb84f,TeamB,2020-09-08,1,7.0,7,90,90.0,630,630.0,630
TeamB-afc13e53-2c77-48cb-8a78-743663bbb84f,TeamB,2020-09-09,1,8.0,8,90,90.0,720,720.0,720
TeamB-afc13e53-2c77-48cb-8a78-743663bbb84f,TeamB,2020-09-11,1,6.0,6,90,90.0,540,540.0,540
TeamB-afc13e53-2c77-48cb-8a78-743663bbb84f,TeamB,2020-09-12,1,8.0,8,70,70.0,560,560.0,560
TeamB-afc13e53-2c77-48cb-8a78-743663bbb84f,TeamB,2020-09-15,1,6.0,6,70,70.0,420,420.0,420
TeamB-afc13e53-2c77-48cb-8a78-743663bbb84f,TeamB,2020-09-16,2,6.5,9,140,70.0,1010,505.0,810
TeamB-afc13e53-2c77-48cb-8a78-743663bbb84f,TeamB,2020-09-17,1,8.0,8,120,120.0,960,960.0,960
TeamB-afc13e53-2c77-48cb-8a78-743663bbb84f,TeamB,2020-09-18,1,4.0,4,80,80.0,320,320.0,320
TeamB-afc13e53-2c77-48cb-8a78-743663bbb84f,TeamB,2020-09-19,2,6.0,8,170,85.0,1160,580.0,960
TeamB-afc13e53-2c77-48cb-8a78-743663bbb84f,TeamB,2020-09-20,1,6.0,6,100,100.0,600,600.0,600
TeamB-afc13e53-2c77-48cb-8a78-743663bbb84f,TeamB,2020-09-21,1,6.0,6,70,70.0,420,420.0,420
TeamB-afc13e53-2c77-48cb-8a78-743663bbb84f,TeamB,2020-09-24,1,8.0,8,110,110.0,880,880.0,880
TeamB-afc13e53-2c77-48cb-8a78-743663bbb84f,TeamB,2020-09-25,1,8.0,8,90,90.0,720,720.0,720
TeamB-afc13e53-2c77-48cb-8a78-743663bbb84f,TeamB,2020-09-26,1,4.0,4,90,90.0,360,360.0,360
TeamB-afc13e53-2c77-48cb-8a78-743663bbb84f,TeamB,2020-09-27,1,8.0,8,80,80.0,640,640.0,640
TeamB-afc13e53-2c77-48cb-8a78-743663bbb84f,TeamB,2020-10-01,1,7.0,7,100,100.0,700,700.0,700
TeamB-afc13e53-2c77-48cb-8a78-743663bbb84f,TeamB,2020-10-02,2,6.0,7,180,90.0,1140,570.0,840
TeamB-afc13e53-2c77-48cb-8a78-743663bbb84f,TeamB,2020-10-05,1,7.0,7,100,100.0,700,700.0,700
TeamB-afc13e53-2c77-48cb-8a78-743663bbb84f,TeamB,2020-10-06,1,4.0,4,70,70.0,280,280.0,280
TeamB-afc13e53-2c77-48cb-8a78-743663bbb84f,TeamB,2020-10-07,1,8.0,8,120,120.0,960,960.0,960
TeamB-afc13e53-2c77-48cb-8a78-743663bbb84f,TeamB,2020-10-08,1,3.0,3,90,90.0,270,270.0,270
TeamB-afc13e53-2c77-48cb-8a78-743663bbb84f,TeamB,2020-10-11,1,8.0,8,90,90.0,720,720.0,720
TeamB-afc13e53-2c77-48cb-8a78-743663bbb84f,TeamB,2020-10-13,1,6.0,6,110,110.0,660,660.0,660
TeamB-afc13e53-2c77-48cb-8a78-743663bbb84f,TeamB,2020-10-14,1,10.0,10,110,110.0,1100,1100.0,1100
TeamB-afc13e53-2c77-48cb-8a78-743663bbb84f,TeamB,2020-10-16,1,7.0,7,100,100.0,700,700.0,700
TeamB-afc13e53-2c77-48cb-8a78-743663bbb84f,TeamB,2020-10-17,1,5.0,5,100,100.0,500,500.0,500
TeamB-afc13e53-2c77-48cb-8a78-743663bbb84f,TeamB,2020-10-18,1,7.0,7,80,80.0,560,560.0,560
TeamB-afc13e53-2c77-48cb-8a78-743663bbb84f,TeamB,2020-10-20,1,7.0,7,120,120.0,840,840.0,840
TeamB-afc13e53-2c77-48cb-8a78-743663bbb84f,TeamB,2020-10-21,1,9.0,9,120,120.0,1080,1080.0,1080
TeamB-afc13e53-2c77-48cb-8a78-743663bbb84f,TeamB,2020-10-22,1,8.0,8,70,70.0,560,560.0,560
TeamB-afc13e53-2c77-48cb-8a78-743663bbb84f,TeamB,2020-10-25,2,7.0,7,180,90.0,1260,630.0,630
TeamB-afc13e53-2c77-48cb-8a78-743663bbb84f,TeamB,2020-10-26,1,6.0,6,70,70.0,420,420.0,420
TeamB-afc13e53-2c77-48cb-8a78-743663bbb84f,TeamB,2020-10-27,1,2.0,2,30,30.0,60,60.0,60
TeamB-afc13e53-2c77-48cb-8a78-743663bbb84f,TeamB,2020-10-29,1,8.0,8,110,110.0,880,880.0,880
TeamB-afc13e53-2c77-48cb-8a78-743663bbb84f,TeamB,2020-10-30,1,9.0,9,70,70.0,630,630.0,630
TeamB-afc13e53-2c77-48cb-8a78-743663bbb84f,TeamB,2020-11-01,2,6.0,8,140,70.0,840,420.0,560
TeamB-afc13e53-2c77-48cb-8a78-743663bbb84f,TeamB,2020-11-02,1,2.0,2,60,60.0,120,120.0,120
TeamB-afc13e53-2c77-48cb-8a78-743663bbb84f,TeamB,2020-11-03,1,4.0,4,60,60.0,240,240.0,240
TeamB-afc13e53-2c77-48cb-8a78-743663bbb84f,TeamB,2020-11-05,1,2.0,2,70,70.0,140,140.0,140
TeamB-afc13e53-2c77-48cb-8a78-743663bbb84f,TeamB,2020-11-06,1,4.0,4,70,70.0,280,280.0,280
TeamB-afc13e53-2c77-48cb-8a78-743663bbb84f,TeamB,2020-11-07,1,7.0,7,90,90.0,630,630.0,630
TeamB-afc13e53-2c77-48cb-8a78-743663bbb84f,TeamB,2020-11-10,1,4.0,4,70,70.0,280,280.0,280
TeamB-afc13e53-2c77-48cb-8a78-743663bbb84f,TeamB,2020-11-11,1,8.0,8,50,50.0,400,400.0,400
TeamB-afc13e53-2c77-48cb-8a78-743663bbb84f,TeamB,2020-11-12,1,5.0,5,70,70.0,350,350.0,350
TeamB-afc13e53-2c77-48cb-8a78-743663bbb84f,TeamB,2020-11-14,1,9.0,9,110,110.0,990,990.0,990
TeamB-afc13e53-2c77-48cb-8a78-743663bbb84f,TeamB,2020-11-15,1,7.0,7,100,100.0,700,700.0,700
TeamB-afc13e53-2c77-48cb-8a78-743663bbb84f,TeamB,2020-11-16,1,4.0,4,60,60.0,240,240.0,240
TeamB-afc13e53-2c77-48cb-8a78-743663bbb84f,TeamB,2020-11-18,1,4.0,4,60,60.0,240,240.0,240
TeamB-afc13e53-2c77-48cb-8a78-743663bbb84f,TeamB,2020-11-19,1,9.0,9,90,90.0,810,810.0,810
TeamB-afc13e53-2c77-48cb-8a78-743663bbb84f,TeamB,2020-11-20,1,2.0,2,30,30.0,60,60.0,60
TeamB-afc13e53-2c77-48cb-8a78-743663bbb84f,TeamB,2020-11-21,1,4.0,4,60,60.0,240,240.0,240
TeamB-afc13e53-2c77-48cb-8a78-743663bbb84f,TeamB,2020-11-22,1,9.0,9,80,80.0,720,720.0,720
TeamB-afc13e53-2c77-48cb-8a78-743663bbb84f,TeamB,2020-11-24,1,4.0,4,60,60.0,240,240.0,240
TeamB-afc13e53-2c77-48cb-8a78-743663bbb84f,TeamB,2020-11-25,1,5.0,5,80,80.0,400,400.0,400
TeamB-afc13e53-2c77-48cb-8a78-743663bbb84f,TeamB,2020-11-29,2,4.0,5,50,25.0,210,105.0,150
TeamB-afc13e53-2c77-48cb-8a78-743663bbb84f,TeamB,2020-11-30,1,7.0,7,90,90.0,630,630.0,630
TeamB-afc13e53-2c77-48cb-8a78-743663bbb84f,TeamB,2020-12-01,1,5.0,5,90,90.0,450,450.0,450
TeamB-afc13e53-2c77-48cb-8a78-743663bbb84f,TeamB,2020-12-02,1,7.0,7,70,70.0,490,490.0,490
TeamB-afc13e53-2c77-48cb-8a78-743663bbb84f,TeamB,2020-12-04,1,7.0,7,90,90.0,630,630.0,630
TeamB-afc13e53-2c77-48cb-8a78-743663bbb84f,TeamB,2020-12-05,1,7.0,7,90,90.0,630,630.0,630
TeamB-afc13e53-2c77-48cb-8a78-743663bbb84f,TeamB,2020-12-06,1,8.0,8,90,90.0,720,720.0,720
TeamB-afc13e53-2c77-48cb-8a78-743663bbb84f,TeamB,2020-12-07,1,3.0,3,30,30.0,90,90.0,90
TeamB-afc13e53-2c77-48cb-8a78-743663bbb84f,TeamB,2020-12-08,1,4.0,4,80,80.0,320,320.0,320
TeamB-afc13e53-2c77-48cb-8a78-743663bbb84f,TeamB,2020-12-09,1,4.0,4,80,80.0,320,320.0,320
TeamB-afc13e53-2c77-48cb-8a78-743663bbb84f,TeamB,2020-12-10,1,8.0,8,90,90.0,720,720.0,720
TeamB-afc13e53-2c77-48cb-8a78-743663bbb84f,TeamB,2020-12-12,1,4.0,4,70,70.0,280,280.0,280
TeamB-afc13e53-2c77-48cb-8a78-743663bbb84f,TeamB,2020-12-13,1,9.0,9,120,120.0,1080,1080.0,1080
TeamB-afc13e53-2c77-48cb-8a78-743663bbb84f,TeamB,2021-01-10,1,3.0,3,60,60.0,180,180.0,180
TeamB-afc13e53-2c77-48cb-8a78-743663bbb84f,TeamB,2021-01-11,1,7.0,7,70,70.0,490,490.0,490
TeamB-afc13e53-2c77-48cb-8a78-743663bbb84f,TeamB,2021-01-12,2,6.0,7,150,75.0,930,465.0,630
TeamB-afc13e53-2c77-48cb-8a78-743663bbb84f,TeamB,2021-01-14,1,7.0,7,70,70.0,490,490.0,490
TeamB-afc13e53-2c77-48cb-8a78-743663bbb84f,TeamB,2021-01-15,2,6.0,8,140,70.0,920,460.0,720
TeamB-afc13e53-2c77-48cb-8a78-743663bbb84f,TeamB,2021-01-17,1,8.0,8,90,90.0,720,720.0,720
TeamB-afc13e53-2c77-48cb-8a78-743663bbb84f,TeamB,2021-01-18,2,7.0,9,180,90.0,1260,630.0,810
TeamB-afc13e53-2c77-48cb-8a78-743663bbb84f,TeamB,2021-01-20,1,7.0,7,90,90.0,630,630.0,630
TeamB-afc13e53-2c77-48cb-8a78-743663bbb84f,TeamB,2021-01-21,1,7.0,7,60,60.0,420,420.0,420
TeamB-afc13e53-2c77-48cb-8a78-743663bbb84f,TeamB,2021-01-22,1,4.0,4,100,100.0,400,400.0,400
TeamB-afc13e53-2c77-48cb-8a78-743663bbb84f,TeamB,2021-01-23,1,3.0,3,60,60.0,180,180.0,180
TeamB-afc13e53-2c77-48cb-8a78-743663bbb84f,TeamB,2021-01-24,1,5.0,5,60,60.0,300,300.0,300
TeamB-afc13e53-2c77-48cb-8a78-743663bbb84f,TeamB,2021-01-25,1,8.0,8,60,60.0,480,480.0,480
TeamB-afc13e53-2c77-48cb-8a78-743663bbb84f,TeamB,2021-01-26,2,5.5,6,140,70.0,760,380.0,400
TeamB-afc13e53-2c77-48cb-8a78-743663bbb84f,TeamB,2021-01-27,1,8.0,8,60,60.0,480,480.0,480
TeamB-afc13e53-2c77-48cb-8a78-743663bbb84f,TeamB,2021-01-28,1,5.0,5,60,60.0,300,300.0,300
TeamB-afc13e53-2c77-48cb-8a78-743663bbb84f,TeamB,2021-01-29,2,6.5,7,100,50.0,660,330.0,420
TeamB-afc13e53-2c77-48cb-8a78-743663bbb84f,TeamB,2021-01-30,2,5.0,5,120,60.0,600,300.0,300
TeamB-afc13e53-2c77-48cb-8a78-743663bbb84f,TeamB,2021-02-01,2,5.5,7,120,60.0,810,405.0,770
TeamB-afc13e53-2c77-48cb-8a78-743663bbb84f,TeamB,2021-02-02,1,8.0,8,90,90.0,720,720.0,720
TeamB-afc13e53-2c77-48cb-8a78-743663bbb84f,TeamB,2021-02-03,1,4.0,4,90,90.0,360,360.0,360
TeamB-afc13e53-2c77-48cb-8a78-743663bbb84f,TeamB,2021-02-04,1,9.0,9,70,70.0,630,630.0,630
TeamB-afc13e53-2c77-48cb-8a78-743663bbb84f,TeamB,2021-02-05,1,4.0,4,90,90.0,360,360.0,360
TeamB-afc13e53-2c77-48cb-8a78-743663bbb84f,TeamB,2021-02-07,1,9.0,9,100,100.0,900,900.0,900
TeamB-afc13e53-2c77-48cb-8a78-743663bbb84f,TeamB,2021-02-08,1,7.0,7,110,110.0,770,770.0,770
TeamB-afc13e53-2c77-48cb-8a78-743663bbb84f,TeamB,2021-02-10,1,7.0,7,70,70.0,490,490.0,490
TeamB-afc13e53-2c77-48cb-8a78-743663bbb84f,TeamB,2021-02-11,1,9.0,9,120,120.0,1080,1080.0,1080
TeamB-afc13e53-2c77-48cb-8a78-743663bbb84f,TeamB,2021-02-14,2,6.5,9,80,40.0,570,285.0,450
TeamB-afc13e53-2c77-48cb-8a78-743663bbb84f,TeamB,2021-02-15,1,6.0,6,60,60.0,360,360.0,360
TeamB-afc13e53-2c77-48cb-8a78-743663bbb84f,TeamB,2021-02-16,1,6.0,6,60,60.0,360,360.0,360
TeamB-afc13e53-2c77-48cb-8a78-743663bbb84f,TeamB,2021-02-17,1,8.0,8,60,60.0,480,480.0,480
TeamB-afc13e53-2c77-48cb-8a78-743663bbb84f,TeamB,2021-02-18,2,5.0,5,120,60.0,600,300.0,300
TeamB-afc13e53-2c77-48cb-8a78-743663bbb84f,TeamB,2021-02-20,2,7.0,8,150,75.0,1020,510.0,540
TeamB-afc13e53-2c77-48cb-8a78-743663bbb84f,TeamB,2021-02-21,1,6.0,6,90,90.0,540,540.0,540
TeamB-afc13e53-2c77-48cb-8a78-743663bbb84f,TeamB,2021-02-22,1,6.0,6,60,60.0,360,360.0,360
TeamB-afc13e53-2c77-48cb-8a78-743663bbb84f,TeamB,2021-02-24,2,6.0,7,100,50.0,620,310.0,420
TeamB-afc13e53-2c77-48cb-8a78-743663bbb84f,TeamB,2021-02-25,2,7.0,7,110,55.0,770,385.0,630
TeamB-afc13e53-2c77-48cb-8a78-743663bbb84f,TeamB,2021-02-26,2,6.5,8,150,75.0,1020,510.0,720
TeamB-afc13e53-2c77-48cb-8a78-743663bbb84f,TeamB,2021-02-27,1,7.0,7,90,90.0,630,630.0,630
TeamB-afc13e53-2c77-48cb-8a78-743663bbb84f,TeamB,2021-03-01,3,4.333333333333333,5,180,60.0,840,280.0,450
TeamB-afc13e53-2c77-48cb-8a78-743663bbb84f,TeamB,2021-03-02,3,5.333333333333333,8,160,53.333333333333336,1000,333.3333333333333,720
TeamB-afc13e53-2c77-48cb-8a78-743663bbb84f,TeamB,2021-03-03,2,3.0,3,120,60.0,360,180.0,180
TeamB-afc13e53-2c77-48cb-8a78-743663bbb84f,TeamB,2021-03-04,2,6.0,8,150,75.0,960,480.0,720
TeamB-afc13e53-2c77-48cb-8a78-743663bbb84f,TeamB,2021-03-05,3,4.333333333333333,7,190,63.333333333333336,930,310.0,630
TeamB-afc13e53-2c77-48cb-8a78-743663bbb84f,TeamB,2021-03-06,3,4.666666666666667,8,160,53.333333333333336,980,326.6666666666667,720
TeamB-afc13e53-2c77-48cb-8a78-743663bbb84f,TeamB,2021-03-08,3,5.333333333333333,8,160,53.333333333333336,1040,346.6666666666667,540
TeamB-afc13e53-2c77-48cb-8a78-743663bbb84f,TeamB,2021-03-10,1,4.0,4,20,20.0,80,80.0,80
TeamB-afc13e53-2c77-48cb-8a78-743663bbb84f,TeamB,2021-03-11,1,8.0,8,80,80.0,640,640.0,640
TeamB-afc13e53-2c77-48cb-8a78-743663bbb84f,TeamB,2021-03-12,1,8.0,8,90,90.0,720,720.0,720
TeamB-afc13e53-2c77-48cb-8a78-743663bbb84f,TeamB,2021-03-13,1,5.0,5,90,90.0,450,450.0,450
TeamB-afc13e53-2c77-48cb-8a78-743663bbb84f,TeamB,2021-03-14,1,4.0,4,50,50.0,200,200.0,200
TeamB-afc13e53-2c77-48cb-8a78-743663bbb84f,TeamB,2021-03-15,3,5.666666666666667,7,170,56.666666666666664,1110,370.0,630
TeamB-afc13e53-2c77-48cb-8a78-743663bbb84f,TeamB,2021-03-16,2,4.5,6,150,75.0,720,360.0,540
TeamB-afc13e53-2c77-48cb-8a78-743663bbb84f,TeamB,2021-03-18,2,5.5,7,170,85.0,1010,505.0,770
TeamB-afc13e53-2c77-48cb-8a78-743663bbb84f,TeamB,2021-03-19,1,4.0,4,90,90.0,360,360.0,360
TeamB-afc13e53-2c77-48cb-8a78-743663bbb84f,TeamB,2021-03-20,2,6.0,8,140,70.0,920,460.0,720
TeamB-afc13e53-2c77-48cb-8a78-743663bbb84f,TeamB,2021-03-22,1,7.0,7,90,90.0,630,630.0,630
TeamB-afc13e53-2c77-48cb-8a78-743663bbb84f,TeamB,2021-03-23,1,3.0,3,20,20.0,60,60.0,60
TeamB-afc13e53-2c77-48cb-8a78-743663bbb84f,TeamB,2021-03-25,1,6.0,6,120,120.0,720,720.0,720
TeamB-afc13e53-2c77-48cb-8a78-743663bbb84f,TeamB,2021-03-26,2,2.5,3,120,60.0,330,165.0,270
TeamB-afc13e53-2c77-48cb-8a78-743663bbb84f,TeamB,2021-03-27,3,4.666666666666667,7,160,53.333333333333336,950,316.6666666666667,630
TeamB-afc13e53-2c77-48cb-8a78-743663bbb84f,TeamB,2021-03-29,2,4.5,6,120,60.0,630,315.0,540
TeamB-afc13e53-2c77-48cb-8a78-743663bbb84f,TeamB,2021-03-30,2,6.0,9,120,60.0,900,450.0,810
TeamB-afc13e53-2c77-48cb-8a78-743663bbb84f,TeamB,2021-03-31,2,6.0,8,120,60.0,840,420.0,720
TeamB-afc13e53-2c77-48cb-8a78-743663bbb84f,TeamB,2021-04-02,1,3.0,3,70,70.0,210,210.0,210
TeamB-afc13e53-2c77-48cb-8a78-743663bbb84f,TeamB,2021-04-04,1,5.0,5,40,40.0,200,200.0,200
TeamB-afc13e53-2c77-48cb-8a78-743663bbb84f,TeamB,2021-04-06,2,6.0,8,120,60.0,800,400.0,640
TeamB-afc13e53-2c77-48cb-8a78-743663bbb84f,TeamB,2021-04-07,1,3.0,3,90,90.0,270,270.0,270
TeamB-afc13e53-2c77-48cb-8a78-743663bbb84f,TeamB,2021-04-09,1,5.0,5,40,40.0,200,200.0,200
TeamB-afc13e53-2c77-48cb-8a78-743663bbb84f,TeamB,2021-04-10,1,7.0,7,40,40.0,280,280.0,280
TeamB-afc13e53-2c77-48cb-8a78-743663bbb84f,TeamB,2021-04-12,1,8.0,8,120,120.0,960,960.0,960
TeamB-afc13e53-2c77-48cb-8a78-743663bbb84f,TeamB,2021-04-13,2,5.0,7,130,65.0,830,415.0,770
TeamB-afc13e53-2c77-48cb-8a78-743663bbb84f,TeamB,2021-04-14,1,4.0,4,40,40.0,160,160.0,160
TeamB-afc13e53-2c77-48cb-8a78-743663bbb84f,TeamB,2021-04-15,2,4.5,6,110,55.0,600,300.0,540
TeamB-afc13e53-2c77-48cb-8a78-743663bbb84f,TeamB,2021-04-16,1,7.0,7,90,90.0,630,630.0,630
TeamB-afc13e53-2c77-48cb-8a78-743663bbb84f,TeamB,2021-04-17,1,8.0,8,90,90.0,720,720.0,720
TeamB-afc13e53-2c77-48cb-8a78-743663bbb84f,TeamB,2021-04-19,1,4.0,4,90,90.0,360,360.0,360
TeamB-afc13e53-2c77-48cb-8a78-743663bbb84f,TeamB,2021-04-20,1,7.0,7,50,50.0,350,350.0,350
TeamB-afc13e53-2c77-48cb-8a78-743663bbb84f,TeamB,2021-04-21,1,8.0,8,80,80.0,640,640.0,640
TeamB-afc13e53-2c77-48cb-8a78-743663bbb84f,TeamB,2021-04-23,1,6.0,6,70,70.0,420,420.0,420
TeamB-afc13e53-2c77-48cb-8a78-743663bbb84f,TeamB,2021-04-26,1,5.0,5,120,120.0,600,600.0,600
TeamB-afc13e53-2c77-48cb-8a78-743663bbb84f,TeamB,2021-04-27,1,9.0,9,120,120.0,1080,1080.0,1080
TeamB-afc13e53-2c77-48cb-8a78-743663bbb84f,TeamB,2021-04-28,2,5.0,7,130,65.0,830,415.0,770
TeamB-afc13e53-2c77-48cb-8a78-743663bbb84f,TeamB,2021-04-29,1,7.0,7,110,110.0,770,770.0,770
TeamB-afc13e53-2c77-48cb-8a78-743663bbb84f,TeamB,2021-04-30,1,4.0,4,90,90.0,360,360.0,360
TeamB-afc13e53-2c77-48cb-8a78-743663bbb84f,TeamB,2021-05-01,1,8.0,8,90,90.0,720,720.0,720
TeamB-afc13e53-2c77-48cb-8a78-743663bbb84f,TeamB,2021-05-03,1,5.0,5,90,90.0,450,450.0,450
TeamB-afc13e53-2c77-48cb-8a78-743663bbb84f,TeamB,2021-05-04,2,5.5,8,110,55.0,780,390.0,720
TeamB-afc13e53-2c77-48cb-8a78-743663bbb84f,TeamB,2021-05-05,1,9.0,9,90,90.0,810,810.0,810
TeamB-afc13e53-2c77-48cb-8a78-743663bbb84f,TeamB,2021-05-06,1,5.0,5,90,90.0,450,450.0,450
TeamB-afc13e53-2c77-48cb-8a78-743663bbb84f,TeamB,2021-05-07,1,4.0,4,90,90.0,360,360.0,360
TeamB-afc13e53-2c77-48cb-8a78-743663bbb84f,TeamB,2021-05-08,1,9.0,9,90,90.0,810,810.0,810
TeamB-afc13e53-2c77-48cb-8a78-743663bbb84f,TeamB,2021-05-10,1,4.0,4,90,90.0,360,360.0,360
TeamB-afc13e53-2c77-48cb-8a78-743663bbb84f,TeamB,2021-05-11,1,9.0,9,90,90.0,810,810.0,810
TeamB-afc13e53-2c77-48cb-8a78-743663bbb84f,TeamB,2021-05-12,1,4.0,4,90,90.0,360,360.0,360
TeamB-afc13e53-2c77-48cb-8a78-743663bbb84f,TeamB,2021-05-14,1,4.0,4,90,90.0,360,360.0,360
TeamB-afc13e53-2c77-48cb-8a78-743663bbb84f,TeamB,2021-05-15,1,9.0,9,90,90.0,810,810.0,810
TeamB-afc13e53-2c77-48cb-8a78-743663bbb84f,TeamB,2021-05-17,1,3.0,3,20,20.0,60,60.0,60
TeamB-afc13e53-2c77-48cb-8a78-743663bbb84f,TeamB,2021-05-18,1,8.0,8,100,100.0,800,800.0,800
TeamB-afc13e53-2c77-48cb-8a78-743663bbb84f,TeamB,2021-05-19,1,8.0,8,120,120.0,960,960.0,960
TeamB-afc13e53-2c77-48cb-8a78-743663bbb84f,TeamB,2021-05-20,1,4.0,4,20,20.0,80,80.0,80
TeamB-afc13e53-2c77-48cb-8a78-743663bbb84f,TeamB,2021-05-21,1,4.0,4,90,90.0,360,360.0,360
TeamB-afc13e53-2c77-48cb-8a78-743663bbb84f,TeamB,2021-05-22,1,9.0,9,90,90.0,810,810.0,810
TeamB-afc13e53-2c77-48cb-8a78-743663bbb84f,TeamB,2021-05-24,1,5.0,5,120,120.0,600,600.0,600
TeamB-afc13e53-2c77-48cb-8a78-743663bbb84f,TeamB,2021-05-25,1,9.0,9,90,90.0,810,810.0,810
TeamB-afc13e53-2c77-48cb-8a78-743663bbb84f,TeamB,2021-05-26,1,8.0,8,90,90.0,720,720.0,720
TeamB-afc13e53-2c77-48cb-8a78-743663bbb84f,TeamB,2021-05-28,1,4.0,4,90,90.0,360,360.0,360
TeamB-afc13e53-2c77-48cb-8a78-743663bbb84f,TeamB,2021-05-29,1,9.0,9,90,90.0,810,810.0,810
TeamB-afc13e53-2c77-48cb-8a78-743663bbb84f,TeamB,2021-05-31,2,5.5,7,120,60.0,660,330.0,420
TeamB-afc13e53-2c77-48cb-8a78-743663bbb84f,TeamB,2021-06-01,2,5.5,8,100,50.0,750,375.0,720
TeamB-afc13e53-2c77-48cb-8a78-743663bbb84f,TeamB,2021-06-02,1,4.0,4,70,70.0,280,280.0,280
TeamB-afc13e53-2c77-48cb-8a78-743663bbb84f,TeamB,2021-06-04,1,8.0,8,120,120.0,960,960.0,960
TeamB-afc13e53-2c77-48cb-8a78-743663bbb84f,TeamB,2021-06-05,1,8.0,8,90,90.0,720,720.0,720
TeamB-afc13e53-2c77-48cb-8a78-743663bbb84f,TeamB,2021-06-07,1,4.0,4,90,90.0,360,360.0,360
TeamB-afc13e53-2c77-48cb-8a78-743663bbb84f,TeamB,2021-06-20,1,7.0,7,90,90.0,630,630.0,630
TeamB-afc13e53-2c77-48cb-8a78-743663bbb84f,TeamB,2021-06-21,1,5.0,5,90,90.0,450,450.0,450
TeamB-afc13e53-2c77-48cb-8a78-743663bbb84f,TeamB,2021-06-22,1,9.0,9,90,90.0,810,810.0,810
TeamB-afc13e53-2c77-48cb-8a78-743663bbb84f,TeamB,2021-06-23,1,3.0,3,90,90.0,270,270.0,270
TeamB-afc13e53-2c77-48cb-8a78-743663bbb84f,TeamB,2021-06-26,1,8.0,8,60,60.0,480,480.0,480
TeamB-afc13e53-2c77-48cb-8a78-743663bbb84f,TeamB,2021-06-27,1,3.0,3,80,80.0,240,240.0,240
TeamB-afc13e53-2c77-48cb-8a78-743663bbb84f,TeamB,2021-06-29,1,4.0,4,90,90.0,360,360.0,360
TeamB-afc13e53-2c77-48cb-8a78-743663bbb84f,TeamB,2021-06-30,1,8.0,8,80,80.0,640,640.0,640
TeamB-afc13e53-2c77-48cb-8a78-743663bbb84f,TeamB,2021-07-01,1,3.0,3,90,90.0,270,270.0,270
TeamB-afc13e53-2c77-48cb-8a78-743663bbb84f,TeamB,2021-07-03,1,3.0,3,90,90.0,270,270.0,270
TeamB-afc13e53-2c77-48cb-8a78-743663bbb84f,TeamB,2021-07-06,1,5.0,5,60,60.0,300,300.0,300
TeamB-afc13e53-2c77-48cb-8a78-743663bbb84f,TeamB,2021-07-07,1,9.0,9,90,90.0,810,810.0,810
TeamB-afc13e53-2c77-48cb-8a78-743663bbb84f,TeamB,2021-07-09,1,4.0,4,90,90.0,360,360.0,360
TeamB-afc13e53-2c77-48cb-8a78-743663bbb84f,TeamB,2021-07-10,1,9.0,9,70,70.0,630,630.0,630
TeamB-afc13e53-2c77-48cb-8a78-743663bbb84f,TeamB,2021-07-11,1,2.0,2,90,90.0,180,180.0,180
TeamB-afc13e53-2c77-48cb-8a78-743663bbb84f,TeamB,2021-07-13,1,6.0,6,90,90.0,540,540.0,540
TeamB-afc13e53-2c77-48cb-8a78-743663bbb84f,TeamB,2021-07-31,1,7.0,7,90,90.0,630,630.0,630
TeamB-afc13e53-2c77-48cb-8a78-743663bbb84f,TeamB,2021-08-01,1,4.0,4,90,90.0,360,360.0,360
TeamB-afc13e53-2c77-48cb-8a78-743663bbb84f,TeamB,2021-08-03,3,7.333333333333333,8,200,66.66666666666667,1480,493.3333333333333,720
TeamB-afc13e53-2c77-48cb-8a78-743663bbb84f,TeamB,2021-08-05,1,8.0,8,90,90.0,720,720.0,720
TeamB-afc13e53-2c77-48cb-8a78-743663bbb84f,TeamB,2021-08-06,1,4.0,4,90,90.0,360,360.0,360
TeamB-afc13e53-2c77-48cb-8a78-743663bbb84f,TeamB,2021-08-07,1,7.0,7,60,60.0,420,420.0,420
TeamB-afc13e53-2c77-48cb-8a78-743663bbb84f,TeamB,2021-08-10,2,6.5,8,150,75.0,1020,510.0,720
TeamB-afc13e53-2c77-48cb-8a78-743663bbb84f,TeamB,2021-08-11,2,5.5,6,100,50.0,590,295.0,540
TeamB-afc13e53-2c77-48cb-8a78-743663bbb84f,TeamB,2021-08-13,1,4.0,4,90,90.0,360,360.0,360
TeamB-afc13e53-2c77-48cb-8a78-743663bbb84f,TeamB,2021-08-14,1,9.0,9,60,60.0,540,540.0,540
TeamB-afc13e53-2c77-48cb-8a78-743663bbb84f,TeamB,2021-08-15,1,4.0,4,70,70.0,280,280.0,280
TeamB-afc13e53-2c77-48cb-8a78-743663bbb84f,TeamB,2021-08-17,1,6.0,6,60,60.0,360,360.0,360
TeamB-afc13e53-2c77-48cb-8a78-743663bbb84f,TeamB,2021-08-18,1,9.0,9,90,90.0,810,810.0,810
TeamB-afc13e53-2c77-48cb-8a78-743663bbb84f,TeamB,2021-08-19,1,2.0,2,40,40.0,80,80.0,80
TeamB-afc13e53-2c77-48cb-8a78-743663bbb84f,TeamB,2021-08-20,1,6.0,6,60,60.0,360,360.0,360
TeamB-afc13e53-2c77-48cb-8a78-743663bbb84f,TeamB,2021-08-21,3,7.666666666666667,9,230,76.66666666666667,1790,596.6666666666666,810
TeamB-afc13e53-2c77-48cb-8a78-743663bbb84f,TeamB,2021-08-23,1,4.0,4,90,90.0,360,360.0,360
TeamB-afc13e53-2c77-48cb-8a78-743663bbb84f,TeamB,2021-08-24,1,9.0,9,90,90.0,810,810.0,810
TeamB-afc13e53-2c77-48cb-8a78-743663bbb84f,TeamB,2021-08-26,1,5.0,5,90,90.0,450,450.0,450
TeamB-afc13e53-2c77-48cb-8a78-743663bbb84f,TeamB,2021-08-27,1,4.0,4,90,90.0,360,360.0,360
TeamB-afc13e53-2c77-48cb-8a78-743663bbb84f,TeamB,2021-08-28,1,9.0,9,80,80.0,720,720.0,720
TeamB-afc13e53-2c77-48cb-8a78-743663bbb84f,TeamB,2021-08-31,1,4.0,4,90,90.0,360,360.0,360
TeamB-afc13e53-2c77-48cb-8a78-743663bbb84f,TeamB,2021-09-01,1,7.0,7,50,50.0,350,350.0,350
TeamB-afc13e53-2c77-48cb-8a78-743663bbb84f,TeamB,2021-09-02,1,2.0,2,20,20.0,40,40.0,40
TeamB-afc13e53-2c77-48cb-8a78-743663bbb84f,TeamB,2021-09-03,1,6.0,6,90,90.0,540,540.0,540
TeamB-afc13e53-2c77-48cb-8a78-743663bbb84f,TeamB,2021-09-04,1,4.0,4,10,10.0,40,40.0,40
TeamB-afc13e53-2c77-48cb-8a78-743663bbb84f,TeamB,2021-09-07,2,4.5,5,120,60.0,540,270.0,300
TeamB-afc13e53-2c77-48cb-8a78-743663bbb84f,TeamB,2021-09-08,1,7.0,7,20,20.0,140,140.0,140
TeamB-afc13e53-2c77-48cb-8a78-743663bbb84f,TeamB,2021-09-10,1,6.0,6,90,90.0,540,540.0,540
TeamB-afc13e53-2c77-48cb-8a78-743663bbb84f,TeamB,2021-09-12,1,8.0,8,80,80.0,640,640.0,640
TeamB-afc13e53-2c77-48cb-8a78-743663bbb84f,TeamB,2021-09-15,1,7.0,7,70,70.0,490,490.0,490
TeamB-afc13e53-2c77-48cb-8a78-743663bbb84f,TeamB,2021-09-16,1,7.0,7,90,90.0,630,630.0,630
TeamB-afc13e53-2c77-48cb-8a78-743663bbb84f,TeamB,2021-09-21,1,6.0,6,60,60.0,360,360.0,360
TeamB-afc13e53-2c77-48cb-8a78-743663bbb84f,TeamB,2021-09-22,2,6.5,8,180,90.0,1260,630.0,960
TeamB-afc13e53-2c77-48cb-8a78-743663bbb84f,TeamB,2021-09-24,1,7.0,7,90,90.0,630,630.0,630
TeamB-afc13e53-2c77-48cb-8a78-743663bbb84f,TeamB,2021-09-25,1,4.0,4,90,90.0,360,360.0,360
TeamB-afc13e53-2c77-48cb-8a78-743663bbb84f,TeamB,2021-09-26,1,7.0,7,60,60.0,420,420.0,420
TeamB-afc13e53-2c77-48cb-8a78-743663bbb84f,TeamB,2021-09-27,1,5.0,5,60,60.0,300,300.0,300
TeamB-afc13e53-2c77-48cb-8a78-743663bbb84f,TeamB,2021-09-28,1,7.0,7,90,90.0,630,630.0,630
TeamB-afc13e53-2c77-48cb-8a78-743663bbb84f,TeamB,2021-10-02,1,7.0,7,30,30.0,210,210.0,210
TeamB-afc13e53-2c77-48cb-8a78-743663bbb84f,TeamB,2021-10-03,1,8.0,8,60,60.0,480,480.0,480
TeamB-afc13e53-2c77-48cb-8a78-743663bbb84f,TeamB,2021-10-05,1,8.0,8,90,90.0,720,720.0,720
TeamB-afc13e53-2c77-48cb-8a78-743663bbb84f,TeamB,2021-10-06,2,4.5,6,180,90.0,840,420.0,600
TeamB-afc13e53-2c77-48cb-8a78-743663bbb84f,TeamB,2021-10-07,1,3.0,3,60,60.0,180,180.0,180
TeamB-afc13e53-2c77-48cb-8a78-743663bbb84f,TeamB,2021-10-09,2,7.5,8,30,15.0,220,110.0,140
TeamB-afc13e53-2c77-48cb-8a78-743663bbb84f,TeamB,2021-10-10,1,4.0,4,90,90.0,360,360.0,360
TeamB-afc13e53-2c77-48cb-8a78-743663bbb84f,TeamB,2021-10-12,1,4.0,4,60,60.0,240,240.0,240
TeamB-afc13e53-2c77-48cb-8a78-743663bbb84f,TeamB,2021-10-13,1,7.0,7,90,90.0,630,630.0,630
TeamB-afc13e53-2c77-48cb-8a78-743663bbb84f,TeamB,2021-10-14,1,3.0,3,60,60.0,180,180.0,180
TeamB-afc13e53-2c77-48cb-8a78-743663bbb84f,TeamB,2021-10-15,1,8.0,8,90,90.0,720,720.0,720
TeamB-afc13e53-2c77-48cb-8a78-743663bbb84f,TeamB,2021-10-16,1,6.0,6,90,90.0,540,540.0,540
TeamB-afc13e53-2c77-48cb-8a78-743663bbb84f,TeamB,2021-10-19,1,7.0,7,70,70.0,490,490.0,490
TeamB-afc13e53-2c77-48cb-8a78-743663bbb84f,TeamB,2021-10-20,1,7.0,7,90,90.0,630,630.0,630
TeamB-afc13e53-2c77-48cb-8a78-743663bbb84f,TeamB,2021-10-21,1,8.0,8,90,90.0,720,720.0,720
TeamB-afc13e53-2c77-48cb-8a78-743663bbb84f,TeamB,2021-10-22,1,8.0,8,90,90.0,720,720.0,720
TeamB-afc13e53-2c77-48cb-8a78-743663bbb84f,TeamB,2021-10-24,1,4.0,4,60,60.0,240,240.0,240
TeamB-afc13e53-2c77-48cb-8a78-743663bbb84f,TeamB,2021-10-25,1,6.0,6,90,90.0,540,540.0,540
TeamB-afc13e53-2c77-48cb-8a78-743663bbb84f,TeamB,2021-10-26,2,5.5,7,170,85.0,1010,505.0,770
TeamB-afc13e53-2c77-48cb-8a78-743663bbb84f,TeamB,2021-10-27,2,7.0,7,180,90.0,1260,630.0,630
TeamB-afc13e53-2c77-48cb-8a78-743663bbb84f,TeamB,2021-10-29,1,8.0,8,120,120.0,960,960.0,960
TeamB-afc13e53-2c77-48cb-8a78-743663bbb84f,TeamB,2021-10-30,1,4.0,4,90,90.0,360,360.0,360
TeamB-afc13e53-2c77-48cb-8a78-743663bbb84f,TeamB,2021-10-31,1,9.0,9,90,90.0,810,810.0,810
TeamB-afc13e53-2c77-48cb-8a78-743663bbb84f,TeamB,2021-11-03,2,4.5,7,120,60.0,690,345.0,630
TeamB-afc13e53-2c77-48cb-8a78-743663bbb84f,TeamB,2021-11-05,1,6.0,6,30,30.0,180,180.0,180
TeamB-afc13e53-2c77-48cb-8a78-743663bbb84f,TeamB,2021-11-06,1,4.0,4,90,90.0,360,360.0,360
TeamB-afc13e53-2c77-48cb-8a78-743663bbb84f,TeamB,2021-11-07,1,7.0,7,90,90.0,630,630.0,630
TeamB-afc13e53-2c77-48cb-8a78-743663bbb84f,TeamB,2021-11-10,2,6.0,6,150,75.0,900,450.0,540
TeamB-d9501f3a-aaa1-4311-8b8b-3a8d3f21480f,TeamB,2021-01-17,1,7.0,7,60,60.0,420,420.0,420
TeamB-d9501f3a-aaa1-4311-8b8b-3a8d3f21480f,TeamB,2021-01-18,2,5.0,7,130,65.0,710,355.0,560
TeamB-d9501f3a-aaa1-4311-8b8b-3a8d3f21480f,TeamB,2021-01-20,1,7.0,7,80,80.0,560,560.0,560
TeamB-d9501f3a-aaa1-4311-8b8b-3a8d3f21480f,TeamB,2021-01-21,1,7.0,7,60,60.0,420,420.0,420
TeamB-d9501f3a-aaa1-4311-8b8b-3a8d3f21480f,TeamB,2021-01-22,1,3.0,3,60,60.0,180,180.0,180
TeamB-d9501f3a-aaa1-4311-8b8b-3a8d3f21480f,TeamB,2021-01-24,1,2.0,2,40,40.0,80,80.0,80
TeamB-d9501f3a-aaa1-4311-8b8b-3a8d3f21480f,TeamB,2021-01-25,1,4.0,4,50,50.0,200,200.0,200
TeamB-d9501f3a-aaa1-4311-8b8b-3a8d3f21480f,TeamB,2021-01-26,1,7.0,7,50,50.0,350,350.0,350
TeamB-d9501f3a-aaa1-4311-8b8b-3a8d3f21480f,TeamB,2021-01-27,1,8.0,8,50,50.0,400,400.0,400
TeamB-d9501f3a-aaa1-4311-8b8b-3a8d3f21480f,TeamB,2021-02-10,1,8.0,8,50,50.0,400,400.0,400
TeamB-d9501f3a-aaa1-4311-8b8b-3a8d3f21480f,TeamB,2021-03-05,1,3.0,3,90,90.0,270,270.0,270
TeamB-d9501f3a-aaa1-4311-8b8b-3a8d3f21480f,TeamB,2021-03-08,1,6.0,6,50,50.0,300,300.0,300
TeamB-d9501f3a-aaa1-4311-8b8b-3a8d3f21480f,TeamB,2021-03-09,1,7.0,7,100,100.0,700,700.0,700
TeamB-d9501f3a-aaa1-4311-8b8b-3a8d3f21480f,TeamB,2021-03-11,1,8.0,8,90,90.0,720,720.0,720
TeamB-d9501f3a-aaa1-4311-8b8b-3a8d3f21480f,TeamB,2021-03-12,2,3.0,3,180,90.0,540,270.0,270
TeamB-d9501f3a-aaa1-4311-8b8b-3a8d3f21480f,TeamB,2021-03-13,1,5.0,5,90,90.0,450,450.0,450
TeamB-d9501f3a-aaa1-4311-8b8b-3a8d3f21480f,TeamB,2021-03-15,1,5.0,5,90,90.0,450,450.0,450
TeamB-d9501f3a-aaa1-4311-8b8b-3a8d3f21480f,TeamB,2021-03-20,1,3.0,3,50,50.0,150,150.0,150
TeamB-d9501f3a-aaa1-4311-8b8b-3a8d3f21480f,TeamB,2021-03-22,1,4.0,4,90,90.0,360,360.0,360
TeamB-d9501f3a-aaa1-4311-8b8b-3a8d3f21480f,TeamB,2021-03-25,1,7.0,7,100,100.0,700,700.0,700
TeamB-d9501f3a-aaa1-4311-8b8b-3a8d3f21480f,TeamB,2021-03-26,1,5.0,5,90,90.0,450,450.0,450
TeamB-d9501f3a-aaa1-4311-8b8b-3a8d3f21480f,TeamB,2021-03-27,1,5.0,5,0,0.0,0,0.0,0
TeamB-d9501f3a-aaa1-4311-8b8b-3a8d3f21480f,TeamB,2021-03-29,1,5.0,5,90,90.0,450,450.0,450
TeamB-d9501f3a-aaa1-4311-8b8b-3a8d3f21480f,TeamB,2021-03-30,1,6.0,6,180,180.0,1080,1080.0,1080
TeamB-d9501f3a-aaa1-4311-8b8b-3a8d3f21480f,TeamB,2021-03-31,1,2.0,2,30,30.0,60,60.0,60
TeamB-d9501f3a-aaa1-4311-8b8b-3a8d3f21480f,TeamB,2021-04-08,1,8.0,8,100,100.0,800,800.0,800
TeamB-d9501f3a-aaa1-4311-8b8b-3a8d3f21480f,TeamB,2021-04-10,1,4.0,4,90,90.0,360,360.0,360
TeamB-d9501f3a-aaa1-4311-8b8b-3a8d3f21480f,TeamB,2021-04-12,1,7.0,7,90,90.0,630,630.0,630
TeamB-d9501f3a-aaa1-4311-8b8b-3a8d3f21480f,TeamB,2021-04-14,1,5.0,5,90,90.0,450,450.0,450
TeamB-d9501f3a-aaa1-4311-8b8b-3a8d3f21480f,TeamB,2021-04-16,1,6.0,6,90,90.0,540,540.0,540
TeamB-d9501f3a-aaa1-4311-8b8b-3a8d3f21480f,TeamB,2021-04-17,1,7.0,7,60,60.0,420,420.0,420
TeamB-d9501f3a-aaa1-4311-8b8b-3a8d3f21480f,TeamB,2021-04-29,1,4.0,4,90,90.0,360,360.0,360
TeamB-d9501f3a-aaa1-4311-8b8b-3a8d3f21480f,TeamB,2021-05-01,1,9.0,9,120,120.0,1080,1080.0,1080
TeamB-d9501f3a-aaa1-4311-8b8b-3a8d3f21480f,TeamB,2021-05-14,1,3.0,3,90,90.0,270,270.0,270
TeamB-d9501f3a-aaa1-4311-8b8b-3a8d3f21480f,TeamB,2021-05-29,1,7.0,7,50,50.0,350,350.0,350
TeamB-d9501f3a-aaa1-4311-8b8b-3a8d3f21480f,TeamB,2021-05-31,1,3.0,3,50,50.0,150,150.0,150
TeamB-d9501f3a-aaa1-4311-8b8b-3a8d3f21480f,TeamB,2021-06-01,1,4.0,4,80,80.0,320,320.0,320
TeamB-d9501f3a-aaa1-4311-8b8b-3a8d3f21480f,TeamB,2021-06-20,1,6.0,6,90,90.0,540,540.0,540
TeamB-d9501f3a-aaa1-4311-8b8b-3a8d3f21480f,TeamB,2021-06-22,1,4.0,4,90,90.0,360,360.0,360
TeamB-d9501f3a-aaa1-4311-8b8b-3a8d3f21480f,TeamB,2021-08-11,1,8.0,8,90,90.0,720,720.0,720
TeamB-d9501f3a-aaa1-4311-8b8b-3a8d3f21480f,TeamB,2021-08-14,1,5.0,5,30,30.0,150,150.0,150
TeamB-d9501f3a-aaa1-4311-8b8b-3a8d3f21480f,TeamB,2021-08-18,1,5.0,5,30,30.0,150,150.0,150
TeamB-d9501f3a-aaa1-4311-8b8b-3a8d3f21480f,TeamB,2021-08-21,1,6.0,6,50,50.0,300,300.0,300
TeamB-d9501f3a-aaa1-4311-8b8b-3a8d3f21480f,TeamB,2021-08-24,1,9.0,9,90,90.0,810,810.0,810
TeamB-d9501f3a-aaa1-4311-8b8b-3a8d3f21480f,TeamB,2021-08-28,1,7.0,7,80,80.0,560,560.0,560
TeamB-e4321aef-964a-4fdd-88bd-0bd548b0e93b,TeamB,2020-01-14,1,9.0,9,120,120.0,1080,1080.0,1080
TeamB-e4321aef-964a-4fdd-88bd-0bd548b0e93b,TeamB,2020-01-15,1,6.0,6,120,120.0,720,720.0,720
TeamB-e4321aef-964a-4fdd-88bd-0bd548b0e93b,TeamB,2020-01-16,2,7.5,9,150,75.0,1260,630.0,1080
TeamB-e4321aef-964a-4fdd-88bd-0bd548b0e93b,TeamB,2020-01-17,1,9.0,9,120,120.0,1080,1080.0,1080
TeamB-e4321aef-964a-4fdd-88bd-0bd548b0e93b,TeamB,2020-01-18,1,5.0,5,70,70.0,350,350.0,350
TeamB-e4321aef-964a-4fdd-88bd-0bd548b0e93b,TeamB,2020-01-20,1,9.0,9,120,120.0,1080,1080.0,1080
TeamB-e4321aef-964a-4fdd-88bd-0bd548b0e93b,TeamB,2020-01-21,1,8.0,8,120,120.0,960,960.0,960
TeamB-e4321aef-964a-4fdd-88bd-0bd548b0e93b,TeamB,2020-01-22,1,4.0,4,80,80.0,320,320.0,320
TeamB-e4321aef-964a-4fdd-88bd-0bd548b0e93b,TeamB,2020-01-23,1,7.0,7,90,90.0,630,630.0,630
TeamB-e4321aef-964a-4fdd-88bd-0bd548b0e93b,TeamB,2020-01-24,1,7.0,7,90,90.0,630,630.0,630
TeamB-e4321aef-964a-4fdd-88bd-0bd548b0e93b,TeamB,2020-01-26,1,3.0,3,30,30.0,90,90.0,90
TeamB-e4321aef-964a-4fdd-88bd-0bd548b0e93b,TeamB,2020-01-27,1,8.0,8,80,80.0,640,640.0,640
TeamB-e4321aef-964a-4fdd-88bd-0bd548b0e93b,TeamB,2020-01-28,2,6.5,7,150,75.0,970,485.0,490
TeamB-e4321aef-964a-4fdd-88bd-0bd548b0e93b,TeamB,2020-01-29,1,7.0,7,90,90.0,630,630.0,630
TeamB-e4321aef-964a-4fdd-88bd-0bd548b0e93b,TeamB,2020-01-30,1,6.0,6,70,70.0,420,420.0,420
TeamB-e4321aef-964a-4fdd-88bd-0bd548b0e93b,TeamB,2020-01-31,1,6.0,6,90,90.0,540,540.0,540
TeamB-e4321aef-964a-4fdd-88bd-0bd548b0e93b,TeamB,2020-02-01,2,7.0,7,180,90.0,1260,630.0,630
TeamB-e4321aef-964a-4fdd-88bd-0bd548b0e93b,TeamB,2020-02-03,1,6.0,6,90,90.0,540,540.0,540
TeamB-e4321aef-964a-4fdd-88bd-0bd548b0e93b,TeamB,2020-02-04,1,7.0,7,90,90.0,630,630.0,630
TeamB-e4321aef-964a-4fdd-88bd-0bd548b0e93b,TeamB,2020-02-05,1,6.0,6,70,70.0,420,420.0,420
TeamB-e4321aef-964a-4fdd-88bd-0bd548b0e93b,TeamB,2020-02-06,1,7.0,7,80,80.0,560,560.0,560
TeamB-e4321aef-964a-4fdd-88bd-0bd548b0e93b,TeamB,2020-02-07,1,5.0,5,90,90.0,450,450.0,450
TeamB-e4321aef-964a-4fdd-88bd-0bd548b0e93b,TeamB,2020-02-09,1,7.0,7,80,80.0,560,560.0,560
TeamB-e4321aef-964a-4fdd-88bd-0bd548b0e93b,TeamB,2020-02-10,1,8.0,8,90,90.0,720,720.0,720
TeamB-e4321aef-964a-4fdd-88bd-0bd548b0e93b,TeamB,2020-02-11,1,8.0,8,90,90.0,720,720.0,720
TeamB-e4321aef-964a-4fdd-88bd-0bd548b0e93b,TeamB,2020-02-12,1,7.0,7,90,90.0,630,630.0,630
TeamB-e4321aef-964a-4fdd-88bd-0bd548b0e93b,TeamB,2020-02-13,2,6.5,8,130,65.0,890,445.0,640
TeamB-e4321aef-964a-4fdd-88bd-0bd548b0e93b,TeamB,2020-02-14,1,4.0,4,70,70.0,280,280.0,280
TeamB-e4321aef-964a-4fdd-88bd-0bd548b0e93b,TeamB,2020-02-17,2,5.5,8,150,75.0,900,450.0,720
TeamB-e4321aef-964a-4fdd-88bd-0bd548b0e93b,TeamB,2020-02-18,2,7.0,7,180,90.0,1260,630.0,630
TeamB-e4321aef-964a-4fdd-88bd-0bd548b0e93b,TeamB,2020-02-19,1,4.0,4,90,90.0,360,360.0,360
TeamB-e4321aef-964a-4fdd-88bd-0bd548b0e93b,TeamB,2020-02-20,1,7.0,7,90,90.0,630,630.0,630
TeamB-e4321aef-964a-4fdd-88bd-0bd548b0e93b,TeamB,2020-02-22,1,6.0,6,90,90.0,540,540.0,540
TeamB-e4321aef-964a-4fdd-88bd-0bd548b0e93b,TeamB,2020-02-23,2,5.0,6,150,75.0,760,380.0,480
TeamB-e4321aef-964a-4fdd-88bd-0bd548b0e93b,TeamB,2020-02-24,2,7.0,8,160,80.0,1160,580.0,800
TeamB-e4321aef-964a-4fdd-88bd-0bd548b0e93b,TeamB,2020-02-25,1,4.0,4,110,110.0,440,440.0,440
TeamB-e4321aef-964a-4fdd-88bd-0bd548b0e93b,TeamB,2020-02-26,1,4.0,4,80,80.0,320,320.0,320
TeamB-e4321aef-964a-4fdd-88bd-0bd548b0e93b,TeamB,2020-02-27,1,7.0,7,20,20.0,140,140.0,140
TeamB-e4321aef-964a-4fdd-88bd-0bd548b0e93b,TeamB,2020-02-29,1,8.0,8,70,70.0,560,560.0,560
TeamB-e4321aef-964a-4fdd-88bd-0bd548b0e93b,TeamB,2020-03-01,1,6.0,6,90,90.0,540,540.0,540
TeamB-e4321aef-964a-4fdd-88bd-0bd548b0e93b,TeamB,2020-03-03,2,7.0,8,180,90.0,1320,660.0,960
TeamB-e4321aef-964a-4fdd-88bd-0bd548b0e93b,TeamB,2020-03-05,1,6.0,6,90,90.0,540,540.0,540
TeamB-e4321aef-964a-4fdd-88bd-0bd548b0e93b,TeamB,2020-03-07,1,9.0,9,50,50.0,450,450.0,450
TeamB-e4321aef-964a-4fdd-88bd-0bd548b0e93b,TeamB,2020-03-08,1,2.0,2,40,40.0,80,80.0,80
TeamB-e4321aef-964a-4fdd-88bd-0bd548b0e93b,TeamB,2020-03-09,1,5.0,5,60,60.0,300,300.0,300
TeamB-e4321aef-964a-4fdd-88bd-0bd548b0e93b,TeamB,2020-03-10,1,6.0,6,80,80.0,480,480.0,480
TeamB-e4321aef-964a-4fdd-88bd-0bd548b0e93b,TeamB,2020-03-11,1,5.0,5,80,80.0,400,400.0,400
TeamB-e4321aef-964a-4fdd-88bd-0bd548b0e93b,TeamB,2020-03-12,1,7.0,7,70,70.0,490,490.0,490
TeamB-e4321aef-964a-4fdd-88bd-0bd548b0e93b,TeamB,2020-03-13,1,7.0,7,80,80.0,560,560.0,560
TeamB-e4321aef-964a-4fdd-88bd-0bd548b0e93b,TeamB,2020-03-14,1,7.0,7,70,70.0,490,490.0,490
TeamB-e4321aef-964a-4fdd-88bd-0bd548b0e93b,TeamB,2020-03-16,1,9.0,9,90,90.0,810,810.0,810
TeamB-e4321aef-964a-4fdd-88bd-0bd548b0e93b,TeamB,2020-03-17,1,8.0,8,80,80.0,640,640.0,640
TeamB-e4321aef-964a-4fdd-88bd-0bd548b0e93b,TeamB,2020-03-19,1,6.0,6,90,90.0,540,540.0,540
TeamB-e4321aef-964a-4fdd-88bd-0bd548b0e93b,TeamB,2020-03-20,1,8.0,8,70,70.0,560,560.0,560
TeamB-e4321aef-964a-4fdd-88bd-0bd548b0e93b,TeamB,2020-03-21,1,4.0,4,70,70.0,280,280.0,280
TeamB-e4321aef-964a-4fdd-88bd-0bd548b0e93b,TeamB,2020-03-23,1,8.0,8,90,90.0,720,720.0,720
TeamB-e4321aef-964a-4fdd-88bd-0bd548b0e93b,TeamB,2020-03-24,1,6.0,6,70,70.0,420,420.0,420
TeamB-e4321aef-964a-4fdd-88bd-0bd548b0e93b,TeamB,2020-03-26,1,6.0,6,70,70.0,420,420.0,420
TeamB-e4321aef-964a-4fdd-88bd-0bd548b0e93b,TeamB,2020-03-27,1,8.0,8,70,70.0,560,560.0,560
TeamB-e4321aef-964a-4fdd-88bd-0bd548b0e93b,TeamB,2020-03-28,1,5.0,5,60,60.0,300,300.0,300
TeamB-e4321aef-964a-4fdd-88bd-0bd548b0e93b,TeamB,2020-03-30,1,8.0,8,90,90.0,720,720.0,720
TeamB-e4321aef-964a-4fdd-88bd-0bd548b0e93b,TeamB,2020-03-31,1,9.0,9,60,60.0,540,540.0,540
TeamB-e4321aef-964a-4fdd-88bd-0bd548b0e93b,TeamB,2020-04-02,1,6.0,6,70,70.0,420,420.0,420
TeamB-e4321aef-964a-4fdd-88bd-0bd548b0e93b,TeamB,2020-04-03,1,9.0,9,70,70.0,630,630.0,630
TeamB-e4321aef-964a-4fdd-88bd-0bd548b0e93b,TeamB,2020-04-04,1,6.0,6,70,70.0,420,420.0,420
TeamB-e4321aef-964a-4fdd-88bd-0bd548b0e93b,TeamB,2020-04-06,1,7.0,7,80,80.0,560,560.0,560
TeamB-e4321aef-964a-4fdd-88bd-0bd548b0e93b,TeamB,2020-04-07,1,8.0,8,80,80.0,640,640.0,640
TeamB-e4321aef-964a-4fdd-88bd-0bd548b0e93b,TeamB,2020-04-09,1,7.0,7,110,110.0,770,770.0,770
TeamB-e4321aef-964a-4fdd-88bd-0bd548b0e93b,TeamB,2020-04-10,1,7.0,7,80,80.0,560,560.0,560
TeamB-e4321aef-964a-4fdd-88bd-0bd548b0e93b,TeamB,2020-04-11,1,6.0,6,80,80.0,480,480.0,480
TeamB-e4321aef-964a-4fdd-88bd-0bd548b0e93b,TeamB,2020-04-13,1,9.0,9,60,60.0,540,540.0,540
TeamB-e4321aef-964a-4fdd-88bd-0bd548b0e93b,TeamB,2020-04-14,1,5.0,5,60,60.0,300,300.0,300
TeamB-e4321aef-964a-4fdd-88bd-0bd548b0e93b,TeamB,2020-04-16,1,5.0,5,60,60.0,300,300.0,300
TeamB-e4321aef-964a-4fdd-88bd-0bd548b0e93b,TeamB,2020-04-17,1,5.0,5,60,60.0,300,300.0,300
TeamB-e4321aef-964a-4fdd-88bd-0bd548b0e93b,TeamB,2020-04-18,1,5.0,5,60,60.0,300,300.0,300
TeamB-e4321aef-964a-4fdd-88bd-0bd548b0e93b,TeamB,2020-04-20,1,8.0,8,110,110.0,880,880.0,880
TeamB-e4321aef-964a-4fdd-88bd-0bd548b0e93b,TeamB,2020-04-21,1,6.0,6,70,70.0,420,420.0,420
TeamB-e4321aef-964a-4fdd-88bd-0bd548b0e93b,TeamB,2020-04-22,1,10.0,10,40,40.0,400,400.0,400
TeamB-e4321aef-964a-4fdd-88bd-0bd548b0e93b,TeamB,2020-04-23,1,3.0,3,30,30.0,90,90.0,90
TeamB-e4321aef-964a-4fdd-88bd-0bd548b0e93b,TeamB,2020-04-24,1,4.0,4,60,60.0,240,240.0,240
TeamB-e4321aef-964a-4fdd-88bd-0bd548b0e93b,TeamB,2020-04-25,1,9.0,9,80,80.0,720,720.0,720
TeamB-e4321aef-964a-4fdd-88bd-0bd548b0e93b,TeamB,2020-04-27,1,6.0,6,80,80.0,480,480.0,480
TeamB-e4321aef-964a-4fdd-88bd-0bd548b0e93b,TeamB,2020-04-28,1,9.0,9,50,50.0,450,450.0,450
TeamB-e4321aef-964a-4fdd-88bd-0bd548b0e93b,TeamB,2020-04-29,1,6.0,6,60,60.0,360,360.0,360
TeamB-e4321aef-964a-4fdd-88bd-0bd548b0e93b,TeamB,2020-04-30,2,4.5,5,100,50.0,450,225.0,250
TeamB-e4321aef-964a-4fdd-88bd-0bd548b0e93b,TeamB,2020-05-02,1,10.0,10,60,60.0,600,600.0,600
TeamB-e4321aef-964a-4fdd-88bd-0bd548b0e93b,TeamB,2020-05-04,1,6.0,6,80,80.0,480,480.0,480
TeamB-e4321aef-964a-4fdd-88bd-0bd548b0e93b,TeamB,2020-05-05,1,4.0,4,60,60.0,240,240.0,240
TeamB-e4321aef-964a-4fdd-88bd-0bd548b0e93b,TeamB,2020-05-07,1,10.0,10,60,60.0,600,600.0,600
TeamB-e4321aef-964a-4fdd-88bd-0bd548b0e93b,TeamB,2020-05-08,1,4.0,4,60,60.0,240,240.0,240
TeamB-e4321aef-964a-4fdd-88bd-0bd548b0e93b,TeamB,2020-05-09,1,5.0,5,90,90.0,450,450.0,450
TeamB-e4321aef-964a-4fdd-88bd-0bd548b0e93b,TeamB,2020-05-11,1,8.0,8,80,80.0,640,640.0,640
TeamB-e4321aef-964a-4fdd-88bd-0bd548b0e93b,TeamB,2020-05-13,1,4.0,4,60,60.0,240,240.0,240
TeamB-e4321aef-964a-4fdd-88bd-0bd548b0e93b,TeamB,2020-05-14,1,10.0,10,60,60.0,600,600.0,600
TeamB-e4321aef-964a-4fdd-88bd-0bd548b0e93b,TeamB,2020-05-15,1,4.0,4,60,60.0,240,240.0,240
TeamB-e4321aef-964a-4fdd-88bd-0bd548b0e93b,TeamB,2020-05-16,1,7.0,7,60,60.0,420,420.0,420
TeamB-e4321aef-964a-4fdd-88bd-0bd548b0e93b,TeamB,2020-05-18,1,7.0,7,80,80.0,560,560.0,560
TeamB-e4321aef-964a-4fdd-88bd-0bd548b0e93b,TeamB,2020-05-19,1,8.0,8,110,110.0,880,880.0,880
TeamB-e4321aef-964a-4fdd-88bd-0bd548b0e93b,TeamB,2020-05-21,1,7.0,7,110,110.0,770,770.0,770
TeamB-e4321aef-964a-4fdd-88bd-0bd548b0e93b,TeamB,2020-05-22,1,4.0,4,70,70.0,280,280.0,280
TeamB-e4321aef-964a-4fdd-88bd-0bd548b0e93b,TeamB,2020-05-23,1,7.0,7,60,60.0,420,420.0,420
TeamB-e4321aef-964a-4fdd-88bd-0bd548b0e93b,TeamB,2020-05-25,1,5.0,5,80,80.0,400,400.0,400
TeamB-e4321aef-964a-4fdd-88bd-0bd548b0e93b,TeamB,2020-05-26,1,7.0,7,90,90.0,630,630.0,630
TeamB-e4321aef-964a-4fdd-88bd-0bd548b0e93b,TeamB,2020-05-27,1,6.0,6,50,50.0,300,300.0,300
TeamB-e4321aef-964a-4fdd-88bd-0bd548b0e93b,TeamB,2020-05-28,1,6.0,6,70,70.0,420,420.0,420
TeamB-e4321aef-964a-4fdd-88bd-0bd548b0e93b,TeamB,2020-05-29,1,5.0,5,80,80.0,400,400.0,400
TeamB-e4321aef-964a-4fdd-88bd-0bd548b0e93b,TeamB,2020-05-30,1,7.0,7,50,50.0,350,350.0,350
TeamB-e4321aef-964a-4fdd-88bd-0bd548b0e93b,TeamB,2020-06-01,1,7.0,7,90,90.0,630,630.0,630
TeamB-e4321aef-964a-4fdd-88bd-0bd548b0e93b,TeamB,2020-06-02,1,8.0,8,80,80.0,640,640.0,640
TeamB-e4321aef-964a-4fdd-88bd-0bd548b0e93b,TeamB,2020-06-03,1,3.0,3,50,50.0,150,150.0,150
TeamB-e4321aef-964a-4fdd-88bd-0bd548b0e93b,TeamB,2020-06-04,1,8.0,8,90,90.0,720,720.0,720
TeamB-e4321aef-964a-4fdd-88bd-0bd548b0e93b,TeamB,2020-06-06,1,4.0,4,50,50.0,200,200.0,200
TeamB-e4321aef-964a-4fdd-88bd-0bd548b0e93b,TeamB,2020-06-07,1,2.0,2,50,50.0,100,100.0,100
TeamB-e4321aef-964a-4fdd-88bd-0bd548b0e93b,TeamB,2020-06-08,1,9.0,9,80,80.0,720,720.0,720
TeamB-e4321aef-964a-4fdd-88bd-0bd548b0e93b,TeamB,2020-06-09,1,7.0,7,80,80.0,560,560.0,560
TeamB-e4321aef-964a-4fdd-88bd-0bd548b0e93b,TeamB,2020-06-10,1,5.0,5,60,60.0,300,300.0,300
TeamB-e4321aef-964a-4fdd-88bd-0bd548b0e93b,TeamB,2020-06-11,1,3.0,3,60,60.0,180,180.0,180
TeamB-e4321aef-964a-4fdd-88bd-0bd548b0e93b,TeamB,2020-06-12,1,6.0,6,60,60.0,360,360.0,360
TeamB-e4321aef-964a-4fdd-88bd-0bd548b0e93b,TeamB,2020-06-13,1,9.0,9,50,50.0,450,450.0,450
TeamB-e4321aef-964a-4fdd-88bd-0bd548b0e93b,TeamB,2020-06-15,1,4.0,4,60,60.0,240,240.0,240
TeamB-e4321aef-964a-4fdd-88bd-0bd548b0e93b,TeamB,2020-06-16,1,4.0,4,50,50.0,200,200.0,200
TeamB-e4321aef-964a-4fdd-88bd-0bd548b0e93b,TeamB,2020-06-17,1,3.0,3,60,60.0,180,180.0,180
TeamB-e4321aef-964a-4fdd-88bd-0bd548b0e93b,TeamB,2020-06-18,1,7.0,7,70,70.0,490,490.0,490
TeamB-e4321aef-964a-4fdd-88bd-0bd548b0e93b,TeamB,2020-06-19,1,7.0,7,60,60.0,420,420.0,420
TeamB-e4321aef-964a-4fdd-88bd-0bd548b0e93b,TeamB,2020-06-22,1,6.0,6,90,90.0,540,540.0,540
TeamB-e4321aef-964a-4fdd-88bd-0bd548b0e93b,TeamB,2020-06-23,1,9.0,9,50,50.0,450,450.0,450
TeamB-e4321aef-964a-4fdd-88bd-0bd548b0e93b,TeamB,2020-06-25,1,3.0,3,90,90.0,270,270.0,270
TeamB-e4321aef-964a-4fdd-88bd-0bd548b0e93b,TeamB,2020-06-26,1,4.0,4,70,70.0,280,280.0,280
TeamB-e4321aef-964a-4fdd-88bd-0bd548b0e93b,TeamB,2020-06-27,1,10.0,10,80,80.0,800,800.0,800
TeamB-e4321aef-964a-4fdd-88bd-0bd548b0e93b,TeamB,2020-06-28,1,2.0,2,60,60.0,120,120.0,120
TeamB-e4321aef-964a-4fdd-88bd-0bd548b0e93b,TeamB,2020-06-29,1,3.0,3,50,50.0,150,150.0,150
TeamB-e4321aef-964a-4fdd-88bd-0bd548b0e93b,TeamB,2020-06-30,1,7.0,7,90,90.0,630,630.0,630
TeamB-e4321aef-964a-4fdd-88bd-0bd548b0e93b,TeamB,2020-07-01,1,5.0,5,90,90.0,450,450.0,450
TeamB-e4321aef-964a-4fdd-88bd-0bd548b0e93b,TeamB,2020-07-02,1,3.0,3,80,80.0,240,240.0,240
TeamB-e4321aef-964a-4fdd-88bd-0bd548b0e93b,TeamB,2020-07-03,1,5.0,5,70,70.0,350,350.0,350
TeamB-e4321aef-964a-4fdd-88bd-0bd548b0e93b,TeamB,2020-07-04,1,10.0,10,90,90.0,900,900.0,900
TeamB-e4321aef-964a-4fdd-88bd-0bd548b0e93b,TeamB,2020-07-05,1,6.0,6,90,90.0,540,540.0,540
TeamB-e4321aef-964a-4fdd-88bd-0bd548b0e93b,TeamB,2020-07-07,1,8.0,8,90,90.0,720,720.0,720
TeamB-e4321aef-964a-4fdd-88bd-0bd548b0e93b,TeamB,2020-07-08,1,3.0,3,60,60.0,180,180.0,180
TeamB-e4321aef-964a-4fdd-88bd-0bd548b0e93b,TeamB,2020-07-10,1,10.0,10,90,90.0,900,900.0,900
TeamB-e4321aef-964a-4fdd-88bd-0bd548b0e93b,TeamB,2020-07-11,1,3.0,3,60,60.0,180,180.0,180
TeamB-e4321aef-964a-4fdd-88bd-0bd548b0e93b,TeamB,2020-07-13,1,7.0,7,60,60.0,420,420.0,420
TeamB-e4321aef-964a-4fdd-88bd-0bd548b0e93b,TeamB,2020-07-14,1,9.0,9,90,90.0,810,810.0,810
TeamB-e4321aef-964a-4fdd-88bd-0bd548b0e93b,TeamB,2020-07-15,1,5.0,5,90,90.0,450,450.0,450
TeamB-e4321aef-964a-4fdd-88bd-0bd548b0e93b,TeamB,2020-07-16,1,2.0,2,40,40.0,80,80.0,80
TeamB-e4321aef-964a-4fdd-88bd-0bd548b0e93b,TeamB,2020-07-17,1,6.0,6,70,70.0,420,420.0,420
TeamB-e4321aef-964a-4fdd-88bd-0bd548b0e93b,TeamB,2020-07-18,1,10.0,10,90,90.0,900,900.0,900
TeamB-e4321aef-964a-4fdd-88bd-0bd548b0e93b,TeamB,2020-07-20,1,5.0,5,60,60.0,300,300.0,300
TeamB-e4321aef-964a-4fdd-88bd-0bd548b0e93b,TeamB,2020-07-21,1,7.0,7,90,90.0,630,630.0,630
TeamB-e4321aef-964a-4fdd-88bd-0bd548b0e93b,TeamB,2020-07-22,1,3.0,3,70,70.0,210,210.0,210
TeamB-e4321aef-964a-4fdd-88bd-0bd548b0e93b,TeamB,2020-07-23,1,5.0,5,60,60.0,300,300.0,300
TeamB-e4321aef-964a-4fdd-88bd-0bd548b0e93b,TeamB,2020-07-24,1,10.0,10,90,90.0,900,900.0,900
TeamB-e4321aef-964a-4fdd-88bd-0bd548b0e93b,TeamB,2020-07-25,1,6.0,6,60,60.0,360,360.0,360
TeamB-e4321aef-964a-4fdd-88bd-0bd548b0e93b,TeamB,2020-07-27,1,7.0,7,80,80.0,560,560.0,560
TeamB-e4321aef-964a-4fdd-88bd-0bd548b0e93b,TeamB,2020-07-28,1,8.0,8,90,90.0,720,720.0,720
TeamB-e4321aef-964a-4fdd-88bd-0bd548b0e93b,TeamB,2020-07-29,1,6.0,6,90,90.0,540,540.0,540
TeamB-e4321aef-964a-4fdd-88bd-0bd548b0e93b,TeamB,2020-07-31,1,6.0,6,70,70.0,420,420.0,420
TeamB-e4321aef-964a-4fdd-88bd-0bd548b0e93b,TeamB,2020-08-01,1,10.0,10,90,90.0,900,900.0,900
TeamB-e4321aef-964a-4fdd-88bd-0bd548b0e93b,TeamB,2020-08-03,1,5.0,5,70,70.0,350,350.0,350
TeamB-e4321aef-964a-4fdd-88bd-0bd548b0e93b,TeamB,2020-08-04,1,8.0,8,90,90.0,720,720.0,720
TeamB-e4321aef-964a-4fdd-88bd-0bd548b0e93b,TeamB,2020-08-05,1,5.0,5,70,70.0,350,350.0,350
TeamB-e4321aef-964a-4fdd-88bd-0bd548b0e93b,TeamB,2020-08-06,1,5.0,5,70,70.0,350,350.0,350
TeamB-e4321aef-964a-4fdd-88bd-0bd548b0e93b,TeamB,2020-08-07,1,10.0,10,90,90.0,900,900.0,900
TeamB-e4321aef-964a-4fdd-88bd-0bd548b0e93b,TeamB,2020-08-08,1,3.0,3,60,60.0,180,180.0,180
TeamB-e4321aef-964a-4fdd-88bd-0bd548b0e93b,TeamB,2020-08-10,1,5.0,5,80,80.0,400,400.0,400
TeamB-e4321aef-964a-4fdd-88bd-0bd548b0e93b,TeamB,2020-08-11,1,4.0,4,70,70.0,280,280.0,280
TeamB-e4321aef-964a-4fdd-88bd-0bd548b0e93b,TeamB,2020-08-12,1,9.0,9,90,90.0,810,810.0,810
TeamB-e4321aef-964a-4fdd-88bd-0bd548b0e93b,TeamB,2020-08-13,1,2.0,2,50,50.0,100,100.0,100
TeamB-e4321aef-964a-4fdd-88bd-0bd548b0e93b,TeamB,2020-08-14,1,3.0,3,80,80.0,240,240.0,240
TeamB-e4321aef-964a-4fdd-88bd-0bd548b0e93b,TeamB,2020-08-15,1,5.0,5,70,70.0,350,350.0,350
TeamB-e4321aef-964a-4fdd-88bd-0bd548b0e93b,TeamB,2020-08-16,1,9.0,9,90,90.0,810,810.0,810
TeamB-e4321aef-964a-4fdd-88bd-0bd548b0e93b,TeamB,2020-08-18,1,4.0,4,60,60.0,240,240.0,240
TeamB-e4321aef-964a-4fdd-88bd-0bd548b0e93b,TeamB,2020-08-19,1,6.0,6,90,90.0,540,540.0,540
TeamB-e4321aef-964a-4fdd-88bd-0bd548b0e93b,TeamB,2020-08-20,1,4.0,4,70,70.0,280,280.0,280
TeamB-e4321aef-964a-4fdd-88bd-0bd548b0e93b,TeamB,2020-08-21,1,4.0,4,60,60.0,240,240.0,240
TeamB-e4321aef-964a-4fdd-88bd-0bd548b0e93b,TeamB,2020-08-22,1,8.0,8,80,80.0,640,640.0,640
TeamB-e4321aef-964a-4fdd-88bd-0bd548b0e93b,TeamB,2020-08-23,1,2.0,2,60,60.0,120,120.0,120
TeamB-e4321aef-964a-4fdd-88bd-0bd548b0e93b,TeamB,2020-08-24,1,3.0,3,30,30.0,90,90.0,90
TeamB-e4321aef-964a-4fdd-88bd-0bd548b0e93b,TeamB,2020-08-25,1,4.0,4,60,60.0,240,240.0,240
TeamB-e4321aef-964a-4fdd-88bd-0bd548b0e93b,TeamB,2020-08-26,1,8.0,8,90,90.0,720,720.0,720
TeamB-e4321aef-964a-4fdd-88bd-0bd548b0e93b,TeamB,2020-08-27,1,2.0,2,50,50.0,100,100.0,100
TeamB-e4321aef-964a-4fdd-88bd-0bd548b0e93b,TeamB,2020-08-29,1,3.0,3,60,60.0,180,180.0,180
TeamB-e4321aef-964a-4fdd-88bd-0bd548b0e93b,TeamB,2020-08-30,1,8.0,8,90,90.0,720,720.0,720
TeamB-e4321aef-964a-4fdd-88bd-0bd548b0e93b,TeamB,2020-09-01,1,4.0,4,60,60.0,240,240.0,240
TeamB-e4321aef-964a-4fdd-88bd-0bd548b0e93b,TeamB,2020-09-02,1,6.0,6,90,90.0,540,540.0,540
TeamB-e4321aef-964a-4fdd-88bd-0bd548b0e93b,TeamB,2020-09-03,1,4.0,4,80,80.0,320,320.0,320
TeamB-e4321aef-964a-4fdd-88bd-0bd548b0e93b,TeamB,2020-09-05,1,9.0,9,90,90.0,810,810.0,810
TeamB-e4321aef-964a-4fdd-88bd-0bd548b0e93b,TeamB,2020-09-07,1,4.0,4,70,70.0,280,280.0,280
TeamB-e4321aef-964a-4fdd-88bd-0bd548b0e93b,TeamB,2020-09-08,1,8.0,8,90,90.0,720,720.0,720
TeamB-e4321aef-964a-4fdd-88bd-0bd548b0e93b,TeamB,2020-09-09,1,5.0,5,90,90.0,450,450.0,450
TeamB-e4321aef-964a-4fdd-88bd-0bd548b0e93b,TeamB,2020-09-11,1,4.0,4,60,60.0,240,240.0,240
TeamB-e4321aef-964a-4fdd-88bd-0bd548b0e93b,TeamB,2020-09-12,1,9.0,9,90,90.0,810,810.0,810
TeamB-e4321aef-964a-4fdd-88bd-0bd548b0e93b,TeamB,2020-09-14,1,6.0,6,70,70.0,420,420.0,420
TeamB-e4321aef-964a-4fdd-88bd-0bd548b0e93b,TeamB,2020-09-15,1,7.0,7,60,60.0,420,420.0,420
TeamB-e4321aef-964a-4fdd-88bd-0bd548b0e93b,TeamB,2020-09-16,1,6.0,6,60,60.0,360,360.0,360
TeamB-e4321aef-964a-4fdd-88bd-0bd548b0e93b,TeamB,2020-09-18,1,5.0,5,120,120.0,600,600.0,600
TeamB-e4321aef-964a-4fdd-88bd-0bd548b0e93b,TeamB,2020-09-21,1,6.0,6,90,90.0,540,540.0,540
TeamB-e4321aef-964a-4fdd-88bd-0bd548b0e93b,TeamB,2020-09-22,1,4.0,4,60,60.0,240,240.0,240
TeamB-e4321aef-964a-4fdd-88bd-0bd548b0e93b,TeamB,2020-09-24,1,8.0,8,110,110.0,880,880.0,880
TeamB-e4321aef-964a-4fdd-88bd-0bd548b0e93b,TeamB,2020-09-25,1,3.0,3,70,70.0,210,210.0,210
TeamB-e4321aef-964a-4fdd-88bd-0bd548b0e93b,TeamB,2020-09-26,1,5.0,5,70,70.0,350,350.0,350
TeamB-e4321aef-964a-4fdd-88bd-0bd548b0e93b,TeamB,2020-09-27,1,7.0,7,70,70.0,490,490.0,490
TeamB-e4321aef-964a-4fdd-88bd-0bd548b0e93b,TeamB,2020-09-29,1,4.0,4,90,90.0,360,360.0,360
TeamB-e4321aef-964a-4fdd-88bd-0bd548b0e93b,TeamB,2020-09-30,1,4.0,4,60,60.0,240,240.0,240
TeamB-e4321aef-964a-4fdd-88bd-0bd548b0e93b,TeamB,2020-10-01,1,5.0,5,60,60.0,300,300.0,300
TeamB-e4321aef-964a-4fdd-88bd-0bd548b0e93b,TeamB,2020-10-02,2,6.5,7,150,75.0,990,495.0,630
TeamB-e4321aef-964a-4fdd-88bd-0bd548b0e93b,TeamB,2020-10-05,1,7.0,7,70,70.0,490,490.0,490
TeamB-e4321aef-964a-4fdd-88bd-0bd548b0e93b,TeamB,2020-10-06,1,5.0,5,70,70.0,350,350.0,350
TeamB-e4321aef-964a-4fdd-88bd-0bd548b0e93b,TeamB,2020-10-07,1,7.0,7,60,60.0,420,420.0,420
TeamB-e4321aef-964a-4fdd-88bd-0bd548b0e93b,TeamB,2020-10-08,1,3.0,3,60,60.0,180,180.0,180
TeamB-e4321aef-964a-4fdd-88bd-0bd548b0e93b,TeamB,2020-10-09,1,3.0,3,70,70.0,210,210.0,210
TeamB-e4321aef-964a-4fdd-88bd-0bd548b0e93b,TeamB,2020-10-10,2,6.0,7,140,70.0,860,430.0,560
TeamB-e4321aef-964a-4fdd-88bd-0bd548b0e93b,TeamB,2020-10-13,2,3.5,4,130,65.0,460,230.0,280
TeamB-e4321aef-964a-4fdd-88bd-0bd548b0e93b,TeamB,2020-10-14,1,5.0,5,90,90.0,450,450.0,450
TeamB-e4321aef-964a-4fdd-88bd-0bd548b0e93b,TeamB,2020-10-16,1,5.0,5,90,90.0,450,450.0,450
TeamB-e4321aef-964a-4fdd-88bd-0bd548b0e93b,TeamB,2020-10-17,1,3.0,3,40,40.0,120,120.0,120
TeamB-e4321aef-964a-4fdd-88bd-0bd548b0e93b,TeamB,2020-10-18,1,8.0,8,90,90.0,720,720.0,720
TeamB-e4321aef-964a-4fdd-88bd-0bd548b0e93b,TeamB,2020-10-20,1,4.0,4,60,60.0,240,240.0,240
TeamB-e4321aef-964a-4fdd-88bd-0bd548b0e93b,TeamB,2020-10-21,1,4.0,4,60,60.0,240,240.0,240
TeamB-e4321aef-964a-4fdd-88bd-0bd548b0e93b,TeamB,2020-10-22,1,7.0,7,110,110.0,770,770.0,770
TeamB-e4321aef-964a-4fdd-88bd-0bd548b0e93b,TeamB,2020-10-23,1,7.0,7,80,80.0,560,560.0,560
TeamB-e4321aef-964a-4fdd-88bd-0bd548b0e93b,TeamB,2020-10-24,1,6.0,6,60,60.0,360,360.0,360
TeamB-e4321aef-964a-4fdd-88bd-0bd548b0e93b,TeamB,2020-10-26,1,7.0,7,80,80.0,560,560.0,560
TeamB-e4321aef-964a-4fdd-88bd-0bd548b0e93b,TeamB,2020-10-27,2,6.5,9,160,80.0,1190,595.0,990
TeamB-e4321aef-964a-4fdd-88bd-0bd548b0e93b,TeamB,2020-10-29,1,6.0,6,90,90.0,540,540.0,540
TeamB-e4321aef-964a-4fdd-88bd-0bd548b0e93b,TeamB,2020-10-30,1,5.0,5,80,80.0,400,400.0,400
TeamB-e4321aef-964a-4fdd-88bd-0bd548b0e93b,TeamB,2020-10-31,1,4.0,4,70,70.0,280,280.0,280
TeamB-e4321aef-964a-4fdd-88bd-0bd548b0e93b,TeamB,2020-11-01,1,9.0,9,90,90.0,810,810.0,810
TeamB-e4321aef-964a-4fdd-88bd-0bd548b0e93b,TeamB,2020-11-02,1,3.0,3,60,60.0,180,180.0,180
TeamB-e4321aef-964a-4fdd-88bd-0bd548b0e93b,TeamB,2020-11-03,1,3.0,3,60,60.0,180,180.0,180
TeamB-e4321aef-964a-4fdd-88bd-0bd548b0e93b,TeamB,2020-11-04,1,7.0,7,50,50.0,350,350.0,350
TeamB-e4321aef-964a-4fdd-88bd-0bd548b0e93b,TeamB,2020-11-05,1,3.0,3,60,60.0,180,180.0,180
TeamB-e4321aef-964a-4fdd-88bd-0bd548b0e93b,TeamB,2020-11-06,1,5.0,5,60,60.0,300,300.0,300
TeamB-e4321aef-964a-4fdd-88bd-0bd548b0e93b,TeamB,2020-11-07,1,8.0,8,90,90.0,720,720.0,720
TeamB-e4321aef-964a-4fdd-88bd-0bd548b0e93b,TeamB,2020-11-09,1,4.0,4,60,60.0,240,240.0,240
TeamB-e4321aef-964a-4fdd-88bd-0bd548b0e93b,TeamB,2020-11-10,1,4.0,4,60,60.0,240,240.0,240
TeamB-e4321aef-964a-4fdd-88bd-0bd548b0e93b,TeamB,2020-11-11,1,7.0,7,50,50.0,350,350.0,350
TeamB-e4321aef-964a-4fdd-88bd-0bd548b0e93b,TeamB,2020-11-12,1,3.0,3,60,60.0,180,180.0,180
TeamB-e4321aef-964a-4fdd-88bd-0bd548b0e93b,TeamB,2020-11-14,1,7.0,7,110,110.0,770,770.0,770
TeamB-e4321aef-964a-4fdd-88bd-0bd548b0e93b,TeamB,2020-11-15,1,6.0,6,100,100.0,600,600.0,600
TeamB-e4321aef-964a-4fdd-88bd-0bd548b0e93b,TeamB,2020-11-16,1,4.0,4,60,60.0,240,240.0,240
TeamB-e4321aef-964a-4fdd-88bd-0bd548b0e93b,TeamB,2020-11-18,1,5.0,5,60,60.0,300,300.0,300
TeamB-e4321aef-964a-4fdd-88bd-0bd548b0e93b,TeamB,2020-11-19,1,8.0,8,50,50.0,400,400.0,400
TeamB-e4321aef-964a-4fdd-88bd-0bd548b0e93b,TeamB,2020-11-20,1,3.0,3,40,40.0,120,120.0,120
TeamB-e4321aef-964a-4fdd-88bd-0bd548b0e93b,TeamB,2020-11-21,1,3.0,3,60,60.0,180,180.0,180
TeamB-e4321aef-964a-4fdd-88bd-0bd548b0e93b,TeamB,2020-11-22,1,7.0,7,60,60.0,420,420.0,420
TeamB-e4321aef-964a-4fdd-88bd-0bd548b0e93b,TeamB,2020-11-24,1,4.0,4,60,60.0,240,240.0,240
TeamB-e4321aef-964a-4fdd-88bd-0bd548b0e93b,TeamB,2020-11-25,1,6.0,6,90,90.0,540,540.0,540
TeamB-e4321aef-964a-4fdd-88bd-0bd548b0e93b,TeamB,2020-11-26,1,7.0,7,60,60.0,420,420.0,420
TeamB-e4321aef-964a-4fdd-88bd-0bd548b0e93b,TeamB,2020-11-27,1,3.0,3,40,40.0,120,120.0,120
TeamB-e4321aef-964a-4fdd-88bd-0bd548b0e93b,TeamB,2020-11-28,1,3.0,3,60,60.0,180,180.0,180
TeamB-e4321aef-964a-4fdd-88bd-0bd548b0e93b,TeamB,2020-11-29,1,3.0,3,60,60.0,180,180.0,180
TeamB-e4321aef-964a-4fdd-88bd-0bd548b0e93b,TeamB,2020-11-30,1,3.0,3,40,40.0,120,120.0,120
TeamB-e4321aef-964a-4fdd-88bd-0bd548b0e93b,TeamB,2020-12-01,1,6.0,6,80,80.0,480,480.0,480
TeamB-e4321aef-964a-4fdd-88bd-0bd548b0e93b,TeamB,2020-12-02,1,7.0,7,80,80.0,560,560.0,560
TeamB-e4321aef-964a-4fdd-88bd-0bd548b0e93b,TeamB,2020-12-04,1,6.0,6,90,90.0,540,540.0,540
TeamB-e4321aef-964a-4fdd-88bd-0bd548b0e93b,TeamB,2020-12-05,1,5.0,5,60,60.0,300,300.0,300
TeamB-e4321aef-964a-4fdd-88bd-0bd548b0e93b,TeamB,2020-12-06,1,9.0,9,90,90.0,810,810.0,810
TeamB-e4321aef-964a-4fdd-88bd-0bd548b0e93b,TeamB,2020-12-08,1,2.0,2,60,60.0,120,120.0,120
TeamB-e4321aef-964a-4fdd-88bd-0bd548b0e93b,TeamB,2020-12-10,1,7.0,7,80,80.0,560,560.0,560
TeamB-e4321aef-964a-4fdd-88bd-0bd548b0e93b,TeamB,2020-12-12,1,4.0,4,60,60.0,240,240.0,240
TeamB-e4321aef-964a-4fdd-88bd-0bd548b0e93b,TeamB,2020-12-13,1,10.0,10,120,120.0,1200,1200.0,1200
TeamB-e4321aef-964a-4fdd-88bd-0bd548b0e93b,TeamB,2020-12-14,1,2.0,2,40,40.0,80,80.0,80
TeamB-e4321aef-964a-4fdd-88bd-0bd548b0e93b,TeamB,2020-12-18,1,5.0,5,60,60.0,300,300.0,300
TeamB-e4321aef-964a-4fdd-88bd-0bd548b0e93b,TeamB,2020-12-19,1,2.0,2,60,60.0,120,120.0,120
TeamB-e4321aef-964a-4fdd-88bd-0bd548b0e93b,TeamB,2020-12-20,1,2.0,2,50,50.0,100,100.0,100
TeamB-e4321aef-964a-4fdd-88bd-0bd548b0e93b,TeamB,2020-12-21,1,7.0,7,90,90.0,630,630.0,630
TeamB-e4321aef-964a-4fdd-88bd-0bd548b0e93b,TeamB,2020-12-22,1,8.0,8,60,60.0,480,480.0,480
TeamB-e4321aef-964a-4fdd-88bd-0bd548b0e93b,TeamB,2020-12-25,1,8.0,8,50,50.0,400,400.0,400
TeamB-e4321aef-964a-4fdd-88bd-0bd548b0e93b,TeamB,2020-12-26,1,6.0,6,180,180.0,1080,1080.0,1080
TeamB-e4321aef-964a-4fdd-88bd-0bd548b0e93b,TeamB,2020-12-27,1,6.0,6,70,70.0,420,420.0,420
TeamB-e4321aef-964a-4fdd-88bd-0bd548b0e93b,TeamB,2020-12-28,1,8.0,8,60,60.0,480,480.0,480
TeamB-e4321aef-964a-4fdd-88bd-0bd548b0e93b,TeamB,2020-12-29,1,5.0,5,90,90.0,450,450.0,450
TeamB-e4321aef-964a-4fdd-88bd-0bd548b0e93b,TeamB,2020-12-31,1,8.0,8,60,60.0,480,480.0,480
TeamB-e4321aef-964a-4fdd-88bd-0bd548b0e93b,TeamB,2021-01-01,1,5.0,5,60,60.0,300,300.0,300
TeamB-e4321aef-964a-4fdd-88bd-0bd548b0e93b,TeamB,2021-01-02,1,9.0,9,90,90.0,810,810.0,810
TeamB-e4321aef-964a-4fdd-88bd-0bd548b0e93b,TeamB,2021-01-04,1,4.0,4,60,60.0,240,240.0,240
TeamB-e4321aef-964a-4fdd-88bd-0bd548b0e93b,TeamB,2021-01-06,1,7.0,7,90,90.0,630,630.0,630
TeamB-e4321aef-964a-4fdd-88bd-0bd548b0e93b,TeamB,2021-01-07,1,8.0,8,60,60.0,480,480.0,480
TeamB-e4321aef-964a-4fdd-88bd-0bd548b0e93b,TeamB,2021-01-09,1,6.0,6,60,60.0,360,360.0,360
TeamB-e4321aef-964a-4fdd-88bd-0bd548b0e93b,TeamB,2021-01-10,1,4.0,4,50,50.0,200,200.0,200
TeamB-e4321aef-964a-4fdd-88bd-0bd548b0e93b,TeamB,2021-01-11,1,8.0,8,70,70.0,560,560.0,560
TeamB-e4321aef-964a-4fdd-88bd-0bd548b0e93b,TeamB,2021-01-12,2,7.0,8,150,75.0,1080,540.0,720
TeamB-e4321aef-964a-4fdd-88bd-0bd548b0e93b,TeamB,2021-01-14,1,7.0,7,70,70.0,490,490.0,490
TeamB-e4321aef-964a-4fdd-88bd-0bd548b0e93b,TeamB,2021-01-15,2,6.5,8,140,70.0,970,485.0,720
TeamB-e4321aef-964a-4fdd-88bd-0bd548b0e93b,TeamB,2021-01-17,1,6.0,6,90,90.0,540,540.0,540
TeamB-e4321aef-964a-4fdd-88bd-0bd548b0e93b,TeamB,2021-01-18,2,7.0,8,170,85.0,1220,610.0,800
TeamB-e4321aef-964a-4fdd-88bd-0bd548b0e93b,TeamB,2021-01-20,1,7.0,7,90,90.0,630,630.0,630
TeamB-e4321aef-964a-4fdd-88bd-0bd548b0e93b,TeamB,2021-01-21,1,8.0,8,50,50.0,400,400.0,400
TeamB-e4321aef-964a-4fdd-88bd-0bd548b0e93b,TeamB,2021-01-22,1,6.0,6,80,80.0,480,480.0,480
TeamB-e4321aef-964a-4fdd-88bd-0bd548b0e93b,TeamB,2021-01-24,2,7.0,8,110,55.0,760,380.0,400
TeamB-e4321aef-964a-4fdd-88bd-0bd548b0e93b,TeamB,2021-01-25,1,4.0,4,60,60.0,240,240.0,240
TeamB-e4321aef-964a-4fdd-88bd-0bd548b0e93b,TeamB,2021-01-26,2,7.0,8,120,60.0,840,420.0,480
TeamB-e4321aef-964a-4fdd-88bd-0bd548b0e93b,TeamB,2021-01-28,1,5.0,5,70,70.0,350,350.0,350
TeamB-e4321aef-964a-4fdd-88bd-0bd548b0e93b,TeamB,2021-01-29,2,7.0,8,120,60.0,840,420.0,480
TeamB-e4321aef-964a-4fdd-88bd-0bd548b0e93b,TeamB,2021-01-30,1,2.0,2,120,120.0,240,240.0,240
TeamB-e4321aef-964a-4fdd-88bd-0bd548b0e93b,TeamB,2021-02-01,1,7.0,7,50,50.0,350,350.0,350
TeamB-e4321aef-964a-4fdd-88bd-0bd548b0e93b,TeamB,2021-02-02,2,5.5,6,140,70.0,780,390.0,480
TeamB-e4321aef-964a-4fdd-88bd-0bd548b0e93b,TeamB,2021-02-03,1,3.0,3,60,60.0,180,180.0,180
TeamB-e4321aef-964a-4fdd-88bd-0bd548b0e93b,TeamB,2021-02-04,1,7.0,7,50,50.0,350,350.0,350
TeamB-e4321aef-964a-4fdd-88bd-0bd548b0e93b,TeamB,2021-02-05,1,7.0,7,80,80.0,560,560.0,560
TeamB-e4321aef-964a-4fdd-88bd-0bd548b0e93b,TeamB,2021-02-07,1,8.0,8,90,90.0,720,720.0,720
TeamB-e4321aef-964a-4fdd-88bd-0bd548b0e93b,TeamB,2021-02-08,1,6.0,6,70,70.0,420,420.0,420
TeamB-e4321aef-964a-4fdd-88bd-0bd548b0e93b,TeamB,2021-02-10,1,5.0,5,60,60.0,300,300.0,300
TeamB-e4321aef-964a-4fdd-88bd-0bd548b0e93b,TeamB,2021-02-11,1,9.0,9,120,120.0,1080,1080.0,1080
TeamB-e4321aef-964a-4fdd-88bd-0bd548b0e93b,TeamB,2021-02-14,1,8.0,8,60,60.0,480,480.0,480
TeamB-e4321aef-964a-4fdd-88bd-0bd548b0e93b,TeamB,2021-02-15,2,6.5,7,110,55.0,710,355.0,360
TeamB-e4321aef-964a-4fdd-88bd-0bd548b0e93b,TeamB,2021-02-16,1,3.0,3,50,50.0,150,150.0,150
TeamB-e4321aef-964a-4fdd-88bd-0bd548b0e93b,TeamB,2021-02-17,1,8.0,8,50,50.0,400,400.0,400
TeamB-e4321aef-964a-4fdd-88bd-0bd548b0e93b,TeamB,2021-02-18,1,7.0,7,60,60.0,420,420.0,420
TeamB-e4321aef-964a-4fdd-88bd-0bd548b0e93b,TeamB,2021-02-20,1,4.0,4,60,60.0,240,240.0,240
TeamB-e4321aef-964a-4fdd-88bd-0bd548b0e93b,TeamB,2021-02-21,1,6.0,6,30,30.0,180,180.0,180
TeamB-e4321aef-964a-4fdd-88bd-0bd548b0e93b,TeamB,2021-02-22,1,7.0,7,60,60.0,420,420.0,420
TeamB-e4321aef-964a-4fdd-88bd-0bd548b0e93b,TeamB,2021-02-24,2,7.0,9,150,75.0,1110,555.0,810
TeamB-e4321aef-964a-4fdd-88bd-0bd548b0e93b,TeamB,2021-02-25,1,7.0,7,90,90.0,630,630.0,630
TeamB-e4321aef-964a-4fdd-88bd-0bd548b0e93b,TeamB,2021-02-26,2,7.0,7,150,75.0,1050,525.0,630
TeamB-e4321aef-964a-4fdd-88bd-0bd548b0e93b,TeamB,2021-03-01,2,4.5,5,150,75.0,660,330.0,360
TeamB-e4321aef-964a-4fdd-88bd-0bd548b0e93b,TeamB,2021-03-02,1,7.0,7,100,100.0,700,700.0,700
TeamB-e4321aef-964a-4fdd-88bd-0bd548b0e93b,TeamB,2021-03-04,2,6.0,7,150,75.0,930,465.0,630
TeamB-e4321aef-964a-4fdd-88bd-0bd548b0e93b,TeamB,2021-03-05,1,6.0,6,80,80.0,480,480.0,480
TeamB-e4321aef-964a-4fdd-88bd-0bd548b0e93b,TeamB,2021-03-06,1,7.0,7,120,120.0,840,840.0,840
TeamB-e4321aef-964a-4fdd-88bd-0bd548b0e93b,TeamB,2021-03-08,2,5.5,6,120,60.0,660,330.0,360
TeamB-e4321aef-964a-4fdd-88bd-0bd548b0e93b,TeamB,2021-03-09,1,7.0,7,60,60.0,420,420.0,420
TeamB-e4321aef-964a-4fdd-88bd-0bd548b0e93b,TeamB,2021-03-11,1,5.0,5,60,60.0,300,300.0,300
TeamB-e4321aef-964a-4fdd-88bd-0bd548b0e93b,TeamB,2021-03-12,1,7.0,7,60,60.0,420,420.0,420
TeamB-e4321aef-964a-4fdd-88bd-0bd548b0e93b,TeamB,2021-03-13,1,7.0,7,120,120.0,840,840.0,840
TeamB-e4321aef-964a-4fdd-88bd-0bd548b0e93b,TeamB,2021-03-15,1,8.0,8,80,80.0,640,640.0,640
TeamB-e4321aef-964a-4fdd-88bd-0bd548b0e93b,TeamB,2021-03-16,1,6.0,6,90,90.0,540,540.0,540
TeamB-e4321aef-964a-4fdd-88bd-0bd548b0e93b,TeamB,2021-03-18,1,7.0,7,80,80.0,560,560.0,560
TeamB-e4321aef-964a-4fdd-88bd-0bd548b0e93b,TeamB,2021-03-19,1,5.0,5,80,80.0,400,400.0,400
TeamB-e4321aef-964a-4fdd-88bd-0bd548b0e93b,TeamB,2021-03-20,1,8.0,8,120,120.0,960,960.0,960
TeamB-e4321aef-964a-4fdd-88bd-0bd548b0e93b,TeamB,2021-03-22,1,8.0,8,120,120.0,960,960.0,960
TeamB-e4321aef-964a-4fdd-88bd-0bd548b0e93b,TeamB,2021-03-23,1,7.0,7,90,90.0,630,630.0,630
TeamB-e4321aef-964a-4fdd-88bd-0bd548b0e93b,TeamB,2021-03-25,1,4.0,4,60,60.0,240,240.0,240
TeamB-e4321aef-964a-4fdd-88bd-0bd548b0e93b,TeamB,2021-03-26,1,4.0,4,60,60.0,240,240.0,240
TeamB-e4321aef-964a-4fdd-88bd-0bd548b0e93b,TeamB,2021-03-27,1,5.0,5,60,60.0,300,300.0,300
TeamB-e4321aef-964a-4fdd-88bd-0bd548b0e93b,TeamB,2021-03-29,1,7.0,7,90,90.0,630,630.0,630
TeamB-e4321aef-964a-4fdd-88bd-0bd548b0e93b,TeamB,2021-03-30,1,3.0,3,60,60.0,180,180.0,180
TeamB-e4321aef-964a-4fdd-88bd-0bd548b0e93b,TeamB,2021-03-31,1,8.0,8,90,90.0,720,720.0,720
TeamB-e4321aef-964a-4fdd-88bd-0bd548b0e93b,TeamB,2021-04-01,1,6.0,6,120,120.0,720,720.0,720
TeamB-e4321aef-964a-4fdd-88bd-0bd548b0e93b,TeamB,2021-04-03,1,6.0,6,120,120.0,720,720.0,720
TeamB-e4321aef-964a-4fdd-88bd-0bd548b0e93b,TeamB,2021-04-04,1,6.0,6,60,60.0,360,360.0,360
TeamB-e4321aef-964a-4fdd-88bd-0bd548b0e93b,TeamB,2021-04-06,1,7.0,7,90,90.0,630,630.0,630
TeamB-e4321aef-964a-4fdd-88bd-0bd548b0e93b,TeamB,2021-04-08,1,4.0,4,80,80.0,320,320.0,320
TeamB-e4321aef-964a-4fdd-88bd-0bd548b0e93b,TeamB,2021-04-09,1,5.0,5,60,60.0,300,300.0,300
TeamB-e4321aef-964a-4fdd-88bd-0bd548b0e93b,TeamB,2021-04-10,1,8.0,8,110,110.0,880,880.0,880
TeamB-e4321aef-964a-4fdd-88bd-0bd548b0e93b,TeamB,2021-04-12,1,5.0,5,70,70.0,350,350.0,350
TeamB-e4321aef-964a-4fdd-88bd-0bd548b0e93b,TeamB,2021-04-13,1,5.0,5,90,90.0,450,450.0,450
TeamB-e4321aef-964a-4fdd-88bd-0bd548b0e93b,TeamB,2021-04-15,1,7.0,7,80,80.0,560,560.0,560
TeamB-e4321aef-964a-4fdd-88bd-0bd548b0e93b,TeamB,2021-04-16,1,6.0,6,90,90.0,540,540.0,540
TeamB-e4321aef-964a-4fdd-88bd-0bd548b0e93b,TeamB,2021-04-17,1,8.0,8,60,60.0,480,480.0,480
TeamB-e4321aef-964a-4fdd-88bd-0bd548b0e93b,TeamB,2021-04-19,1,4.0,4,70,70.0,280,280.0,280
TeamB-e4321aef-964a-4fdd-88bd-0bd548b0e93b,TeamB,2021-04-20,1,5.0,5,60,60.0,300,300.0,300
TeamB-e4321aef-964a-4fdd-88bd-0bd548b0e93b,TeamB,2021-04-21,1,4.0,4,60,60.0,240,240.0,240
TeamB-e4321aef-964a-4fdd-88bd-0bd548b0e93b,TeamB,2021-04-22,1,8.0,8,60,60.0,480,480.0,480
TeamB-e4321aef-964a-4fdd-88bd-0bd548b0e93b,TeamB,2021-04-25,1,8.0,8,60,60.0,480,480.0,480
TeamB-e4321aef-964a-4fdd-88bd-0bd548b0e93b,TeamB,2021-04-26,1,5.0,5,50,50.0,250,250.0,250
TeamB-e4321aef-964a-4fdd-88bd-0bd548b0e93b,TeamB,2021-04-27,1,8.0,8,60,60.0,480,480.0,480
TeamB-e4321aef-964a-4fdd-88bd-0bd548b0e93b,TeamB,2021-04-28,1,6.0,6,60,60.0,360,360.0,360
TeamB-e4321aef-964a-4fdd-88bd-0bd548b0e93b,TeamB,2021-04-29,1,8.0,8,80,80.0,640,640.0,640
TeamB-e4321aef-964a-4fdd-88bd-0bd548b0e93b,TeamB,2021-05-01,1,5.0,5,60,60.0,300,300.0,300
TeamB-e4321aef-964a-4fdd-88bd-0bd548b0e93b,TeamB,2021-05-03,1,4.0,4,80,80.0,320,320.0,320
TeamB-e4321aef-964a-4fdd-88bd-0bd548b0e93b,TeamB,2021-05-04,1,4.0,4,80,80.0,320,320.0,320
TeamB-e4321aef-964a-4fdd-88bd-0bd548b0e93b,TeamB,2021-05-06,1,6.0,6,70,70.0,420,420.0,420
TeamB-e4321aef-964a-4fdd-88bd-0bd548b0e93b,TeamB,2021-05-07,1,5.0,5,70,70.0,350,350.0,350
TeamB-e4321aef-964a-4fdd-88bd-0bd548b0e93b,TeamB,2021-05-08,1,7.0,7,20,20.0,140,140.0,140
TeamB-e4321aef-964a-4fdd-88bd-0bd548b0e93b,TeamB,2021-05-10,1,3.0,3,60,60.0,180,180.0,180
TeamB-e4321aef-964a-4fdd-88bd-0bd548b0e93b,TeamB,2021-05-11,1,7.0,7,30,30.0,210,210.0,210
TeamB-e4321aef-964a-4fdd-88bd-0bd548b0e93b,TeamB,2021-05-12,1,4.0,4,60,60.0,240,240.0,240
TeamB-e4321aef-964a-4fdd-88bd-0bd548b0e93b,TeamB,2021-05-14,1,5.0,5,70,70.0,350,350.0,350
TeamB-e4321aef-964a-4fdd-88bd-0bd548b0e93b,TeamB,2021-05-15,1,8.0,8,50,50.0,400,400.0,400
TeamB-e4321aef-964a-4fdd-88bd-0bd548b0e93b,TeamB,2021-05-16,1,3.0,3,60,60.0,180,180.0,180
TeamB-e4321aef-964a-4fdd-88bd-0bd548b0e93b,TeamB,2021-05-18,1,7.0,7,120,120.0,840,840.0,840
TeamB-e4321aef-964a-4fdd-88bd-0bd548b0e93b,TeamB,2021-05-19,1,7.0,7,120,120.0,840,840.0,840
TeamB-e4321aef-964a-4fdd-88bd-0bd548b0e93b,TeamB,2021-05-21,1,4.0,4,60,60.0,240,240.0,240
TeamB-e4321aef-964a-4fdd-88bd-0bd548b0e93b,TeamB,2021-05-22,1,8.0,8,70,70.0,560,560.0,560
TeamB-e4321aef-964a-4fdd-88bd-0bd548b0e93b,TeamB,2021-05-24,1,4.0,4,80,80.0,320,320.0,320
TeamB-e4321aef-964a-4fdd-88bd-0bd548b0e93b,TeamB,2021-05-25,1,7.0,7,90,90.0,630,630.0,630
TeamB-e4321aef-964a-4fdd-88bd-0bd548b0e93b,TeamB,2021-05-26,1,7.0,7,90,90.0,630,630.0,630
TeamB-e4321aef-964a-4fdd-88bd-0bd548b0e93b,TeamB,2021-05-28,1,4.0,4,70,70.0,280,280.0,280
TeamB-e4321aef-964a-4fdd-88bd-0bd548b0e93b,TeamB,2021-05-29,1,7.0,7,50,50.0,350,350.0,350
TeamB-e4321aef-964a-4fdd-88bd-0bd548b0e93b,TeamB,2021-05-31,2,5.0,6,120,60.0,600,300.0,360
TeamB-e4321aef-964a-4fdd-88bd-0bd548b0e93b,TeamB,2021-06-01,1,7.0,7,90,90.0,630,630.0,630
TeamB-e4321aef-964a-4fdd-88bd-0bd548b0e93b,TeamB,2021-06-02,2,6.5,7,180,90.0,1200,600.0,840
TeamB-e4321aef-964a-4fdd-88bd-0bd548b0e93b,TeamB,2021-06-04,1,4.0,4,70,70.0,280,280.0,280
TeamB-e4321aef-964a-4fdd-88bd-0bd548b0e93b,TeamB,2021-06-05,1,7.0,7,60,60.0,420,420.0,420
TeamB-e4321aef-964a-4fdd-88bd-0bd548b0e93b,TeamB,2021-06-07,2,5.5,6,140,70.0,760,380.0,400
TeamB-e4321aef-964a-4fdd-88bd-0bd548b0e93b,TeamB,2021-06-08,1,7.0,7,90,90.0,630,630.0,630
TeamB-e4321aef-964a-4fdd-88bd-0bd548b0e93b,TeamB,2021-06-09,1,5.0,5,80,80.0,400,400.0,400
TeamB-e4321aef-964a-4fdd-88bd-0bd548b0e93b,TeamB,2021-06-10,1,6.0,6,60,60.0,360,360.0,360
TeamB-e4321aef-964a-4fdd-88bd-0bd548b0e93b,TeamB,2021-06-11,1,8.0,8,60,60.0,480,480.0,480
TeamB-e4321aef-964a-4fdd-88bd-0bd548b0e93b,TeamB,2021-06-14,1,4.0,4,70,70.0,280,280.0,280
TeamB-e4321aef-964a-4fdd-88bd-0bd548b0e93b,TeamB,2021-06-15,1,7.0,7,80,80.0,560,560.0,560
TeamB-e4321aef-964a-4fdd-88bd-0bd548b0e93b,TeamB,2021-06-16,1,6.0,6,90,90.0,540,540.0,540
TeamB-e4321aef-964a-4fdd-88bd-0bd548b0e93b,TeamB,2021-06-18,1,6.0,6,60,60.0,360,360.0,360
TeamB-e4321aef-964a-4fdd-88bd-0bd548b0e93b,TeamB,2021-06-20,1,5.0,5,100,100.0,500,500.0,500
TeamB-e4321aef-964a-4fdd-88bd-0bd548b0e93b,TeamB,2021-06-21,1,6.0,6,90,90.0,540,540.0,540
TeamB-e4321aef-964a-4fdd-88bd-0bd548b0e93b,TeamB,2021-06-22,1,7.0,7,50,50.0,350,350.0,350
TeamB-e4321aef-964a-4fdd-88bd-0bd548b0e93b,TeamB,2021-06-23,1,6.0,6,80,80.0,480,480.0,480
TeamB-e4321aef-964a-4fdd-88bd-0bd548b0e93b,TeamB,2021-06-25,1,5.0,5,70,70.0,350,350.0,350
TeamB-e4321aef-964a-4fdd-88bd-0bd548b0e93b,TeamB,2021-06-26,1,8.0,8,90,90.0,720,720.0,720
TeamB-e4321aef-964a-4fdd-88bd-0bd548b0e93b,TeamB,2021-06-27,1,2.0,2,60,60.0,120,120.0,120
TeamB-e4321aef-964a-4fdd-88bd-0bd548b0e93b,TeamB,2021-06-28,1,3.0,3,50,50.0,150,150.0,150
TeamB-e4321aef-964a-4fdd-88bd-0bd548b0e93b,TeamB,2021-06-29,1,4.0,4,60,60.0,240,240.0,240
TeamB-e4321aef-964a-4fdd-88bd-0bd548b0e93b,TeamB,2021-06-30,1,7.0,7,30,30.0,210,210.0,210
TeamB-e4321aef-964a-4fdd-88bd-0bd548b0e93b,TeamB,2021-07-01,1,4.0,4,60,60.0,240,240.0,240
TeamB-e4321aef-964a-4fdd-88bd-0bd548b0e93b,TeamB,2021-07-03,1,4.0,4,60,60.0,240,240.0,240
TeamB-e4321aef-964a-4fdd-88bd-0bd548b0e93b,TeamB,2021-07-04,1,8.0,8,90,90.0,720,720.0,720
TeamB-e4321aef-964a-4fdd-88bd-0bd548b0e93b,TeamB,2021-07-06,1,5.0,5,60,60.0,300,300.0,300
TeamB-e4321aef-964a-4fdd-88bd-0bd548b0e93b,TeamB,2021-07-07,1,7.0,7,110,110.0,770,770.0,770
TeamB-e4321aef-964a-4fdd-88bd-0bd548b0e93b,TeamB,2021-07-09,1,4.0,4,60,60.0,240,240.0,240
TeamB-e4321aef-964a-4fdd-88bd-0bd548b0e93b,TeamB,2021-07-10,1,8.0,8,90,90.0,720,720.0,720
TeamB-e4321aef-964a-4fdd-88bd-0bd548b0e93b,TeamB,2021-07-11,1,3.0,3,60,60.0,180,180.0,180
TeamB-e4321aef-964a-4fdd-88bd-0bd548b0e93b,TeamB,2021-07-13,1,3.0,3,60,60.0,180,180.0,180
TeamB-e4321aef-964a-4fdd-88bd-0bd548b0e93b,TeamB,2021-07-14,1,8.0,8,90,90.0,720,720.0,720
TeamB-e4321aef-964a-4fdd-88bd-0bd548b0e93b,TeamB,2021-07-31,1,7.0,7,100,100.0,700,700.0,700
TeamB-e4321aef-964a-4fdd-88bd-0bd548b0e93b,TeamB,2021-08-01,1,4.0,4,70,70.0,280,280.0,280
TeamB-e4321aef-964a-4fdd-88bd-0bd548b0e93b,TeamB,2021-08-02,1,8.0,8,90,90.0,720,720.0,720
TeamB-e4321aef-964a-4fdd-88bd-0bd548b0e93b,TeamB,2021-08-03,1,4.0,4,70,70.0,280,280.0,280
TeamB-e4321aef-964a-4fdd-88bd-0bd548b0e93b,TeamB,2021-08-05,1,6.0,6,90,90.0,540,540.0,540
TeamB-e4321aef-964a-4fdd-88bd-0bd548b0e93b,TeamB,2021-08-06,1,5.0,5,60,60.0,300,300.0,300
TeamB-e4321aef-964a-4fdd-88bd-0bd548b0e93b,TeamB,2021-08-07,1,7.0,7,60,60.0,420,420.0,420
TeamB-e4321aef-964a-4fdd-88bd-0bd548b0e93b,TeamB,2021-08-08,1,4.0,4,60,60.0,240,240.0,240
TeamB-e4321aef-964a-4fdd-88bd-0bd548b0e93b,TeamB,2021-08-10,2,6.5,7,150,75.0,990,495.0,630
TeamB-e4321aef-964a-4fdd-88bd-0bd548b0e93b,TeamB,2021-08-11,1,5.0,5,80,80.0,400,400.0,400
TeamB-e4321aef-964a-4fdd-88bd-0bd548b0e93b,TeamB,2021-08-13,1,3.0,3,70,70.0,210,210.0,210
TeamB-e4321aef-964a-4fdd-88bd-0bd548b0e93b,TeamB,2021-08-14,1,8.0,8,90,90.0,720,720.0,720
TeamB-e4321aef-964a-4fdd-88bd-0bd548b0e93b,TeamB,2021-08-15,1,3.0,3,60,60.0,180,180.0,180
TeamB-e4321aef-964a-4fdd-88bd-0bd548b0e93b,TeamB,2021-08-17,1,4.0,4,60,60.0,240,240.0,240
TeamB-e4321aef-964a-4fdd-88bd-0bd548b0e93b,TeamB,2021-08-18,1,5.0,5,60,60.0,300,300.0,300
TeamB-e4321aef-964a-4fdd-88bd-0bd548b0e93b,TeamB,2021-08-19,1,4.0,4,60,60.0,240,240.0,240
TeamB-e4321aef-964a-4fdd-88bd-0bd548b0e93b,TeamB,2021-08-20,1,3.0,3,30,30.0,90,90.0,90
TeamB-e4321aef-964a-4fdd-88bd-0bd548b0e93b,TeamB,2021-08-21,1,8.0,8,30,30.0,240,240.0,240
TeamB-e4321aef-964a-4fdd-88bd-0bd548b0e93b,TeamB,2021-08-23,1,6.0,6,60,60.0,360,360.0,360
TeamB-e4321aef-964a-4fdd-88bd-0bd548b0e93b,TeamB,2021-08-24,1,5.0,5,70,70.0,350,350.0,350
TeamB-e4321aef-964a-4fdd-88bd-0bd548b0e93b,TeamB,2021-08-26,2,4.0,5,70,35.0,270,135.0,150
TeamB-e4321aef-964a-4fdd-88bd-0bd548b0e93b,TeamB,2021-08-27,1,5.0,5,70,70.0,350,350.0,350
TeamB-e4321aef-964a-4fdd-88bd-0bd548b0e93b,TeamB,2021-08-28,1,7.0,7,30,30.0,210,210.0,210
TeamB-e4321aef-964a-4fdd-88bd-0bd548b0e93b,TeamB,2021-08-29,1,6.0,6,80,80.0,480,480.0,480
TeamB-e4321aef-964a-4fdd-88bd-0bd548b0e93b,TeamB,2021-08-30,1,5.0,5,70,70.0,350,350.0,350
TeamB-e4321aef-964a-4fdd-88bd-0bd548b0e93b,TeamB,2021-08-31,1,4.0,4,70,70.0,280,280.0,280
TeamB-e4321aef-964a-4fdd-88bd-0bd548b0e93b,TeamB,2021-09-01,1,8.0,8,70,70.0,560,560.0,560
TeamB-e4321aef-964a-4fdd-88bd-0bd548b0e93b,TeamB,2021-09-02,1,3.0,3,60,60.0,180,180.0,180
TeamB-e4321aef-964a-4fdd-88bd-0bd548b0e93b,TeamB,2021-09-03,1,4.0,4,70,70.0,280,280.0,280
TeamB-e4321aef-964a-4fdd-88bd-0bd548b0e93b,TeamB,2021-09-05,1,4.0,4,60,60.0,240,240.0,240
TeamB-e4321aef-964a-4fdd-88bd-0bd548b0e93b,TeamB,2021-09-07,1,4.0,4,60,60.0,240,240.0,240
TeamB-e4321aef-964a-4fdd-88bd-0bd548b0e93b,TeamB,2021-09-08,1,8.0,8,70,70.0,560,560.0,560
TeamB-e4321aef-964a-4fdd-88bd-0bd548b0e93b,TeamB,2021-09-10,2,5.5,8,130,65.0,740,370.0,560
TeamB-e4321aef-964a-4fdd-88bd-0bd548b0e93b,TeamB,2021-09-11,1,8.0,8,90,90.0,720,720.0,720
TeamB-e4321aef-964a-4fdd-88bd-0bd548b0e93b,TeamB,2021-09-13,1,5.0,5,80,80.0,400,400.0,400
TeamB-e4321aef-964a-4fdd-88bd-0bd548b0e93b,TeamB,2021-09-14,1,6.0,6,80,80.0,480,480.0,480
TeamB-e4321aef-964a-4fdd-88bd-0bd548b0e93b,TeamB,2021-09-16,1,7.0,7,90,90.0,630,630.0,630
TeamB-e4321aef-964a-4fdd-88bd-0bd548b0e93b,TeamB,2021-09-17,1,7.0,7,90,90.0,630,630.0,630
TeamB-e4321aef-964a-4fdd-88bd-0bd548b0e93b,TeamB,2021-09-21,1,6.0,6,90,90.0,540,540.0,540
TeamB-e4321aef-964a-4fdd-88bd-0bd548b0e93b,TeamB,2021-09-22,2,7.0,7,190,95.0,1330,665.0,840
TeamB-e4321aef-964a-4fdd-88bd-0bd548b0e93b,TeamB,2021-09-24,1,5.0,5,60,60.0,300,300.0,300
TeamB-e4321aef-964a-4fdd-88bd-0bd548b0e93b,TeamB,2021-09-25,1,5.0,5,70,70.0,350,350.0,350
TeamB-e4321aef-964a-4fdd-88bd-0bd548b0e93b,TeamB,2021-09-26,1,6.0,6,30,30.0,180,180.0,180
TeamB-e4321aef-964a-4fdd-88bd-0bd548b0e93b,TeamB,2021-09-27,1,7.0,7,90,90.0,630,630.0,630
TeamB-e4321aef-964a-4fdd-88bd-0bd548b0e93b,TeamB,2021-09-28,1,7.0,7,90,90.0,630,630.0,630
TeamB-e4321aef-964a-4fdd-88bd-0bd548b0e93b,TeamB,2021-09-29,2,6.0,7,160,80.0,1000,500.0,700
TeamB-e4321aef-964a-4fdd-88bd-0bd548b0e93b,TeamB,2021-10-01,1,5.0,5,70,70.0,350,350.0,350
TeamB-e4321aef-964a-4fdd-88bd-0bd548b0e93b,TeamB,2021-10-02,1,8.0,8,90,90.0,720,720.0,720
TeamB-e4321aef-964a-4fdd-88bd-0bd548b0e93b,TeamB,2021-10-04,1,5.0,5,60,60.0,300,300.0,300
TeamB-e4321aef-964a-4fdd-88bd-0bd548b0e93b,TeamB,2021-10-05,1,7.0,7,90,90.0,630,630.0,630
TeamB-e4321aef-964a-4fdd-88bd-0bd548b0e93b,TeamB,2021-10-06,1,7.0,7,100,100.0,700,700.0,700
TeamB-e4321aef-964a-4fdd-88bd-0bd548b0e93b,TeamB,2021-10-08,1,5.0,5,70,70.0,350,350.0,350
TeamB-e4321aef-964a-4fdd-88bd-0bd548b0e93b,TeamB,2021-10-09,1,7.0,7,90,90.0,630,630.0,630
TeamB-e4321aef-964a-4fdd-88bd-0bd548b0e93b,TeamB,2021-10-10,1,3.0,3,60,60.0,180,180.0,180
TeamB-e4321aef-964a-4fdd-88bd-0bd548b0e93b,TeamB,2021-10-13,1,6.0,6,100,100.0,600,600.0,600
TeamB-e4321aef-964a-4fdd-88bd-0bd548b0e93b,TeamB,2021-10-15,1,5.0,5,90,90.0,450,450.0,450
TeamB-e4321aef-964a-4fdd-88bd-0bd548b0e93b,TeamB,2021-10-16,1,5.0,5,60,60.0,300,300.0,300
TeamB-e4321aef-964a-4fdd-88bd-0bd548b0e93b,TeamB,2021-10-17,1,7.0,7,50,50.0,350,350.0,350
TeamB-e4321aef-964a-4fdd-88bd-0bd548b0e93b,TeamB,2021-10-18,1,6.0,6,90,90.0,540,540.0,540
TeamB-e4321aef-964a-4fdd-88bd-0bd548b0e93b,TeamB,2021-10-22,1,2.0,2,50,50.0,100,100.0,100
TeamB-e4321aef-964a-4fdd-88bd-0bd548b0e93b,TeamB,2021-10-25,1,5.0,5,30,30.0,150,150.0,150
TeamB-e4321aef-964a-4fdd-88bd-0bd548b0e93b,TeamB,2021-10-26,1,6.0,6,80,80.0,480,480.0,480
TeamB-e4321aef-964a-4fdd-88bd-0bd548b0e93b,TeamB,2021-10-27,1,7.0,7,120,120.0,840,840.0,840
TeamB-e4321aef-964a-4fdd-88bd-0bd548b0e93b,TeamB,2021-10-29,1,5.0,5,110,110.0,550,550.0,550
TeamB-e4321aef-964a-4fdd-88bd-0bd548b0e93b,TeamB,2021-10-30,1,5.0,5,60,60.0,300,300.0,300
TeamB-e4321aef-964a-4fdd-88bd-0bd548b0e93b,TeamB,2021-10-31,1,9.0,9,90,90.0,810,810.0,810
TeamB-e4321aef-964a-4fdd-88bd-0bd548b0e93b,TeamB,2021-11-02,1,4.0,4,60,60.0,240,240.0,240
TeamB-e4321aef-964a-4fdd-88bd-0bd548b0e93b,TeamB,2021-11-03,1,5.0,5,60,60.0,300,300.0,300
TeamB-e4321aef-964a-4fdd-88bd-0bd548b0e93b,TeamB,2021-11-04,1,7.0,7,100,100.0,700,700.0,700
TeamB-e4321aef-964a-4fdd-88bd-0bd548b0e93b,TeamB,2021-11-06,2,5.5,6,130,65.0,710,355.0,360
TeamB-e4321aef-964a-4fdd-88bd-0bd548b0e93b,TeamB,2021-11-09,1,6.0,6,90,90.0,540,540.0,540
TeamB-e4321aef-964a-4fdd-88bd-0bd548b0e93b,TeamB,2021-11-10,2,7.5,8,170,85.0,1270,635.0,640
TeamB-e4321aef-964a-4fdd-88bd-0bd548b0e93b,TeamB,2021-11-12,1,5.0,5,70,70.0,350,350.0,350
TeamB-f67673c0-d467-4832-9519-55133a2647e5,TeamB,2020-02-01,1,5.0,5,80,80.0,400,400.0,400
TeamB-f67673c0-d467-4832-9519-55133a2647e5,TeamB,2020-02-03,1,5.0,5,80,80.0,400,400.0,400
TeamB-f67673c0-d467-4832-9519-55133a2647e5,TeamB,2020-02-04,2,6.5,8,150,75.0,930,465.0,480
TeamB-f67673c0-d467-4832-9519-55133a2647e5,TeamB,2020-02-05,2,4.0,5,210,105.0,830,415.0,500
TeamB-f67673c0-d467-4832-9519-55133a2647e5,TeamB,2020-02-06,1,4.0,4,90,90.0,360,360.0,360
TeamB-f67673c0-d467-4832-9519-55133a2647e5,TeamB,2020-02-07,1,5.0,5,70,70.0,350,350.0,350
TeamB-f67673c0-d467-4832-9519-55133a2647e5,TeamB,2020-02-08,1,5.0,5,180,180.0,900,900.0,900
TeamB-f67673c0-d467-4832-9519-55133a2647e5,TeamB,2020-02-10,2,6.0,7,190,95.0,1150,575.0,700
TeamB-f67673c0-d467-4832-9519-55133a2647e5,TeamB,2020-02-11,2,6.0,7,150,75.0,850,425.0,500
TeamB-f67673c0-d467-4832-9519-55133a2647e5,TeamB,2020-02-12,1,6.0,6,90,90.0,540,540.0,540
TeamB-f67673c0-d467-4832-9519-55133a2647e5,TeamB,2020-02-13,2,4.5,5,170,85.0,780,390.0,500
TeamB-f67673c0-d467-4832-9519-55133a2647e5,TeamB,2020-02-15,1,5.0,5,60,60.0,300,300.0,300
TeamB-f67673c0-d467-4832-9519-55133a2647e5,TeamB,2020-02-17,1,5.0,5,60,60.0,300,300.0,300
TeamB-f67673c0-d467-4832-9519-55133a2647e5,TeamB,2021-08-30,2,6.0,7,160,80.0,960,480.0,560
TeamB-f67673c0-d467-4832-9519-55133a2647e5,TeamB,2021-08-31,2,5.5,6,130,65.0,720,360.0,420
TeamB-f67673c0-d467-4832-9519-55133a2647e5,TeamB,2021-09-01,2,3.5,4,120,60.0,420,210.0,240
TeamB-f67673c0-d467-4832-9519-55133a2647e5,TeamB,2021-09-02,1,5.0,5,70,70.0,350,350.0,350
TeamB-f67673c0-d467-4832-9519-55133a2647e5,TeamB,2021-09-03,1,5.0,5,80,80.0,400,400.0,400
TeamB-f67673c0-d467-4832-9519-55133a2647e5,TeamB,2021-09-05,1,2.0,2,60,60.0,120,120.0,120
TeamB-f67673c0-d467-4832-9519-55133a2647e5,TeamB,2021-09-06,2,5.5,7,140,70.0,770,385.0,490
TeamB-f67673c0-d467-4832-9519-55133a2647e5,TeamB,2021-09-07,2,4.5,6,130,65.0,570,285.0,360
TeamB-f67673c0-d467-4832-9519-55133a2647e5,TeamB,2021-09-08,2,5.0,7,120,60.0,600,300.0,420
TeamB-f67673c0-d467-4832-9519-55133a2647e5,TeamB,2021-09-09,1,4.0,4,50,50.0,200,200.0,200
TeamB-f67673c0-d467-4832-9519-55133a2647e5,TeamB,2021-09-13,1,3.0,3,60,60.0,180,180.0,180
TeamB-f67673c0-d467-4832-9519-55133a2647e5,TeamB,2021-09-15,1,5.0,5,60,60.0,300,300.0,300
TeamB-f67673c0-d467-4832-9519-55133a2647e5,TeamB,2021-09-16,2,4.5,6,160,80.0,780,390.0,600
TeamB-f67673c0-d467-4832-9519-55133a2647e5,TeamB,2021-09-17,2,6.0,6,150,75.0,900,450.0,480
TeamB-f67673c0-d467-4832-9519-55133a2647e5,TeamB,2021-09-20,1,4.0,4,80,80.0,320,320.0,320
TeamB-f67673c0-d467-4832-9519-55133a2647e5,TeamB,2021-09-21,1,6.0,6,110,110.0,660,660.0,660
TeamB-f67673c0-d467-4832-9519-55133a2647e5,TeamB,2021-09-22,2,5.0,6,170,85.0,800,400.0,440
TeamB-f67673c0-d467-4832-9519-55133a2647e5,TeamB,2021-09-23,1,5.0,5,60,60.0,300,300.0,300
TeamB-f67673c0-d467-4832-9519-55133a2647e5,TeamB,2021-09-24,1,5.0,5,90,90.0,450,450.0,450
TeamB-f67673c0-d467-4832-9519-55133a2647e5,TeamB,2021-09-25,2,5.5,6,120,60.0,680,340.0,480
TeamB-f67673c0-d467-4832-9519-55133a2647e5,TeamB,2021-09-28,1,7.0,7,110,110.0,770,770.0,770
TeamB-f67673c0-d467-4832-9519-55133a2647e5,TeamB,2021-09-30,4,5.0,7,280,70.0,1420,355.0,600
TeamB-f67673c0-d467-4832-9519-55133a2647e5,TeamB,2021-10-01,1,6.0,6,90,90.0,540,540.0,540
TeamB-f67673c0-d467-4832-9519-55133a2647e5,TeamB,2021-10-03,1,5.0,5,60,60.0,300,300.0,300
TeamB-f67673c0-d467-4832-9519-55133a2647e5,TeamB,2021-10-04,1,7.0,7,50,50.0,350,350.0,350
TeamB-f67673c0-d467-4832-9519-55133a2647e5,TeamB,2021-10-05,2,4.5,5,170,85.0,790,395.0,550
TeamB-f67673c0-d467-4832-9519-55133a2647e5,TeamB,2021-10-06,1,6.0,6,100,100.0,600,600.0,600
TeamB-f67673c0-d467-4832-9519-55133a2647e5,TeamB,2021-10-07,1,5.0,5,60,60.0,300,300.0,300
TeamB-f67673c0-d467-4832-9519-55133a2647e5,TeamB,2021-10-08,1,5.0,5,100,100.0,500,500.0,500
TeamB-f67673c0-d467-4832-9519-55133a2647e5,TeamB,2021-10-10,1,7.0,7,90,90.0,630,630.0,630
TeamB-f67673c0-d467-4832-9519-55133a2647e5,TeamB,2021-10-12,2,5.5,6,180,90.0,1020,510.0,720
TeamB-f67673c0-d467-4832-9519-55133a2647e5,TeamB,2021-10-13,1,5.0,5,120,120.0,600,600.0,600
TeamB-f67673c0-d467-4832-9519-55133a2647e5,TeamB,2021-10-15,1,4.0,4,60,60.0,240,240.0,240
TeamB-f67673c0-d467-4832-9519-55133a2647e5,TeamB,2021-10-16,1,5.0,5,60,60.0,300,300.0,300
TeamB-f67673c0-d467-4832-9519-55133a2647e5,TeamB,2021-10-18,1,5.0,5,70,70.0,350,350.0,350
TeamB-f67673c0-d467-4832-9519-55133a2647e5,TeamB,2021-10-19,1,5.0,5,60,60.0,300,300.0,300
TeamB-f67673c0-d467-4832-9519-55133a2647e5,TeamB,2021-10-20,1,4.0,4,60,60.0,240,240.0,240
TeamB-f67673c0-d467-4832-9519-55133a2647e5,TeamB,2021-10-22,1,5.0,5,60,60.0,300,300.0,300
TeamB-f67673c0-d467-4832-9519-55133a2647e5,TeamB,2021-10-23,1,5.0,5,80,80.0,400,400.0,400
TeamB-f67673c0-d467-4832-9519-55133a2647e5,TeamB,2021-10-25,1,6.0,6,60,60.0,360,360.0,360
TeamB-f67673c0-d467-4832-9519-55133a2647e5,TeamB,2021-10-26,1,6.0,6,90,90.0,540,540.0,540
TeamB-f67673c0-d467-4832-9519-55133a2647e5,TeamB,2021-10-27,2,6.0,7,160,80.0,1000,500.0,700
TeamB-f67673c0-d467-4832-9519-55133a2647e5,TeamB,2021-10-28,1,2.0,2,60,60.0,120,120.0,120
TeamB-f67673c0-d467-4832-9519-55133a2647e5,TeamB,2021-10-29,1,6.0,6,120,120.0,720,720.0,720
TeamB-f67673c0-d467-4832-9519-55133a2647e5,TeamB,2021-10-31,1,7.0,7,80,80.0,560,560.0,560
TeamB-f67673c0-d467-4832-9519-55133a2647e5,TeamB,2021-11-01,1,7.0,7,60,60.0,420,420.0,420
TeamB-f67673c0-d467-4832-9519-55133a2647e5,TeamB,2021-11-03,2,4.0,5,130,65.0,550,275.0,400
TeamB-f67673c0-d467-4832-9519-55133a2647e5,TeamB,2021-11-04,2,4.0,4,150,75.0,600,300.0,360
TeamB-f67673c0-d467-4832-9519-55133a2647e5,TeamB,2021-11-05,1,4.0,4,60,60.0,240,240.0,240
TeamB-f67673c0-d467-4832-9519-55133a2647e5,TeamB,2021-11-07,3,3.0,4,170,56.666666666666664,560,186.66666666666666,320
TeamB-f67673c0-d467-4832-9519-55133a2647e5,TeamB,2021-11-08,1,4.0,4,50,50.0,200,200.0,200
TeamB-f67673c0-d467-4832-9519-55133a2647e5,TeamB,2021-11-09,1,5.0,5,80,80.0,400,400.0,400
TeamB-f67673c0-d467-4832-9519-55133a2647e5,TeamB,2021-11-10,2,5.5,9,70,35.0,420,210.0,360
TeamB-f67673c0-d467-4832-9519-55133a2647e5,TeamB,2021-11-11,2,5.5,6,140,70.0,790,395.0,540
TeamB-f67673c0-d467-4832-9519-55133a2647e5,TeamB,2021-11-12,1,5.0,5,80,80.0,400,400.0,400
